hugo_symbol	amino_acid_position	reference_aa	variant_aa	change_count	position_total_count	same_change_fraction	n_unique_changes	substitutions	residual_count	residual_n_changes	residual_max_change_count	hotspot_character	o7_applicable	o7_strength	o7_points	independent_positional_evidence	recommended_o4_o7_handling	independent_positional_evidence_strict	recommended_o4_o7_handling_strict	n_msk	n_retro	msk_fraction
BRAF	600	V	E	833	897	0.9287	6	E:833|M:29|K:24|R:4|V:4|G:3	64	5	29	mutation-specific	True	Strong	4	True	O4 + O7 may be combined (max +8)	True	O4 + O7 may be combined (max +8)	287	610	0.32
KRAS	12	G	D	757	2175	0.348	10	D:757|V:657|C:384|R:166|A:134|S:68|F:6|G:1|I:1|L:1	1418	9	657	position-specific	True	Strong	4	True	O4 + O7 may be combined (max +8)	True	O4 + O7 may be combined (max +8)	1260	915	0.5793
KRAS	12	G	V	657	2175	0.3021	10	D:757|V:657|C:384|R:166|A:134|S:68|F:6|G:1|I:1|L:1	1518	9	757	position-specific	True	Strong	4	True	O4 + O7 may be combined (max +8)	True	O4 + O7 may be combined (max +8)	1260	915	0.5793
PIK3CA	545	E	K	575	633	0.9084	5	K:575|G:21|Q:20|A:12|D:5	58	4	21	mutation-specific	True	Strong	4	True	O4 + O7 may be combined (max +8)	True	O4 + O7 may be combined (max +8)	312	321	0.4929
IDH1	132	R	H	570	766	0.7441	6	H:570|C:139|G:28|S:16|L:12|I:1	196	5	139	mixed	True	Strong	4	True	O4 + O7 may be combined (max +8)	True	O4 + O7 may be combined (max +8)	247	519	0.3225
PIK3CA	1047	H	R	537	647	0.83	4	R:537|L:85|Y:18|Q:7	110	3	85	mutation-specific	True	Strong	4	True	O4 + O7 may be combined (max +8)	True	O4 + O7 may be combined (max +8)	341	306	0.527
TP53	175	R	H	386	416	0.9279	4	H:386|G:14|C:8|L:8	30	3	14	mutation-specific	True	Strong	4	True	O4 + O7 may be combined (max +8)	True	O4 + O7 may be combined (max +8)	209	207	0.5024
KRAS	12	G	C	384	2175	0.1766	10	D:757|V:657|C:384|R:166|A:134|S:68|F:6|G:1|I:1|L:1	1791	9	757	position-specific	True	Strong	4	True	O4 + O7 may be combined (max +8)	True	O4 + O7 may be combined (max +8)	1260	915	0.5793
PIK3CA	542	E	K	356	372	0.957	5	K:356|A:6|Q:5|V:3|G:2	16	4	6	mutation-specific	True	Strong	4	True	O4 + O7 may be combined (max +8)	False	Cap combined O4 + O7 at +4	207	165	0.5565
TP53	248	R	Q	292	560	0.5214	6	Q:292|W:222|L:21|P:11|G:8|R:6	268	5	222	mixed	True	Strong	4	True	O4 + O7 may be combined (max +8)	True	O4 + O7 may be combined (max +8)	275	285	0.4911
TP53	273	R	C	283	609	0.4647	6	C:283|H:251|L:56|S:12|P:5|G:2	326	5	251	position-specific	True	Strong	4	True	O4 + O7 may be combined (max +8)	True	O4 + O7 may be combined (max +8)	286	323	0.4696
TP53	273	R	H	251	609	0.4122	6	C:283|H:251|L:56|S:12|P:5|G:2	358	5	283	position-specific	True	Strong	4	True	O4 + O7 may be combined (max +8)	True	O4 + O7 may be combined (max +8)	286	323	0.4696
TP53	248	R	W	222	560	0.3964	6	Q:292|W:222|L:21|P:11|G:8|R:6	338	5	292	mixed	True	Strong	4	True	O4 + O7 may be combined (max +8)	True	O4 + O7 may be combined (max +8)	275	285	0.4911
KRAS	13	G	D	214	264	0.8106	7	D:214|C:32|G:6|V:6|E:3|R:2|A:1	50	6	32	mutation-specific	True	Strong	4	True	O4 + O7 may be combined (max +8)	True	O4 + O7 may be combined (max +8)	161	103	0.6098
NRAS	61	Q	R	204	422	0.4834	6	R:204|K:142|L:46|H:27|P:2|*:1	218	5	142	position-specific	True	Strong	4	True	O4 + O7 may be combined (max +8)	True	O4 + O7 may be combined (max +8)	165	257	0.391
TP53	282	R	W	201	219	0.9178	6	W:201|G:9|P:4|Q:3|L:1|R:1	18	5	9	mutation-specific	True	Strong	4	True	O4 + O7 may be combined (max +8)	False	Cap combined O4 + O7 at +4	105	114	0.4795
KRAS	12	G	R	166	2175	0.0763	10	D:757|V:657|C:384|R:166|A:134|S:68|F:6|G:1|I:1|L:1	2009	9	757	position-specific	True	Strong	4	True	O4 + O7 may be combined (max +8)	True	O4 + O7 may be combined (max +8)	1260	915	0.5793
AKT1	17	E	K	148	149	0.9933	2	K:148|*:1	1	1	1	mutation-specific	True	Strong	4	False	Cap combined O4 + O7 at +4	False	Cap combined O4 + O7 at +4	95	54	0.6376
EGFR	858	L	R	144	144	1.0	1	R:144	0	0	0	mutation-specific	True	Strong	4	False	Cap combined O4 + O7 at +4	False	Cap combined O4 + O7 at +4	114	30	0.7917
NRAS	61	Q	K	142	422	0.3365	6	R:204|K:142|L:46|H:27|P:2|*:1	280	5	204	position-specific	True	Strong	4	True	O4 + O7 may be combined (max +8)	True	O4 + O7 may be combined (max +8)	165	257	0.391
IDH1	132	R	C	139	766	0.1815	6	H:570|C:139|G:28|S:16|L:12|I:1	627	5	570	mixed	True	Strong	4	True	O4 + O7 may be combined (max +8)	True	O4 + O7 may be combined (max +8)	247	519	0.3225
KRAS	12	G	A	134	2175	0.0616	10	D:757|V:657|C:384|R:166|A:134|S:68|F:6|G:1|I:1|L:1	2041	9	757	position-specific	True	Strong	4	True	O4 + O7 may be combined (max +8)	True	O4 + O7 may be combined (max +8)	1260	915	0.5793
TP53	245	G	S	128	242	0.5289	7	S:128|D:50|V:31|C:22|R:7|A:3|N:1	114	6	50	mixed	True	Strong	4	True	O4 + O7 may be combined (max +8)	True	O4 + O7 may be combined (max +8)	122	120	0.5041
TP53	220	Y	C	127	152	0.8355	6	C:127|S:8|H:6|*:4|D:4|N:3	25	5	8	mutation-specific	True	Strong	4	True	O4 + O7 may be combined (max +8)	False	Cap combined O4 + O7 at +4	61	91	0.4013
FGFR3	249	S	C	114	114	1.0	1	C:114	0	0	0	mutation-specific	True	Strong	4	False	Cap combined O4 + O7 at +4	False	Cap combined O4 + O7 at +4	73	41	0.6404
KRAS	61	Q	H	108	190	0.5684	7	H:108|R:37|L:21|K:20|P:2|A:1|E:1	82	6	37	mixed	True	Strong	4	True	O4 + O7 may be combined (max +8)	True	O4 + O7 may be combined (max +8)	96	94	0.5053
ERBB2	310	S	F	95	113	0.8407	3	F:95|Y:17|S:1	18	2	17	mutation-specific	True	Strong	4	True	O4 + O7 may be combined (max +8)	True	O4 + O7 may be combined (max +8)	60	53	0.531
PIK3CA	1047	H	L	85	647	0.1314	4	R:537|L:85|Y:18|Q:7	562	3	537	mutation-specific	True	Strong	4	True	O4 + O7 may be combined (max +8)	True	O4 + O7 may be combined (max +8)	341	306	0.527
U2AF1	34	S	F	81	85	0.9529	2	F:81|Y:4	4	1	4	mutation-specific	True	Strong	4	False	Cap combined O4 + O7 at +4	False	Cap combined O4 + O7 at +4	43	42	0.5059
PIK3CA	345	N	K	79	98	0.8061	7	K:79|I:7|T:4|H:3|Y:3|D:1|N:1	19	6	7	mutation-specific	True	Strong	4	True	O4 + O7 may be combined (max +8)	False	Cap combined O4 + O7 at +4	51	47	0.5204
PIK3CA	88	R	Q	75	75	1.0	1	Q:75	0	0	0	mutation-specific	True	Strong	4	False	Cap combined O4 + O7 at +4	False	Cap combined O4 + O7 at +4	29	46	0.3867
PTEN	130	R	Q	72	168	0.4286	7	Q:72|G:44|*:38|P:6|L:5|R:2|S:1	96	6	44	position-specific	True	Strong	4	True	O4 + O7 may be combined (max +8)	True	O4 + O7 may be combined (max +8)	68	100	0.4048
GNAS	201	R	H	69	139	0.4964	4	H:69|C:65|S:3|L:2	70	3	65	position-specific	True	Strong	4	True	O4 + O7 may be combined (max +8)	True	O4 + O7 may be combined (max +8)	90	49	0.6475
KRAS	12	G	S	68	2175	0.0313	10	D:757|V:657|C:384|R:166|A:134|S:68|F:6|G:1|I:1|L:1	2107	9	757	position-specific	True	Strong	4	True	O4 + O7 may be combined (max +8)	True	O4 + O7 may be combined (max +8)	1260	915	0.5793
GTF2I	424	L	H	68	68	1.0	1	H:68	0	0	0	mutation-specific	True	Strong	4	False	Cap combined O4 + O7 at +4	False	Cap combined O4 + O7 at +4	0	68	0.0
TP53	285	E	K	68	99	0.6869	5	K:68|*:15|V:9|E:4|Q:3	31	4	15	mixed	True	Strong	4	True	O4 + O7 may be combined (max +8)	True	O4 + O7 may be combined (max +8)	52	47	0.5253
TP53	157	V	F	67	77	0.8701	6	F:67|G:4|L:3|A:1|D:1|V:1	10	5	4	mutation-specific	True	Strong	4	True	O4 + O7 may be combined (max +8)	False	Cap combined O4 + O7 at +4	33	44	0.4286
GNAS	201	R	C	65	139	0.4676	4	H:69|C:65|S:3|L:2	74	3	69	position-specific	True	Strong	4	True	O4 + O7 may be combined (max +8)	True	O4 + O7 may be combined (max +8)	90	49	0.6475
KRAS	146	A	T	65	86	0.7558	3	T:65|V:16|P:5	21	2	16	mixed	True	Strong	4	True	O4 + O7 may be combined (max +8)	True	O4 + O7 may be combined (max +8)	52	34	0.6047
FBXW7	465	R	C	64	128	0.5	6	C:64|H:59|S:2|G:1|L:1|P:1	64	5	59	mixed	True	Strong	4	True	O4 + O7 may be combined (max +8)	True	O4 + O7 may be combined (max +8)	59	69	0.4609
TP53	179	H	R	63	149	0.4228	7	R:63|Y:41|L:14|Q:12|D:8|N:8|P:3	86	6	41	position-specific	True	Strong	4	True	O4 + O7 may be combined (max +8)	True	O4 + O7 may be combined (max +8)	56	93	0.3758
SMAD4	361	R	H	60	124	0.4839	6	H:60|C:54|S:4|G:3|L:2|P:1	64	5	54	position-specific	True	Strong	4	True	O4 + O7 may be combined (max +8)	True	O4 + O7 may be combined (max +8)	73	51	0.5887
FBXW7	465	R	H	59	128	0.4609	6	C:64|H:59|S:2|G:1|L:1|P:1	69	5	64	mixed	True	Strong	4	True	O4 + O7 may be combined (max +8)	True	O4 + O7 may be combined (max +8)	59	69	0.4609
EGFR	790	T	M	59	60	0.9833	2	M:59|T:1	1	1	1	mutation-specific	True	Strong	4	False	Cap combined O4 + O7 at +4	False	Cap combined O4 + O7 at +4	58	2	0.9667
GNA11	209	Q	L	57	59	0.9661	3	L:57|H:1|P:1	2	2	1	mutation-specific	True	Strong	4	False	Cap combined O4 + O7 at +4	False	Cap combined O4 + O7 at +4	19	40	0.322
SF3B1	700	K	E	57	59	0.9661	3	E:57|K:1|R:1	2	2	1	mutation-specific	True	Strong	4	False	Cap combined O4 + O7 at +4	False	Cap combined O4 + O7 at +4	20	39	0.339
TP53	273	R	L	56	609	0.092	6	C:283|H:251|L:56|S:12|P:5|G:2	553	5	283	position-specific	True	Strong	4	True	O4 + O7 may be combined (max +8)	True	O4 + O7 may be combined (max +8)	286	323	0.4696
HRAS	61	Q	R	56	102	0.549	4	R:56|K:28|L:16|H:2	46	3	28	mixed	True	Strong	4	True	O4 + O7 may be combined (max +8)	True	O4 + O7 may be combined (max +8)	38	64	0.3725
CTNNB1	37	S	F	55	103	0.534	5	F:55|C:27|A:9|P:7|Y:5	48	4	27	mixed	True	Strong	4	True	O4 + O7 may be combined (max +8)	True	O4 + O7 may be combined (max +8)	44	59	0.4272
TP53	237	M	I	55	64	0.8594	3	I:55|K:5|V:4	9	2	5	mutation-specific	True	Strong	4	False	Cap combined O4 + O7 at +4	False	Cap combined O4 + O7 at +4	28	36	0.4375
SMAD4	361	R	C	54	124	0.4355	6	H:60|C:54|S:4|G:3|L:2|P:1	70	5	60	position-specific	True	Strong	4	True	O4 + O7 may be combined (max +8)	True	O4 + O7 may be combined (max +8)	73	51	0.5887
TP53	193	H	R	54	123	0.439	7	R:54|Y:31|L:19|P:8|D:5|N:5|Q:1	69	6	31	position-specific	True	Strong	4	True	O4 + O7 may be combined (max +8)	True	O4 + O7 may be combined (max +8)	51	72	0.4146
TP53	176	C	F	54	115	0.4696	8	F:54|Y:30|S:9|W:7|G:5|R:5|*:4|C:1	61	7	30	position-specific	True	Strong	4	True	O4 + O7 may be combined (max +8)	True	O4 + O7 may be combined (max +8)	46	69	0.4
TP53	163	Y	C	54	79	0.6835	5	C:54|H:11|N:9|D:3|*:2	25	4	11	mixed	True	Strong	4	True	O4 + O7 may be combined (max +8)	True	O4 + O7 may be combined (max +8)	34	45	0.4304
PIK3CA	726	E	K	53	55	0.9636	2	K:53|A:2	2	1	2	mutation-specific	True	Strong	4	False	Cap combined O4 + O7 at +4	False	Cap combined O4 + O7 at +4	27	28	0.4909
TP53	241	S	F	51	97	0.5258	7	F:51|C:19|Y:15|P:6|S:3|A:2|T:1	46	6	19	mixed	True	Strong	4	True	O4 + O7 may be combined (max +8)	True	O4 + O7 may be combined (max +8)	45	52	0.4639
TP53	245	G	D	50	242	0.2066	7	S:128|D:50|V:31|C:22|R:7|A:3|N:1	192	6	128	mixed	True	Strong	4	True	O4 + O7 may be combined (max +8)	True	O4 + O7 may be combined (max +8)	122	120	0.5041
CDKN2A	83	H	Y	48	62	0.7742	5	Y:48|D:6|R:4|N:2|Q:2	14	4	6	mixed	True	Strong	4	True	O4 + O7 may be combined (max +8)	False	Cap combined O4 + O7 at +4	38	24	0.6129
NRAS	61	Q	L	46	422	0.109	6	R:204|K:142|L:46|H:27|P:2|*:1	376	5	204	position-specific	True	Strong	4	True	O4 + O7 may be combined (max +8)	True	O4 + O7 may be combined (max +8)	165	257	0.391
CTNNB1	41	T	A	45	66	0.6818	3	A:45|I:19|N:2	21	2	19	mixed	True	Strong	4	True	O4 + O7 may be combined (max +8)	True	O4 + O7 may be combined (max +8)	29	37	0.4394
TP53	249	R	S	45	102	0.4412	7	S:45|M:17|G:15|T:11|W:11|K:2|I:1	57	6	17	position-specific	True	Strong	4	True	O4 + O7 may be combined (max +8)	True	O4 + O7 may be combined (max +8)	47	55	0.4608
PTEN	130	R	G	44	168	0.2619	7	Q:72|G:44|*:38|P:6|L:5|R:2|S:1	124	6	72	position-specific	True	Strong	4	True	O4 + O7 may be combined (max +8)	True	O4 + O7 may be combined (max +8)	68	100	0.4048
RAC1	29	P	S	43	53	0.8113	4	S:43|L:7|T:2|F:1	10	3	7	mutation-specific	True	Strong	4	True	O4 + O7 may be combined (max +8)	False	Cap combined O4 + O7 at +4	20	33	0.3774
GNAQ	209	Q	P	42	65	0.6462	3	P:42|L:22|H:1	23	2	22	mixed	True	Strong	4	True	O4 + O7 may be combined (max +8)	True	O4 + O7 may be combined (max +8)	25	40	0.3846
TP53	195	I	T	42	79	0.5316	7	T:42|F:19|N:10|S:4|M:2|I:1|K:1	37	6	19	mixed	True	Strong	4	True	O4 + O7 may be combined (max +8)	True	O4 + O7 may be combined (max +8)	26	53	0.3291
TP53	234	Y	C	42	68	0.6176	6	C:42|H:9|*:6|N:6|S:3|D:2	26	5	9	mixed	True	Strong	4	True	O4 + O7 may be combined (max +8)	False	Cap combined O4 + O7 at +4	33	35	0.4853
TP53	173	V	L	42	78	0.5385	5	L:42|M:27|A:4|G:4|E:1	36	4	27	mixed	True	Strong	4	True	O4 + O7 may be combined (max +8)	True	O4 + O7 may be combined (max +8)	35	43	0.4487
TP53	158	R	L	42	106	0.3962	7	L:42|H:36|P:11|G:9|C:5|S:2|F:1	64	6	36	position-specific	True	Strong	4	True	O4 + O7 may be combined (max +8)	True	O4 + O7 may be combined (max +8)	54	52	0.5094
TP53	179	H	Y	41	149	0.2752	7	R:63|Y:41|L:14|Q:12|D:8|N:8|P:3	108	6	63	position-specific	True	Strong	4	True	O4 + O7 may be combined (max +8)	True	O4 + O7 may be combined (max +8)	56	93	0.3758
NRAS	12	G	D	41	74	0.5541	6	D:41|C:11|S:8|A:6|V:5|R:3	33	5	11	mixed	True	Strong	4	True	O4 + O7 may be combined (max +8)	True	O4 + O7 may be combined (max +8)	35	39	0.473
FBXW7	505	R	C	41	83	0.494	6	C:41|G:31|H:4|L:4|P:2|S:1	42	5	31	position-specific	True	Strong	4	True	O4 + O7 may be combined (max +8)	True	O4 + O7 may be combined (max +8)	32	51	0.3855
TP53	286	E	K	41	73	0.5616	6	K:41|*:14|Q:7|G:6|V:3|A:2	32	5	14	mixed	True	Strong	4	True	O4 + O7 may be combined (max +8)	True	O4 + O7 may be combined (max +8)	35	38	0.4795
ERBB3	104	V	M	40	61	0.6557	2	M:40|L:21	21	1	21	mixed	True	Strong	4	True	O4 + O7 may be combined (max +8)	True	O4 + O7 may be combined (max +8)	29	32	0.4754
TP53	266	G	R	40	117	0.3419	6	R:40|E:35|V:26|*:14|K:1|T:1	77	5	35	position-specific	True	Strong	4	True	O4 + O7 may be combined (max +8)	True	O4 + O7 may be combined (max +8)	60	57	0.5128
TP53	238	C	Y	40	77	0.5195	6	Y:40|F:23|R:5|G:4|S:4|W:1	37	5	23	mixed	True	Strong	4	True	O4 + O7 may be combined (max +8)	True	O4 + O7 may be combined (max +8)	35	42	0.4545
TP53	236	Y	C	40	59	0.678	6	C:40|*:5|D:5|N:5|H:2|S:2	19	5	5	mixed	True	Strong	4	True	O4 + O7 may be combined (max +8)	False	Cap combined O4 + O7 at +4	32	27	0.5424
KRAS	61	Q	R	37	190	0.1947	7	H:108|R:37|L:21|K:20|P:2|A:1|E:1	153	6	108	mixed	True	Strong	4	True	O4 + O7 may be combined (max +8)	True	O4 + O7 may be combined (max +8)	96	94	0.5053
EGFR	289	A	V	37	59	0.6271	5	V:37|T:14|D:6|I:1|N:1	22	4	14	mixed	True	Strong	4	True	O4 + O7 may be combined (max +8)	True	O4 + O7 may be combined (max +8)	27	32	0.4576
TP53	278	P	S	37	100	0.37	7	S:37|L:17|A:13|R:12|T:12|H:6|F:3	63	6	17	position-specific	True	Strong	4	True	O4 + O7 may be combined (max +8)	True	O4 + O7 may be combined (max +8)	51	49	0.51
TP53	151	P	S	36	79	0.4557	7	S:36|H:13|A:11|R:9|T:8|F:1|L:1	43	6	13	position-specific	True	Strong	4	True	O4 + O7 may be combined (max +8)	True	O4 + O7 may be combined (max +8)	37	42	0.4684
TP53	158	R	H	36	106	0.3396	7	L:42|H:36|P:11|G:9|C:5|S:2|F:1	70	6	42	position-specific	True	Strong	4	True	O4 + O7 may be combined (max +8)	True	O4 + O7 may be combined (max +8)	54	52	0.5094
TP53	280	R	K	36	109	0.3303	6	K:36|T:34|G:17|I:12|S:8|*:2	73	5	34	position-specific	True	Strong	4	True	O4 + O7 may be combined (max +8)	True	O4 + O7 may be combined (max +8)	52	57	0.4771
TP53	337	R	C	36	68	0.5294	6	C:36|L:20|H:4|S:4|P:3|G:1	32	5	20	mixed	True	Strong	4	True	O4 + O7 may be combined (max +8)	True	O4 + O7 may be combined (max +8)	29	39	0.4265
PIK3CA	546	Q	K	35	93	0.3763	6	K:35|R:31|P:19|H:5|E:2|L:1	58	5	31	position-specific	True	Strong	4	True	O4 + O7 may be combined (max +8)	True	O4 + O7 may be combined (max +8)	40	53	0.4301
TP53	266	G	E	35	117	0.2991	6	R:40|E:35|V:26|*:14|K:1|T:1	82	5	40	position-specific	True	Strong	4	True	O4 + O7 may be combined (max +8)	True	O4 + O7 may be combined (max +8)	60	57	0.5128
TP53	205	Y	C	35	61	0.5738	7	C:35|H:8|F:6|S:6|D:3|N:2|*:1	26	6	8	mixed	True	Strong	4	True	O4 + O7 may be combined (max +8)	False	Cap combined O4 + O7 at +4	22	39	0.3607
BRAF	469	G	A	34	61	0.5574	7	A:34|V:11|R:8|E:4|S:2|*:1|G:1	27	6	11	mixed	True	Strong	4	True	O4 + O7 may be combined (max +8)	True	O4 + O7 may be combined (max +8)	37	24	0.6066
TP53	272	V	M	34	66	0.5152	7	M:34|L:20|G:5|E:3|K:2|A:1|V:1	32	6	20	mixed	True	Strong	4	True	O4 + O7 may be combined (max +8)	True	O4 + O7 may be combined (max +8)	31	35	0.4697
TP53	280	R	T	34	109	0.3119	6	K:36|T:34|G:17|I:12|S:8|*:2	75	5	36	position-specific	True	Strong	4	True	O4 + O7 may be combined (max +8)	True	O4 + O7 may be combined (max +8)	52	57	0.4771
IDH2	172	R	K	33	63	0.5238	7	K:33|G:9|S:8|W:7|M:4|R:1|T:1	30	6	9	mixed	True	Strong	4	True	O4 + O7 may be combined (max +8)	False	Cap combined O4 + O7 at +4	31	32	0.4921
PPP2R1A	183	R	W	33	51	0.6471	3	W:33|Q:17|G:1	18	2	17	mixed	True	Strong	4	True	O4 + O7 may be combined (max +8)	True	O4 + O7 may be combined (max +8)	31	20	0.6078
KRAS	13	G	C	32	264	0.1212	7	D:214|C:32|G:6|V:6|E:3|R:2|A:1	232	6	214	mutation-specific	True	Strong	4	True	O4 + O7 may be combined (max +8)	True	O4 + O7 may be combined (max +8)	161	103	0.6098
CTNNB1	33	S	C	32	96	0.3333	6	C:32|F:29|P:16|Y:11|A:7|T:1	64	5	29	position-specific	True	Strong	4	True	O4 + O7 may be combined (max +8)	True	O4 + O7 may be combined (max +8)	37	59	0.3854
SPOP	133	F	L	32	67	0.4776	5	L:32|V:19|C:8|S:5|I:3	35	4	19	position-specific	True	Strong	4	True	O4 + O7 may be combined (max +8)	True	O4 + O7 may be combined (max +8)	33	34	0.4925
TP53	245	G	V	31	242	0.1281	7	S:128|D:50|V:31|C:22|R:7|A:3|N:1	211	6	128	mixed	True	Strong	4	True	O4 + O7 may be combined (max +8)	True	O4 + O7 may be combined (max +8)	122	120	0.5041
PIK3CA	546	Q	R	31	93	0.3333	6	K:35|R:31|P:19|H:5|E:2|L:1	62	5	35	position-specific	True	Strong	4	True	O4 + O7 may be combined (max +8)	True	O4 + O7 may be combined (max +8)	40	53	0.4301
TP53	193	H	Y	31	123	0.252	7	R:54|Y:31|L:19|P:8|D:5|N:5|Q:1	92	6	54	position-specific	True	Strong	4	True	O4 + O7 may be combined (max +8)	True	O4 + O7 may be combined (max +8)	51	72	0.4146
FBXW7	505	R	G	31	83	0.3735	6	C:41|G:31|H:4|L:4|P:2|S:1	52	5	41	position-specific	True	Strong	4	True	O4 + O7 may be combined (max +8)	True	O4 + O7 may be combined (max +8)	32	51	0.3855
CTNNB1	45	S	F	31	71	0.4366	5	F:31|P:29|C:5|Y:4|A:2	40	4	29	position-specific	True	Strong	4	True	O4 + O7 may be combined (max +8)	True	O4 + O7 may be combined (max +8)	40	31	0.5634
FBXW7	479	R	Q	31	57	0.5439	6	Q:31|*:8|G:8|P:7|L:2|R:1	26	5	8	mixed	True	Strong	4	True	O4 + O7 may be combined (max +8)	False	Cap combined O4 + O7 at +4	29	28	0.5088
TP53	176	C	Y	30	115	0.2609	8	F:54|Y:30|S:9|W:7|G:5|R:5|*:4|C:1	85	7	54	position-specific	True	Strong	4	True	O4 + O7 may be combined (max +8)	True	O4 + O7 may be combined (max +8)	46	69	0.4
TP53	132	K	N	30	83	0.3614	7	N:30|R:27|E:14|M:5|T:4|Q:2|*:1	53	6	27	position-specific	True	Strong	4	True	O4 + O7 may be combined (max +8)	True	O4 + O7 may be combined (max +8)	36	47	0.4337
BRAF	600	V	M	29	897	0.0323	6	E:833|M:29|K:24|R:4|V:4|G:3	868	5	833	mutation-specific	True	Strong	4	True	O4 + O7 may be combined (max +8)	True	O4 + O7 may be combined (max +8)	287	610	0.32
CTNNB1	33	S	F	29	96	0.3021	6	C:32|F:29|P:16|Y:11|A:7|T:1	67	5	32	position-specific	True	Strong	4	True	O4 + O7 may be combined (max +8)	True	O4 + O7 may be combined (max +8)	37	59	0.3854
CTNNB1	45	S	P	29	71	0.4085	5	F:31|P:29|C:5|Y:4|A:2	42	4	31	position-specific	True	Strong	4	True	O4 + O7 may be combined (max +8)	True	O4 + O7 may be combined (max +8)	40	31	0.5634
SF3B1	625	R	H	29	59	0.4915	4	H:29|C:25|L:4|G:1	30	3	25	position-specific	True	Strong	4	True	O4 + O7 may be combined (max +8)	True	O4 + O7 may be combined (max +8)	35	24	0.5932
IDH1	132	R	G	28	766	0.0366	6	H:570|C:139|G:28|S:16|L:12|I:1	738	5	570	mixed	True	Strong	4	True	O4 + O7 may be combined (max +8)	True	O4 + O7 may be combined (max +8)	247	519	0.3225
HRAS	61	Q	K	28	102	0.2745	4	R:56|K:28|L:16|H:2	74	3	56	mixed	True	Strong	4	True	O4 + O7 may be combined (max +8)	True	O4 + O7 may be combined (max +8)	38	64	0.3725
CTNNB1	34	G	R	28	53	0.5283	6	R:28|V:14|E:8|*:1|A:1|L:1	25	5	14	mixed	True	Strong	4	True	O4 + O7 may be combined (max +8)	True	O4 + O7 may be combined (max +8)	21	32	0.3962
NRAS	61	Q	H	27	422	0.064	6	R:204|K:142|L:46|H:27|P:2|*:1	395	5	204	position-specific	True	Strong	4	True	O4 + O7 may be combined (max +8)	True	O4 + O7 may be combined (max +8)	165	257	0.391
CTNNB1	37	S	C	27	103	0.2621	5	F:55|C:27|A:9|P:7|Y:5	76	4	55	mixed	True	Strong	4	True	O4 + O7 may be combined (max +8)	True	O4 + O7 may be combined (max +8)	44	59	0.4272
TP53	173	V	M	27	78	0.3462	5	L:42|M:27|A:4|G:4|E:1	51	4	42	mixed	True	Strong	4	True	O4 + O7 may be combined (max +8)	True	O4 + O7 may be combined (max +8)	35	43	0.4487
TP53	135	C	Y	27	74	0.3649	7	Y:27|F:24|R:9|*:4|S:4|W:4|G:2	47	6	24	position-specific	True	Strong	4	True	O4 + O7 may be combined (max +8)	True	O4 + O7 may be combined (max +8)	37	37	0.5
TP53	132	K	R	27	83	0.3253	7	N:30|R:27|E:14|M:5|T:4|Q:2|*:1	56	6	30	position-specific	True	Strong	4	True	O4 + O7 may be combined (max +8)	True	O4 + O7 may be combined (max +8)	36	47	0.4337
TP53	242	C	F	27	59	0.4576	8	F:27|Y:12|S:9|W:4|G:3|R:2|*:1|C:1	32	7	12	position-specific	True	Strong	4	True	O4 + O7 may be combined (max +8)	True	O4 + O7 may be combined (max +8)	24	35	0.4068
TP53	159	A	V	27	52	0.5192	4	V:27|P:23|A:1|D:1	25	3	23	mixed	True	Strong	4	True	O4 + O7 may be combined (max +8)	True	O4 + O7 may be combined (max +8)	18	34	0.3462
TP53	271	E	K	27	53	0.5094	4	K:27|*:14|Q:7|V:5	26	3	14	mixed	True	Strong	4	True	O4 + O7 may be combined (max +8)	True	O4 + O7 may be combined (max +8)	29	24	0.5472
TP53	266	G	V	26	117	0.2222	6	R:40|E:35|V:26|*:14|K:1|T:1	91	5	40	position-specific	True	Strong	4	True	O4 + O7 may be combined (max +8)	True	O4 + O7 may be combined (max +8)	60	57	0.5128
TP53	213	R	Q	25	256	0.0977	5	*:208|Q:25|L:17|G:4|P:2	231	4	208	mutation-specific	True	Strong	4	True	O4 + O7 may be combined (max +8)	True	O4 + O7 may be combined (max +8)	124	132	0.4844
PIK3CA	1043	M	I	25	58	0.431	4	I:25|V:25|L:4|T:4	33	3	25	position-specific	True	Strong	4	True	O4 + O7 may be combined (max +8)	True	O4 + O7 may be combined (max +8)	28	30	0.4828
PIK3CA	1043	M	V	25	58	0.431	4	I:25|V:25|L:4|T:4	33	3	25	position-specific	True	Strong	4	True	O4 + O7 may be combined (max +8)	True	O4 + O7 may be combined (max +8)	28	30	0.4828
SF3B1	625	R	C	25	59	0.4237	4	H:29|C:25|L:4|G:1	34	3	29	position-specific	True	Strong	4	True	O4 + O7 may be combined (max +8)	True	O4 + O7 may be combined (max +8)	35	24	0.5932
TP53	275	C	F	25	70	0.3571	7	F:25|Y:24|R:7|S:6|*:3|W:3|G:2	45	6	24	position-specific	True	Strong	4	True	O4 + O7 may be combined (max +8)	True	O4 + O7 may be combined (max +8)	27	43	0.3857
BRAF	600	V	K	24	897	0.0268	6	E:833|M:29|K:24|R:4|V:4|G:3	873	5	833	mutation-specific	True	Strong	4	True	O4 + O7 may be combined (max +8)	True	O4 + O7 may be combined (max +8)	287	610	0.32
BRAF	594	D	N	24	51	0.4706	6	N:24|G:21|V:2|Y:2|E:1|H:1	27	5	21	position-specific	True	Strong	4	True	O4 + O7 may be combined (max +8)	True	O4 + O7 may be combined (max +8)	35	16	0.6863
TP53	275	C	Y	24	70	0.3429	7	F:25|Y:24|R:7|S:6|*:3|W:3|G:2	46	6	25	position-specific	True	Strong	4	True	O4 + O7 may be combined (max +8)	True	O4 + O7 may be combined (max +8)	27	43	0.3857
TP53	135	C	F	24	74	0.3243	7	Y:27|F:24|R:9|*:4|S:4|W:4|G:2	50	6	27	position-specific	True	Strong	4	True	O4 + O7 may be combined (max +8)	True	O4 + O7 may be combined (max +8)	37	37	0.5
TP53	238	C	F	23	77	0.2987	6	Y:40|F:23|R:5|G:4|S:4|W:1	54	5	40	mixed	True	Strong	4	True	O4 + O7 may be combined (max +8)	True	O4 + O7 may be combined (max +8)	35	42	0.4545
TP53	159	A	P	23	52	0.4423	4	V:27|P:23|A:1|D:1	29	3	27	mixed	True	Strong	4	True	O4 + O7 may be combined (max +8)	True	O4 + O7 may be combined (max +8)	18	34	0.3462
TP53	245	G	C	22	242	0.0909	7	S:128|D:50|V:31|C:22|R:7|A:3|N:1	220	6	128	mixed	True	Strong	4	True	O4 + O7 may be combined (max +8)	True	O4 + O7 may be combined (max +8)	122	120	0.5041
GNAQ	209	Q	L	22	65	0.3385	3	P:42|L:22|H:1	43	2	42	mixed	True	Strong	4	True	O4 + O7 may be combined (max +8)	True	O4 + O7 may be combined (max +8)	25	40	0.3846
CTNNB1	32	D	Y	22	81	0.2716	6	Y:22|N:18|G:16|V:16|H:6|A:3	59	5	18	position-specific	True	Strong	4	True	O4 + O7 may be combined (max +8)	True	O4 + O7 may be combined (max +8)	27	54	0.3333
HRAS	13	G	R	22	50	0.44	7	R:22|V:15|D:6|C:3|S:2|I:1|N:1	28	6	15	position-specific	True	Strong	4	True	O4 + O7 may be combined (max +8)	True	O4 + O7 may be combined (max +8)	15	35	0.3
PIK3CA	545	E	G	21	633	0.0332	5	K:575|G:21|Q:20|A:12|D:5	612	4	575	mutation-specific	True	Strong	4	True	O4 + O7 may be combined (max +8)	True	O4 + O7 may be combined (max +8)	312	321	0.4929
KRAS	61	Q	L	21	190	0.1105	7	H:108|R:37|L:21|K:20|P:2|A:1|E:1	169	6	108	mixed	True	Strong	4	True	O4 + O7 may be combined (max +8)	True	O4 + O7 may be combined (max +8)	96	94	0.5053
TP53	248	R	L	21	560	0.0375	6	Q:292|W:222|L:21|P:11|G:8|R:6	539	5	292	mixed	True	Strong	4	True	O4 + O7 may be combined (max +8)	True	O4 + O7 may be combined (max +8)	275	285	0.4911
ERBB3	104	V	L	21	61	0.3443	2	M:40|L:21	40	1	40	mixed	True	Strong	4	True	O4 + O7 may be combined (max +8)	True	O4 + O7 may be combined (max +8)	29	32	0.4754
BRAF	594	D	G	21	51	0.4118	6	N:24|G:21|V:2|Y:2|E:1|H:1	30	5	24	position-specific	True	Strong	4	True	O4 + O7 may be combined (max +8)	True	O4 + O7 may be combined (max +8)	35	16	0.6863
TP53	244	G	D	21	65	0.3231	8	D:21|C:19|S:15|V:6|A:1|F:1|G:1|R:1	44	7	19	position-specific	True	Strong	4	True	O4 + O7 may be combined (max +8)	True	O4 + O7 may be combined (max +8)	32	33	0.4923
PIK3CA	545	E	Q	20	633	0.0316	5	K:575|G:21|Q:20|A:12|D:5	613	4	575	mutation-specific	True	Strong	4	True	O4 + O7 may be combined (max +8)	True	O4 + O7 may be combined (max +8)	312	321	0.4929
KRAS	61	Q	K	20	190	0.1053	7	H:108|R:37|L:21|K:20|P:2|A:1|E:1	170	6	108	mixed	True	Strong	4	True	O4 + O7 may be combined (max +8)	True	O4 + O7 may be combined (max +8)	96	94	0.5053
TP53	272	V	L	20	66	0.303	7	M:34|L:20|G:5|E:3|K:2|A:1|V:1	46	6	34	mixed	True	Strong	4	True	O4 + O7 may be combined (max +8)	True	O4 + O7 may be combined (max +8)	31	35	0.4697
TP53	215	S	I	20	50	0.4	6	I:20|R:13|G:8|N:7|C:1|T:1	30	5	13	position-specific	True	Strong	4	True	O4 + O7 may be combined (max +8)	True	O4 + O7 may be combined (max +8)	29	21	0.58
TP53	337	R	L	20	68	0.2941	6	C:36|L:20|H:4|S:4|P:3|G:1	48	5	36	mixed	True	Strong	4	True	O4 + O7 may be combined (max +8)	True	O4 + O7 may be combined (max +8)	29	39	0.4265
PIK3CA	546	Q	P	19	93	0.2043	6	K:35|R:31|P:19|H:5|E:2|L:1	74	5	35	position-specific	True	Strong	4	True	O4 + O7 may be combined (max +8)	True	O4 + O7 may be combined (max +8)	40	53	0.4301
CTNNB1	41	T	I	19	66	0.2879	3	A:45|I:19|N:2	47	2	45	mixed	True	Strong	4	True	O4 + O7 may be combined (max +8)	True	O4 + O7 may be combined (max +8)	29	37	0.4394
TP53	193	H	L	19	123	0.1545	7	R:54|Y:31|L:19|P:8|D:5|N:5|Q:1	104	6	54	position-specific	True	Strong	4	True	O4 + O7 may be combined (max +8)	True	O4 + O7 may be combined (max +8)	51	72	0.4146
TP53	195	I	F	19	79	0.2405	7	T:42|F:19|N:10|S:4|M:2|I:1|K:1	60	6	42	mixed	True	Strong	4	True	O4 + O7 may be combined (max +8)	True	O4 + O7 may be combined (max +8)	26	53	0.3291
SPOP	133	F	V	19	67	0.2836	5	L:32|V:19|C:8|S:5|I:3	48	4	32	position-specific	True	Strong	4	True	O4 + O7 may be combined (max +8)	True	O4 + O7 may be combined (max +8)	33	34	0.4925
TP53	241	S	C	19	97	0.1959	7	F:51|C:19|Y:15|P:6|S:3|A:2|T:1	78	6	51	mixed	True	Strong	4	True	O4 + O7 may be combined (max +8)	True	O4 + O7 may be combined (max +8)	45	52	0.4639
TP53	244	G	C	19	65	0.2923	8	D:21|C:19|S:15|V:6|A:1|F:1|G:1|R:1	46	7	21	position-specific	True	Strong	4	True	O4 + O7 may be combined (max +8)	True	O4 + O7 may be combined (max +8)	32	33	0.4923
PIK3CA	1047	H	Y	18	647	0.0278	4	R:537|L:85|Y:18|Q:7	629	3	537	mutation-specific	True	Strong	4	True	O4 + O7 may be combined (max +8)	True	O4 + O7 may be combined (max +8)	341	306	0.527
CTNNB1	32	D	N	18	81	0.2222	6	Y:22|N:18|G:16|V:16|H:6|A:3	63	5	22	position-specific	True	Strong	4	True	O4 + O7 may be combined (max +8)	True	O4 + O7 may be combined (max +8)	27	54	0.3333
TP53	213	R	L	17	256	0.0664	5	*:208|Q:25|L:17|G:4|P:2	239	4	208	mutation-specific	True	Strong	4	True	O4 + O7 may be combined (max +8)	True	O4 + O7 may be combined (max +8)	124	132	0.4844
ERBB2	310	S	Y	17	113	0.1504	3	F:95|Y:17|S:1	96	2	95	mutation-specific	True	Strong	4	True	O4 + O7 may be combined (max +8)	True	O4 + O7 may be combined (max +8)	60	53	0.531
TP53	249	R	M	17	102	0.1667	7	S:45|M:17|G:15|T:11|W:11|K:2|I:1	85	6	45	position-specific	True	Strong	4	True	O4 + O7 may be combined (max +8)	True	O4 + O7 may be combined (max +8)	47	55	0.4608
PPP2R1A	183	R	Q	17	51	0.3333	3	W:33|Q:17|G:1	34	2	33	mixed	True	Strong	4	True	O4 + O7 may be combined (max +8)	True	O4 + O7 may be combined (max +8)	31	20	0.6078
TP53	278	P	L	17	100	0.17	7	S:37|L:17|A:13|R:12|T:12|H:6|F:3	83	6	37	position-specific	True	Strong	4	True	O4 + O7 may be combined (max +8)	True	O4 + O7 may be combined (max +8)	51	49	0.51
TP53	280	R	G	17	109	0.156	6	K:36|T:34|G:17|I:12|S:8|*:2	92	5	36	position-specific	True	Strong	4	True	O4 + O7 may be combined (max +8)	True	O4 + O7 may be combined (max +8)	52	57	0.4771
IDH1	132	R	S	16	766	0.0209	6	H:570|C:139|G:28|S:16|L:12|I:1	750	5	570	mixed	True	Strong	4	True	O4 + O7 may be combined (max +8)	True	O4 + O7 may be combined (max +8)	247	519	0.3225
HRAS	61	Q	L	16	102	0.1569	4	R:56|K:28|L:16|H:2	86	3	56	mixed	True	Strong	4	True	O4 + O7 may be combined (max +8)	True	O4 + O7 may be combined (max +8)	38	64	0.3725
CTNNB1	32	D	G	16	81	0.1975	6	Y:22|N:18|G:16|V:16|H:6|A:3	65	5	22	position-specific	True	Strong	4	True	O4 + O7 may be combined (max +8)	True	O4 + O7 may be combined (max +8)	27	54	0.3333
CTNNB1	32	D	V	16	81	0.1975	6	Y:22|N:18|G:16|V:16|H:6|A:3	65	5	22	position-specific	True	Strong	4	True	O4 + O7 may be combined (max +8)	True	O4 + O7 may be combined (max +8)	27	54	0.3333
CTNNB1	33	S	P	16	96	0.1667	6	C:32|F:29|P:16|Y:11|A:7|T:1	80	5	32	position-specific	True	Strong	4	True	O4 + O7 may be combined (max +8)	True	O4 + O7 may be combined (max +8)	37	59	0.3854
KRAS	146	A	V	16	86	0.186	3	T:65|V:16|P:5	70	2	65	mixed	True	Strong	4	True	O4 + O7 may be combined (max +8)	True	O4 + O7 may be combined (max +8)	52	34	0.6047
HRAS	13	G	V	15	50	0.3	7	R:22|V:15|D:6|C:3|S:2|I:1|N:1	35	6	22	position-specific	True	Strong	4	True	O4 + O7 may be combined (max +8)	True	O4 + O7 may be combined (max +8)	15	35	0.3
TP53	249	R	G	15	102	0.1471	7	S:45|M:17|G:15|T:11|W:11|K:2|I:1	87	6	45	position-specific	True	Strong	4	True	O4 + O7 may be combined (max +8)	True	O4 + O7 may be combined (max +8)	47	55	0.4608
TP53	241	S	Y	15	97	0.1546	7	F:51|C:19|Y:15|P:6|S:3|A:2|T:1	82	6	51	mixed	True	Strong	4	True	O4 + O7 may be combined (max +8)	True	O4 + O7 may be combined (max +8)	45	52	0.4639
TP53	244	G	S	15	65	0.2308	8	D:21|C:19|S:15|V:6|A:1|F:1|G:1|R:1	50	7	21	position-specific	True	Strong	4	True	O4 + O7 may be combined (max +8)	True	O4 + O7 may be combined (max +8)	32	33	0.4923
TP53	175	R	G	14	416	0.0337	4	H:386|G:14|C:8|L:8	402	3	386	mutation-specific	True	Strong	4	True	O4 + O7 may be combined (max +8)	True	O4 + O7 may be combined (max +8)	209	207	0.5024
TP53	179	H	L	14	149	0.094	7	R:63|Y:41|L:14|Q:12|D:8|N:8|P:3	135	6	63	position-specific	True	Strong	4	True	O4 + O7 may be combined (max +8)	True	O4 + O7 may be combined (max +8)	56	93	0.3758
EGFR	289	A	T	14	59	0.2373	5	V:37|T:14|D:6|I:1|N:1	45	4	37	mixed	True	Strong	4	True	O4 + O7 may be combined (max +8)	True	O4 + O7 may be combined (max +8)	27	32	0.4576
CTNNB1	34	G	V	14	53	0.2642	6	R:28|V:14|E:8|*:1|A:1|L:1	39	5	28	mixed	True	Strong	4	True	O4 + O7 may be combined (max +8)	True	O4 + O7 may be combined (max +8)	21	32	0.3962
TP53	132	K	E	14	83	0.1687	7	N:30|R:27|E:14|M:5|T:4|Q:2|*:1	69	6	30	position-specific	True	Strong	4	True	O4 + O7 may be combined (max +8)	True	O4 + O7 may be combined (max +8)	36	47	0.4337
TP53	281	D	E	14	69	0.2029	9	E:14|N:14|Y:13|H:9|V:9|D:4|G:4|A:1|P:1	55	8	14	position-specific	True	Strong	4	True	O4 + O7 may be combined (max +8)	True	O4 + O7 may be combined (max +8)	36	33	0.5217
TP53	281	D	N	14	69	0.2029	9	E:14|N:14|Y:13|H:9|V:9|D:4|G:4|A:1|P:1	55	8	14	position-specific	True	Strong	4	True	O4 + O7 may be combined (max +8)	True	O4 + O7 may be combined (max +8)	36	33	0.5217
TP53	151	P	H	13	79	0.1646	7	S:36|H:13|A:11|R:9|T:8|F:1|L:1	66	6	36	position-specific	True	Strong	4	True	O4 + O7 may be combined (max +8)	True	O4 + O7 may be combined (max +8)	37	42	0.4684
TP53	278	P	A	13	100	0.13	7	S:37|L:17|A:13|R:12|T:12|H:6|F:3	87	6	37	position-specific	True	Strong	4	True	O4 + O7 may be combined (max +8)	True	O4 + O7 may be combined (max +8)	51	49	0.51
TP53	215	S	R	13	50	0.26	6	I:20|R:13|G:8|N:7|C:1|T:1	37	5	20	position-specific	True	Strong	4	True	O4 + O7 may be combined (max +8)	True	O4 + O7 may be combined (max +8)	29	21	0.58
TP53	281	D	Y	13	69	0.1884	9	E:14|N:14|Y:13|H:9|V:9|D:4|G:4|A:1|P:1	56	8	14	position-specific	True	Strong	4	True	O4 + O7 may be combined (max +8)	True	O4 + O7 may be combined (max +8)	36	33	0.5217
PIK3CA	545	E	A	12	633	0.019	5	K:575|G:21|Q:20|A:12|D:5	621	4	575	mutation-specific	True	Strong	4	True	O4 + O7 may be combined (max +8)	True	O4 + O7 may be combined (max +8)	312	321	0.4929
IDH1	132	R	L	12	766	0.0157	6	H:570|C:139|G:28|S:16|L:12|I:1	754	5	570	mixed	True	Strong	4	True	O4 + O7 may be combined (max +8)	True	O4 + O7 may be combined (max +8)	247	519	0.3225
TP53	273	R	S	12	609	0.0197	6	C:283|H:251|L:56|S:12|P:5|G:2	597	5	283	position-specific	True	Strong	4	True	O4 + O7 may be combined (max +8)	True	O4 + O7 may be combined (max +8)	286	323	0.4696
TP53	179	H	Q	12	149	0.0805	7	R:63|Y:41|L:14|Q:12|D:8|N:8|P:3	137	6	63	position-specific	True	Strong	4	True	O4 + O7 may be combined (max +8)	True	O4 + O7 may be combined (max +8)	56	93	0.3758
TP53	278	P	R	12	100	0.12	7	S:37|L:17|A:13|R:12|T:12|H:6|F:3	88	6	37	position-specific	True	Strong	4	True	O4 + O7 may be combined (max +8)	True	O4 + O7 may be combined (max +8)	51	49	0.51
TP53	278	P	T	12	100	0.12	7	S:37|L:17|A:13|R:12|T:12|H:6|F:3	88	6	37	position-specific	True	Strong	4	True	O4 + O7 may be combined (max +8)	True	O4 + O7 may be combined (max +8)	51	49	0.51
TP53	280	R	I	12	109	0.1101	6	K:36|T:34|G:17|I:12|S:8|*:2	97	5	36	position-specific	True	Strong	4	True	O4 + O7 may be combined (max +8)	True	O4 + O7 may be combined (max +8)	52	57	0.4771
TP53	242	C	Y	12	59	0.2034	8	F:27|Y:12|S:9|W:4|G:3|R:2|*:1|C:1	47	7	27	position-specific	True	Strong	4	True	O4 + O7 may be combined (max +8)	True	O4 + O7 may be combined (max +8)	24	35	0.4068
TP53	248	R	P	11	560	0.0196	6	Q:292|W:222|L:21|P:11|G:8|R:6	549	5	292	mixed	True	Strong	4	True	O4 + O7 may be combined (max +8)	True	O4 + O7 may be combined (max +8)	275	285	0.4911
CTNNB1	33	S	Y	11	96	0.1146	6	C:32|F:29|P:16|Y:11|A:7|T:1	85	5	32	position-specific	True	Strong	4	True	O4 + O7 may be combined (max +8)	True	O4 + O7 may be combined (max +8)	37	59	0.3854
NRAS	12	G	C	11	74	0.1486	6	D:41|C:11|S:8|A:6|V:5|R:3	63	5	41	mixed	True	Strong	4	True	O4 + O7 may be combined (max +8)	True	O4 + O7 may be combined (max +8)	35	39	0.473
TP53	163	Y	H	11	79	0.1392	5	C:54|H:11|N:9|D:3|*:2	68	4	54	mixed	True	Strong	4	True	O4 + O7 may be combined (max +8)	True	O4 + O7 may be combined (max +8)	34	45	0.4304
BRAF	469	G	V	11	61	0.1803	7	A:34|V:11|R:8|E:4|S:2|*:1|G:1	50	6	34	mixed	True	Strong	4	True	O4 + O7 may be combined (max +8)	True	O4 + O7 may be combined (max +8)	37	24	0.6066
TP53	249	R	T	11	102	0.1078	7	S:45|M:17|G:15|T:11|W:11|K:2|I:1	91	6	45	position-specific	True	Strong	4	True	O4 + O7 may be combined (max +8)	True	O4 + O7 may be combined (max +8)	47	55	0.4608
TP53	249	R	W	11	102	0.1078	7	S:45|M:17|G:15|T:11|W:11|K:2|I:1	91	6	45	position-specific	True	Strong	4	True	O4 + O7 may be combined (max +8)	True	O4 + O7 may be combined (max +8)	47	55	0.4608
TP53	151	P	A	11	79	0.1392	7	S:36|H:13|A:11|R:9|T:8|F:1|L:1	68	6	36	position-specific	True	Strong	4	True	O4 + O7 may be combined (max +8)	True	O4 + O7 may be combined (max +8)	37	42	0.4684
TP53	158	R	P	11	106	0.1038	7	L:42|H:36|P:11|G:9|C:5|S:2|F:1	95	6	42	position-specific	True	Strong	4	True	O4 + O7 may be combined (max +8)	True	O4 + O7 may be combined (max +8)	54	52	0.5094
TP53	195	I	N	10	79	0.1266	7	T:42|F:19|N:10|S:4|M:2|I:1|K:1	69	6	42	mixed	True	Strong	4	True	O4 + O7 may be combined (max +8)	True	O4 + O7 may be combined (max +8)	26	53	0.3291
ESR1	538	D	G	46	46	1.0	1	G:46	0	0	0	mutation-specific	True	Moderate	2	False	Cap combined O4 + O7 at +4	False	Cap combined O4 + O7 at +4	45	1	0.9783
PIK3CA	420	C	R	46	46	1.0	1	R:46	0	0	0	mutation-specific	True	Moderate	2	False	Cap combined O4 + O7 at +4	False	Cap combined O4 + O7 at +4	28	18	0.6087
PIK3CA	118	G	D	40	40	1.0	1	D:40	0	0	0	mutation-specific	True	Moderate	2	False	Cap combined O4 + O7 at +4	False	Cap combined O4 + O7 at +4	13	27	0.325
MYD88	265	L	P	37	37	1.0	1	P:37	0	0	0	mutation-specific	True	Moderate	2	False	Cap combined O4 + O7 at +4	False	Cap combined O4 + O7 at +4	13	24	0.3514
BCOR	1459	N	S	36	36	1.0	1	S:36	0	0	0	mutation-specific	True	Moderate	2	False	Cap combined O4 + O7 at +4	False	Cap combined O4 + O7 at +4	25	11	0.6944
TP53	214	H	R	35	40	0.875	4	R:35|L:2|Q:2|P:1	5	3	2	mutation-specific	True	Moderate	2	False	Cap combined O4 + O7 at +4	False	Cap combined O4 + O7 at +4	17	23	0.425
H3F3A	28	K	M	32	33	0.9697	2	M:32|R:1	1	1	1	mutation-specific	True	Moderate	2	False	Cap combined O4 + O7 at +4	False	Cap combined O4 + O7 at +4	4	29	0.1212
FGFR3	373	Y	C	32	32	1.0	1	C:32	0	0	0	mutation-specific	True	Moderate	2	False	Cap combined O4 + O7 at +4	False	Cap combined O4 + O7 at +4	17	15	0.5312
BRAF	601	K	E	32	38	0.8421	3	E:32|N:5|T:1	6	2	5	mutation-specific	True	Moderate	2	False	Cap combined O4 + O7 at +4	False	Cap combined O4 + O7 at +4	19	19	0.5
ERBB2	755	L	S	31	44	0.7045	6	S:31|P:5|M:3|A:2|L:2|W:1	13	5	5	mixed	True	Moderate	2	True	O4 + O7 may be combined (max +8)	False	Cap combined O4 + O7 at +4	28	16	0.6364
FGFR3	248	R	C	31	31	1.0	1	C:31	0	0	0	mutation-specific	True	Moderate	2	False	Cap combined O4 + O7 at +4	False	Cap combined O4 + O7 at +4	21	10	0.6774
ATM	337	R	C	31	40	0.775	2	C:31|H:9	9	1	9	mixed	True	Moderate	2	False	Cap combined O4 + O7 at +4	False	Cap combined O4 + O7 at +4	20	20	0.5
PIK3CA	453	E	K	31	42	0.7381	3	K:31|Q:10|D:1	11	2	10	mixed	True	Moderate	2	True	O4 + O7 may be combined (max +8)	True	O4 + O7 may be combined (max +8)	20	22	0.4762
ERBB2	678	R	Q	31	32	0.9688	2	Q:31|W:1	1	1	1	mutation-specific	True	Moderate	2	False	Cap combined O4 + O7 at +4	False	Cap combined O4 + O7 at +4	18	14	0.5625
TP53	127	S	F	31	48	0.6458	6	F:31|Y:10|P:4|C:1|S:1|T:1	17	5	10	mixed	True	Moderate	2	True	O4 + O7 may be combined (max +8)	True	O4 + O7 may be combined (max +8)	24	24	0.5
TP53	194	L	R	30	49	0.6122	4	R:30|F:12|H:4|P:3	19	3	12	mixed	True	Moderate	2	True	O4 + O7 may be combined (max +8)	True	O4 + O7 may be combined (max +8)	22	27	0.449
PPP2R1A	179	P	R	29	30	0.9667	2	R:29|L:1	1	1	1	mutation-specific	True	Moderate	2	False	Cap combined O4 + O7 at +4	False	Cap combined O4 + O7 at +4	16	14	0.5333
DNMT3A	882	R	H	28	39	0.7179	3	H:28|C:10|P:1	11	2	10	mixed	True	Moderate	2	True	O4 + O7 may be combined (max +8)	True	O4 + O7 may be combined (max +8)	8	31	0.2051
TP53	152	P	L	28	38	0.7368	7	L:28|P:2|R:2|S:2|T:2|K:1|Q:1	10	6	2	mixed	True	Moderate	2	True	O4 + O7 may be combined (max +8)	False	Cap combined O4 + O7 at +4	22	16	0.5789
EGFR	598	G	V	27	33	0.8182	3	V:27|A:5|E:1	6	2	5	mutation-specific	True	Moderate	2	False	Cap combined O4 + O7 at +4	False	Cap combined O4 + O7 at +4	10	23	0.303
ERBB2	842	V	I	26	26	1.0	1	I:26	0	0	0	mutation-specific	True	Moderate	2	False	Cap combined O4 + O7 at +4	False	Cap combined O4 + O7 at +4	9	17	0.3462
SMARCA4	910	T	M	26	29	0.8966	4	M:26|A:1|R:1|T:1	3	3	1	mutation-specific	True	Moderate	2	False	Cap combined O4 + O7 at +4	False	Cap combined O4 + O7 at +4	15	14	0.5172
ESR1	537	Y	S	25	47	0.5319	4	S:25|C:11|N:10|D:1	22	3	11	mixed	True	Moderate	2	True	O4 + O7 may be combined (max +8)	True	O4 + O7 may be combined (max +8)	43	4	0.9149
PIK3CA	108	R	H	25	29	0.8621	3	H:25|L:3|S:1	4	2	3	mutation-specific	True	Moderate	2	False	Cap combined O4 + O7 at +4	False	Cap combined O4 + O7 at +4	12	17	0.4138
XPO1	571	E	K	25	27	0.9259	3	K:25|A:1|V:1	2	2	1	mutation-specific	True	Moderate	2	False	Cap combined O4 + O7 at +4	False	Cap combined O4 + O7 at +4	10	17	0.3704
TP53	141	C	Y	25	47	0.5319	7	Y:25|W:9|R:5|G:4|*:2|F:1|S:1	22	6	9	mixed	True	Moderate	2	True	O4 + O7 may be combined (max +8)	False	Cap combined O4 + O7 at +4	19	28	0.4043
TP53	110	R	L	25	43	0.5814	4	L:25|P:11|C:6|H:1	18	3	11	mixed	True	Moderate	2	True	O4 + O7 may be combined (max +8)	True	O4 + O7 may be combined (max +8)	21	22	0.4884
MAPK1	322	E	K	24	26	0.9231	3	K:24|*:1|A:1	2	2	1	mutation-specific	True	Moderate	2	False	Cap combined O4 + O7 at +4	False	Cap combined O4 + O7 at +4	10	16	0.3846
RAF1	257	S	L	24	25	0.96	2	L:24|W:1	1	1	1	mutation-specific	True	Moderate	2	False	Cap combined O4 + O7 at +4	False	Cap combined O4 + O7 at +4	12	13	0.48
TP53	216	V	M	24	42	0.5714	4	M:24|L:9|G:5|E:4	18	3	9	mixed	True	Moderate	2	True	O4 + O7 may be combined (max +8)	False	Cap combined O4 + O7 at +4	21	21	0.5
PIK3CA	81	E	K	24	25	0.96	2	K:24|*:1	1	1	1	mutation-specific	True	Moderate	2	False	Cap combined O4 + O7 at +4	False	Cap combined O4 + O7 at +4	12	13	0.48
CDKN2A	114	P	L	24	31	0.7742	6	L:24|P:2|T:2|F:1|H:1|S:1	7	5	2	mixed	True	Moderate	2	False	Cap combined O4 + O7 at +4	False	Cap combined O4 + O7 at +4	15	16	0.4839
POLE	286	P	R	23	27	0.8519	5	R:23|H:1|L:1|S:1|T:1	4	4	1	mutation-specific	True	Moderate	2	False	Cap combined O4 + O7 at +4	False	Cap combined O4 + O7 at +4	8	19	0.2963
TP53	154	G	V	23	25	0.92	3	V:23|C:1|D:1	2	2	1	mutation-specific	True	Moderate	2	False	Cap combined O4 + O7 at +4	False	Cap combined O4 + O7 at +4	15	10	0.6
PIK3CA	111	K	E	22	38	0.5789	4	E:22|N:14|Q:1|R:1	16	3	14	mixed	True	Moderate	2	True	O4 + O7 may be combined (max +8)	True	O4 + O7 may be combined (max +8)	12	26	0.3158
RXRA	427	S	F	22	26	0.8462	2	F:22|Y:4	4	1	4	mutation-specific	True	Moderate	2	False	Cap combined O4 + O7 at +4	False	Cap combined O4 + O7 at +4	0	26	0.0
TP53	250	P	L	22	24	0.9167	3	L:22|P:1|R:1	2	2	1	mutation-specific	True	Moderate	2	False	Cap combined O4 + O7 at +4	False	Cap combined O4 + O7 at +4	10	14	0.4167
FGFR2	549	N	K	21	26	0.8077	4	K:21|H:3|S:1|T:1	5	3	3	mutation-specific	True	Moderate	2	False	Cap combined O4 + O7 at +4	False	Cap combined O4 + O7 at +4	12	14	0.4615
EGFR	861	L	Q	21	21	1.0	1	Q:21	0	0	0	mutation-specific	True	Moderate	2	False	Cap combined O4 + O7 at +4	False	Cap combined O4 + O7 at +4	14	7	0.6667
MAX	60	R	Q	21	23	0.913	3	Q:21|R:1|W:1	2	2	1	mutation-specific	True	Moderate	2	False	Cap combined O4 + O7 at +4	False	Cap combined O4 + O7 at +4	13	10	0.5652
HIST1H1C	180	A	A	21	22	0.9545	2	A:21|P:1	1	1	1	mutation-specific	True	Moderate	2	False	Cap combined O4 + O7 at +4	False	Cap combined O4 + O7 at +4	8	14	0.3636
IDH2	140	R	Q	20	23	0.8696	3	Q:20|W:2|L:1	3	2	2	mutation-specific	True	Moderate	2	False	Cap combined O4 + O7 at +4	False	Cap combined O4 + O7 at +4	1	22	0.0435
EP300	1399	D	N	20	23	0.8696	3	N:20|Y:2|E:1	3	2	2	mutation-specific	True	Moderate	2	False	Cap combined O4 + O7 at +4	False	Cap combined O4 + O7 at +4	5	18	0.2174
TP53	277	C	F	20	28	0.7143	5	F:20|*:3|Y:3|G:1|W:1	8	4	3	mixed	True	Moderate	2	False	Cap combined O4 + O7 at +4	False	Cap combined O4 + O7 at +4	17	11	0.6071
GTF2I	440	N	S	19	19	1.0	1	S:19	0	0	0	mutation-specific	True	Moderate	2	False	Cap combined O4 + O7 at +4	False	Cap combined O4 + O7 at +4	0	19	0.0
TP53	239	N	S	19	41	0.4634	5	S:19|D:18|K:2|H:1|T:1	22	4	18	position-specific	True	Moderate	2	True	O4 + O7 may be combined (max +8)	True	O4 + O7 may be combined (max +8)	20	21	0.4878
NFE2L2	29	D	H	19	30	0.6333	4	H:19|Y:7|G:2|N:2	11	3	7	mixed	True	Moderate	2	True	O4 + O7 may be combined (max +8)	False	Cap combined O4 + O7 at +4	7	23	0.2333
KRAS	60	G	G	19	24	0.7917	4	G:19|D:2|V:2|S:1	5	3	2	mixed	True	Moderate	2	False	Cap combined O4 + O7 at +4	False	Cap combined O4 + O7 at +4	12	12	0.5
MYCN	44	P	L	19	20	0.95	2	L:19|F:1	1	1	1	mutation-specific	True	Moderate	2	False	Cap combined O4 + O7 at +4	False	Cap combined O4 + O7 at +4	10	10	0.5
PPP6C	264	R	C	19	19	1.0	1	C:19	0	0	0	mutation-specific	True	Moderate	2	False	Cap combined O4 + O7 at +4	False	Cap combined O4 + O7 at +4	5	14	0.2632
TP53	259	D	Y	19	31	0.6129	5	Y:19|V:7|H:2|N:2|D:1	12	4	7	mixed	True	Moderate	2	True	O4 + O7 may be combined (max +8)	False	Cap combined O4 + O7 at +4	16	15	0.5161
NRAS	13	G	R	18	41	0.439	6	R:18|D:16|S:3|C:2|F:1|V:1	23	5	16	position-specific	True	Moderate	2	True	O4 + O7 may be combined (max +8)	True	O4 + O7 may be combined (max +8)	17	24	0.4146
EGFR	719	G	A	18	33	0.5455	4	A:18|C:7|S:5|D:3	15	3	7	mixed	True	Moderate	2	True	O4 + O7 may be combined (max +8)	False	Cap combined O4 + O7 at +4	23	10	0.697
AR	702	L	H	18	19	0.9474	2	H:18|L:1	1	1	1	mutation-specific	True	Moderate	2	False	Cap combined O4 + O7 at +4	False	Cap combined O4 + O7 at +4	10	9	0.5263
TP53	239	N	D	18	41	0.439	5	S:19|D:18|K:2|H:1|T:1	23	4	19	position-specific	True	Moderate	2	True	O4 + O7 may be combined (max +8)	True	O4 + O7 may be combined (max +8)	20	21	0.4878
PIK3CA	93	R	Q	18	31	0.5806	3	Q:18|W:12|L:1	13	2	12	mixed	True	Moderate	2	True	O4 + O7 may be combined (max +8)	True	O4 + O7 may be combined (max +8)	13	18	0.4194
POLE	411	V	L	18	18	1.0	1	L:18	0	0	0	mutation-specific	True	Moderate	2	False	Cap combined O4 + O7 at +4	False	Cap combined O4 + O7 at +4	6	12	0.3333
FGFR2	252	S	W	18	22	0.8182	3	W:18|L:2|S:2	4	2	2	mutation-specific	True	Moderate	2	False	Cap combined O4 + O7 at +4	False	Cap combined O4 + O7 at +4	10	12	0.4545
ERBB3	297	D	Y	18	22	0.8182	5	Y:18|A:1|H:1|N:1|V:1	4	4	1	mutation-specific	True	Moderate	2	False	Cap combined O4 + O7 at +4	False	Cap combined O4 + O7 at +4	10	12	0.4545
PIK3R1	376	G	R	18	18	1.0	1	R:18	0	0	0	mutation-specific	True	Moderate	2	False	Cap combined O4 + O7 at +4	False	Cap combined O4 + O7 at +4	7	11	0.3889
CIC	215	R	W	17	25	0.68	3	W:17|Q:7|R:1	8	2	7	mixed	True	Moderate	2	False	Cap combined O4 + O7 at +4	False	Cap combined O4 + O7 at +4	11	14	0.44
NFE2L2	79	E	Q	17	34	0.5	6	Q:17|K:11|*:2|V:2|D:1|G:1	17	5	11	mixed	True	Moderate	2	True	O4 + O7 may be combined (max +8)	True	O4 + O7 may be combined (max +8)	10	24	0.2941
BRAF	466	G	V	17	34	0.5	3	V:17|E:14|A:3	17	2	14	mixed	True	Moderate	2	True	O4 + O7 may be combined (max +8)	True	O4 + O7 may be combined (max +8)	15	19	0.4412
ERBB2	777	V	L	17	20	0.85	2	L:17|M:3	3	1	3	mutation-specific	True	Moderate	2	False	Cap combined O4 + O7 at +4	False	Cap combined O4 + O7 at +4	10	10	0.5
FGFR1	577	N	K	17	19	0.8947	2	K:17|D:2	2	1	2	mutation-specific	True	Moderate	2	False	Cap combined O4 + O7 at +4	False	Cap combined O4 + O7 at +4	9	10	0.4737
KRAS	117	K	N	17	18	0.9444	2	N:17|R:1	1	1	1	mutation-specific	True	Moderate	2	False	Cap combined O4 + O7 at +4	False	Cap combined O4 + O7 at +4	9	9	0.5
EGFR	108	R	K	17	19	0.8947	2	K:17|G:2	2	1	2	mutation-specific	True	Moderate	2	False	Cap combined O4 + O7 at +4	False	Cap combined O4 + O7 at +4	11	8	0.5789
PIK3R1	564	N	D	17	17	1.0	1	D:17	0	0	0	mutation-specific	True	Moderate	2	False	Cap combined O4 + O7 at +4	False	Cap combined O4 + O7 at +4	9	8	0.5294
PTEN	173	R	H	17	32	0.5312	3	H:17|C:14|P:1	15	2	14	mixed	True	Moderate	2	True	O4 + O7 may be combined (max +8)	True	O4 + O7 may be combined (max +8)	21	11	0.6562
TP53	262	G	V	17	17	1.0	1	V:17	0	0	0	mutation-specific	True	Moderate	2	False	Cap combined O4 + O7 at +4	False	Cap combined O4 + O7 at +4	7	10	0.4118
NRAS	13	G	D	16	41	0.3902	6	R:18|D:16|S:3|C:2|F:1|V:1	25	5	18	position-specific	True	Moderate	2	True	O4 + O7 may be combined (max +8)	True	O4 + O7 may be combined (max +8)	17	24	0.4146
NFE2L2	34	R	G	16	34	0.4706	5	G:16|Q:11|P:5|*:1|L:1	18	4	11	position-specific	True	Moderate	2	True	O4 + O7 may be combined (max +8)	True	O4 + O7 may be combined (max +8)	15	19	0.4412
MAP2K1	57	K	N	16	29	0.5517	3	N:16|T:7|E:6	13	2	7	mixed	True	Moderate	2	True	O4 + O7 may be combined (max +8)	False	Cap combined O4 + O7 at +4	18	11	0.6207
RHOA	17	G	V	16	36	0.4444	3	V:16|E:15|A:5	20	2	15	position-specific	True	Moderate	2	True	O4 + O7 may be combined (max +8)	True	O4 + O7 may be combined (max +8)	31	5	0.8611
AR	875	H	Y	16	16	1.0	1	Y:16	0	0	0	mutation-specific	True	Moderate	2	False	Cap combined O4 + O7 at +4	False	Cap combined O4 + O7 at +4	10	6	0.625
MED12	1224	L	F	16	18	0.8889	2	F:16|V:2	2	1	2	mutation-specific	True	Moderate	2	False	Cap combined O4 + O7 at +4	False	Cap combined O4 + O7 at +4	7	11	0.3889
ERCC2	238	N	S	16	16	1.0	1	S:16	0	0	0	mutation-specific	True	Moderate	2	False	Cap combined O4 + O7 at +4	False	Cap combined O4 + O7 at +4	4	12	0.25
STK19	89	D	N	16	18	0.8889	2	N:16|D:2	2	1	2	mutation-specific	True	Moderate	2	False	Cap combined O4 + O7 at +4	False	Cap combined O4 + O7 at +4	0	18	0.0
ALK	1275	R	Q	16	18	0.8889	3	Q:16|*:1|L:1	2	2	1	mutation-specific	True	Moderate	2	False	Cap combined O4 + O7 at +4	False	Cap combined O4 + O7 at +4	6	12	0.3333
CTNNB1	335	K	I	16	19	0.8421	2	I:16|T:3	3	1	3	mutation-specific	True	Moderate	2	False	Cap combined O4 + O7 at +4	False	Cap combined O4 + O7 at +4	8	11	0.4211
PIK3CA	1049	G	R	16	17	0.9412	2	R:16|A:1	1	1	1	mutation-specific	True	Moderate	2	False	Cap combined O4 + O7 at +4	False	Cap combined O4 + O7 at +4	11	6	0.6471
ARID2	297	S	F	16	20	0.8	2	F:16|S:4	4	1	4	mutation-specific	True	Moderate	2	False	Cap combined O4 + O7 at +4	False	Cap combined O4 + O7 at +4	11	9	0.55
NUP93	14	E	K	16	16	1.0	1	K:16	0	0	0	mutation-specific	True	Moderate	2	False	Cap combined O4 + O7 at +4	False	Cap combined O4 + O7 at +4	6	10	0.375
TP53	246	M	V	16	37	0.4324	6	V:16|I:10|K:3|L:3|T:3|R:2	21	5	10	position-specific	True	Moderate	2	True	O4 + O7 may be combined (max +8)	True	O4 + O7 may be combined (max +8)	23	14	0.6216
TP53	125	T	M	16	30	0.5333	5	M:16|R:6|K:3|P:3|A:2	14	4	6	mixed	True	Moderate	2	True	O4 + O7 may be combined (max +8)	False	Cap combined O4 + O7 at +4	17	13	0.5667
RHOA	17	G	E	15	36	0.4167	3	V:16|E:15|A:5	21	2	16	position-specific	True	Moderate	2	True	O4 + O7 may be combined (max +8)	True	O4 + O7 may be combined (max +8)	31	5	0.8611
MAP2K1	124	P	S	15	25	0.6	6	S:15|L:6|M:1|P:1|Q:1|R:1	10	5	6	mixed	True	Moderate	2	True	O4 + O7 may be combined (max +8)	False	Cap combined O4 + O7 at +4	5	20	0.2
ERBB3	928	E	G	15	17	0.8824	2	G:15|K:2	2	1	2	mutation-specific	True	Moderate	2	False	Cap combined O4 + O7 at +4	False	Cap combined O4 + O7 at +4	14	3	0.8235
EGFR	222	R	C	15	16	0.9375	2	C:15|H:1	1	1	1	mutation-specific	True	Moderate	2	False	Cap combined O4 + O7 at +4	False	Cap combined O4 + O7 at +4	9	7	0.5625
TP53	267	R	W	15	36	0.4167	6	W:15|P:8|L:5|Q:4|G:3|R:1	21	5	8	position-specific	True	Moderate	2	True	O4 + O7 may be combined (max +8)	False	Cap combined O4 + O7 at +4	18	18	0.5
PTPRD	431	S	L	15	17	0.8824	3	L:15|*:1|S:1	2	2	1	mutation-specific	True	Moderate	2	False	Cap combined O4 + O7 at +4	False	Cap combined O4 + O7 at +4	6	11	0.3529
HRAS	12	G	D	14	38	0.3684	6	D:14|S:14|C:4|V:3|A:2|N:1	24	5	14	position-specific	True	Moderate	2	True	O4 + O7 may be combined (max +8)	True	O4 + O7 may be combined (max +8)	11	27	0.2895
HRAS	12	G	S	14	38	0.3684	6	D:14|S:14|C:4|V:3|A:2|N:1	24	5	14	position-specific	True	Moderate	2	True	O4 + O7 may be combined (max +8)	True	O4 + O7 may be combined (max +8)	11	27	0.2895
PIK3CA	111	K	N	14	38	0.3684	4	E:22|N:14|Q:1|R:1	24	3	22	mixed	True	Moderate	2	True	O4 + O7 may be combined (max +8)	True	O4 + O7 may be combined (max +8)	12	26	0.3158
KIT	822	N	K	14	21	0.6667	3	K:14|Y:6|I:1	7	2	6	mixed	True	Moderate	2	False	Cap combined O4 + O7 at +4	False	Cap combined O4 + O7 at +4	13	8	0.619
BRAF	466	G	E	14	34	0.4118	3	V:17|E:14|A:3	20	2	17	mixed	True	Moderate	2	True	O4 + O7 may be combined (max +8)	True	O4 + O7 may be combined (max +8)	15	19	0.4412
AR	878	T	A	14	15	0.9333	2	A:14|S:1	1	1	1	mutation-specific	True	Moderate	2	False	Cap combined O4 + O7 at +4	False	Cap combined O4 + O7 at +4	4	11	0.2667
CREBBP	1446	R	C	14	33	0.4242	6	C:14|H:10|L:6|G:1|P:1|S:1	19	5	10	position-specific	True	Moderate	2	True	O4 + O7 may be combined (max +8)	True	O4 + O7 may be combined (max +8)	12	21	0.3636
TP53	274	V	F	14	46	0.3043	5	F:14|A:12|G:8|D:7|L:5	32	4	12	position-specific	True	Moderate	2	True	O4 + O7 may be combined (max +8)	True	O4 + O7 may be combined (max +8)	22	24	0.4783
RHOA	42	Y	C	14	19	0.7368	4	C:14|S:3|F:1|I:1	5	3	3	mixed	True	Moderate	2	False	Cap combined O4 + O7 at +4	False	Cap combined O4 + O7 at +4	4	15	0.2105
PIK3CA	106	G	V	14	22	0.6364	4	V:14|R:6|C:1|S:1	8	3	6	mixed	True	Moderate	2	False	Cap combined O4 + O7 at +4	False	Cap combined O4 + O7 at +4	12	10	0.5455
EGFR	768	S	I	14	15	0.9333	2	I:14|T:1	1	1	1	mutation-specific	True	Moderate	2	False	Cap combined O4 + O7 at +4	False	Cap combined O4 + O7 at +4	10	5	0.6667
FGFR2	382	C	R	14	15	0.9333	2	R:14|Y:1	1	1	1	mutation-specific	True	Moderate	2	False	Cap combined O4 + O7 at +4	False	Cap combined O4 + O7 at +4	9	6	0.6
ESR1	380	E	Q	14	14	1.0	1	Q:14	0	0	0	mutation-specific	True	Moderate	2	False	Cap combined O4 + O7 at +4	False	Cap combined O4 + O7 at +4	13	1	0.9286
CDKN2A	108	D	Y	14	29	0.4828	5	Y:14|N:9|H:4|G:1|V:1	15	4	9	position-specific	True	Moderate	2	True	O4 + O7 may be combined (max +8)	False	Cap combined O4 + O7 at +4	15	14	0.5172
KIT	576	L	P	14	14	1.0	1	P:14	0	0	0	mutation-specific	True	Moderate	2	False	Cap combined O4 + O7 at +4	False	Cap combined O4 + O7 at +4	10	4	0.7143
PTEN	173	R	C	14	32	0.4375	3	H:17|C:14|P:1	18	2	17	mixed	True	Moderate	2	True	O4 + O7 may be combined (max +8)	True	O4 + O7 may be combined (max +8)	21	11	0.6562
TP53	258	E	K	14	47	0.2979	8	*:14|K:14|D:5|A:4|G:4|Q:4|E:1|V:1	33	7	14	position-specific	True	Moderate	2	True	O4 + O7 may be combined (max +8)	True	O4 + O7 may be combined (max +8)	28	19	0.5957
ERBB3	232	A	V	14	15	0.9333	2	V:14|T:1	1	1	1	mutation-specific	True	Moderate	2	False	Cap combined O4 + O7 at +4	False	Cap combined O4 + O7 at +4	10	5	0.6667
FBXW7	689	R	W	14	19	0.7368	2	W:14|Q:5	5	1	5	mixed	True	Moderate	2	False	Cap combined O4 + O7 at +4	False	Cap combined O4 + O7 at +4	8	11	0.4211
MAP2K1	203	E	K	14	16	0.875	2	K:14|V:2	2	1	2	mutation-specific	True	Moderate	2	False	Cap combined O4 + O7 at +4	False	Cap combined O4 + O7 at +4	10	6	0.625
TP63	379	R	C	14	17	0.8235	3	C:14|H:2|S:1	3	2	2	mutation-specific	True	Moderate	2	False	Cap combined O4 + O7 at +4	False	Cap combined O4 + O7 at +4	6	11	0.3529
EZH2	646	Y	F	13	38	0.3421	6	F:13|N:13|H:6|S:4|C:1|Y:1	25	5	13	position-specific	True	Moderate	2	True	O4 + O7 may be combined (max +8)	True	O4 + O7 may be combined (max +8)	14	24	0.3684
EZH2	646	Y	N	13	38	0.3421	6	F:13|N:13|H:6|S:4|C:1|Y:1	25	5	13	position-specific	True	Moderate	2	True	O4 + O7 may be combined (max +8)	True	O4 + O7 may be combined (max +8)	14	24	0.3684
BRAF	581	N	S	13	21	0.619	6	S:13|I:3|T:2|D:1|H:1|Y:1	8	5	3	mixed	True	Moderate	2	False	Cap combined O4 + O7 at +4	False	Cap combined O4 + O7 at +4	10	11	0.4762
NFE2L2	82	E	D	13	21	0.619	4	D:13|A:3|G:3|Q:2	8	3	3	mixed	True	Moderate	2	False	Cap combined O4 + O7 at +4	False	Cap combined O4 + O7 at +4	7	14	0.3333
PIK3CA	344	V	G	13	26	0.5	3	G:13|M:11|A:2	13	2	11	mixed	True	Moderate	2	True	O4 + O7 may be combined (max +8)	True	O4 + O7 may be combined (max +8)	15	11	0.5769
SF3B1	902	E	K	13	17	0.7647	3	K:13|Q:3|G:1	4	2	3	mixed	True	Moderate	2	False	Cap combined O4 + O7 at +4	False	Cap combined O4 + O7 at +4	8	9	0.4706
PIK3CA	901	C	F	13	13	1.0	1	F:13	0	0	0	mutation-specific	True	Moderate	2	False	Cap combined O4 + O7 at +4	False	Cap combined O4 + O7 at +4	6	7	0.4615
ERBB3	284	G	R	13	13	1.0	1	R:13	0	0	0	mutation-specific	True	Moderate	2	False	Cap combined O4 + O7 at +4	False	Cap combined O4 + O7 at +4	7	6	0.5385
KNSTRN	24	S	F	13	13	1.0	1	F:13	0	0	0	mutation-specific	True	Moderate	2	False	Cap combined O4 + O7 at +4	False	Cap combined O4 + O7 at +4	0	13	0.0
EGFR	709	E	K	13	16	0.8125	3	K:13|A:2|Q:1	3	2	2	mutation-specific	True	Moderate	2	False	Cap combined O4 + O7 at +4	False	Cap combined O4 + O7 at +4	12	4	0.75
TP53	130	L	V	13	30	0.4333	5	V:13|F:10|R:4|P:2|H:1	17	4	10	position-specific	True	Moderate	2	True	O4 + O7 may be combined (max +8)	True	O4 + O7 may be combined (max +8)	16	14	0.5333
ERBB3	332	E	K	13	14	0.9286	2	K:13|Q:1	1	1	1	mutation-specific	True	Moderate	2	False	Cap combined O4 + O7 at +4	False	Cap combined O4 + O7 at +4	5	9	0.3571
TP53	105	G	C	13	28	0.4643	6	C:13|V:6|D:4|R:2|S:2|G:1	15	5	6	position-specific	True	Moderate	2	True	O4 + O7 may be combined (max +8)	False	Cap combined O4 + O7 at +4	14	14	0.5
ERBB4	1289	S	A	12	12	1.0	1	A:12	0	0	0	mutation-specific	True	Moderate	2	False	Cap combined O4 + O7 at +4	False	Cap combined O4 + O7 at +4	0	12	0.0
PIK3CA	93	R	W	12	31	0.3871	3	Q:18|W:12|L:1	19	2	18	mixed	True	Moderate	2	True	O4 + O7 may be combined (max +8)	True	O4 + O7 may be combined (max +8)	13	18	0.4194
FOXL2	134	C	W	12	12	1.0	1	W:12	0	0	0	mutation-specific	True	Moderate	2	False	Cap combined O4 + O7 at +4	False	Cap combined O4 + O7 at +4	12	0	1.0
TP53	274	V	A	12	46	0.2609	5	F:14|A:12|G:8|D:7|L:5	34	4	14	position-specific	True	Moderate	2	True	O4 + O7 may be combined (max +8)	True	O4 + O7 may be combined (max +8)	22	24	0.4783
MAP2K1	53	F	L	12	17	0.7059	4	L:12|C:2|V:2|I:1	5	3	2	mixed	True	Moderate	2	False	Cap combined O4 + O7 at +4	False	Cap combined O4 + O7 at +4	4	13	0.2353
TP53	255	I	F	12	32	0.375	5	F:12|N:7|S:6|T:6|I:1	20	4	7	position-specific	True	Moderate	2	True	O4 + O7 may be combined (max +8)	False	Cap combined O4 + O7 at +4	18	14	0.5625
KIT	642	K	E	12	14	0.8571	3	E:12|N:1|Q:1	2	2	1	mutation-specific	True	Moderate	2	False	Cap combined O4 + O7 at +4	False	Cap combined O4 + O7 at +4	6	8	0.4286
TP53	194	L	F	12	49	0.2449	4	R:30|F:12|H:4|P:3	37	3	30	mixed	True	Moderate	2	True	O4 + O7 may be combined (max +8)	True	O4 + O7 may be combined (max +8)	22	27	0.449
SPOP	102	F	C	12	24	0.5	5	C:12|V:7|L:2|S:2|I:1	12	4	7	mixed	True	Moderate	2	True	O4 + O7 may be combined (max +8)	False	Cap combined O4 + O7 at +4	11	13	0.4583
PIK3CA	1044	N	K	12	14	0.8571	2	K:12|Y:2	2	1	2	mutation-specific	True	Moderate	2	False	Cap combined O4 + O7 at +4	False	Cap combined O4 + O7 at +4	7	7	0.5
PIK3R1	567	K	E	12	12	1.0	1	E:12	0	0	0	mutation-specific	True	Moderate	2	False	Cap combined O4 + O7 at +4	False	Cap combined O4 + O7 at +4	7	5	0.5833
CDKN2A	84	D	N	12	26	0.4615	6	N:12|Y:6|G:3|V:3|A:1|D:1	14	5	6	position-specific	True	Moderate	2	True	O4 + O7 may be combined (max +8)	False	Cap combined O4 + O7 at +4	14	12	0.5385
MTOR	2215	S	Y	12	22	0.5455	3	Y:12|F:9|T:1	10	2	9	mixed	True	Moderate	2	True	O4 + O7 may be combined (max +8)	False	Cap combined O4 + O7 at +4	7	15	0.3182
SPOP	131	W	G	12	23	0.5217	5	G:12|C:4|L:3|S:3|R:1	11	4	4	mixed	True	Moderate	2	True	O4 + O7 may be combined (max +8)	False	Cap combined O4 + O7 at +4	9	14	0.3913
TP53	134	F	L	12	24	0.5	5	L:12|V:5|C:4|I:2|S:1	12	4	5	mixed	True	Moderate	2	True	O4 + O7 may be combined (max +8)	False	Cap combined O4 + O7 at +4	15	9	0.625
ERBB2	769	D	Y	12	18	0.6667	2	Y:12|H:6	6	1	6	mixed	True	Moderate	2	False	Cap combined O4 + O7 at +4	False	Cap combined O4 + O7 at +4	8	10	0.4444
TP53	143	V	M	12	26	0.4615	4	M:12|A:7|G:5|E:2	14	3	7	position-specific	True	Moderate	2	True	O4 + O7 may be combined (max +8)	False	Cap combined O4 + O7 at +4	12	14	0.4615
RAC1	178	A	V	12	12	1.0	1	V:12	0	0	0	mutation-specific	True	Moderate	2	False	Cap combined O4 + O7 at +4	False	Cap combined O4 + O7 at +4	2	10	0.1667
TGFBR1	241	S	L	12	15	0.8	3	L:12|S:2|*:1	3	2	2	mutation-specific	True	Moderate	2	False	Cap combined O4 + O7 at +4	False	Cap combined O4 + O7 at +4	8	7	0.5333
MTOR	1799	E	K	12	12	1.0	1	K:12	0	0	0	mutation-specific	True	Moderate	2	False	Cap combined O4 + O7 at +4	False	Cap combined O4 + O7 at +4	4	8	0.3333
ERBB3	91	M	I	12	12	1.0	1	I:12	0	0	0	mutation-specific	True	Moderate	2	False	Cap combined O4 + O7 at +4	False	Cap combined O4 + O7 at +4	4	8	0.3333
TP53	168	H	R	12	19	0.6316	4	R:12|L:4|P:2|Y:1	7	3	4	mixed	True	Moderate	2	False	Cap combined O4 + O7 at +4	False	Cap combined O4 + O7 at +4	10	9	0.5263
TP53	161	A	T	12	26	0.4615	5	T:12|D:7|S:4|V:2|P:1	14	4	7	position-specific	True	Moderate	2	True	O4 + O7 may be combined (max +8)	False	Cap combined O4 + O7 at +4	9	17	0.3462
KRAS	19	L	F	12	12	1.0	1	F:12	0	0	0	mutation-specific	True	Moderate	2	False	Cap combined O4 + O7 at +4	False	Cap combined O4 + O7 at +4	4	8	0.3333
PAK7	173	M	I	12	12	1.0	1	I:12	0	0	0	mutation-specific	True	Moderate	2	False	Cap combined O4 + O7 at +4	False	Cap combined O4 + O7 at +4	5	7	0.4167
TP53	172	V	F	12	18	0.6667	3	F:12|D:5|G:1	6	2	5	mixed	True	Moderate	2	False	Cap combined O4 + O7 at +4	False	Cap combined O4 + O7 at +4	8	10	0.4444
TP53	190	P	L	12	17	0.7059	4	L:12|T:3|R:1|S:1	5	3	3	mixed	True	Moderate	2	False	Cap combined O4 + O7 at +4	False	Cap combined O4 + O7 at +4	10	7	0.5882
ESR1	537	Y	C	11	47	0.234	4	S:25|C:11|N:10|D:1	36	3	25	mixed	True	Moderate	2	True	O4 + O7 may be combined (max +8)	True	O4 + O7 may be combined (max +8)	43	4	0.9149
B2M	1	M	I	11	41	0.2683	6	I:11|L:11|V:9|T:4|K:3|R:3	30	5	11	position-specific	True	Moderate	2	True	O4 + O7 may be combined (max +8)	True	O4 + O7 may be combined (max +8)	15	26	0.3659
B2M	1	M	L	11	41	0.2683	6	I:11|L:11|V:9|T:4|K:3|R:3	30	5	11	position-specific	True	Moderate	2	True	O4 + O7 may be combined (max +8)	True	O4 + O7 may be combined (max +8)	15	26	0.3659
NFE2L2	34	R	Q	11	34	0.3235	5	G:16|Q:11|P:5|*:1|L:1	23	4	16	position-specific	True	Moderate	2	True	O4 + O7 may be combined (max +8)	True	O4 + O7 may be combined (max +8)	15	19	0.4412
FLT3	835	D	Y	11	17	0.6471	4	Y:11|E:3|H:2|V:1	6	3	3	mixed	True	Moderate	2	False	Cap combined O4 + O7 at +4	False	Cap combined O4 + O7 at +4	0	17	0.0
NFE2L2	79	E	K	11	34	0.3235	6	Q:17|K:11|*:2|V:2|D:1|G:1	23	5	17	mixed	True	Moderate	2	True	O4 + O7 may be combined (max +8)	True	O4 + O7 may be combined (max +8)	10	24	0.2941
PIK3CA	344	V	M	11	26	0.4231	3	G:13|M:11|A:2	15	2	13	mixed	True	Moderate	2	True	O4 + O7 may be combined (max +8)	True	O4 + O7 may be combined (max +8)	15	11	0.5769
KIT	816	D	V	11	22	0.5	4	V:11|H:5|Y:5|A:1	11	3	5	mixed	True	Moderate	2	True	O4 + O7 may be combined (max +8)	False	Cap combined O4 + O7 at +4	6	16	0.2727
ALK	1174	F	L	11	14	0.7857	3	L:11|C:2|V:1	3	2	2	mixed	True	Moderate	2	False	Cap combined O4 + O7 at +4	False	Cap combined O4 + O7 at +4	4	10	0.2857
HIST1H3B	28	K	M	11	12	0.9167	2	M:11|E:1	1	1	1	mutation-specific	True	Moderate	2	False	Cap combined O4 + O7 at +4	False	Cap combined O4 + O7 at +4	0	12	0.0
TP53	126	Y	C	11	33	0.3333	6	C:11|D:8|*:7|S:3|H:2|N:2	22	5	8	position-specific	True	Moderate	2	True	O4 + O7 may be combined (max +8)	False	Cap combined O4 + O7 at +4	14	19	0.4242
PIK3CA	1021	Y	C	11	14	0.7857	2	C:11|H:3	3	1	3	mixed	True	Moderate	2	False	Cap combined O4 + O7 at +4	False	Cap combined O4 + O7 at +4	5	9	0.3571
PIK3CA	38	R	H	11	22	0.5	5	H:11|C:8|G:1|L:1|S:1	11	4	8	mixed	True	Moderate	2	True	O4 + O7 may be combined (max +8)	False	Cap combined O4 + O7 at +4	7	15	0.3182
PPP2R1A	256	S	F	11	14	0.7857	2	F:11|Y:3	3	1	3	mixed	True	Moderate	2	False	Cap combined O4 + O7 at +4	False	Cap combined O4 + O7 at +4	8	6	0.5714
RET	918	M	T	11	11	1.0	1	T:11	0	0	0	mutation-specific	True	Moderate	2	False	Cap combined O4 + O7 at +4	False	Cap combined O4 + O7 at +4	7	4	0.6364
CIC	202	R	W	11	13	0.8462	2	W:11|Q:2	2	1	2	mutation-specific	True	Moderate	2	False	Cap combined O4 + O7 at +4	False	Cap combined O4 + O7 at +4	6	7	0.4615
SMARCB1	377	R	H	11	17	0.6471	3	H:11|C:5|L:1	6	2	5	mixed	True	Moderate	2	False	Cap combined O4 + O7 at +4	False	Cap combined O4 + O7 at +4	13	4	0.7647
SMARCA4	1232	G	S	11	17	0.6471	4	S:11|C:2|D:2|V:2	6	3	2	mixed	True	Moderate	2	False	Cap combined O4 + O7 at +4	False	Cap combined O4 + O7 at +4	5	12	0.2941
TP53	110	R	P	11	43	0.2558	4	L:25|P:11|C:6|H:1	32	3	25	mixed	True	Moderate	2	True	O4 + O7 may be combined (max +8)	True	O4 + O7 may be combined (max +8)	21	22	0.4884
INPPL1	1185	A	D	11	11	1.0	1	D:11	0	0	0	mutation-specific	True	Moderate	2	False	Cap combined O4 + O7 at +4	False	Cap combined O4 + O7 at +4	0	11	0.0
FGFR3	380	G	R	11	11	1.0	1	R:11	0	0	0	mutation-specific	True	Moderate	2	False	Cap combined O4 + O7 at +4	False	Cap combined O4 + O7 at +4	7	4	0.6364
FUBP1	430	R	C	11	12	0.9167	2	C:11|H:1	1	1	1	mutation-specific	True	Moderate	2	False	Cap combined O4 + O7 at +4	False	Cap combined O4 + O7 at +4	4	8	0.3333
PIK3CA	365	E	K	11	13	0.8462	2	K:11|V:2	2	1	2	mutation-specific	True	Moderate	2	False	Cap combined O4 + O7 at +4	False	Cap combined O4 + O7 at +4	6	7	0.4615
PTPRT	548	E	K	11	12	0.9167	2	K:11|G:1	1	1	1	mutation-specific	True	Moderate	2	False	Cap combined O4 + O7 at +4	False	Cap combined O4 + O7 at +4	4	8	0.3333
RHOA	47	E	K	11	11	1.0	1	K:11	0	0	0	mutation-specific	True	Moderate	2	False	Cap combined O4 + O7 at +4	False	Cap combined O4 + O7 at +4	8	3	0.7273
STK11	216	S	F	11	12	0.9167	2	F:11|S:1	1	1	1	mutation-specific	True	Moderate	2	False	Cap combined O4 + O7 at +4	False	Cap combined O4 + O7 at +4	8	4	0.6667
MYC	161	S	L	11	11	1.0	1	L:11	0	0	0	mutation-specific	True	Moderate	2	False	Cap combined O4 + O7 at +4	False	Cap combined O4 + O7 at +4	5	6	0.4545
TP63	609	E	K	11	11	1.0	1	K:11	0	0	0	mutation-specific	True	Moderate	2	False	Cap combined O4 + O7 at +4	False	Cap combined O4 + O7 at +4	5	6	0.4545
RIT1	90	M	I	11	11	1.0	1	I:11	0	0	0	mutation-specific	True	Moderate	2	False	Cap combined O4 + O7 at +4	False	Cap combined O4 + O7 at +4	5	6	0.4545
SMAD4	118	A	V	11	11	1.0	1	V:11	0	0	0	mutation-specific	True	Moderate	2	False	Cap combined O4 + O7 at +4	False	Cap combined O4 + O7 at +4	9	2	0.8182
ESR1	537	Y	N	10	47	0.2128	4	S:25|C:11|N:10|D:1	37	3	25	mixed	True	Moderate	2	True	O4 + O7 may be combined (max +8)	True	O4 + O7 may be combined (max +8)	43	4	0.9149
DNMT3A	882	R	C	10	39	0.2564	3	H:28|C:10|P:1	29	2	28	mixed	True	Moderate	2	True	O4 + O7 may be combined (max +8)	True	O4 + O7 may be combined (max +8)	8	31	0.2051
PIK3CA	453	E	Q	10	42	0.2381	3	K:31|Q:10|D:1	32	2	31	mixed	True	Moderate	2	True	O4 + O7 may be combined (max +8)	True	O4 + O7 may be combined (max +8)	20	22	0.4762
CDK4	24	R	L	10	23	0.4348	4	L:10|H:7|C:4|S:2	13	3	7	position-specific	True	Moderate	2	True	O4 + O7 may be combined (max +8)	False	Cap combined O4 + O7 at +4	12	11	0.5217
CREBBP	1446	R	H	10	33	0.303	6	C:14|H:10|L:6|G:1|P:1|S:1	23	5	14	position-specific	True	Moderate	2	True	O4 + O7 may be combined (max +8)	True	O4 + O7 may be combined (max +8)	12	21	0.3636
SMAD4	537	D	G	10	30	0.3333	6	G:10|H:6|V:5|E:4|Y:4|A:1	20	5	6	position-specific	True	Moderate	2	True	O4 + O7 may be combined (max +8)	False	Cap combined O4 + O7 at +4	21	9	0.7
TGFBR2	553	R	H	10	23	0.4348	4	H:10|C:9|L:3|G:1	13	3	9	position-specific	True	Moderate	2	True	O4 + O7 may be combined (max +8)	False	Cap combined O4 + O7 at +4	12	11	0.5217
TP53	246	M	I	10	37	0.2703	6	V:16|I:10|K:3|L:3|T:3|R:2	27	5	16	position-specific	True	Moderate	2	True	O4 + O7 may be combined (max +8)	True	O4 + O7 may be combined (max +8)	23	14	0.6216
SMAD4	356	P	L	10	16	0.625	4	L:10|S:3|R:2|H:1	6	3	3	mixed	True	Moderate	2	False	Cap combined O4 + O7 at +4	False	Cap combined O4 + O7 at +4	8	8	0.5
ERBB3	846	S	I	10	10	1.0	1	I:10	0	0	0	mutation-specific	True	Moderate	2	False	Cap combined O4 + O7 at +4	False	Cap combined O4 + O7 at +4	7	3	0.7
NOTCH2	235	T	S	10	10	1.0	1	S:10	0	0	0	mutation-specific	True	Moderate	2	False	Cap combined O4 + O7 at +4	False	Cap combined O4 + O7 at +4	0	10	0.0
TP53	127	S	Y	10	48	0.2083	6	F:31|Y:10|P:4|C:1|S:1|T:1	38	5	31	mixed	True	Moderate	2	True	O4 + O7 may be combined (max +8)	True	O4 + O7 may be combined (max +8)	24	24	0.5
TP53	136	Q	E	10	31	0.3226	5	*:16|E:10|P:3|H:1|L:1	21	4	16	mixed	True	Moderate	2	True	O4 + O7 may be combined (max +8)	True	O4 + O7 may be combined (max +8)	12	19	0.3871
EGFR	62	L	R	10	10	1.0	1	R:10	0	0	0	mutation-specific	True	Moderate	2	False	Cap combined O4 + O7 at +4	False	Cap combined O4 + O7 at +4	3	7	0.3
PIK3CA	104	P	L	10	11	0.9091	2	L:10|R:1	1	1	1	mutation-specific	True	Moderate	2	False	Cap combined O4 + O7 at +4	False	Cap combined O4 + O7 at +4	5	6	0.4545
TP53	130	L	F	10	30	0.3333	5	V:13|F:10|R:4|P:2|H:1	20	4	13	position-specific	True	Moderate	2	True	O4 + O7 may be combined (max +8)	True	O4 + O7 may be combined (max +8)	16	14	0.5333
FBXW7	582	S	L	10	12	0.8333	3	L:10|P:1|S:1	2	2	1	mutation-specific	True	Moderate	2	False	Cap combined O4 + O7 at +4	False	Cap combined O4 + O7 at +4	6	6	0.5
BCL6	594	R	Q	10	12	0.8333	2	Q:10|G:2	2	1	2	mutation-specific	True	Moderate	2	False	Cap combined O4 + O7 at +4	False	Cap combined O4 + O7 at +4	5	7	0.4167
ARID1A	2087	G	R	10	13	0.7692	2	R:10|E:3	3	1	3	mixed	True	Moderate	2	False	Cap combined O4 + O7 at +4	False	Cap combined O4 + O7 at +4	4	9	0.3077
XPO1	749	R	Q	10	11	0.9091	2	Q:10|*:1	1	1	1	mutation-specific	True	Moderate	2	False	Cap combined O4 + O7 at +4	False	Cap combined O4 + O7 at +4	4	7	0.3636
TGFBR2	471	D	N	10	12	0.8333	3	N:10|V:1|Y:1	2	2	1	mutation-specific	True	Moderate	2	False	Cap combined O4 + O7 at +4	False	Cap combined O4 + O7 at +4	4	8	0.3333
CDKN2A	48	P	L	10	12	0.8333	2	L:10|R:2	2	1	2	mutation-specific	True	Moderate	2	False	Cap combined O4 + O7 at +4	False	Cap combined O4 + O7 at +4	5	7	0.4167
DICER1	1709	D	N	10	10	1.0	1	N:10	0	0	0	mutation-specific	True	Moderate	2	False	Cap combined O4 + O7 at +4	False	Cap combined O4 + O7 at +4	3	7	0.3
TP53	282	R	G	9	219	0.0411	6	W:201|G:9|P:4|Q:3|L:1|R:1	210	5	201	mutation-specific	True	Supporting	1	True	O4 + O7 may be combined (max +8)	True	O4 + O7 may be combined (max +8)	105	114	0.4795
CTNNB1	37	S	A	9	103	0.0874	5	F:55|C:27|A:9|P:7|Y:5	94	4	55	mixed	True	Supporting	1	True	O4 + O7 may be combined (max +8)	True	O4 + O7 may be combined (max +8)	44	59	0.4272
IDH2	172	R	G	9	63	0.1429	7	K:33|G:9|S:8|W:7|M:4|R:1|T:1	54	6	33	mixed	True	Supporting	1	True	O4 + O7 may be combined (max +8)	True	O4 + O7 may be combined (max +8)	31	32	0.4921
TP53	176	C	S	9	115	0.0783	8	F:54|Y:30|S:9|W:7|G:5|R:5|*:4|C:1	106	7	54	position-specific	True	Supporting	1	True	O4 + O7 may be combined (max +8)	True	O4 + O7 may be combined (max +8)	46	69	0.4
TP53	163	Y	N	9	79	0.1139	5	C:54|H:11|N:9|D:3|*:2	70	4	54	mixed	True	Supporting	1	True	O4 + O7 may be combined (max +8)	True	O4 + O7 may be combined (max +8)	34	45	0.4304
TP53	234	Y	H	9	68	0.1324	6	C:42|H:9|*:6|N:6|S:3|D:2	59	5	42	mixed	True	Supporting	1	True	O4 + O7 may be combined (max +8)	True	O4 + O7 may be combined (max +8)	33	35	0.4853
TP53	151	P	R	9	79	0.1139	7	S:36|H:13|A:11|R:9|T:8|F:1|L:1	70	6	36	position-specific	True	Supporting	1	True	O4 + O7 may be combined (max +8)	True	O4 + O7 may be combined (max +8)	37	42	0.4684
TP53	158	R	G	9	106	0.0849	7	L:42|H:36|P:11|G:9|C:5|S:2|F:1	97	6	42	position-specific	True	Supporting	1	True	O4 + O7 may be combined (max +8)	True	O4 + O7 may be combined (max +8)	54	52	0.5094
B2M	1	M	V	9	41	0.2195	6	I:11|L:11|V:9|T:4|K:3|R:3	32	5	11	position-specific	True	Supporting	1	True	O4 + O7 may be combined (max +8)	True	O4 + O7 may be combined (max +8)	15	26	0.3659
TP53	135	C	R	9	74	0.1216	7	Y:27|F:24|R:9|*:4|S:4|W:4|G:2	65	6	27	position-specific	True	Supporting	1	True	O4 + O7 may be combined (max +8)	True	O4 + O7 may be combined (max +8)	37	37	0.5
ATM	337	R	H	9	40	0.225	2	C:31|H:9	31	1	31	mixed	True	Supporting	1	True	O4 + O7 may be combined (max +8)	True	O4 + O7 may be combined (max +8)	20	20	0.5
TP53	242	C	S	9	59	0.1525	8	F:27|Y:12|S:9|W:4|G:3|R:2|*:1|C:1	50	7	27	position-specific	True	Supporting	1	True	O4 + O7 may be combined (max +8)	True	O4 + O7 may be combined (max +8)	24	35	0.4068
TP53	285	E	V	9	99	0.0909	5	K:68|*:15|V:9|E:4|Q:3	90	4	68	mixed	True	Supporting	1	True	O4 + O7 may be combined (max +8)	True	O4 + O7 may be combined (max +8)	52	47	0.5253
NFE2L2	31	G	A	9	21	0.4286	4	A:9|E:7|R:4|V:1	12	3	7	position-specific	True	Supporting	1	True	O4 + O7 may be combined (max +8)	False	Cap combined O4 + O7 at +4	11	10	0.5238
TP53	141	C	W	9	47	0.1915	7	Y:25|W:9|R:5|G:4|*:2|F:1|S:1	38	6	25	mixed	True	Supporting	1	True	O4 + O7 may be combined (max +8)	True	O4 + O7 may be combined (max +8)	19	28	0.4043
TP53	281	D	H	9	69	0.1304	9	E:14|N:14|Y:13|H:9|V:9|D:4|G:4|A:1|P:1	60	8	14	position-specific	True	Supporting	1	True	O4 + O7 may be combined (max +8)	True	O4 + O7 may be combined (max +8)	36	33	0.5217
TP53	281	D	V	9	69	0.1304	9	E:14|N:14|Y:13|H:9|V:9|D:4|G:4|A:1|P:1	60	8	14	position-specific	True	Supporting	1	True	O4 + O7 may be combined (max +8)	True	O4 + O7 may be combined (max +8)	36	33	0.5217
TP53	216	V	L	9	42	0.2143	4	M:24|L:9|G:5|E:4	33	3	24	mixed	True	Supporting	1	True	O4 + O7 may be combined (max +8)	True	O4 + O7 may be combined (max +8)	21	21	0.5
SMAD4	386	G	D	9	22	0.4091	6	D:9|V:6|S:3|R:2|A:1|C:1	13	5	6	position-specific	True	Supporting	1	True	O4 + O7 may be combined (max +8)	False	Cap combined O4 + O7 at +4	8	14	0.3636
PDGFRA	842	D	V	9	12	0.75	4	V:9|D:1|H:1|I:1	3	3	1	mixed	True	Supporting	1	False	Cap combined O4 + O7 at +4	False	Cap combined O4 + O7 at +4	11	1	0.9167
ERBB3	329	K	E	9	12	0.75	3	E:9|T:2|R:1	3	2	2	mixed	True	Supporting	1	False	Cap combined O4 + O7 at +4	False	Cap combined O4 + O7 at +4	8	4	0.6667
CDKN2A	108	D	N	9	29	0.3103	5	Y:14|N:9|H:4|G:1|V:1	20	4	14	position-specific	True	Supporting	1	True	O4 + O7 may be combined (max +8)	True	O4 + O7 may be combined (max +8)	15	14	0.5172
MTOR	2215	S	F	9	22	0.4091	3	Y:12|F:9|T:1	13	2	12	mixed	True	Supporting	1	True	O4 + O7 may be combined (max +8)	True	O4 + O7 may be combined (max +8)	7	15	0.3182
TGFBR2	553	R	C	9	23	0.3913	4	H:10|C:9|L:3|G:1	14	3	10	position-specific	True	Supporting	1	True	O4 + O7 may be combined (max +8)	True	O4 + O7 may be combined (max +8)	12	11	0.5217
H3F3A	35	G	R	9	12	0.75	3	R:9|V:2|W:1	3	2	2	mixed	True	Supporting	1	False	Cap combined O4 + O7 at +4	False	Cap combined O4 + O7 at +4	6	6	0.5
CTNNB1	387	N	K	9	11	0.8182	3	K:9|I:1|Y:1	2	2	1	mutation-specific	True	Supporting	1	False	Cap combined O4 + O7 at +4	False	Cap combined O4 + O7 at +4	5	6	0.4545
EGFR	252	R	C	9	16	0.5625	3	C:9|H:4|P:3	7	2	4	mixed	True	Supporting	1	False	Cap combined O4 + O7 at +4	False	Cap combined O4 + O7 at +4	6	10	0.375
PTEN	136	C	R	9	14	0.6429	4	R:9|F:2|Y:2|*:1	5	3	2	mixed	True	Supporting	1	False	Cap combined O4 + O7 at +4	False	Cap combined O4 + O7 at +4	4	10	0.2857
SMARCA4	1192	R	C	9	17	0.5294	3	C:9|H:7|P:1	8	2	7	mixed	True	Supporting	1	False	Cap combined O4 + O7 at +4	False	Cap combined O4 + O7 at +4	5	12	0.2941
VHL	89	L	H	9	15	0.6	3	H:9|P:5|L:1	6	2	5	mixed	True	Supporting	1	False	Cap combined O4 + O7 at +4	False	Cap combined O4 + O7 at +4	5	10	0.3333
PIK3CA	1007	G	R	9	10	0.9	2	R:9|D:1	1	1	1	mutation-specific	True	Supporting	1	False	Cap combined O4 + O7 at +4	False	Cap combined O4 + O7 at +4	4	6	0.4
GNAQ	96	T	S	9	9	1.0	1	S:9	0	0	0	mutation-specific	True	Supporting	1	False	Cap combined O4 + O7 at +4	False	Cap combined O4 + O7 at +4	0	9	0.0
PIK3CB	1051	E	K	9	11	0.8182	2	K:9|G:2	2	1	2	mutation-specific	True	Supporting	1	False	Cap combined O4 + O7 at +4	False	Cap combined O4 + O7 at +4	4	7	0.3636
CTCF	377	R	C	9	12	0.75	2	C:9|H:3	3	1	3	mixed	True	Supporting	1	False	Cap combined O4 + O7 at +4	False	Cap combined O4 + O7 at +4	7	5	0.5833
CDK6	65	L	L	9	9	1.0	1	L:9	0	0	0	mutation-specific	True	Supporting	1	False	Cap combined O4 + O7 at +4	False	Cap combined O4 + O7 at +4	6	3	0.6667
PAX5	26	V	G	9	9	1.0	1	G:9	0	0	0	mutation-specific	True	Supporting	1	False	Cap combined O4 + O7 at +4	False	Cap combined O4 + O7 at +4	4	5	0.4444
SDHA	445	S	S	9	10	0.9	2	S:9|L:1	1	1	1	mutation-specific	True	Supporting	1	False	Cap combined O4 + O7 at +4	False	Cap combined O4 + O7 at +4	1	9	0.1
PTPN11	69	E	K	9	11	0.8182	2	K:9|D:2	2	1	2	mutation-specific	True	Supporting	1	False	Cap combined O4 + O7 at +4	False	Cap combined O4 + O7 at +4	7	4	0.6364
CASP8	292	R	W	9	13	0.6923	2	W:9|Q:4	4	1	4	mixed	True	Supporting	1	False	Cap combined O4 + O7 at +4	False	Cap combined O4 + O7 at +4	6	7	0.4615
PIK3R2	373	G	R	9	9	1.0	1	R:9	0	0	0	mutation-specific	True	Supporting	1	False	Cap combined O4 + O7 at +4	False	Cap combined O4 + O7 at +4	4	5	0.4444
TP53	164	K	E	9	13	0.6923	2	E:9|*:4	4	1	4	mixed	True	Supporting	1	False	Cap combined O4 + O7 at +4	False	Cap combined O4 + O7 at +4	8	5	0.6154
SMARCA4	1243	R	W	9	12	0.75	4	W:9|G:1|L:1|P:1	3	3	1	mixed	True	Supporting	1	False	Cap combined O4 + O7 at +4	False	Cap combined O4 + O7 at +4	7	5	0.5833
RHOA	40	E	Q	9	14	0.6429	5	Q:9|K:2|*:1|D:1|V:1	5	4	2	mixed	True	Supporting	1	False	Cap combined O4 + O7 at +4	False	Cap combined O4 + O7 at +4	5	9	0.3571
RICTOR	1101	S	L	9	10	0.9	2	L:9|S:1	1	1	1	mutation-specific	True	Supporting	1	False	Cap combined O4 + O7 at +4	False	Cap combined O4 + O7 at +4	3	7	0.3
CTCF	354	S	F	9	10	0.9	2	F:9|Y:1	1	1	1	mutation-specific	True	Supporting	1	False	Cap combined O4 + O7 at +4	False	Cap combined O4 + O7 at +4	1	9	0.1
AKT3	17	E	K	9	10	0.9	2	K:9|*:1	1	1	1	mutation-specific	True	Supporting	1	False	Cap combined O4 + O7 at +4	False	Cap combined O4 + O7 at +4	5	5	0.5
MAP2K4	134	R	W	9	11	0.8182	3	W:9|L:1|Q:1	2	2	1	mutation-specific	True	Supporting	1	False	Cap combined O4 + O7 at +4	False	Cap combined O4 + O7 at +4	3	8	0.2727
TP53	181	R	C	9	26	0.3462	3	C:9|H:9|P:8	17	2	9	position-specific	True	Supporting	1	True	O4 + O7 may be combined (max +8)	False	Cap combined O4 + O7 at +4	12	14	0.4615
TP53	181	R	H	9	26	0.3462	3	C:9|H:9|P:8	17	2	9	position-specific	True	Supporting	1	True	O4 + O7 may be combined (max +8)	False	Cap combined O4 + O7 at +4	12	14	0.4615
PIK3CA	970	E	K	9	9	1.0	1	K:9	0	0	0	mutation-specific	True	Supporting	1	False	Cap combined O4 + O7 at +4	False	Cap combined O4 + O7 at +4	4	5	0.4444
PIK3CB	321	R	Q	9	9	1.0	1	Q:9	0	0	0	mutation-specific	True	Supporting	1	False	Cap combined O4 + O7 at +4	False	Cap combined O4 + O7 at +4	5	4	0.5556
ERBB2	767	I	M	9	9	1.0	1	M:9	0	0	0	mutation-specific	True	Supporting	1	False	Cap combined O4 + O7 at +4	False	Cap combined O4 + O7 at +4	3	6	0.3333
TP53	175	R	C	8	416	0.0192	4	H:386|G:14|C:8|L:8	408	3	386	mutation-specific	True	Supporting	1	True	O4 + O7 may be combined (max +8)	True	O4 + O7 may be combined (max +8)	209	207	0.5024
TP53	175	R	L	8	416	0.0192	4	H:386|G:14|C:8|L:8	408	3	386	mutation-specific	True	Supporting	1	True	O4 + O7 may be combined (max +8)	True	O4 + O7 may be combined (max +8)	209	207	0.5024
TP53	248	R	G	8	560	0.0143	6	Q:292|W:222|L:21|P:11|G:8|R:6	552	5	292	mixed	True	Supporting	1	True	O4 + O7 may be combined (max +8)	True	O4 + O7 may be combined (max +8)	275	285	0.4911
TP53	220	Y	S	8	152	0.0526	6	C:127|S:8|H:6|*:4|D:4|N:3	144	5	127	mutation-specific	True	Supporting	1	True	O4 + O7 may be combined (max +8)	True	O4 + O7 may be combined (max +8)	61	91	0.4013
TP53	179	H	D	8	149	0.0537	7	R:63|Y:41|L:14|Q:12|D:8|N:8|P:3	141	6	63	position-specific	True	Supporting	1	True	O4 + O7 may be combined (max +8)	True	O4 + O7 may be combined (max +8)	56	93	0.3758
TP53	179	H	N	8	149	0.0537	7	R:63|Y:41|L:14|Q:12|D:8|N:8|P:3	141	6	63	position-specific	True	Supporting	1	True	O4 + O7 may be combined (max +8)	True	O4 + O7 may be combined (max +8)	56	93	0.3758
NRAS	12	G	S	8	74	0.1081	6	D:41|C:11|S:8|A:6|V:5|R:3	66	5	41	mixed	True	Supporting	1	True	O4 + O7 may be combined (max +8)	True	O4 + O7 may be combined (max +8)	35	39	0.473
TP53	193	H	P	8	123	0.065	7	R:54|Y:31|L:19|P:8|D:5|N:5|Q:1	115	6	54	position-specific	True	Supporting	1	True	O4 + O7 may be combined (max +8)	True	O4 + O7 may be combined (max +8)	51	72	0.4146
IDH2	172	R	S	8	63	0.127	7	K:33|G:9|S:8|W:7|M:4|R:1|T:1	55	6	33	mixed	True	Supporting	1	True	O4 + O7 may be combined (max +8)	True	O4 + O7 may be combined (max +8)	31	32	0.4921
TP53	342	R	P	8	137	0.0584	2	*:129|P:8	129	1	129	mutation-specific	True	Supporting	1	True	O4 + O7 may be combined (max +8)	True	O4 + O7 may be combined (max +8)	89	48	0.6496
TP53	196	R	P	8	141	0.0567	4	*:131|P:8|L:1|Q:1	133	3	131	mutation-specific	True	Supporting	1	True	O4 + O7 may be combined (max +8)	True	O4 + O7 may be combined (max +8)	62	79	0.4397
BRAF	469	G	R	8	61	0.1311	7	A:34|V:11|R:8|E:4|S:2|*:1|G:1	53	6	34	mixed	True	Supporting	1	True	O4 + O7 may be combined (max +8)	True	O4 + O7 may be combined (max +8)	37	24	0.6066
CTNNB1	34	G	E	8	53	0.1509	6	R:28|V:14|E:8|*:1|A:1|L:1	45	5	28	mixed	True	Supporting	1	True	O4 + O7 may be combined (max +8)	True	O4 + O7 may be combined (max +8)	21	32	0.3962
FBXW7	479	R	G	8	57	0.1404	6	Q:31|*:8|G:8|P:7|L:2|R:1	49	5	31	mixed	True	Supporting	1	True	O4 + O7 may be combined (max +8)	True	O4 + O7 may be combined (max +8)	29	28	0.5088
TP53	205	Y	H	8	61	0.1311	7	C:35|H:8|F:6|S:6|D:3|N:2|*:1	53	6	35	mixed	True	Supporting	1	True	O4 + O7 may be combined (max +8)	True	O4 + O7 may be combined (max +8)	22	39	0.3607
TP53	151	P	T	8	79	0.1013	7	S:36|H:13|A:11|R:9|T:8|F:1|L:1	71	6	36	position-specific	True	Supporting	1	True	O4 + O7 may be combined (max +8)	True	O4 + O7 may be combined (max +8)	37	42	0.4684
SPOP	133	F	C	8	67	0.1194	5	L:32|V:19|C:8|S:5|I:3	59	4	32	position-specific	True	Supporting	1	True	O4 + O7 may be combined (max +8)	True	O4 + O7 may be combined (max +8)	33	34	0.4925
TP53	280	R	S	8	109	0.0734	6	K:36|T:34|G:17|I:12|S:8|*:2	101	5	36	position-specific	True	Supporting	1	True	O4 + O7 may be combined (max +8)	True	O4 + O7 may be combined (max +8)	52	57	0.4771
TP53	215	S	G	8	50	0.16	6	I:20|R:13|G:8|N:7|C:1|T:1	42	5	20	position-specific	True	Supporting	1	True	O4 + O7 may be combined (max +8)	True	O4 + O7 may be combined (max +8)	29	21	0.58
MED12	44	G	S	8	25	0.32	5	S:8|D:6|C:5|A:4|V:2	17	4	6	position-specific	True	Supporting	1	True	O4 + O7 may be combined (max +8)	False	Cap combined O4 + O7 at +4	20	5	0.8
TP53	274	V	G	8	46	0.1739	5	F:14|A:12|G:8|D:7|L:5	38	4	14	position-specific	True	Supporting	1	True	O4 + O7 may be combined (max +8)	True	O4 + O7 may be combined (max +8)	22	24	0.4783
TP53	126	Y	D	8	33	0.2424	6	C:11|D:8|*:7|S:3|H:2|N:2	25	5	11	position-specific	True	Supporting	1	True	O4 + O7 may be combined (max +8)	True	O4 + O7 may be combined (max +8)	14	19	0.4242
PIK3CA	38	R	C	8	22	0.3636	5	H:11|C:8|G:1|L:1|S:1	14	4	11	mixed	True	Supporting	1	True	O4 + O7 may be combined (max +8)	True	O4 + O7 may be combined (max +8)	7	15	0.3182
KIT	654	V	A	8	8	1.0	1	A:8	0	0	0	mutation-specific	True	Supporting	1	False	Cap combined O4 + O7 at +4	False	Cap combined O4 + O7 at +4	8	0	1.0
TP53	270	F	L	8	30	0.2667	5	L:8|V:8|S:6|C:4|I:4	22	4	8	position-specific	True	Supporting	1	True	O4 + O7 may be combined (max +8)	False	Cap combined O4 + O7 at +4	13	17	0.4333
TP53	270	F	V	8	30	0.2667	5	L:8|V:8|S:6|C:4|I:4	22	4	8	position-specific	True	Supporting	1	True	O4 + O7 may be combined (max +8)	False	Cap combined O4 + O7 at +4	13	17	0.4333
GATA3	293	M	K	8	9	0.8889	2	K:8|R:1	1	1	1	mutation-specific	True	Supporting	1	False	Cap combined O4 + O7 at +4	False	Cap combined O4 + O7 at +4	5	4	0.5556
SPOP	87	Y	N	8	14	0.5714	4	N:8|S:3|C:2|D:1	6	3	3	mixed	True	Supporting	1	False	Cap combined O4 + O7 at +4	False	Cap combined O4 + O7 at +4	5	9	0.3571
PIK3CB	1067	D	V	8	13	0.6154	4	V:8|Y:3|A:1|H:1	5	3	3	mixed	True	Supporting	1	False	Cap combined O4 + O7 at +4	False	Cap combined O4 + O7 at +4	6	7	0.4615
FGFR3	370	G	C	8	8	1.0	1	C:8	0	0	0	mutation-specific	True	Supporting	1	False	Cap combined O4 + O7 at +4	False	Cap combined O4 + O7 at +4	2	6	0.25
FGFR1	687	K	E	8	11	0.7273	4	E:8|*:1|K:1|N:1	3	3	1	mixed	True	Supporting	1	False	Cap combined O4 + O7 at +4	False	Cap combined O4 + O7 at +4	4	7	0.3636
SOX17	403	S	I	8	8	1.0	1	I:8	0	0	0	mutation-specific	True	Supporting	1	False	Cap combined O4 + O7 at +4	False	Cap combined O4 + O7 at +4	4	4	0.5
PTEN	132	G	D	8	17	0.4706	4	D:8|A:3|S:3|V:3	9	3	3	position-specific	True	Supporting	1	False	Cap combined O4 + O7 at +4	False	Cap combined O4 + O7 at +4	8	9	0.4706
CCND1	286	T	I	8	9	0.8889	2	I:8|A:1	1	1	1	mutation-specific	True	Supporting	1	False	Cap combined O4 + O7 at +4	False	Cap combined O4 + O7 at +4	6	3	0.6667
HRAS	117	K	N	8	9	0.8889	2	N:8|R:1	1	1	1	mutation-specific	True	Supporting	1	False	Cap combined O4 + O7 at +4	False	Cap combined O4 + O7 at +4	2	7	0.2222
TET1	1752	P	P	8	10	0.8	2	P:8|S:2	2	1	2	mutation-specific	True	Supporting	1	False	Cap combined O4 + O7 at +4	False	Cap combined O4 + O7 at +4	4	6	0.4
CDKN2A	88	E	K	8	27	0.2963	3	*:18|K:8|E:1	19	2	18	mixed	True	Supporting	1	True	O4 + O7 may be combined (max +8)	True	O4 + O7 may be combined (max +8)	13	14	0.4815
TCF7L2	471	R	C	8	14	0.5714	3	C:8|H:4|S:2	6	2	4	mixed	True	Supporting	1	False	Cap combined O4 + O7 at +4	False	Cap combined O4 + O7 at +4	5	9	0.3571
RHOA	5	R	Q	8	17	0.4706	3	Q:8|W:8|L:1	9	2	8	position-specific	True	Supporting	1	False	Cap combined O4 + O7 at +4	False	Cap combined O4 + O7 at +4	3	14	0.1765
RHOA	5	R	W	8	17	0.4706	3	Q:8|W:8|L:1	9	2	8	position-specific	True	Supporting	1	False	Cap combined O4 + O7 at +4	False	Cap combined O4 + O7 at +4	3	14	0.1765
SF3B1	742	G	D	8	8	1.0	1	D:8	0	0	0	mutation-specific	True	Supporting	1	False	Cap combined O4 + O7 at +4	False	Cap combined O4 + O7 at +4	2	6	0.25
FBXW7	423	G	V	8	10	0.8	3	V:8|*:1|A:1	2	2	1	mutation-specific	True	Supporting	1	False	Cap combined O4 + O7 at +4	False	Cap combined O4 + O7 at +4	4	6	0.4
ACVR1	206	R	H	8	8	1.0	1	H:8	0	0	0	mutation-specific	True	Supporting	1	False	Cap combined O4 + O7 at +4	False	Cap combined O4 + O7 at +4	4	4	0.5
PTPN11	503	G	V	8	9	0.8889	2	V:8|G:1	1	1	1	mutation-specific	True	Supporting	1	False	Cap combined O4 + O7 at +4	False	Cap combined O4 + O7 at +4	1	8	0.1111
EZH2	515	K	R	8	8	1.0	1	R:8	0	0	0	mutation-specific	True	Supporting	1	False	Cap combined O4 + O7 at +4	False	Cap combined O4 + O7 at +4	0	8	0.0
PIK3CD	1021	E	K	8	8	1.0	1	K:8	0	0	0	mutation-specific	True	Supporting	1	False	Cap combined O4 + O7 at +4	False	Cap combined O4 + O7 at +4	6	2	0.75
TP53	267	R	P	8	36	0.2222	6	W:15|P:8|L:5|Q:4|G:3|R:1	28	5	15	position-specific	True	Supporting	1	True	O4 + O7 may be combined (max +8)	True	O4 + O7 may be combined (max +8)	18	18	0.5
TP53	155	T	N	8	18	0.4444	4	N:8|P:7|I:2|T:1	10	3	7	position-specific	True	Supporting	1	True	O4 + O7 may be combined (max +8)	False	Cap combined O4 + O7 at +4	7	11	0.3889
CASP8	127	R	Q	8	13	0.6154	2	Q:8|*:5	5	1	5	mixed	True	Supporting	1	False	Cap combined O4 + O7 at +4	False	Cap combined O4 + O7 at +4	4	9	0.3077
TP53	331	Q	H	8	47	0.1702	2	*:39|H:8	39	1	39	mutation-specific	True	Supporting	1	True	O4 + O7 may be combined (max +8)	True	O4 + O7 may be combined (max +8)	15	32	0.3191
MAP3K1	1330	S	L	8	10	0.8	2	L:8|W:2	2	1	2	mutation-specific	True	Supporting	1	False	Cap combined O4 + O7 at +4	False	Cap combined O4 + O7 at +4	4	6	0.4
BCL2	22	K	K	8	10	0.8	3	K:8|*:1|R:1	2	2	1	mutation-specific	True	Supporting	1	False	Cap combined O4 + O7 at +4	False	Cap combined O4 + O7 at +4	4	6	0.4
PIK3CA	1004	M	I	8	9	0.8889	2	I:8|V:1	1	1	1	mutation-specific	True	Supporting	1	False	Cap combined O4 + O7 at +4	False	Cap combined O4 + O7 at +4	5	4	0.5556
TP53	131	N	I	8	13	0.6154	4	I:8|S:3|K:1|N:1	5	3	3	mixed	True	Supporting	1	False	Cap combined O4 + O7 at +4	False	Cap combined O4 + O7 at +4	10	3	0.7692
TP53	265	L	P	8	19	0.4211	4	P:8|L:6|R:4|M:1	11	3	6	position-specific	True	Supporting	1	True	O4 + O7 may be combined (max +8)	False	Cap combined O4 + O7 at +4	7	12	0.3684
ARID2	314	R	C	8	9	0.8889	2	C:8|S:1	1	1	1	mutation-specific	True	Supporting	1	False	Cap combined O4 + O7 at +4	False	Cap combined O4 + O7 at +4	2	7	0.2222
KDR	1032	R	Q	8	12	0.6667	2	Q:8|*:4	4	1	4	mixed	True	Supporting	1	False	Cap combined O4 + O7 at +4	False	Cap combined O4 + O7 at +4	4	8	0.3333
DIS3	689	R	Q	8	9	0.8889	2	Q:8|G:1	1	1	1	mutation-specific	True	Supporting	1	False	Cap combined O4 + O7 at +4	False	Cap combined O4 + O7 at +4	3	6	0.3333
DIS3	382	R	Q	8	9	0.8889	2	Q:8|G:1	1	1	1	mutation-specific	True	Supporting	1	False	Cap combined O4 + O7 at +4	False	Cap combined O4 + O7 at +4	3	6	0.3333
HIST1H3B	106	E	K	8	14	0.5714	3	K:8|Q:5|E:1	6	2	5	mixed	True	Supporting	1	False	Cap combined O4 + O7 at +4	False	Cap combined O4 + O7 at +4	10	4	0.7143
FOXP1	448	S	L	8	10	0.8	2	L:8|S:2	2	1	2	mutation-specific	True	Supporting	1	False	Cap combined O4 + O7 at +4	False	Cap combined O4 + O7 at +4	2	8	0.2
TP53	247	N	I	8	15	0.5333	2	I:8|N:7	7	1	7	mixed	True	Supporting	1	False	Cap combined O4 + O7 at +4	False	Cap combined O4 + O7 at +4	4	11	0.2667
TP53	181	R	P	8	26	0.3077	3	C:9|H:9|P:8	18	2	9	position-specific	True	Supporting	1	True	O4 + O7 may be combined (max +8)	False	Cap combined O4 + O7 at +4	12	14	0.4615
ERBB3	475	R	W	8	8	1.0	1	W:8	0	0	0	mutation-specific	True	Supporting	1	False	Cap combined O4 + O7 at +4	False	Cap combined O4 + O7 at +4	3	5	0.375
RPTOR	139	R	H	8	8	1.0	1	H:8	0	0	0	mutation-specific	True	Supporting	1	False	Cap combined O4 + O7 at +4	False	Cap combined O4 + O7 at +4	6	2	0.75
PGR	836	R	Q	8	9	0.8889	2	Q:8|*:1	1	1	1	mutation-specific	True	Supporting	1	False	Cap combined O4 + O7 at +4	False	Cap combined O4 + O7 at +4	3	6	0.3333
PIK3CA	1047	H	Q	7	647	0.0108	4	R:537|L:85|Y:18|Q:7	640	3	537	mutation-specific	True	Supporting	1	True	O4 + O7 may be combined (max +8)	True	O4 + O7 may be combined (max +8)	341	306	0.527
PIK3CA	345	N	I	7	98	0.0714	7	K:79|I:7|T:4|H:3|Y:3|D:1|N:1	91	6	79	mutation-specific	True	Supporting	1	True	O4 + O7 may be combined (max +8)	True	O4 + O7 may be combined (max +8)	51	47	0.5204
TP53	245	G	R	7	242	0.0289	7	S:128|D:50|V:31|C:22|R:7|A:3|N:1	235	6	128	mixed	True	Supporting	1	True	O4 + O7 may be combined (max +8)	True	O4 + O7 may be combined (max +8)	122	120	0.5041
CTNNB1	37	S	P	7	103	0.068	5	F:55|C:27|A:9|P:7|Y:5	96	4	55	mixed	True	Supporting	1	True	O4 + O7 may be combined (max +8)	True	O4 + O7 may be combined (max +8)	44	59	0.4272
CTNNB1	33	S	A	7	96	0.0729	6	C:32|F:29|P:16|Y:11|A:7|T:1	89	5	32	position-specific	True	Supporting	1	True	O4 + O7 may be combined (max +8)	True	O4 + O7 may be combined (max +8)	37	59	0.3854
IDH2	172	R	W	7	63	0.1111	7	K:33|G:9|S:8|W:7|M:4|R:1|T:1	56	6	33	mixed	True	Supporting	1	True	O4 + O7 may be combined (max +8)	True	O4 + O7 may be combined (max +8)	31	32	0.4921
TP53	176	C	W	7	115	0.0609	8	F:54|Y:30|S:9|W:7|G:5|R:5|*:4|C:1	108	7	54	position-specific	True	Supporting	1	True	O4 + O7 may be combined (max +8)	True	O4 + O7 may be combined (max +8)	46	69	0.4
RAC1	29	P	L	7	53	0.1321	4	S:43|L:7|T:2|F:1	46	3	43	mutation-specific	True	Supporting	1	True	O4 + O7 may be combined (max +8)	True	O4 + O7 may be combined (max +8)	20	33	0.3774
FBXW7	479	R	P	7	57	0.1228	6	Q:31|*:8|G:8|P:7|L:2|R:1	50	5	31	mixed	True	Supporting	1	True	O4 + O7 may be combined (max +8)	True	O4 + O7 may be combined (max +8)	29	28	0.5088
TP53	275	C	R	7	70	0.1	7	F:25|Y:24|R:7|S:6|*:3|W:3|G:2	63	6	25	position-specific	True	Supporting	1	True	O4 + O7 may be combined (max +8)	True	O4 + O7 may be combined (max +8)	27	43	0.3857
EGFR	719	G	C	7	33	0.2121	4	A:18|C:7|S:5|D:3	26	3	18	mixed	True	Supporting	1	True	O4 + O7 may be combined (max +8)	True	O4 + O7 may be combined (max +8)	23	10	0.697
MAP2K1	57	K	T	7	29	0.2414	3	N:16|T:7|E:6	22	2	16	mixed	True	Supporting	1	True	O4 + O7 may be combined (max +8)	True	O4 + O7 may be combined (max +8)	18	11	0.6207
CIC	215	R	Q	7	25	0.28	3	W:17|Q:7|R:1	18	2	17	mixed	True	Supporting	1	True	O4 + O7 may be combined (max +8)	True	O4 + O7 may be combined (max +8)	11	14	0.44
TP53	215	S	N	7	50	0.14	6	I:20|R:13|G:8|N:7|C:1|T:1	43	5	20	position-specific	True	Supporting	1	True	O4 + O7 may be combined (max +8)	True	O4 + O7 may be combined (max +8)	29	21	0.58
CDK4	24	R	H	7	23	0.3043	4	L:10|H:7|C:4|S:2	16	3	10	position-specific	True	Supporting	1	True	O4 + O7 may be combined (max +8)	True	O4 + O7 may be combined (max +8)	12	11	0.5217
TP53	274	V	D	7	46	0.1522	5	F:14|A:12|G:8|D:7|L:5	39	4	14	position-specific	True	Supporting	1	True	O4 + O7 may be combined (max +8)	True	O4 + O7 may be combined (max +8)	22	24	0.4783
NFE2L2	29	D	Y	7	30	0.2333	4	H:19|Y:7|G:2|N:2	23	3	19	mixed	True	Supporting	1	True	O4 + O7 may be combined (max +8)	True	O4 + O7 may be combined (max +8)	7	23	0.2333
TP53	286	E	Q	7	73	0.0959	6	K:41|*:14|Q:7|G:6|V:3|A:2	66	5	41	mixed	True	Supporting	1	True	O4 + O7 may be combined (max +8)	True	O4 + O7 may be combined (max +8)	35	38	0.4795
NFE2L2	31	G	E	7	21	0.3333	4	A:9|E:7|R:4|V:1	14	3	9	position-specific	True	Supporting	1	True	O4 + O7 may be combined (max +8)	False	Cap combined O4 + O7 at +4	11	10	0.5238
TP53	255	I	N	7	32	0.2188	5	F:12|N:7|S:6|T:6|I:1	25	4	12	position-specific	True	Supporting	1	True	O4 + O7 may be combined (max +8)	True	O4 + O7 may be combined (max +8)	18	14	0.5625
SPOP	102	F	V	7	24	0.2917	5	C:12|V:7|L:2|S:2|I:1	17	4	12	mixed	True	Supporting	1	True	O4 + O7 may be combined (max +8)	True	O4 + O7 may be combined (max +8)	11	13	0.4583
MTOR	1977	T	K	7	14	0.5	4	K:7|I:3|R:3|S:1	7	3	3	mixed	True	Supporting	1	False	Cap combined O4 + O7 at +4	False	Cap combined O4 + O7 at +4	9	5	0.6429
RRAS2	72	Q	L	7	9	0.7778	2	L:7|H:2	2	1	2	mixed	True	Supporting	1	False	Cap combined O4 + O7 at +4	False	Cap combined O4 + O7 at +4	0	9	0.0
FGFR3	650	K	E	7	10	0.7	4	E:7|M:1|N:1|T:1	3	3	1	mixed	True	Supporting	1	False	Cap combined O4 + O7 at +4	False	Cap combined O4 + O7 at +4	3	7	0.3
SMARCA4	1192	R	H	7	17	0.4118	3	C:9|H:7|P:1	10	2	9	mixed	True	Supporting	1	True	O4 + O7 may be combined (max +8)	False	Cap combined O4 + O7 at +4	5	12	0.2941
STK11	194	D	Y	7	14	0.5	5	Y:7|N:3|V:2|G:1|H:1	7	4	3	mixed	True	Supporting	1	False	Cap combined O4 + O7 at +4	False	Cap combined O4 + O7 at +4	9	5	0.6429
TP53	143	V	A	7	26	0.2692	4	M:12|A:7|G:5|E:2	19	3	12	position-specific	True	Supporting	1	True	O4 + O7 may be combined (max +8)	True	O4 + O7 may be combined (max +8)	12	14	0.4615
FOXA1	176	I	V	7	11	0.6364	2	V:7|M:4	4	1	4	mixed	True	Supporting	1	False	Cap combined O4 + O7 at +4	False	Cap combined O4 + O7 at +4	4	7	0.3636
PTPN11	76	E	K	7	13	0.5385	4	K:7|G:3|A:2|Q:1	6	3	3	mixed	True	Supporting	1	False	Cap combined O4 + O7 at +4	False	Cap combined O4 + O7 at +4	6	7	0.4615
NFE2L2	30	L	F	7	12	0.5833	4	F:7|H:2|P:2|R:1	5	3	2	mixed	True	Supporting	1	False	Cap combined O4 + O7 at +4	False	Cap combined O4 + O7 at +4	3	9	0.25
CTNNB1	36	H	P	7	8	0.875	2	P:7|Y:1	1	1	1	mutation-specific	True	Supporting	1	False	Cap combined O4 + O7 at +4	False	Cap combined O4 + O7 at +4	2	6	0.25
NFE2L2	24	W	R	7	11	0.6364	3	R:7|C:3|S:1	4	2	3	mixed	True	Supporting	1	False	Cap combined O4 + O7 at +4	False	Cap combined O4 + O7 at +4	4	7	0.3636
ATM	3008	R	H	7	15	0.4667	3	H:7|C:6|L:2	8	2	6	position-specific	True	Supporting	1	False	Cap combined O4 + O7 at +4	False	Cap combined O4 + O7 at +4	9	6	0.6
PTEN	92	D	E	7	18	0.3889	6	E:7|G:3|H:2|N:2|V:2|Y:2	11	5	3	position-specific	True	Supporting	1	True	O4 + O7 may be combined (max +8)	False	Cap combined O4 + O7 at +4	9	9	0.5
FGFR4	550	V	L	7	11	0.6364	2	L:7|M:4	4	1	4	mixed	True	Supporting	1	False	Cap combined O4 + O7 at +4	False	Cap combined O4 + O7 at +4	7	4	0.6364
DIS3	488	D	N	7	11	0.6364	5	N:7|A:1|G:1|H:1|Y:1	4	4	1	mixed	True	Supporting	1	False	Cap combined O4 + O7 at +4	False	Cap combined O4 + O7 at +4	2	9	0.1818
MYD88	243	S	N	7	7	1.0	1	N:7	0	0	0	mutation-specific	True	Supporting	1	False	Cap combined O4 + O7 at +4	False	Cap combined O4 + O7 at +4	2	5	0.2857
SDHA	639	L	V	7	7	1.0	1	V:7	0	0	0	mutation-specific	True	Supporting	1	False	Cap combined O4 + O7 at +4	False	Cap combined O4 + O7 at +4	1	6	0.1429
PIK3CA	1025	T	A	7	8	0.875	2	A:7|S:1	1	1	1	mutation-specific	True	Supporting	1	False	Cap combined O4 + O7 at +4	False	Cap combined O4 + O7 at +4	3	5	0.375
SOS1	233	N	Y	7	7	1.0	1	Y:7	0	0	0	mutation-specific	True	Supporting	1	False	Cap combined O4 + O7 at +4	False	Cap combined O4 + O7 at +4	0	7	0.0
RAF1	259	S	F	7	12	0.5833	4	F:7|P:3|C:1|S:1	5	3	3	mixed	True	Supporting	1	False	Cap combined O4 + O7 at +4	False	Cap combined O4 + O7 at +4	8	4	0.6667
ERBB4	798	L	R	7	11	0.6364	4	R:7|P:2|H:1|L:1	4	3	2	mixed	True	Supporting	1	False	Cap combined O4 + O7 at +4	False	Cap combined O4 + O7 at +4	2	9	0.1818
SMARCA4	1189	R	Q	7	12	0.5833	4	Q:7|G:3|*:1|L:1	5	3	3	mixed	True	Supporting	1	False	Cap combined O4 + O7 at +4	False	Cap combined O4 + O7 at +4	9	3	0.75
SPOP	117	M	V	7	7	1.0	1	V:7	0	0	0	mutation-specific	True	Supporting	1	False	Cap combined O4 + O7 at +4	False	Cap combined O4 + O7 at +4	2	5	0.2857
TP53	161	A	D	7	26	0.2692	5	T:12|D:7|S:4|V:2|P:1	19	4	12	position-specific	True	Supporting	1	True	O4 + O7 may be combined (max +8)	True	O4 + O7 may be combined (max +8)	9	17	0.3462
CTNNB1	35	I	S	7	8	0.875	2	S:7|I:1	1	1	1	mutation-specific	True	Supporting	1	False	Cap combined O4 + O7 at +4	False	Cap combined O4 + O7 at +4	6	2	0.75
PIK3CA	115	R	L	7	11	0.6364	3	L:7|P:3|Q:1	4	2	3	mixed	True	Supporting	1	False	Cap combined O4 + O7 at +4	False	Cap combined O4 + O7 at +4	5	6	0.4545
TP53	271	E	Q	7	53	0.1321	4	K:27|*:14|Q:7|V:5	46	3	27	mixed	True	Supporting	1	True	O4 + O7 may be combined (max +8)	True	O4 + O7 may be combined (max +8)	29	24	0.5472
ASXL2	330	E	K	7	10	0.7	3	K:7|Q:2|D:1	3	2	2	mixed	True	Supporting	1	False	Cap combined O4 + O7 at +4	False	Cap combined O4 + O7 at +4	3	7	0.3
SF3B1	740	G	E	7	9	0.7778	2	E:7|V:2	2	1	2	mixed	True	Supporting	1	False	Cap combined O4 + O7 at +4	False	Cap combined O4 + O7 at +4	2	7	0.2222
TP53	155	T	P	7	18	0.3889	4	N:8|P:7|I:2|T:1	11	3	8	position-specific	True	Supporting	1	True	O4 + O7 may be combined (max +8)	False	Cap combined O4 + O7 at +4	7	11	0.3889
BCL2	131	A	D	7	10	0.7	3	D:7|T:2|V:1	3	2	2	mixed	True	Supporting	1	False	Cap combined O4 + O7 at +4	False	Cap combined O4 + O7 at +4	9	1	0.9
TP53	257	L	Q	7	17	0.4118	5	Q:7|P:4|R:4|L:1|V:1	10	4	4	position-specific	True	Supporting	1	True	O4 + O7 may be combined (max +8)	False	Cap combined O4 + O7 at +4	11	6	0.6471
KEAP1	470	R	C	7	10	0.7	3	C:7|H:2|S:1	3	2	2	mixed	True	Supporting	1	False	Cap combined O4 + O7 at +4	False	Cap combined O4 + O7 at +4	2	8	0.2
GNAS	160	R	C	7	9	0.7778	3	C:7|H:1|P:1	2	2	1	mixed	True	Supporting	1	False	Cap combined O4 + O7 at +4	False	Cap combined O4 + O7 at +4	4	5	0.4444
PPP6C	270	S	L	7	7	1.0	1	L:7	0	0	0	mutation-specific	True	Supporting	1	False	Cap combined O4 + O7 at +4	False	Cap combined O4 + O7 at +4	2	5	0.2857
KEAP1	480	G	W	7	9	0.7778	3	W:7|G:1|V:1	2	2	1	mixed	True	Supporting	1	False	Cap combined O4 + O7 at +4	False	Cap combined O4 + O7 at +4	5	4	0.5556
TP53	111	L	P	7	18	0.3889	4	P:7|R:6|Q:4|M:1	11	3	6	position-specific	True	Supporting	1	True	O4 + O7 may be combined (max +8)	False	Cap combined O4 + O7 at +4	5	13	0.2778
MAP2K4	184	S	L	7	9	0.7778	3	L:7|S:1|W:1	2	2	1	mixed	True	Supporting	1	False	Cap combined O4 + O7 at +4	False	Cap combined O4 + O7 at +4	5	4	0.5556
PTEN	38	P	S	7	11	0.6364	3	S:7|L:3|F:1	4	2	3	mixed	True	Supporting	1	False	Cap combined O4 + O7 at +4	False	Cap combined O4 + O7 at +4	4	7	0.3636
TP53	259	D	V	7	31	0.2258	5	Y:19|V:7|H:2|N:2|D:1	24	4	19	mixed	True	Supporting	1	True	O4 + O7 may be combined (max +8)	True	O4 + O7 may be combined (max +8)	16	15	0.5161
TP63	365	S	L	7	12	0.5833	3	L:7|S:3|*:2	5	2	3	mixed	True	Supporting	1	False	Cap combined O4 + O7 at +4	False	Cap combined O4 + O7 at +4	4	8	0.3333
HLA-A	180	L	L	7	7	1.0	1	L:7	0	0	0	mutation-specific	True	Supporting	1	False	Cap combined O4 + O7 at +4	False	Cap combined O4 + O7 at +4	0	7	0.0
NSD1	392	F	F	7	7	1.0	1	F:7	0	0	0	mutation-specific	True	Supporting	1	False	Cap combined O4 + O7 at +4	False	Cap combined O4 + O7 at +4	3	4	0.4286
TP53	208	D	V	7	12	0.5833	4	V:7|G:2|N:2|E:1	5	3	2	mixed	True	Supporting	1	False	Cap combined O4 + O7 at +4	False	Cap combined O4 + O7 at +4	8	4	0.6667
TP53	247	N	N	7	15	0.4667	2	I:8|N:7	8	1	8	mixed	True	Supporting	1	False	Cap combined O4 + O7 at +4	False	Cap combined O4 + O7 at +4	4	11	0.2667
TP53	254	I	S	7	13	0.5385	6	S:7|V:2|F:1|L:1|M:1|N:1	6	5	2	mixed	True	Supporting	1	False	Cap combined O4 + O7 at +4	False	Cap combined O4 + O7 at +4	7	6	0.5385
FBXW7	546	S	L	7	9	0.7778	3	L:7|*:1|P:1	2	2	1	mixed	True	Supporting	1	False	Cap combined O4 + O7 at +4	False	Cap combined O4 + O7 at +4	4	5	0.4444
DNMT1	432	E	K	7	7	1.0	1	K:7	0	0	0	mutation-specific	True	Supporting	1	False	Cap combined O4 + O7 at +4	False	Cap combined O4 + O7 at +4	1	6	0.1429
POLE	18	E	K	7	7	1.0	1	K:7	0	0	0	mutation-specific	True	Supporting	1	False	Cap combined O4 + O7 at +4	False	Cap combined O4 + O7 at +4	7	0	1.0
SMAD3	268	R	C	7	11	0.6364	2	C:7|H:4	4	1	4	mixed	True	Supporting	1	False	Cap combined O4 + O7 at +4	False	Cap combined O4 + O7 at +4	5	6	0.4545
SMARCA4	821	E	K	7	8	0.875	2	K:7|D:1	1	1	1	mutation-specific	True	Supporting	1	False	Cap combined O4 + O7 at +4	False	Cap combined O4 + O7 at +4	4	4	0.5
NF1	1870	R	Q	7	8	0.875	2	Q:7|W:1	1	1	1	mutation-specific	True	Supporting	1	False	Cap combined O4 + O7 at +4	False	Cap combined O4 + O7 at +4	2	6	0.25
KMT2C	4549	R	C	7	9	0.7778	3	C:7|H:1|S:1	2	2	1	mixed	True	Supporting	1	False	Cap combined O4 + O7 at +4	False	Cap combined O4 + O7 at +4	6	3	0.6667
MET	222	T	T	7	7	1.0	1	T:7	0	0	0	mutation-specific	True	Supporting	1	False	Cap combined O4 + O7 at +4	False	Cap combined O4 + O7 at +4	3	4	0.4286
IKZF1	304	E	K	7	8	0.875	2	K:7|Q:1	1	1	1	mutation-specific	True	Supporting	1	False	Cap combined O4 + O7 at +4	False	Cap combined O4 + O7 at +4	5	3	0.625
KRAS	13	G	G	6	264	0.0227	7	D:214|C:32|G:6|V:6|E:3|R:2|A:1	258	6	214	mutation-specific	True	Supporting	1	True	O4 + O7 may be combined (max +8)	True	O4 + O7 may be combined (max +8)	161	103	0.6098
KRAS	13	G	V	6	264	0.0227	7	D:214|C:32|G:6|V:6|E:3|R:2|A:1	258	6	214	mutation-specific	True	Supporting	1	True	O4 + O7 may be combined (max +8)	True	O4 + O7 may be combined (max +8)	161	103	0.6098
TP53	248	R	R	6	560	0.0107	6	Q:292|W:222|L:21|P:11|G:8|R:6	554	5	292	mixed	True	Supporting	1	True	O4 + O7 may be combined (max +8)	True	O4 + O7 may be combined (max +8)	275	285	0.4911
KRAS	12	G	F	6	2175	0.0028	10	D:757|V:657|C:384|R:166|A:134|S:68|F:6|G:1|I:1|L:1	2169	9	757	position-specific	True	Supporting	1	True	O4 + O7 may be combined (max +8)	True	O4 + O7 may be combined (max +8)	1260	915	0.5793
PIK3CA	542	E	A	6	372	0.0161	5	K:356|A:6|Q:5|V:3|G:2	366	4	356	mutation-specific	True	Supporting	1	True	O4 + O7 may be combined (max +8)	True	O4 + O7 may be combined (max +8)	207	165	0.5565
PTEN	130	R	P	6	168	0.0357	7	Q:72|G:44|*:38|P:6|L:5|R:2|S:1	162	6	72	position-specific	True	Supporting	1	True	O4 + O7 may be combined (max +8)	True	O4 + O7 may be combined (max +8)	68	100	0.4048
TP53	220	Y	H	6	152	0.0395	6	C:127|S:8|H:6|*:4|D:4|N:3	146	5	127	mutation-specific	True	Supporting	1	True	O4 + O7 may be combined (max +8)	True	O4 + O7 may be combined (max +8)	61	91	0.4013
CTNNB1	32	D	H	6	81	0.0741	6	Y:22|N:18|G:16|V:16|H:6|A:3	75	5	22	position-specific	True	Supporting	1	True	O4 + O7 may be combined (max +8)	True	O4 + O7 may be combined (max +8)	27	54	0.3333
NRAS	12	G	A	6	74	0.0811	6	D:41|C:11|S:8|A:6|V:5|R:3	68	5	41	mixed	True	Supporting	1	True	O4 + O7 may be combined (max +8)	True	O4 + O7 may be combined (max +8)	35	39	0.473
EGFR	289	A	D	6	59	0.1017	5	V:37|T:14|D:6|I:1|N:1	53	4	37	mixed	True	Supporting	1	True	O4 + O7 may be combined (max +8)	True	O4 + O7 may be combined (max +8)	27	32	0.4576
HRAS	13	G	D	6	50	0.12	7	R:22|V:15|D:6|C:3|S:2|I:1|N:1	44	6	22	position-specific	True	Supporting	1	True	O4 + O7 may be combined (max +8)	True	O4 + O7 may be combined (max +8)	15	35	0.3
CDKN2A	83	H	D	6	62	0.0968	5	Y:48|D:6|R:4|N:2|Q:2	56	4	48	mixed	True	Supporting	1	True	O4 + O7 may be combined (max +8)	True	O4 + O7 may be combined (max +8)	38	24	0.6129
EZH2	646	Y	H	6	38	0.1579	6	F:13|N:13|H:6|S:4|C:1|Y:1	32	5	13	position-specific	True	Supporting	1	True	O4 + O7 may be combined (max +8)	True	O4 + O7 may be combined (max +8)	14	24	0.3684
TP53	234	Y	N	6	68	0.0882	6	C:42|H:9|*:6|N:6|S:3|D:2	62	5	42	mixed	True	Supporting	1	True	O4 + O7 may be combined (max +8)	True	O4 + O7 may be combined (max +8)	33	35	0.4853
TP53	205	Y	F	6	61	0.0984	7	C:35|H:8|F:6|S:6|D:3|N:2|*:1	55	6	35	mixed	True	Supporting	1	True	O4 + O7 may be combined (max +8)	True	O4 + O7 may be combined (max +8)	22	39	0.3607
TP53	205	Y	S	6	61	0.0984	7	C:35|H:8|F:6|S:6|D:3|N:2|*:1	55	6	35	mixed	True	Supporting	1	True	O4 + O7 may be combined (max +8)	True	O4 + O7 may be combined (max +8)	22	39	0.3607
TP53	275	C	S	6	70	0.0857	7	F:25|Y:24|R:7|S:6|*:3|W:3|G:2	64	6	25	position-specific	True	Supporting	1	True	O4 + O7 may be combined (max +8)	True	O4 + O7 may be combined (max +8)	27	43	0.3857
TP53	278	P	H	6	100	0.06	7	S:37|L:17|A:13|R:12|T:12|H:6|F:3	94	6	37	position-specific	True	Supporting	1	True	O4 + O7 may be combined (max +8)	True	O4 + O7 may be combined (max +8)	51	49	0.51
TP53	241	S	P	6	97	0.0619	7	F:51|C:19|Y:15|P:6|S:3|A:2|T:1	91	6	51	mixed	True	Supporting	1	True	O4 + O7 may be combined (max +8)	True	O4 + O7 may be combined (max +8)	45	52	0.4639
MAP2K1	57	K	E	6	29	0.2069	3	N:16|T:7|E:6	23	2	16	mixed	True	Supporting	1	True	O4 + O7 may be combined (max +8)	True	O4 + O7 may be combined (max +8)	18	11	0.6207
KIT	822	N	Y	6	21	0.2857	3	K:14|Y:6|I:1	15	2	14	mixed	True	Supporting	1	True	O4 + O7 may be combined (max +8)	True	O4 + O7 may be combined (max +8)	13	8	0.619
CREBBP	1446	R	L	6	33	0.1818	6	C:14|H:10|L:6|G:1|P:1|S:1	27	5	14	position-specific	True	Supporting	1	True	O4 + O7 may be combined (max +8)	True	O4 + O7 may be combined (max +8)	12	21	0.3636
MED12	44	G	D	6	25	0.24	5	S:8|D:6|C:5|A:4|V:2	19	4	8	position-specific	True	Supporting	1	True	O4 + O7 may be combined (max +8)	False	Cap combined O4 + O7 at +4	20	5	0.8
TP53	244	G	V	6	65	0.0923	8	D:21|C:19|S:15|V:6|A:1|F:1|G:1|R:1	59	7	21	position-specific	True	Supporting	1	True	O4 + O7 may be combined (max +8)	True	O4 + O7 may be combined (max +8)	32	33	0.4923
MAP2K1	124	P	L	6	25	0.24	6	S:15|L:6|M:1|P:1|Q:1|R:1	19	5	15	mixed	True	Supporting	1	True	O4 + O7 may be combined (max +8)	True	O4 + O7 may be combined (max +8)	5	20	0.2
SMAD4	537	D	H	6	30	0.2	6	G:10|H:6|V:5|E:4|Y:4|A:1	24	5	10	position-specific	True	Supporting	1	True	O4 + O7 may be combined (max +8)	True	O4 + O7 may be combined (max +8)	21	9	0.7
PIK3CA	106	G	R	6	22	0.2727	4	V:14|R:6|C:1|S:1	16	3	14	mixed	True	Supporting	1	True	O4 + O7 may be combined (max +8)	True	O4 + O7 may be combined (max +8)	12	10	0.5455
TP53	286	E	G	6	73	0.0822	6	K:41|*:14|Q:7|G:6|V:3|A:2	67	5	41	mixed	True	Supporting	1	True	O4 + O7 may be combined (max +8)	True	O4 + O7 may be combined (max +8)	35	38	0.4795
NFE2L2	81	G	S	6	19	0.3158	6	S:6|V:4|D:3|R:3|C:2|A:1	13	5	4	position-specific	True	Supporting	1	True	O4 + O7 may be combined (max +8)	False	Cap combined O4 + O7 at +4	6	13	0.3158
TCEB1	79	Y	C	6	10	0.6	5	C:6|*:1|F:1|N:1|S:1	4	4	1	mixed	True	Supporting	1	False	Cap combined O4 + O7 at +4	False	Cap combined O4 + O7 at +4	2	8	0.2
SMAD4	386	G	V	6	22	0.2727	6	D:9|V:6|S:3|R:2|A:1|C:1	16	5	9	position-specific	True	Supporting	1	True	O4 + O7 may be combined (max +8)	False	Cap combined O4 + O7 at +4	8	14	0.3636
PTPN11	72	A	T	6	18	0.3333	5	T:6|V:6|D:3|G:2|S:1	12	4	6	position-specific	True	Supporting	1	True	O4 + O7 may be combined (max +8)	False	Cap combined O4 + O7 at +4	10	8	0.5556
PTPN11	72	A	V	6	18	0.3333	5	T:6|V:6|D:3|G:2|S:1	12	4	6	position-specific	True	Supporting	1	True	O4 + O7 may be combined (max +8)	False	Cap combined O4 + O7 at +4	10	8	0.5556
ESR1	536	L	H	6	14	0.4286	5	H:6|P:3|L:2|R:2|Q:1	8	4	3	position-specific	True	Supporting	1	False	Cap combined O4 + O7 at +4	False	Cap combined O4 + O7 at +4	14	0	1.0
TP53	255	I	S	6	32	0.1875	5	F:12|N:7|S:6|T:6|I:1	26	4	12	position-specific	True	Supporting	1	True	O4 + O7 may be combined (max +8)	True	O4 + O7 may be combined (max +8)	18	14	0.5625
TP53	255	I	T	6	32	0.1875	5	F:12|N:7|S:6|T:6|I:1	26	4	12	position-specific	True	Supporting	1	True	O4 + O7 may be combined (max +8)	True	O4 + O7 may be combined (max +8)	18	14	0.5625
MET	1010	D	H	6	14	0.4286	3	H:6|N:6|Y:2	8	2	6	position-specific	True	Supporting	1	False	Cap combined O4 + O7 at +4	False	Cap combined O4 + O7 at +4	14	0	1.0
MET	1010	D	N	6	14	0.4286	3	H:6|N:6|Y:2	8	2	6	position-specific	True	Supporting	1	False	Cap combined O4 + O7 at +4	False	Cap combined O4 + O7 at +4	14	0	1.0
SMAD4	351	D	Y	6	20	0.3	6	Y:6|N:5|G:3|H:3|V:2|A:1	14	5	5	position-specific	True	Supporting	1	True	O4 + O7 may be combined (max +8)	False	Cap combined O4 + O7 at +4	12	8	0.6
KIT	559	V	A	6	14	0.4286	3	A:6|D:5|G:3	8	2	5	position-specific	True	Supporting	1	False	Cap combined O4 + O7 at +4	False	Cap combined O4 + O7 at +4	10	4	0.7143
CDKN2A	84	D	Y	6	26	0.2308	6	N:12|Y:6|G:3|V:3|A:1|D:1	20	5	12	position-specific	True	Supporting	1	True	O4 + O7 may be combined (max +8)	True	O4 + O7 may be combined (max +8)	14	12	0.5385
TP53	270	F	S	6	30	0.2	5	L:8|V:8|S:6|C:4|I:4	24	4	8	position-specific	True	Supporting	1	True	O4 + O7 may be combined (max +8)	False	Cap combined O4 + O7 at +4	13	17	0.4333
ERBB4	707	Q	E	6	11	0.5455	2	E:6|Q:5	5	1	5	mixed	True	Supporting	1	False	Cap combined O4 + O7 at +4	False	Cap combined O4 + O7 at +4	0	11	0.0
VHL	65	S	L	6	17	0.3529	5	*:7|L:6|P:2|T:1|W:1	11	4	7	position-specific	True	Supporting	1	True	O4 + O7 may be combined (max +8)	False	Cap combined O4 + O7 at +4	5	12	0.2941
KIT	557	W	R	6	12	0.5	4	R:6|G:3|S:2|C:1	6	3	3	mixed	True	Supporting	1	False	Cap combined O4 + O7 at +4	False	Cap combined O4 + O7 at +4	8	4	0.6667
ERBB2	769	D	H	6	18	0.3333	2	Y:12|H:6	12	1	12	mixed	True	Supporting	1	True	O4 + O7 may be combined (max +8)	True	O4 + O7 may be combined (max +8)	8	10	0.4444
TP53	110	R	C	6	43	0.1395	4	L:25|P:11|C:6|H:1	37	3	25	mixed	True	Supporting	1	True	O4 + O7 may be combined (max +8)	True	O4 + O7 may be combined (max +8)	21	22	0.4884
AR	742	W	C	6	7	0.8571	2	C:6|L:1	1	1	1	mutation-specific	True	Supporting	1	False	Cap combined O4 + O7 at +4	False	Cap combined O4 + O7 at +4	5	2	0.7143
DICER1	1813	E	G	6	11	0.5455	4	G:6|Q:3|A:1|K:1	5	3	3	mixed	True	Supporting	1	False	Cap combined O4 + O7 at +4	False	Cap combined O4 + O7 at +4	5	6	0.4545
ERBB3	228	H	Q	6	8	0.75	2	Q:6|R:2	2	1	2	mixed	True	Supporting	1	False	Cap combined O4 + O7 at +4	False	Cap combined O4 + O7 at +4	0	8	0.0
ERG	354	R	R	6	6	1.0	1	R:6	0	0	0	mutation-specific	True	Supporting	1	False	Cap combined O4 + O7 at +4	False	Cap combined O4 + O7 at +4	0	6	0.0
PARP1	500	G	G	6	6	1.0	1	G:6	0	0	0	mutation-specific	True	Supporting	1	False	Cap combined O4 + O7 at +4	False	Cap combined O4 + O7 at +4	0	6	0.0
ATM	3008	R	C	6	15	0.4	3	H:7|C:6|L:2	9	2	7	position-specific	True	Supporting	1	False	Cap combined O4 + O7 at +4	False	Cap combined O4 + O7 at +4	9	6	0.6
PTEN	68	Y	H	6	11	0.5455	4	H:6|*:2|C:2|N:1	5	3	2	mixed	True	Supporting	1	False	Cap combined O4 + O7 at +4	False	Cap combined O4 + O7 at +4	7	4	0.6364
SETD2	1625	R	C	6	13	0.4615	4	C:6|H:5|L:1|S:1	7	3	5	position-specific	True	Supporting	1	False	Cap combined O4 + O7 at +4	False	Cap combined O4 + O7 at +4	6	7	0.4615
EIF1AX	9	G	D	6	11	0.5455	3	D:6|R:3|V:2	5	2	3	mixed	True	Supporting	1	False	Cap combined O4 + O7 at +4	False	Cap combined O4 + O7 at +4	5	6	0.4545
PIK3CA	350	D	N	6	12	0.5	3	N:6|G:5|V:1	6	2	5	mixed	True	Supporting	1	False	Cap combined O4 + O7 at +4	False	Cap combined O4 + O7 at +4	5	7	0.4167
PTEN	93	H	R	6	12	0.5	4	R:6|Y:4|L:1|P:1	6	3	4	mixed	True	Supporting	1	False	Cap combined O4 + O7 at +4	False	Cap combined O4 + O7 at +4	4	8	0.3333
MAX	28	H	R	6	6	1.0	1	R:6	0	0	0	mutation-specific	True	Supporting	1	False	Cap combined O4 + O7 at +4	False	Cap combined O4 + O7 at +4	2	4	0.3333
EP300	1414	Y	C	6	7	0.8571	2	C:6|D:1	1	1	1	mutation-specific	True	Supporting	1	False	Cap combined O4 + O7 at +4	False	Cap combined O4 + O7 at +4	2	5	0.2857
MET	1250	M	T	6	6	1.0	1	T:6	0	0	0	mutation-specific	True	Supporting	1	False	Cap combined O4 + O7 at +4	False	Cap combined O4 + O7 at +4	2	4	0.3333
PIK3CA	1	M	V	6	6	1.0	1	V:6	0	0	0	mutation-specific	True	Supporting	1	False	Cap combined O4 + O7 at +4	False	Cap combined O4 + O7 at +4	2	4	0.3333
SMARCA4	781	M	I	6	9	0.6667	3	I:6|V:2|L:1	3	2	2	mixed	True	Supporting	1	False	Cap combined O4 + O7 at +4	False	Cap combined O4 + O7 at +4	5	4	0.5556
FBXW7	545	Y	C	6	7	0.8571	2	C:6|*:1	1	1	1	mutation-specific	True	Supporting	1	False	Cap combined O4 + O7 at +4	False	Cap combined O4 + O7 at +4	2	5	0.2857
VHL	111	S	N	6	10	0.6	4	N:6|R:2|P:1|S:1	4	3	2	mixed	True	Supporting	1	False	Cap combined O4 + O7 at +4	False	Cap combined O4 + O7 at +4	3	7	0.3
TP53	109	F	S	6	16	0.375	5	S:6|C:5|V:3|F:1|I:1	10	4	5	position-specific	True	Supporting	1	True	O4 + O7 may be combined (max +8)	False	Cap combined O4 + O7 at +4	5	11	0.3125
TP53	105	G	V	6	28	0.2143	6	C:13|V:6|D:4|R:2|S:2|G:1	22	5	13	position-specific	True	Supporting	1	True	O4 + O7 may be combined (max +8)	True	O4 + O7 may be combined (max +8)	14	14	0.5
SMAD4	330	E	K	6	11	0.5455	4	K:6|G:2|Q:2|*:1	5	3	2	mixed	True	Supporting	1	False	Cap combined O4 + O7 at +4	False	Cap combined O4 + O7 at +4	7	4	0.6364
TP53	125	T	R	6	30	0.2	5	M:16|R:6|K:3|P:3|A:2	24	4	16	mixed	True	Supporting	1	True	O4 + O7 may be combined (max +8)	True	O4 + O7 may be combined (max +8)	17	13	0.5667
RHOA	57	L	V	6	6	1.0	1	V:6	0	0	0	mutation-specific	True	Supporting	1	False	Cap combined O4 + O7 at +4	False	Cap combined O4 + O7 at +4	1	5	0.1667
VHL	121	D	Y	6	9	0.6667	3	Y:6|G:2|V:1	3	2	2	mixed	True	Supporting	1	False	Cap combined O4 + O7 at +4	False	Cap combined O4 + O7 at +4	2	7	0.2222
FBXW7	520	D	N	6	11	0.5455	5	N:6|Y:2|G:1|H:1|V:1	5	4	2	mixed	True	Supporting	1	False	Cap combined O4 + O7 at +4	False	Cap combined O4 + O7 at +4	6	5	0.5455
PIM1	28	G	D	6	8	0.75	3	D:6|A:1|V:1	2	2	1	mixed	True	Supporting	1	False	Cap combined O4 + O7 at +4	False	Cap combined O4 + O7 at +4	4	4	0.5
CIC	201	R	W	6	7	0.8571	2	W:6|R:1	1	1	1	mutation-specific	True	Supporting	1	False	Cap combined O4 + O7 at +4	False	Cap combined O4 + O7 at +4	1	6	0.1429
MST1	673	G	S	6	6	1.0	1	S:6	0	0	0	mutation-specific	True	Supporting	1	False	Cap combined O4 + O7 at +4	False	Cap combined O4 + O7 at +4	1	5	0.1667
SMAD4	524	W	C	6	9	0.6667	4	C:6|L:1|R:1|S:1	3	3	1	mixed	True	Supporting	1	False	Cap combined O4 + O7 at +4	False	Cap combined O4 + O7 at +4	2	7	0.2222
GNAQ	183	R	Q	6	10	0.6	2	Q:6|*:4	4	1	4	mixed	True	Supporting	1	False	Cap combined O4 + O7 at +4	False	Cap combined O4 + O7 at +4	4	6	0.4
PTEN	165	G	E	6	12	0.5	3	E:6|R:5|*:1	6	2	5	mixed	True	Supporting	1	False	Cap combined O4 + O7 at +4	False	Cap combined O4 + O7 at +4	3	9	0.25
KRAS	11	A	A	6	8	0.75	2	A:6|T:2	2	1	2	mixed	True	Supporting	1	False	Cap combined O4 + O7 at +4	False	Cap combined O4 + O7 at +4	6	2	0.75
AKT1	79	Q	K	6	6	1.0	1	K:6	0	0	0	mutation-specific	True	Supporting	1	False	Cap combined O4 + O7 at +4	False	Cap combined O4 + O7 at +4	3	3	0.5
TP53	265	L	L	6	19	0.3158	4	P:8|L:6|R:4|M:1	13	3	8	position-specific	True	Supporting	1	True	O4 + O7 may be combined (max +8)	False	Cap combined O4 + O7 at +4	7	12	0.3684
FOXP1	514	R	H	6	9	0.6667	2	H:6|C:3	3	1	3	mixed	True	Supporting	1	False	Cap combined O4 + O7 at +4	False	Cap combined O4 + O7 at +4	5	4	0.5556
PTPRT	695	L	F	6	9	0.6667	3	F:6|L:2|R:1	3	2	2	mixed	True	Supporting	1	False	Cap combined O4 + O7 at +4	False	Cap combined O4 + O7 at +4	2	7	0.2222
PTEN	170	S	N	6	8	0.75	3	N:6|G:1|I:1	2	2	1	mixed	True	Supporting	1	False	Cap combined O4 + O7 at +4	False	Cap combined O4 + O7 at +4	3	5	0.375
TP53	113	F	C	6	17	0.3529	6	C:6|V:6|S:2|F:1|L:1|P:1	11	5	6	position-specific	True	Supporting	1	True	O4 + O7 may be combined (max +8)	False	Cap combined O4 + O7 at +4	10	7	0.5882
TP53	113	F	V	6	17	0.3529	6	C:6|V:6|S:2|F:1|L:1|P:1	11	5	6	position-specific	True	Supporting	1	True	O4 + O7 may be combined (max +8)	False	Cap combined O4 + O7 at +4	10	7	0.5882
STK11	221	P	L	6	8	0.75	3	L:6|P:1|S:1	2	2	1	mixed	True	Supporting	1	False	Cap combined O4 + O7 at +4	False	Cap combined O4 + O7 at +4	5	3	0.625
TP53	111	L	R	6	18	0.3333	4	P:7|R:6|Q:4|M:1	12	3	7	position-specific	True	Supporting	1	True	O4 + O7 may be combined (max +8)	False	Cap combined O4 + O7 at +4	5	13	0.2778
ERBB2	103	R	Q	6	6	1.0	1	Q:6	0	0	0	mutation-specific	True	Supporting	1	False	Cap combined O4 + O7 at +4	False	Cap combined O4 + O7 at +4	3	3	0.5
KDR	1037	S	S	6	11	0.5455	3	S:6|L:4|T:1	5	2	4	mixed	True	Supporting	1	False	Cap combined O4 + O7 at +4	False	Cap combined O4 + O7 at +4	4	7	0.3636
GLI1	380	R	Q	6	8	0.75	3	Q:6|*:1|R:1	2	2	1	mixed	True	Supporting	1	False	Cap combined O4 + O7 at +4	False	Cap combined O4 + O7 at +4	4	4	0.5
BCL6	618	R	C	6	7	0.8571	2	C:6|H:1	1	1	1	mutation-specific	True	Supporting	1	False	Cap combined O4 + O7 at +4	False	Cap combined O4 + O7 at +4	3	4	0.4286
FOXL2	118	E	K	6	7	0.8571	2	K:6|Q:1	1	1	1	mutation-specific	True	Supporting	1	False	Cap combined O4 + O7 at +4	False	Cap combined O4 + O7 at +4	2	5	0.2857
SDHA	644	V	M	6	7	0.8571	2	M:6|L:1	1	1	1	mutation-specific	True	Supporting	1	False	Cap combined O4 + O7 at +4	False	Cap combined O4 + O7 at +4	0	7	0.0
FBXW7	14	R	Q	6	9	0.6667	2	Q:6|*:3	3	1	3	mixed	True	Supporting	1	False	Cap combined O4 + O7 at +4	False	Cap combined O4 + O7 at +4	1	8	0.1111
PIK3CA	539	P	R	6	6	1.0	1	R:6	0	0	0	mutation-specific	True	Supporting	1	False	Cap combined O4 + O7 at +4	False	Cap combined O4 + O7 at +4	3	3	0.5
TP53	107	Y	D	6	15	0.4	3	*:8|D:6|Y:1	9	2	8	mixed	True	Supporting	1	False	Cap combined O4 + O7 at +4	False	Cap combined O4 + O7 at +4	8	7	0.5333
ETV6	369	R	W	6	9	0.6667	4	W:6|L:1|Q:1|R:1	3	3	1	mixed	True	Supporting	1	False	Cap combined O4 + O7 at +4	False	Cap combined O4 + O7 at +4	4	5	0.4444
PTPN11	468	T	M	6	7	0.8571	2	M:6|T:1	1	1	1	mutation-specific	True	Supporting	1	False	Cap combined O4 + O7 at +4	False	Cap combined O4 + O7 at +4	2	5	0.2857
DICER1	1344	S	L	6	7	0.8571	2	L:6|I:1	1	1	1	mutation-specific	True	Supporting	1	False	Cap combined O4 + O7 at +4	False	Cap combined O4 + O7 at +4	3	4	0.4286
NOTCH1	365	R	C	6	8	0.75	2	C:6|S:2	2	1	2	mixed	True	Supporting	1	False	Cap combined O4 + O7 at +4	False	Cap combined O4 + O7 at +4	4	4	0.5
NOTCH1	310	G	R	6	7	0.8571	2	R:6|E:1	1	1	1	mutation-specific	True	Supporting	1	False	Cap combined O4 + O7 at +4	False	Cap combined O4 + O7 at +4	3	4	0.4286
SMAD3	287	R	W	6	8	0.75	2	W:6|Q:2	2	1	2	mixed	True	Supporting	1	False	Cap combined O4 + O7 at +4	False	Cap combined O4 + O7 at +4	5	3	0.625
ALK	395	R	H	6	7	0.8571	2	H:6|R:1	1	1	1	mutation-specific	True	Supporting	1	False	Cap combined O4 + O7 at +4	False	Cap combined O4 + O7 at +4	6	1	0.8571
NOTCH1	455	E	K	6	7	0.8571	2	K:6|E:1	1	1	1	mutation-specific	True	Supporting	1	False	Cap combined O4 + O7 at +4	False	Cap combined O4 + O7 at +4	1	6	0.1429
PTPRT	364	R	Q	6	12	0.5	3	Q:6|*:4|R:2	6	2	4	mixed	True	Supporting	1	False	Cap combined O4 + O7 at +4	False	Cap combined O4 + O7 at +4	5	7	0.4167
PPP2R1A	182	R	W	6	7	0.8571	2	W:6|R:1	1	1	1	mutation-specific	True	Supporting	1	False	Cap combined O4 + O7 at +4	False	Cap combined O4 + O7 at +4	5	2	0.7143
EPHA7	656	G	E	6	11	0.5455	4	E:6|G:3|R:1|W:1	5	3	3	mixed	True	Supporting	1	False	Cap combined O4 + O7 at +4	False	Cap combined O4 + O7 at +4	3	8	0.2727
KMT2C	56	R	Q	6	10	0.6	2	Q:6|*:4	4	1	4	mixed	True	Supporting	1	False	Cap combined O4 + O7 at +4	False	Cap combined O4 + O7 at +4	5	5	0.5
ATM	2832	R	C	6	7	0.8571	2	C:6|S:1	1	1	1	mutation-specific	True	Supporting	1	False	Cap combined O4 + O7 at +4	False	Cap combined O4 + O7 at +4	2	5	0.2857
PIK3CA	545	E	D	5	633	0.0079	5	K:575|G:21|Q:20|A:12|D:5	628	4	575	mutation-specific	True	Supporting	1	True	O4 + O7 may be combined (max +8)	True	O4 + O7 may be combined (max +8)	312	321	0.4929
TP53	273	R	P	5	609	0.0082	6	C:283|H:251|L:56|S:12|P:5|G:2	604	5	283	position-specific	True	Supporting	1	True	O4 + O7 may be combined (max +8)	True	O4 + O7 may be combined (max +8)	286	323	0.4696
PIK3CA	542	E	Q	5	372	0.0134	5	K:356|A:6|Q:5|V:3|G:2	367	4	356	mutation-specific	True	Supporting	1	True	O4 + O7 may be combined (max +8)	True	O4 + O7 may be combined (max +8)	207	165	0.5565
PTEN	130	R	L	5	168	0.0298	7	Q:72|G:44|*:38|P:6|L:5|R:2|S:1	163	6	72	position-specific	True	Supporting	1	True	O4 + O7 may be combined (max +8)	True	O4 + O7 may be combined (max +8)	68	100	0.4048
PIK3CA	546	Q	H	5	93	0.0538	6	K:35|R:31|P:19|H:5|E:2|L:1	88	5	35	position-specific	True	Supporting	1	True	O4 + O7 may be combined (max +8)	True	O4 + O7 may be combined (max +8)	40	53	0.4301
CTNNB1	37	S	Y	5	103	0.0485	5	F:55|C:27|A:9|P:7|Y:5	98	4	55	mixed	True	Supporting	1	True	O4 + O7 may be combined (max +8)	True	O4 + O7 may be combined (max +8)	44	59	0.4272
KRAS	146	A	P	5	86	0.0581	3	T:65|V:16|P:5	81	2	65	mixed	True	Supporting	1	True	O4 + O7 may be combined (max +8)	True	O4 + O7 may be combined (max +8)	52	34	0.6047
NRAS	12	G	V	5	74	0.0676	6	D:41|C:11|S:8|A:6|V:5|R:3	69	5	41	mixed	True	Supporting	1	True	O4 + O7 may be combined (max +8)	True	O4 + O7 may be combined (max +8)	35	39	0.473
TP53	193	H	D	5	123	0.0407	7	R:54|Y:31|L:19|P:8|D:5|N:5|Q:1	118	6	54	position-specific	True	Supporting	1	True	O4 + O7 may be combined (max +8)	True	O4 + O7 may be combined (max +8)	51	72	0.4146
TP53	193	H	N	5	123	0.0407	7	R:54|Y:31|L:19|P:8|D:5|N:5|Q:1	118	6	54	position-specific	True	Supporting	1	True	O4 + O7 may be combined (max +8)	True	O4 + O7 may be combined (max +8)	51	72	0.4146
CTNNB1	45	S	C	5	71	0.0704	5	F:31|P:29|C:5|Y:4|A:2	66	4	31	position-specific	True	Supporting	1	True	O4 + O7 may be combined (max +8)	True	O4 + O7 may be combined (max +8)	40	31	0.5634
TP53	176	C	G	5	115	0.0435	8	F:54|Y:30|S:9|W:7|G:5|R:5|*:4|C:1	110	7	54	position-specific	True	Supporting	1	True	O4 + O7 may be combined (max +8)	True	O4 + O7 may be combined (max +8)	46	69	0.4
TP53	176	C	R	5	115	0.0435	8	F:54|Y:30|S:9|W:7|G:5|R:5|*:4|C:1	110	7	54	position-specific	True	Supporting	1	True	O4 + O7 may be combined (max +8)	True	O4 + O7 may be combined (max +8)	46	69	0.4
ERBB2	755	L	P	5	44	0.1136	6	S:31|P:5|M:3|A:2|L:2|W:1	39	5	31	mixed	True	Supporting	1	True	O4 + O7 may be combined (max +8)	True	O4 + O7 may be combined (max +8)	28	16	0.6364
BRAF	601	K	N	5	38	0.1316	3	E:32|N:5|T:1	33	2	32	mutation-specific	True	Supporting	1	True	O4 + O7 may be combined (max +8)	True	O4 + O7 may be combined (max +8)	19	19	0.5
TP53	238	C	R	5	77	0.0649	6	Y:40|F:23|R:5|G:4|S:4|W:1	72	5	40	mixed	True	Supporting	1	True	O4 + O7 may be combined (max +8)	True	O4 + O7 may be combined (max +8)	35	42	0.4545
EGFR	598	G	A	5	33	0.1515	3	V:27|A:5|E:1	28	2	27	mutation-specific	True	Supporting	1	True	O4 + O7 may be combined (max +8)	True	O4 + O7 may be combined (max +8)	10	23	0.303
TP53	158	R	C	5	106	0.0472	7	L:42|H:36|P:11|G:9|C:5|S:2|F:1	101	6	42	position-specific	True	Supporting	1	True	O4 + O7 may be combined (max +8)	True	O4 + O7 may be combined (max +8)	54	52	0.5094
TP53	236	Y	D	5	59	0.0847	6	C:40|*:5|D:5|N:5|H:2|S:2	54	5	40	mixed	True	Supporting	1	True	O4 + O7 may be combined (max +8)	True	O4 + O7 may be combined (max +8)	32	27	0.5424
TP53	236	Y	N	5	59	0.0847	6	C:40|*:5|D:5|N:5|H:2|S:2	54	5	40	mixed	True	Supporting	1	True	O4 + O7 may be combined (max +8)	True	O4 + O7 may be combined (max +8)	32	27	0.5424
SPOP	133	F	S	5	67	0.0746	5	L:32|V:19|C:8|S:5|I:3	62	4	32	position-specific	True	Supporting	1	True	O4 + O7 may be combined (max +8)	True	O4 + O7 may be combined (max +8)	33	34	0.4925
EGFR	719	G	S	5	33	0.1515	4	A:18|C:7|S:5|D:3	28	3	18	mixed	True	Supporting	1	True	O4 + O7 may be combined (max +8)	True	O4 + O7 may be combined (max +8)	23	10	0.697
TP53	237	M	K	5	64	0.0781	3	I:55|K:5|V:4	59	2	55	mutation-specific	True	Supporting	1	True	O4 + O7 may be combined (max +8)	True	O4 + O7 may be combined (max +8)	28	36	0.4375
NFE2L2	34	R	P	5	34	0.1471	5	G:16|Q:11|P:5|*:1|L:1	29	4	16	position-specific	True	Supporting	1	True	O4 + O7 may be combined (max +8)	True	O4 + O7 may be combined (max +8)	15	19	0.4412
TP53	272	V	G	5	66	0.0758	7	M:34|L:20|G:5|E:3|K:2|A:1|V:1	61	6	34	mixed	True	Supporting	1	True	O4 + O7 may be combined (max +8)	True	O4 + O7 may be combined (max +8)	31	35	0.4697
TP53	132	K	M	5	83	0.0602	7	N:30|R:27|E:14|M:5|T:4|Q:2|*:1	78	6	30	position-specific	True	Supporting	1	True	O4 + O7 may be combined (max +8)	True	O4 + O7 may be combined (max +8)	36	47	0.4337
RHOA	17	G	A	5	36	0.1389	3	V:16|E:15|A:5	31	2	16	position-specific	True	Supporting	1	True	O4 + O7 may be combined (max +8)	True	O4 + O7 may be combined (max +8)	31	5	0.8611
CD79B	197	Y	H	5	16	0.3125	7	H:5|C:2|D:2|F:2|N:2|S:2|R:1	11	6	2	position-specific	True	Supporting	1	True	O4 + O7 may be combined (max +8)	False	Cap combined O4 + O7 at +4	3	13	0.1875
MED12	44	G	C	5	25	0.2	5	S:8|D:6|C:5|A:4|V:2	20	4	8	position-specific	True	Supporting	1	True	O4 + O7 may be combined (max +8)	False	Cap combined O4 + O7 at +4	20	5	0.8
TP53	274	V	L	5	46	0.1087	5	F:14|A:12|G:8|D:7|L:5	41	4	14	position-specific	True	Supporting	1	True	O4 + O7 may be combined (max +8)	True	O4 + O7 may be combined (max +8)	22	24	0.4783
KIT	816	D	H	5	22	0.2273	4	V:11|H:5|Y:5|A:1	17	3	11	mixed	True	Supporting	1	True	O4 + O7 may be combined (max +8)	True	O4 + O7 may be combined (max +8)	6	16	0.2727
KIT	816	D	Y	5	22	0.2273	4	V:11|H:5|Y:5|A:1	17	3	11	mixed	True	Supporting	1	True	O4 + O7 may be combined (max +8)	True	O4 + O7 may be combined (max +8)	6	16	0.2727
SMAD4	537	D	V	5	30	0.1667	6	G:10|H:6|V:5|E:4|Y:4|A:1	25	5	10	position-specific	True	Supporting	1	True	O4 + O7 may be combined (max +8)	True	O4 + O7 may be combined (max +8)	21	9	0.7
TP53	141	C	R	5	47	0.1064	7	Y:25|W:9|R:5|G:4|*:2|F:1|S:1	42	6	25	mixed	True	Supporting	1	True	O4 + O7 may be combined (max +8)	True	O4 + O7 may be combined (max +8)	19	28	0.4043
TP53	216	V	G	5	42	0.119	4	M:24|L:9|G:5|E:4	37	3	24	mixed	True	Supporting	1	True	O4 + O7 may be combined (max +8)	True	O4 + O7 may be combined (max +8)	21	21	0.5
NFE2L2	80	T	R	5	15	0.3333	5	R:5|K:4|A:3|P:2|I:1	10	4	4	position-specific	True	Supporting	1	True	O4 + O7 may be combined (max +8)	False	Cap combined O4 + O7 at +4	4	11	0.2667
SMAD4	351	D	N	5	20	0.25	6	Y:6|N:5|G:3|H:3|V:2|A:1	15	5	6	position-specific	True	Supporting	1	True	O4 + O7 may be combined (max +8)	False	Cap combined O4 + O7 at +4	12	8	0.6
KIT	559	V	D	5	14	0.3571	3	A:6|D:5|G:3	9	2	6	position-specific	True	Supporting	1	False	Cap combined O4 + O7 at +4	False	Cap combined O4 + O7 at +4	10	4	0.7143
RHEB	35	Y	N	5	12	0.4167	5	N:5|C:2|H:2|S:2|*:1	7	4	2	position-specific	True	Supporting	1	False	Cap combined O4 + O7 at +4	False	Cap combined O4 + O7 at +4	3	9	0.25
TP53	258	E	D	5	47	0.1064	8	*:14|K:14|D:5|A:4|G:4|Q:4|E:1|V:1	42	7	14	position-specific	True	Supporting	1	True	O4 + O7 may be combined (max +8)	True	O4 + O7 may be combined (max +8)	28	19	0.5957
ERBB4	707	Q	Q	5	11	0.4545	2	E:6|Q:5	6	1	6	mixed	True	Supporting	1	False	Cap combined O4 + O7 at +4	False	Cap combined O4 + O7 at +4	0	11	0.0
FOXA1	266	F	L	5	11	0.4545	6	L:5|C:2|F:1|I:1|S:1|V:1	6	5	2	position-specific	True	Supporting	1	False	Cap combined O4 + O7 at +4	False	Cap combined O4 + O7 at +4	6	5	0.5455
MTOR	2500	I	F	5	10	0.5	3	F:5|M:4|N:1	5	2	4	mixed	True	Supporting	1	False	Cap combined O4 + O7 at +4	False	Cap combined O4 + O7 at +4	4	6	0.4
SMARCB1	377	R	C	5	17	0.2941	3	H:11|C:5|L:1	12	2	11	mixed	True	Supporting	1	True	O4 + O7 may be combined (max +8)	True	O4 + O7 may be combined (max +8)	13	4	0.7647
SF3B1	666	K	T	5	13	0.3846	5	T:5|N:3|E:2|M:2|Q:1	8	4	3	position-specific	True	Supporting	1	False	Cap combined O4 + O7 at +4	False	Cap combined O4 + O7 at +4	4	9	0.3077
CDK4	22	K	M	5	7	0.7143	2	M:5|Q:2	2	1	2	mixed	True	Supporting	1	False	Cap combined O4 + O7 at +4	False	Cap combined O4 + O7 at +4	1	6	0.1429
TP53	134	F	V	5	24	0.2083	5	L:12|V:5|C:4|I:2|S:1	19	4	12	mixed	True	Supporting	1	True	O4 + O7 may be combined (max +8)	True	O4 + O7 may be combined (max +8)	15	9	0.625
TP53	143	V	G	5	26	0.1923	4	M:12|A:7|G:5|E:2	21	3	12	position-specific	True	Supporting	1	True	O4 + O7 may be combined (max +8)	True	O4 + O7 may be combined (max +8)	12	14	0.4615
CCND1	287	P	S	5	12	0.4167	5	S:5|L:4|A:1|R:1|T:1	7	4	4	position-specific	True	Supporting	1	False	Cap combined O4 + O7 at +4	False	Cap combined O4 + O7 at +4	5	7	0.4167
CIC	1512	R	H	5	11	0.4545	4	H:5|L:3|C:2|S:1	6	3	3	position-specific	True	Supporting	1	False	Cap combined O4 + O7 at +4	False	Cap combined O4 + O7 at +4	2	9	0.1818
FBXW7	689	R	Q	5	19	0.2632	2	W:14|Q:5	14	1	14	mixed	True	Supporting	1	True	O4 + O7 may be combined (max +8)	True	O4 + O7 may be combined (max +8)	8	11	0.4211
ACVR1	328	G	E	5	7	0.7143	2	E:5|V:2	2	1	2	mixed	True	Supporting	1	False	Cap combined O4 + O7 at +4	False	Cap combined O4 + O7 at +4	1	6	0.1429
VHL	89	L	P	5	15	0.3333	3	H:9|P:5|L:1	10	2	9	mixed	True	Supporting	1	True	O4 + O7 may be combined (max +8)	False	Cap combined O4 + O7 at +4	5	10	0.3333
CIC	1515	R	C	5	10	0.5	2	C:5|H:5	5	1	5	mixed	True	Supporting	1	False	Cap combined O4 + O7 at +4	False	Cap combined O4 + O7 at +4	3	7	0.3
CIC	1515	R	H	5	10	0.5	2	C:5|H:5	5	1	5	mixed	True	Supporting	1	False	Cap combined O4 + O7 at +4	False	Cap combined O4 + O7 at +4	3	7	0.3
MYOD1	122	L	R	5	7	0.7143	3	R:5|L:1|M:1	2	2	1	mixed	True	Supporting	1	False	Cap combined O4 + O7 at +4	False	Cap combined O4 + O7 at +4	5	2	0.7143
KRAS	59	A	T	5	12	0.4167	4	T:5|G:4|A:2|E:1	7	3	4	position-specific	True	Supporting	1	False	Cap combined O4 + O7 at +4	False	Cap combined O4 + O7 at +4	6	6	0.5
CDH1	254	D	N	5	11	0.4545	3	N:5|Y:4|E:2	6	2	4	position-specific	True	Supporting	1	False	Cap combined O4 + O7 at +4	False	Cap combined O4 + O7 at +4	4	7	0.3636
SETD2	1625	R	H	5	13	0.3846	4	C:6|H:5|L:1|S:1	8	3	6	position-specific	True	Supporting	1	False	Cap combined O4 + O7 at +4	False	Cap combined O4 + O7 at +4	6	7	0.4615
PIK3CA	350	D	G	5	12	0.4167	3	N:6|G:5|V:1	7	2	6	mixed	True	Supporting	1	False	Cap combined O4 + O7 at +4	False	Cap combined O4 + O7 at +4	5	7	0.4167
MAP2K1	128	G	D	5	10	0.5	3	D:5|V:4|R:1	5	2	4	mixed	True	Supporting	1	False	Cap combined O4 + O7 at +4	False	Cap combined O4 + O7 at +4	5	5	0.5
SF3B1	741	K	N	5	10	0.5	5	N:5|E:2|*:1|Q:1|T:1	5	4	2	mixed	True	Supporting	1	False	Cap combined O4 + O7 at +4	False	Cap combined O4 + O7 at +4	5	5	0.5
VHL	80	S	R	5	11	0.4545	4	R:5|N:4|I:1|S:1	6	3	4	position-specific	True	Supporting	1	False	Cap combined O4 + O7 at +4	False	Cap combined O4 + O7 at +4	6	5	0.5455
ACVR1	258	R	G	5	6	0.8333	2	G:5|M:1	1	1	1	mutation-specific	True	Supporting	1	False	Cap combined O4 + O7 at +4	False	Cap combined O4 + O7 at +4	1	5	0.1667
ERCC2	24	Y	C	5	5	1.0	1	C:5	0	0	0	mutation-specific	True	Supporting	1	False	Cap combined O4 + O7 at +4	False	Cap combined O4 + O7 at +4	3	2	0.6
PTPN11	510	Q	L	5	9	0.5556	3	L:5|H:3|E:1	4	2	3	mixed	True	Supporting	1	False	Cap combined O4 + O7 at +4	False	Cap combined O4 + O7 at +4	1	8	0.1111
FGFR3	371	S	C	5	5	1.0	1	C:5	0	0	0	mutation-specific	True	Supporting	1	False	Cap combined O4 + O7 at +4	False	Cap combined O4 + O7 at +4	2	3	0.4
RHOA	161	A	V	5	7	0.7143	2	V:5|T:2	2	1	2	mixed	True	Supporting	1	False	Cap combined O4 + O7 at +4	False	Cap combined O4 + O7 at +4	3	4	0.4286
KIT	823	Y	D	5	6	0.8333	2	D:5|C:1	1	1	1	mutation-specific	True	Supporting	1	False	Cap combined O4 + O7 at +4	False	Cap combined O4 + O7 at +4	6	0	1.0
ATM	2875	N	S	5	8	0.625	3	S:5|T:2|K:1	3	2	2	mixed	True	Supporting	1	False	Cap combined O4 + O7 at +4	False	Cap combined O4 + O7 at +4	1	7	0.125
KMT2D	5179	R	H	5	10	0.5	4	H:5|C:2|L:2|P:1	5	3	2	mixed	True	Supporting	1	False	Cap combined O4 + O7 at +4	False	Cap combined O4 + O7 at +4	4	6	0.4
TP53	267	R	L	5	36	0.1389	6	W:15|P:8|L:5|Q:4|G:3|R:1	31	5	15	position-specific	True	Supporting	1	True	O4 + O7 may be combined (max +8)	True	O4 + O7 may be combined (max +8)	18	18	0.5
SMO	412	L	F	5	6	0.8333	2	F:5|L:1	1	1	1	mutation-specific	True	Supporting	1	False	Cap combined O4 + O7 at +4	False	Cap combined O4 + O7 at +4	2	4	0.3333
PRKCI	480	R	C	5	10	0.5	3	C:5|S:3|H:2	5	2	3	mixed	True	Supporting	1	False	Cap combined O4 + O7 at +4	False	Cap combined O4 + O7 at +4	0	10	0.0
PIK3R2	557	D	Y	5	9	0.5556	4	Y:5|N:2|G:1|H:1	4	3	2	mixed	True	Supporting	1	False	Cap combined O4 + O7 at +4	False	Cap combined O4 + O7 at +4	8	1	0.8889
TP53	109	F	C	5	16	0.3125	5	S:6|C:5|V:3|F:1|I:1	11	4	6	position-specific	True	Supporting	1	True	O4 + O7 may be combined (max +8)	False	Cap combined O4 + O7 at +4	5	11	0.3125
PTEN	127	G	E	5	14	0.3571	4	E:5|R:5|V:3|*:1	9	3	5	position-specific	True	Supporting	1	False	Cap combined O4 + O7 at +4	False	Cap combined O4 + O7 at +4	7	7	0.5
PTEN	127	G	R	5	14	0.3571	4	E:5|R:5|V:3|*:1	9	3	5	position-specific	True	Supporting	1	False	Cap combined O4 + O7 at +4	False	Cap combined O4 + O7 at +4	7	7	0.5
PREX2	50	L	V	5	9	0.5556	2	V:5|L:4	4	1	4	mixed	True	Supporting	1	False	Cap combined O4 + O7 at +4	False	Cap combined O4 + O7 at +4	0	9	0.0
HIST1H3C	37	K	M	5	6	0.8333	2	M:5|K:1	1	1	1	mutation-specific	True	Supporting	1	False	Cap combined O4 + O7 at +4	False	Cap combined O4 + O7 at +4	1	5	0.1667
RHOA	34	Y	C	5	6	0.8333	2	C:5|F:1	1	1	1	mutation-specific	True	Supporting	1	False	Cap combined O4 + O7 at +4	False	Cap combined O4 + O7 at +4	2	4	0.3333
EGFR	304	H	Y	5	5	1.0	1	Y:5	0	0	0	mutation-specific	True	Supporting	1	False	Cap combined O4 + O7 at +4	False	Cap combined O4 + O7 at +4	2	3	0.4
TP53	271	E	V	5	53	0.0943	4	K:27|*:14|Q:7|V:5	48	3	27	mixed	True	Supporting	1	True	O4 + O7 may be combined (max +8)	True	O4 + O7 may be combined (max +8)	29	24	0.5472
VHL	74	V	D	5	7	0.7143	3	D:5|G:1|V:1	2	2	1	mixed	True	Supporting	1	False	Cap combined O4 + O7 at +4	False	Cap combined O4 + O7 at +4	1	6	0.1429
NRAS	60	G	G	5	7	0.7143	3	G:5|E:1|V:1	2	2	1	mixed	True	Supporting	1	False	Cap combined O4 + O7 at +4	False	Cap combined O4 + O7 at +4	5	2	0.7143
TP53	172	V	D	5	18	0.2778	3	F:12|D:5|G:1	13	2	12	mixed	True	Supporting	1	True	O4 + O7 may be combined (max +8)	True	O4 + O7 may be combined (max +8)	8	10	0.4444
STAT3	614	S	R	5	5	1.0	1	R:5	0	0	0	mutation-specific	True	Supporting	1	False	Cap combined O4 + O7 at +4	False	Cap combined O4 + O7 at +4	2	3	0.4
PDGFRA	229	E	K	5	7	0.7143	3	K:5|*:1|V:1	2	2	1	mixed	True	Supporting	1	False	Cap combined O4 + O7 at +4	False	Cap combined O4 + O7 at +4	2	5	0.2857
MAP2K1	121	C	S	5	6	0.8333	2	S:5|C:1	1	1	1	mutation-specific	True	Supporting	1	False	Cap combined O4 + O7 at +4	False	Cap combined O4 + O7 at +4	2	4	0.3333
MTOR	2327	M	I	5	6	0.8333	2	I:5|V:1	1	1	1	mutation-specific	True	Supporting	1	False	Cap combined O4 + O7 at +4	False	Cap combined O4 + O7 at +4	3	3	0.5
DNMT1	51	E	K	5	5	1.0	1	K:5	0	0	0	mutation-specific	True	Supporting	1	False	Cap combined O4 + O7 at +4	False	Cap combined O4 + O7 at +4	2	3	0.4
EP300	1164	C	Y	5	6	0.8333	2	Y:5|S:1	1	1	1	mutation-specific	True	Supporting	1	False	Cap combined O4 + O7 at +4	False	Cap combined O4 + O7 at +4	3	3	0.5
FGFR2	375	Y	C	5	5	1.0	1	C:5	0	0	0	mutation-specific	True	Supporting	1	False	Cap combined O4 + O7 at +4	False	Cap combined O4 + O7 at +4	1	4	0.2
FOXA1	250	S	F	5	6	0.8333	2	F:5|Y:1	1	1	1	mutation-specific	True	Supporting	1	False	Cap combined O4 + O7 at +4	False	Cap combined O4 + O7 at +4	3	3	0.5
PTEN	165	G	R	5	12	0.4167	3	E:6|R:5|*:1	7	2	6	mixed	True	Supporting	1	False	Cap combined O4 + O7 at +4	False	Cap combined O4 + O7 at +4	3	9	0.25
FAT1	1627	R	Q	5	12	0.4167	2	*:7|Q:5	7	1	7	mixed	True	Supporting	1	False	Cap combined O4 + O7 at +4	False	Cap combined O4 + O7 at +4	4	8	0.3333
ASXL2	1	M	T	5	6	0.8333	2	T:5|I:1	1	1	1	mutation-specific	True	Supporting	1	False	Cap combined O4 + O7 at +4	False	Cap combined O4 + O7 at +4	4	2	0.6667
FBXW7	224	R	Q	5	10	0.5	2	*:5|Q:5	5	1	5	mixed	True	Supporting	1	False	Cap combined O4 + O7 at +4	False	Cap combined O4 + O7 at +4	3	7	0.3
PIK3CA	39	E	K	5	6	0.8333	2	K:5|G:1	1	1	1	mutation-specific	True	Supporting	1	False	Cap combined O4 + O7 at +4	False	Cap combined O4 + O7 at +4	1	5	0.1667
PIK3CA	604	C	R	5	5	1.0	1	R:5	0	0	0	mutation-specific	True	Supporting	1	False	Cap combined O4 + O7 at +4	False	Cap combined O4 + O7 at +4	0	5	0.0
KRAS	22	Q	K	5	6	0.8333	2	K:5|H:1	1	1	1	mutation-specific	True	Supporting	1	False	Cap combined O4 + O7 at +4	False	Cap combined O4 + O7 at +4	2	4	0.3333
PIK3CA	471	P	L	5	7	0.7143	2	L:5|A:2	2	1	2	mixed	True	Supporting	1	False	Cap combined O4 + O7 at +4	False	Cap combined O4 + O7 at +4	2	5	0.2857
SMARCA4	1135	R	W	5	9	0.5556	2	W:5|Q:4	4	1	4	mixed	True	Supporting	1	False	Cap combined O4 + O7 at +4	False	Cap combined O4 + O7 at +4	3	6	0.3333
MAP2K1	56	Q	P	5	5	1.0	1	P:5	0	0	0	mutation-specific	True	Supporting	1	False	Cap combined O4 + O7 at +4	False	Cap combined O4 + O7 at +4	4	1	0.8
PIK3CA	1052	T	K	5	5	1.0	1	K:5	0	0	0	mutation-specific	True	Supporting	1	False	Cap combined O4 + O7 at +4	False	Cap combined O4 + O7 at +4	1	4	0.2
JUN	112	E	K	5	7	0.7143	2	K:5|Q:2	2	1	2	mixed	True	Supporting	1	False	Cap combined O4 + O7 at +4	False	Cap combined O4 + O7 at +4	1	6	0.1429
KLF4	409	K	Q	5	7	0.7143	2	Q:5|N:2	2	1	2	mixed	True	Supporting	1	False	Cap combined O4 + O7 at +4	False	Cap combined O4 + O7 at +4	2	5	0.2857
SMARCA4	973	R	Q	5	10	0.5	2	Q:5|W:5	5	1	5	mixed	True	Supporting	1	False	Cap combined O4 + O7 at +4	False	Cap combined O4 + O7 at +4	3	7	0.3
SMARCA4	973	R	W	5	10	0.5	2	Q:5|W:5	5	1	5	mixed	True	Supporting	1	False	Cap combined O4 + O7 at +4	False	Cap combined O4 + O7 at +4	3	7	0.3
FOXA1	226	D	N	5	9	0.5556	2	N:5|G:4	4	1	4	mixed	True	Supporting	1	False	Cap combined O4 + O7 at +4	False	Cap combined O4 + O7 at +4	2	7	0.2222
GNA11	183	R	C	5	7	0.7143	3	C:5|H:1|R:1	2	2	1	mixed	True	Supporting	1	False	Cap combined O4 + O7 at +4	False	Cap combined O4 + O7 at +4	1	6	0.1429
TP53	251	I	F	5	15	0.3333	5	F:5|N:5|S:3|I:1|M:1	10	4	5	position-specific	True	Supporting	1	True	O4 + O7 may be combined (max +8)	False	Cap combined O4 + O7 at +4	9	6	0.6
TP53	251	I	N	5	15	0.3333	5	F:5|N:5|S:3|I:1|M:1	10	4	5	position-specific	True	Supporting	1	True	O4 + O7 may be combined (max +8)	False	Cap combined O4 + O7 at +4	9	6	0.6
PIK3CA	364	G	R	5	6	0.8333	2	R:5|A:1	1	1	1	mutation-specific	True	Supporting	1	False	Cap combined O4 + O7 at +4	False	Cap combined O4 + O7 at +4	4	2	0.6667
PTEN	71	C	Y	5	7	0.7143	3	Y:5|*:1|F:1	2	2	1	mixed	True	Supporting	1	False	Cap combined O4 + O7 at +4	False	Cap combined O4 + O7 at +4	3	4	0.4286
HIST1H3B	106	E	Q	5	14	0.3571	3	K:8|Q:5|E:1	9	2	8	mixed	True	Supporting	1	False	Cap combined O4 + O7 at +4	False	Cap combined O4 + O7 at +4	10	4	0.7143
PRDM14	204	F	F	5	6	0.8333	2	F:5|V:1	1	1	1	mutation-specific	True	Supporting	1	False	Cap combined O4 + O7 at +4	False	Cap combined O4 + O7 at +4	0	6	0.0
ERBB4	1002	K	T	5	6	0.8333	2	T:5|R:1	1	1	1	mutation-specific	True	Supporting	1	False	Cap combined O4 + O7 at +4	False	Cap combined O4 + O7 at +4	0	6	0.0
BCL2	33	G	R	5	6	0.8333	2	R:5|G:1	1	1	1	mutation-specific	True	Supporting	1	False	Cap combined O4 + O7 at +4	False	Cap combined O4 + O7 at +4	2	4	0.3333
TGFBR2	544	E	K	5	5	1.0	1	K:5	0	0	0	mutation-specific	True	Supporting	1	False	Cap combined O4 + O7 at +4	False	Cap combined O4 + O7 at +4	0	5	0.0
TP53	120	K	E	5	9	0.5556	4	E:5|N:2|*:1|M:1	4	3	2	mixed	True	Supporting	1	False	Cap combined O4 + O7 at +4	False	Cap combined O4 + O7 at +4	4	5	0.4444
ANKRD11	369	K	R	5	5	1.0	1	R:5	0	0	0	mutation-specific	True	Supporting	1	False	Cap combined O4 + O7 at +4	False	Cap combined O4 + O7 at +4	0	5	0.0
CDK12	890	R	H	5	5	1.0	1	H:5	0	0	0	mutation-specific	True	Supporting	1	False	Cap combined O4 + O7 at +4	False	Cap combined O4 + O7 at +4	1	4	0.2
CTLA4	17	T	A	5	5	1.0	1	A:5	0	0	0	mutation-specific	True	Supporting	1	False	Cap combined O4 + O7 at +4	False	Cap combined O4 + O7 at +4	0	5	0.0
SMARCD1	183	R	Q	5	7	0.7143	3	Q:5|*:1|L:1	2	2	1	mixed	True	Supporting	1	False	Cap combined O4 + O7 at +4	False	Cap combined O4 + O7 at +4	3	4	0.4286
PIM1	2	L	F	5	6	0.8333	2	F:5|V:1	1	1	1	mutation-specific	True	Supporting	1	False	Cap combined O4 + O7 at +4	False	Cap combined O4 + O7 at +4	2	4	0.3333
SMARCB1	374	R	Q	5	8	0.625	2	Q:5|W:3	3	1	3	mixed	True	Supporting	1	False	Cap combined O4 + O7 at +4	False	Cap combined O4 + O7 at +4	4	4	0.5
CUL3	20	A	A	5	5	1.0	1	A:5	0	0	0	mutation-specific	True	Supporting	1	False	Cap combined O4 + O7 at +4	False	Cap combined O4 + O7 at +4	3	2	0.6
TGFBR1	487	R	Q	5	8	0.625	2	Q:5|W:3	3	1	3	mixed	True	Supporting	1	False	Cap combined O4 + O7 at +4	False	Cap combined O4 + O7 at +4	4	4	0.5
VHL	169	L	P	5	5	1.0	1	P:5	0	0	0	mutation-specific	True	Supporting	1	False	Cap combined O4 + O7 at +4	False	Cap combined O4 + O7 at +4	2	3	0.4
RPS6KA4	236	S	L	5	6	0.8333	2	L:5|S:1	1	1	1	mutation-specific	True	Supporting	1	False	Cap combined O4 + O7 at +4	False	Cap combined O4 + O7 at +4	3	3	0.5
EIF1AX	8	G	R	5	6	0.8333	2	R:5|E:1	1	1	1	mutation-specific	True	Supporting	1	False	Cap combined O4 + O7 at +4	False	Cap combined O4 + O7 at +4	2	4	0.3333
TP53	197	V	L	5	17	0.2941	5	L:5|V:5|E:3|M:3|G:1	12	4	5	position-specific	True	Supporting	1	True	O4 + O7 may be combined (max +8)	False	Cap combined O4 + O7 at +4	8	9	0.4706
TP53	197	V	V	5	17	0.2941	5	L:5|V:5|E:3|M:3|G:1	12	4	5	position-specific	True	Supporting	1	True	O4 + O7 may be combined (max +8)	False	Cap combined O4 + O7 at +4	8	9	0.4706
TP53	133	M	K	5	10	0.5	4	K:5|R:3|I:1|T:1	5	3	3	mixed	True	Supporting	1	False	Cap combined O4 + O7 at +4	False	Cap combined O4 + O7 at +4	6	4	0.6
TP53	178	H	D	5	12	0.4167	5	D:5|P:3|Q:2|H:1|N:1	7	4	3	position-specific	True	Supporting	1	False	Cap combined O4 + O7 at +4	False	Cap combined O4 + O7 at +4	7	5	0.5833
TP53	218	V	G	5	9	0.5556	5	G:5|E:1|L:1|M:1|V:1	4	4	1	mixed	True	Supporting	1	False	Cap combined O4 + O7 at +4	False	Cap combined O4 + O7 at +4	4	5	0.4444
SMAD2	321	R	Q	5	9	0.5556	2	Q:5|*:4	4	1	4	mixed	True	Supporting	1	False	Cap combined O4 + O7 at +4	False	Cap combined O4 + O7 at +4	2	7	0.2222
BRAF	600	V	R	4	897	0.0045	6	E:833|M:29|K:24|R:4|V:4|G:3	893	5	833	mutation-specific	True	Supporting	1	True	O4 + O7 may be combined (max +8)	True	O4 + O7 may be combined (max +8)	287	610	0.32
BRAF	600	V	V	4	897	0.0045	6	E:833|M:29|K:24|R:4|V:4|G:3	893	5	833	mutation-specific	True	Supporting	1	True	O4 + O7 may be combined (max +8)	True	O4 + O7 may be combined (max +8)	287	610	0.32
PIK3CA	345	N	T	4	98	0.0408	7	K:79|I:7|T:4|H:3|Y:3|D:1|N:1	94	6	79	mutation-specific	True	Supporting	1	True	O4 + O7 may be combined (max +8)	True	O4 + O7 may be combined (max +8)	51	47	0.5204
TP53	220	Y	D	4	152	0.0263	6	C:127|S:8|H:6|*:4|D:4|N:3	148	5	127	mutation-specific	True	Supporting	1	True	O4 + O7 may be combined (max +8)	True	O4 + O7 may be combined (max +8)	61	91	0.4013
TP53	213	R	G	4	256	0.0156	5	*:208|Q:25|L:17|G:4|P:2	252	4	208	mutation-specific	True	Supporting	1	True	O4 + O7 may be combined (max +8)	True	O4 + O7 may be combined (max +8)	124	132	0.4844
TP53	282	R	P	4	219	0.0183	6	W:201|G:9|P:4|Q:3|L:1|R:1	215	5	201	mutation-specific	True	Supporting	1	True	O4 + O7 may be combined (max +8)	True	O4 + O7 may be combined (max +8)	105	114	0.4795
SMAD4	361	R	S	4	124	0.0323	6	H:60|C:54|S:4|G:3|L:2|P:1	120	5	60	position-specific	True	Supporting	1	True	O4 + O7 may be combined (max +8)	True	O4 + O7 may be combined (max +8)	73	51	0.5887
FBXW7	505	R	H	4	83	0.0482	6	C:41|G:31|H:4|L:4|P:2|S:1	79	5	41	position-specific	True	Supporting	1	True	O4 + O7 may be combined (max +8)	True	O4 + O7 may be combined (max +8)	32	51	0.3855
FBXW7	505	R	L	4	83	0.0482	6	C:41|G:31|H:4|L:4|P:2|S:1	79	5	41	position-specific	True	Supporting	1	True	O4 + O7 may be combined (max +8)	True	O4 + O7 may be combined (max +8)	32	51	0.3855
IDH2	172	R	M	4	63	0.0635	7	K:33|G:9|S:8|W:7|M:4|R:1|T:1	59	6	33	mixed	True	Supporting	1	True	O4 + O7 may be combined (max +8)	True	O4 + O7 may be combined (max +8)	31	32	0.4921
U2AF1	34	S	Y	4	85	0.0471	2	F:81|Y:4	81	1	81	mutation-specific	True	Supporting	1	True	O4 + O7 may be combined (max +8)	True	O4 + O7 may be combined (max +8)	43	42	0.5059
CTNNB1	45	S	Y	4	71	0.0563	5	F:31|P:29|C:5|Y:4|A:2	67	4	31	position-specific	True	Supporting	1	True	O4 + O7 may be combined (max +8)	True	O4 + O7 may be combined (max +8)	40	31	0.5634
PIK3CA	1043	M	L	4	58	0.069	4	I:25|V:25|L:4|T:4	54	3	25	position-specific	True	Supporting	1	True	O4 + O7 may be combined (max +8)	True	O4 + O7 may be combined (max +8)	28	30	0.4828
PIK3CA	1043	M	T	4	58	0.069	4	I:25|V:25|L:4|T:4	54	3	25	position-specific	True	Supporting	1	True	O4 + O7 may be combined (max +8)	True	O4 + O7 may be combined (max +8)	28	30	0.4828
BRAF	469	G	E	4	61	0.0656	7	A:34|V:11|R:8|E:4|S:2|*:1|G:1	57	6	34	mixed	True	Supporting	1	True	O4 + O7 may be combined (max +8)	True	O4 + O7 may be combined (max +8)	37	24	0.6066
TP53	195	I	S	4	79	0.0506	7	T:42|F:19|N:10|S:4|M:2|I:1|K:1	75	6	42	mixed	True	Supporting	1	True	O4 + O7 may be combined (max +8)	True	O4 + O7 may be combined (max +8)	26	53	0.3291
CDKN2A	83	H	R	4	62	0.0645	5	Y:48|D:6|R:4|N:2|Q:2	58	4	48	mixed	True	Supporting	1	True	O4 + O7 may be combined (max +8)	True	O4 + O7 may be combined (max +8)	38	24	0.6129
SF3B1	625	R	L	4	59	0.0678	4	H:29|C:25|L:4|G:1	55	3	29	position-specific	True	Supporting	1	True	O4 + O7 may be combined (max +8)	True	O4 + O7 may be combined (max +8)	35	24	0.5932
EZH2	646	Y	S	4	38	0.1053	6	F:13|N:13|H:6|S:4|C:1|Y:1	34	5	13	position-specific	True	Supporting	1	True	O4 + O7 may be combined (max +8)	True	O4 + O7 may be combined (max +8)	14	24	0.3684
TP53	173	V	A	4	78	0.0513	5	L:42|M:27|A:4|G:4|E:1	74	4	42	mixed	True	Supporting	1	True	O4 + O7 may be combined (max +8)	True	O4 + O7 may be combined (max +8)	35	43	0.4487
TP53	173	V	G	4	78	0.0513	5	L:42|M:27|A:4|G:4|E:1	74	4	42	mixed	True	Supporting	1	True	O4 + O7 may be combined (max +8)	True	O4 + O7 may be combined (max +8)	35	43	0.4487
TP53	238	C	G	4	77	0.0519	6	Y:40|F:23|R:5|G:4|S:4|W:1	73	5	40	mixed	True	Supporting	1	True	O4 + O7 may be combined (max +8)	True	O4 + O7 may be combined (max +8)	35	42	0.4545
TP53	238	C	S	4	77	0.0519	6	Y:40|F:23|R:5|G:4|S:4|W:1	73	5	40	mixed	True	Supporting	1	True	O4 + O7 may be combined (max +8)	True	O4 + O7 may be combined (max +8)	35	42	0.4545
B2M	1	M	T	4	41	0.0976	6	I:11|L:11|V:9|T:4|K:3|R:3	37	5	11	position-specific	True	Supporting	1	True	O4 + O7 may be combined (max +8)	True	O4 + O7 may be combined (max +8)	15	26	0.3659
HRAS	12	G	C	4	38	0.1053	6	D:14|S:14|C:4|V:3|A:2|N:1	34	5	14	position-specific	True	Supporting	1	True	O4 + O7 may be combined (max +8)	True	O4 + O7 may be combined (max +8)	11	27	0.2895
TP53	135	C	S	4	74	0.0541	7	Y:27|F:24|R:9|*:4|S:4|W:4|G:2	70	6	27	position-specific	True	Supporting	1	True	O4 + O7 may be combined (max +8)	True	O4 + O7 may be combined (max +8)	37	37	0.5
TP53	135	C	W	4	74	0.0541	7	Y:27|F:24|R:9|*:4|S:4|W:4|G:2	70	6	27	position-specific	True	Supporting	1	True	O4 + O7 may be combined (max +8)	True	O4 + O7 may be combined (max +8)	37	37	0.5
TP53	237	M	V	4	64	0.0625	3	I:55|K:5|V:4	60	2	55	mutation-specific	True	Supporting	1	True	O4 + O7 may be combined (max +8)	True	O4 + O7 may be combined (max +8)	28	36	0.4375
RXRA	427	S	Y	4	26	0.1538	2	F:22|Y:4	22	1	22	mutation-specific	True	Supporting	1	True	O4 + O7 may be combined (max +8)	True	O4 + O7 may be combined (max +8)	0	26	0.0
TP53	157	V	G	4	77	0.0519	6	F:67|G:4|L:3|A:1|D:1|V:1	73	5	67	mutation-specific	True	Supporting	1	True	O4 + O7 may be combined (max +8)	True	O4 + O7 may be combined (max +8)	33	44	0.4286
TP53	132	K	T	4	83	0.0482	7	N:30|R:27|E:14|M:5|T:4|Q:2|*:1	79	6	30	position-specific	True	Supporting	1	True	O4 + O7 may be combined (max +8)	True	O4 + O7 may be combined (max +8)	36	47	0.4337
CDK4	24	R	C	4	23	0.1739	4	L:10|H:7|C:4|S:2	19	3	10	position-specific	True	Supporting	1	True	O4 + O7 may be combined (max +8)	True	O4 + O7 may be combined (max +8)	12	11	0.5217
TP53	242	C	W	4	59	0.0678	8	F:27|Y:12|S:9|W:4|G:3|R:2|*:1|C:1	55	7	27	position-specific	True	Supporting	1	True	O4 + O7 may be combined (max +8)	True	O4 + O7 may be combined (max +8)	24	35	0.4068
MED12	44	G	A	4	25	0.16	5	S:8|D:6|C:5|A:4|V:2	21	4	8	position-specific	True	Supporting	1	True	O4 + O7 may be combined (max +8)	False	Cap combined O4 + O7 at +4	20	5	0.8
SMAD4	537	D	E	4	30	0.1333	6	G:10|H:6|V:5|E:4|Y:4|A:1	26	5	10	position-specific	True	Supporting	1	True	O4 + O7 may be combined (max +8)	True	O4 + O7 may be combined (max +8)	21	9	0.7
SMAD4	537	D	Y	4	30	0.1333	6	G:10|H:6|V:5|E:4|Y:4|A:1	26	5	10	position-specific	True	Supporting	1	True	O4 + O7 may be combined (max +8)	True	O4 + O7 may be combined (max +8)	21	9	0.7
TP53	285	E	E	4	99	0.0404	5	K:68|*:15|V:9|E:4|Q:3	95	4	68	mixed	True	Supporting	1	True	O4 + O7 may be combined (max +8)	True	O4 + O7 may be combined (max +8)	52	47	0.5253
NFE2L2	31	G	R	4	21	0.1905	4	A:9|E:7|R:4|V:1	17	3	9	position-specific	True	Supporting	1	True	O4 + O7 may be combined (max +8)	False	Cap combined O4 + O7 at +4	11	10	0.5238
NFE2L2	81	G	V	4	19	0.2105	6	S:6|V:4|D:3|R:3|C:2|A:1	15	5	6	position-specific	True	Supporting	1	True	O4 + O7 may be combined (max +8)	False	Cap combined O4 + O7 at +4	6	13	0.3158
TP53	141	C	G	4	47	0.0851	7	Y:25|W:9|R:5|G:4|*:2|F:1|S:1	43	6	25	mixed	True	Supporting	1	True	O4 + O7 may be combined (max +8)	True	O4 + O7 may be combined (max +8)	19	28	0.4043
TP53	281	D	D	4	69	0.058	9	E:14|N:14|Y:13|H:9|V:9|D:4|G:4|A:1|P:1	65	8	14	position-specific	True	Supporting	1	True	O4 + O7 may be combined (max +8)	True	O4 + O7 may be combined (max +8)	36	33	0.5217
TP53	281	D	G	4	69	0.058	9	E:14|N:14|Y:13|H:9|V:9|D:4|G:4|A:1|P:1	65	8	14	position-specific	True	Supporting	1	True	O4 + O7 may be combined (max +8)	True	O4 + O7 may be combined (max +8)	36	33	0.5217
TP53	216	V	E	4	42	0.0952	4	M:24|L:9|G:5|E:4	38	3	24	mixed	True	Supporting	1	True	O4 + O7 may be combined (max +8)	True	O4 + O7 may be combined (max +8)	21	21	0.5
TP53	337	R	H	4	68	0.0588	6	C:36|L:20|H:4|S:4|P:3|G:1	64	5	36	mixed	True	Supporting	1	True	O4 + O7 may be combined (max +8)	True	O4 + O7 may be combined (max +8)	29	39	0.4265
TP53	337	R	S	4	68	0.0588	6	C:36|L:20|H:4|S:4|P:3|G:1	64	5	36	mixed	True	Supporting	1	True	O4 + O7 may be combined (max +8)	True	O4 + O7 may be combined (max +8)	29	39	0.4265
NFE2L2	80	T	K	4	15	0.2667	5	R:5|K:4|A:3|P:2|I:1	11	4	5	position-specific	True	Supporting	1	True	O4 + O7 may be combined (max +8)	False	Cap combined O4 + O7 at +4	4	11	0.2667
TP53	194	L	H	4	49	0.0816	4	R:30|F:12|H:4|P:3	45	3	30	mixed	True	Supporting	1	True	O4 + O7 may be combined (max +8)	True	O4 + O7 may be combined (max +8)	22	27	0.449
CDKN2A	108	D	H	4	29	0.1379	5	Y:14|N:9|H:4|G:1|V:1	25	4	14	position-specific	True	Supporting	1	True	O4 + O7 may be combined (max +8)	True	O4 + O7 may be combined (max +8)	15	14	0.5172
TP53	270	F	C	4	30	0.1333	5	L:8|V:8|S:6|C:4|I:4	26	4	8	position-specific	True	Supporting	1	True	O4 + O7 may be combined (max +8)	False	Cap combined O4 + O7 at +4	13	17	0.4333
TP53	270	F	I	4	30	0.1333	5	L:8|V:8|S:6|C:4|I:4	26	4	8	position-specific	True	Supporting	1	True	O4 + O7 may be combined (max +8)	False	Cap combined O4 + O7 at +4	13	17	0.4333
CREBBP	1503	Y	H	4	9	0.4444	5	H:4|N:2|C:1|D:1|S:1	5	4	2	position-specific	True	Supporting	1	False	Cap combined O4 + O7 at +4	False	Cap combined O4 + O7 at +4	4	5	0.4444
TP53	258	E	A	4	47	0.0851	8	*:14|K:14|D:5|A:4|G:4|Q:4|E:1|V:1	43	7	14	position-specific	True	Supporting	1	True	O4 + O7 may be combined (max +8)	True	O4 + O7 may be combined (max +8)	28	19	0.5957
TP53	258	E	G	4	47	0.0851	8	*:14|K:14|D:5|A:4|G:4|Q:4|E:1|V:1	43	7	14	position-specific	True	Supporting	1	True	O4 + O7 may be combined (max +8)	True	O4 + O7 may be combined (max +8)	28	19	0.5957
TP53	258	E	Q	4	47	0.0851	8	*:14|K:14|D:5|A:4|G:4|Q:4|E:1|V:1	43	7	14	position-specific	True	Supporting	1	True	O4 + O7 may be combined (max +8)	True	O4 + O7 may be combined (max +8)	28	19	0.5957
CDKN2A	50	Q	H	4	23	0.1739	3	*:16|H:4|R:3	19	2	16	mixed	True	Supporting	1	True	O4 + O7 may be combined (max +8)	True	O4 + O7 may be combined (max +8)	6	17	0.2609
SPOP	131	W	C	4	23	0.1739	5	G:12|C:4|L:3|S:3|R:1	19	4	12	mixed	True	Supporting	1	True	O4 + O7 may be combined (max +8)	True	O4 + O7 may be combined (max +8)	9	14	0.3913
MTOR	2500	I	M	4	10	0.4	3	F:5|M:4|N:1	6	2	5	mixed	True	Supporting	1	False	Cap combined O4 + O7 at +4	False	Cap combined O4 + O7 at +4	4	6	0.4
TP53	134	F	C	4	24	0.1667	5	L:12|V:5|C:4|I:2|S:1	20	4	12	mixed	True	Supporting	1	True	O4 + O7 may be combined (max +8)	True	O4 + O7 may be combined (max +8)	15	9	0.625
EGFR	252	R	H	4	16	0.25	3	C:9|H:4|P:3	12	2	9	mixed	True	Supporting	1	True	O4 + O7 may be combined (max +8)	False	Cap combined O4 + O7 at +4	6	10	0.375
ARID2	297	S	S	4	20	0.2	2	F:16|S:4	16	1	16	mutation-specific	True	Supporting	1	True	O4 + O7 may be combined (max +8)	True	O4 + O7 may be combined (max +8)	11	9	0.55
FBXW7	658	R	Q	4	20	0.2	3	*:15|Q:4|R:1	16	2	15	mixed	True	Supporting	1	True	O4 + O7 may be combined (max +8)	True	O4 + O7 may be combined (max +8)	6	14	0.3
CCND1	287	P	L	4	12	0.3333	5	S:5|L:4|A:1|R:1|T:1	8	4	5	position-specific	True	Supporting	1	False	Cap combined O4 + O7 at +4	False	Cap combined O4 + O7 at +4	5	7	0.4167
FOXA1	176	I	M	4	11	0.3636	2	V:7|M:4	7	1	7	mixed	True	Supporting	1	False	Cap combined O4 + O7 at +4	False	Cap combined O4 + O7 at +4	4	7	0.3636
TP53	127	S	P	4	48	0.0833	6	F:31|Y:10|P:4|C:1|S:1|T:1	44	5	31	mixed	True	Supporting	1	True	O4 + O7 may be combined (max +8)	True	O4 + O7 may be combined (max +8)	24	24	0.5
SF3B1	626	N	Y	4	8	0.5	3	Y:4|D:2|H:2	4	2	2	mixed	True	Supporting	1	False	Cap combined O4 + O7 at +4	False	Cap combined O4 + O7 at +4	1	7	0.125
ERCC2	484	T	A	4	8	0.5	2	A:4|M:4	4	1	4	mixed	True	Supporting	1	False	Cap combined O4 + O7 at +4	False	Cap combined O4 + O7 at +4	4	4	0.5
ERCC2	484	T	M	4	8	0.5	2	A:4|M:4	4	1	4	mixed	True	Supporting	1	False	Cap combined O4 + O7 at +4	False	Cap combined O4 + O7 at +4	4	4	0.5
FOXA1	247	H	Y	4	10	0.4	4	Y:4|R:3|Q:2|L:1	6	3	3	position-specific	True	Supporting	1	False	Cap combined O4 + O7 at +4	False	Cap combined O4 + O7 at +4	6	4	0.6
GNAS	227	Q	H	4	11	0.3636	3	H:4|L:4|K:3	7	2	4	position-specific	True	Supporting	1	False	Cap combined O4 + O7 at +4	False	Cap combined O4 + O7 at +4	8	3	0.7273
GNAS	227	Q	L	4	11	0.3636	3	H:4|L:4|K:3	7	2	4	position-specific	True	Supporting	1	False	Cap combined O4 + O7 at +4	False	Cap combined O4 + O7 at +4	8	3	0.7273
KIT	820	D	Y	4	11	0.3636	5	Y:4|V:3|E:2|A:1|G:1	7	4	3	position-specific	True	Supporting	1	False	Cap combined O4 + O7 at +4	False	Cap combined O4 + O7 at +4	11	0	1.0
NFE2L2	26	Q	K	4	9	0.4444	5	K:4|P:2|H:1|L:1|R:1	5	4	2	position-specific	True	Supporting	1	False	Cap combined O4 + O7 at +4	False	Cap combined O4 + O7 at +4	2	7	0.2222
FGFR4	550	V	M	4	11	0.3636	2	L:7|M:4	7	1	7	mixed	True	Supporting	1	False	Cap combined O4 + O7 at +4	False	Cap combined O4 + O7 at +4	7	4	0.6364
KRAS	59	A	G	4	12	0.3333	4	T:5|G:4|A:2|E:1	8	3	5	position-specific	True	Supporting	1	False	Cap combined O4 + O7 at +4	False	Cap combined O4 + O7 at +4	6	6	0.5
CDH1	254	D	Y	4	11	0.3636	3	N:5|Y:4|E:2	7	2	5	position-specific	True	Supporting	1	False	Cap combined O4 + O7 at +4	False	Cap combined O4 + O7 at +4	4	7	0.3636
PIK3CA	378	C	F	4	9	0.4444	3	F:4|R:3|Y:2	5	2	3	position-specific	True	Supporting	1	False	Cap combined O4 + O7 at +4	False	Cap combined O4 + O7 at +4	2	7	0.2222
FOXA1	253	M	K	4	7	0.5714	3	K:4|R:2|T:1	3	2	2	mixed	True	Supporting	1	False	Cap combined O4 + O7 at +4	False	Cap combined O4 + O7 at +4	3	4	0.4286
TCF7L2	471	R	H	4	14	0.2857	3	C:8|H:4|S:2	10	2	8	mixed	True	Supporting	1	True	O4 + O7 may be combined (max +8)	False	Cap combined O4 + O7 at +4	5	9	0.3571
MAP2K1	128	G	V	4	10	0.4	3	D:5|V:4|R:1	6	2	5	mixed	True	Supporting	1	False	Cap combined O4 + O7 at +4	False	Cap combined O4 + O7 at +4	5	5	0.5
PTEN	93	H	Y	4	12	0.3333	4	R:6|Y:4|L:1|P:1	8	3	6	mixed	True	Supporting	1	False	Cap combined O4 + O7 at +4	False	Cap combined O4 + O7 at +4	4	8	0.3333
VHL	80	S	N	4	11	0.3636	4	R:5|N:4|I:1|S:1	7	3	5	position-specific	True	Supporting	1	False	Cap combined O4 + O7 at +4	False	Cap combined O4 + O7 at +4	6	5	0.5455
ARAF	214	S	F	4	12	0.3333	6	F:4|A:3|P:2|C:1|S:1|Y:1	8	5	3	position-specific	True	Supporting	1	False	Cap combined O4 + O7 at +4	False	Cap combined O4 + O7 at +4	5	7	0.4167
MYC	74	P	L	4	12	0.3333	5	L:4|S:4|T:2|Q:1|R:1	8	4	4	position-specific	True	Supporting	1	False	Cap combined O4 + O7 at +4	False	Cap combined O4 + O7 at +4	5	7	0.4167
MYC	74	P	S	4	12	0.3333	5	L:4|S:4|T:2|Q:1|R:1	8	4	4	position-specific	True	Supporting	1	False	Cap combined O4 + O7 at +4	False	Cap combined O4 + O7 at +4	5	7	0.4167
TP53	130	L	R	4	30	0.1333	5	V:13|F:10|R:4|P:2|H:1	26	4	13	position-specific	True	Supporting	1	True	O4 + O7 may be combined (max +8)	True	O4 + O7 may be combined (max +8)	16	14	0.5333
STAT3	410	H	R	4	6	0.6667	2	R:4|P:2	2	1	2	mixed	True	Supporting	1	False	Cap combined O4 + O7 at +4	False	Cap combined O4 + O7 at +4	1	5	0.1667
SMAD4	419	G	W	4	8	0.5	3	W:4|V:3|R:1	4	2	3	mixed	True	Supporting	1	False	Cap combined O4 + O7 at +4	False	Cap combined O4 + O7 at +4	6	2	0.75
FOXA1	261	R	G	4	9	0.4444	4	G:4|C:3|H:1|S:1	5	3	3	position-specific	True	Supporting	1	False	Cap combined O4 + O7 at +4	False	Cap combined O4 + O7 at +4	6	3	0.6667
MTOR	1888	F	I	4	8	0.5	3	I:4|L:3|V:1	4	2	3	mixed	True	Supporting	1	False	Cap combined O4 + O7 at +4	False	Cap combined O4 + O7 at +4	3	5	0.375
MTOR	2427	L	Q	4	7	0.5714	2	Q:4|R:3	3	1	3	mixed	True	Supporting	1	False	Cap combined O4 + O7 at +4	False	Cap combined O4 + O7 at +4	4	3	0.5714
PTEN	27	Y	D	4	10	0.4	5	D:4|C:2|N:2|*:1|H:1	6	4	2	position-specific	True	Supporting	1	False	Cap combined O4 + O7 at +4	False	Cap combined O4 + O7 at +4	6	4	0.6
VHL	78	N	S	4	9	0.4444	4	S:4|D:2|Y:2|K:1	5	3	2	position-specific	True	Supporting	1	False	Cap combined O4 + O7 at +4	False	Cap combined O4 + O7 at +4	3	6	0.3333
AKT1	52	L	R	4	5	0.8	2	R:4|H:1	1	1	1	mutation-specific	True	Supporting	1	False	Cap combined O4 + O7 at +4	False	Cap combined O4 + O7 at +4	2	3	0.4
IL7R	395	K	R	4	12	0.3333	5	R:4|T:3|K:2|N:2|M:1	8	4	3	position-specific	True	Supporting	1	False	Cap combined O4 + O7 at +4	False	Cap combined O4 + O7 at +4	3	9	0.25
CASP8	292	R	Q	4	13	0.3077	2	W:9|Q:4	9	1	9	mixed	True	Supporting	1	False	Cap combined O4 + O7 at +4	False	Cap combined O4 + O7 at +4	6	7	0.4615
TP53	168	H	L	4	19	0.2105	4	R:12|L:4|P:2|Y:1	15	3	12	mixed	True	Supporting	1	True	O4 + O7 may be combined (max +8)	True	O4 + O7 may be combined (max +8)	10	9	0.5263
TP53	267	R	Q	4	36	0.1111	6	W:15|P:8|L:5|Q:4|G:3|R:1	32	5	15	position-specific	True	Supporting	1	True	O4 + O7 may be combined (max +8)	True	O4 + O7 may be combined (max +8)	18	18	0.5
TP53	161	A	S	4	26	0.1538	5	T:12|D:7|S:4|V:2|P:1	22	4	12	position-specific	True	Supporting	1	True	O4 + O7 may be combined (max +8)	True	O4 + O7 may be combined (max +8)	9	17	0.3462
ERCC2	72	Y	C	4	4	1.0	1	C:4	0	0	0	mutation-specific	True	Supporting	1	False	Cap combined O4 + O7 at +4	False	Cap combined O4 + O7 at +4	1	3	0.25
CTCF	226	Y	C	4	4	1.0	1	C:4	0	0	0	mutation-specific	True	Supporting	1	False	Cap combined O4 + O7 at +4	False	Cap combined O4 + O7 at +4	2	2	0.5
ERBB2	869	L	R	4	4	1.0	1	R:4	0	0	0	mutation-specific	True	Supporting	1	False	Cap combined O4 + O7 at +4	False	Cap combined O4 + O7 at +4	3	1	0.75
TP53	105	G	D	4	28	0.1429	6	C:13|V:6|D:4|R:2|S:2|G:1	24	5	13	position-specific	True	Supporting	1	True	O4 + O7 may be combined (max +8)	True	O4 + O7 may be combined (max +8)	14	14	0.5
STK11	242	G	V	4	9	0.4444	4	V:4|W:3|G:1|R:1	5	3	3	position-specific	True	Supporting	1	False	Cap combined O4 + O7 at +4	False	Cap combined O4 + O7 at +4	6	3	0.6667
PREX2	50	L	L	4	9	0.4444	2	V:5|L:4	5	1	5	mixed	True	Supporting	1	False	Cap combined O4 + O7 at +4	False	Cap combined O4 + O7 at +4	0	9	0.0
PTEN	129	G	E	4	12	0.3333	5	E:4|R:3|G:2|V:2|*:1	8	4	3	position-specific	True	Supporting	1	False	Cap combined O4 + O7 at +4	False	Cap combined O4 + O7 at +4	6	6	0.5
CDKN2A	130	L	Q	4	8	0.5	3	Q:4|R:3|V:1	4	2	3	mixed	True	Supporting	1	False	Cap combined O4 + O7 at +4	False	Cap combined O4 + O7 at +4	2	6	0.25
EGFR	363	T	I	4	7	0.5714	3	I:4|A:2|N:1	3	2	2	mixed	True	Supporting	1	False	Cap combined O4 + O7 at +4	False	Cap combined O4 + O7 at +4	2	5	0.2857
VHL	158	L	V	4	9	0.4444	4	V:4|P:3|L:1|Q:1	5	3	3	position-specific	True	Supporting	1	False	Cap combined O4 + O7 at +4	False	Cap combined O4 + O7 at +4	1	8	0.1111
VHL	86	P	S	4	9	0.4444	4	S:4|L:2|T:2|R:1	5	3	2	position-specific	True	Supporting	1	False	Cap combined O4 + O7 at +4	False	Cap combined O4 + O7 at +4	6	3	0.6667
MAP2K2	57	F	L	4	6	0.6667	2	L:4|V:2	2	1	2	mixed	True	Supporting	1	False	Cap combined O4 + O7 at +4	False	Cap combined O4 + O7 at +4	1	5	0.1667
PIM1	97	S	N	4	10	0.4	4	N:4|S:3|R:2|T:1	6	3	3	position-specific	True	Supporting	1	False	Cap combined O4 + O7 at +4	False	Cap combined O4 + O7 at +4	5	5	0.5
B2M	12	L	P	4	7	0.5714	3	P:4|Q:2|L:1	3	2	2	mixed	True	Supporting	1	False	Cap combined O4 + O7 at +4	False	Cap combined O4 + O7 at +4	3	4	0.4286
KEAP1	260	R	L	4	10	0.4	3	L:4|Q:4|*:2	6	2	4	position-specific	True	Supporting	1	False	Cap combined O4 + O7 at +4	False	Cap combined O4 + O7 at +4	4	6	0.4
KEAP1	260	R	Q	4	10	0.4	3	L:4|Q:4|*:2	6	2	4	position-specific	True	Supporting	1	False	Cap combined O4 + O7 at +4	False	Cap combined O4 + O7 at +4	4	6	0.4
EGFR	596	P	L	4	8	0.5	4	L:4|S:2|P:1|R:1	4	3	2	mixed	True	Supporting	1	False	Cap combined O4 + O7 at +4	False	Cap combined O4 + O7 at +4	1	7	0.125
EIF1AX	15	G	D	4	7	0.5714	3	D:4|G:2|V:1	3	2	2	mixed	True	Supporting	1	False	Cap combined O4 + O7 at +4	False	Cap combined O4 + O7 at +4	2	5	0.2857
MTOR	2006	V	F	4	7	0.5714	4	F:4|I:1|L:1|V:1	3	3	1	mixed	True	Supporting	1	False	Cap combined O4 + O7 at +4	False	Cap combined O4 + O7 at +4	4	3	0.5714
ERBB3	355	T	I	4	6	0.6667	3	I:4|A:1|P:1	2	2	1	mixed	True	Supporting	1	False	Cap combined O4 + O7 at +4	False	Cap combined O4 + O7 at +4	1	5	0.1667
EIF1AX	13	R	H	4	12	0.3333	5	H:4|L:4|C:2|G:1|P:1	8	4	4	position-specific	True	Supporting	1	False	Cap combined O4 + O7 at +4	False	Cap combined O4 + O7 at +4	9	3	0.75
EIF1AX	13	R	L	4	12	0.3333	5	H:4|L:4|C:2|G:1|P:1	8	4	4	position-specific	True	Supporting	1	False	Cap combined O4 + O7 at +4	False	Cap combined O4 + O7 at +4	9	3	0.75
ERBB2	776	G	V	4	6	0.6667	2	V:4|S:2	2	1	2	mixed	True	Supporting	1	False	Cap combined O4 + O7 at +4	False	Cap combined O4 + O7 at +4	1	5	0.1667
CTCF	284	H	Y	4	6	0.6667	3	Y:4|N:1|P:1	2	2	1	mixed	True	Supporting	1	False	Cap combined O4 + O7 at +4	False	Cap combined O4 + O7 at +4	3	3	0.5
SMAD4	355	D	G	4	7	0.5714	3	G:4|V:2|Y:1	3	2	2	mixed	True	Supporting	1	False	Cap combined O4 + O7 at +4	False	Cap combined O4 + O7 at +4	1	6	0.1429
IRF4	99	C	R	4	7	0.5714	3	R:4|C:2|Y:1	3	2	2	mixed	True	Supporting	1	False	Cap combined O4 + O7 at +4	False	Cap combined O4 + O7 at +4	4	3	0.5714
FGFR2	203	R	H	4	6	0.6667	2	H:4|C:2	2	1	2	mixed	True	Supporting	1	False	Cap combined O4 + O7 at +4	False	Cap combined O4 + O7 at +4	4	2	0.6667
PTEN	126	A	S	4	11	0.3636	4	S:4|D:3|V:3|G:1	7	3	3	position-specific	True	Supporting	1	False	Cap combined O4 + O7 at +4	False	Cap combined O4 + O7 at +4	6	5	0.5455
PTEN	124	C	S	4	8	0.5	4	S:4|Y:2|G:1|R:1	4	3	2	mixed	True	Supporting	1	False	Cap combined O4 + O7 at +4	False	Cap combined O4 + O7 at +4	5	3	0.625
SETD2	1666	Y	C	4	6	0.6667	3	C:4|*:1|H:1	2	2	1	mixed	True	Supporting	1	False	Cap combined O4 + O7 at +4	False	Cap combined O4 + O7 at +4	3	3	0.5
BRAF	596	G	R	4	8	0.5	5	R:4|C:1|D:1|S:1|V:1	4	4	1	mixed	True	Supporting	1	False	Cap combined O4 + O7 at +4	False	Cap combined O4 + O7 at +4	3	5	0.375
TP53	257	L	P	4	17	0.2353	5	Q:7|P:4|R:4|L:1|V:1	13	4	7	position-specific	True	Supporting	1	True	O4 + O7 may be combined (max +8)	False	Cap combined O4 + O7 at +4	11	6	0.6471
TP53	257	L	R	4	17	0.2353	5	Q:7|P:4|R:4|L:1|V:1	13	4	7	position-specific	True	Supporting	1	True	O4 + O7 may be combined (max +8)	False	Cap combined O4 + O7 at +4	11	6	0.6471
RHOA	37	T	I	4	6	0.6667	3	I:4|A:1|S:1	2	2	1	mixed	True	Supporting	1	False	Cap combined O4 + O7 at +4	False	Cap combined O4 + O7 at +4	4	2	0.6667
U2AF1	24	I	T	4	5	0.8	2	T:4|V:1	1	1	1	mutation-specific	True	Supporting	1	False	Cap combined O4 + O7 at +4	False	Cap combined O4 + O7 at +4	1	4	0.2
PTEN	155	Y	C	4	5	0.8	2	C:4|H:1	1	1	1	mutation-specific	True	Supporting	1	False	Cap combined O4 + O7 at +4	False	Cap combined O4 + O7 at +4	2	3	0.4
TP53	265	L	R	4	19	0.2105	4	P:8|L:6|R:4|M:1	15	3	8	position-specific	True	Supporting	1	True	O4 + O7 may be combined (max +8)	False	Cap combined O4 + O7 at +4	7	12	0.3684
CUL3	299	M	R	4	5	0.8	2	R:4|V:1	1	1	1	mutation-specific	True	Supporting	1	False	Cap combined O4 + O7 at +4	False	Cap combined O4 + O7 at +4	5	0	1.0
PTEN	35	M	I	4	8	0.5	3	I:4|V:3|L:1	4	2	3	mixed	True	Supporting	1	False	Cap combined O4 + O7 at +4	False	Cap combined O4 + O7 at +4	6	2	0.75
CDH1	288	D	V	4	5	0.8	2	V:4|N:1	1	1	1	mutation-specific	True	Supporting	1	False	Cap combined O4 + O7 at +4	False	Cap combined O4 + O7 at +4	0	5	0.0
EIF1AX	6	G	D	4	7	0.5714	4	D:4|C:1|R:1|S:1	3	3	1	mixed	True	Supporting	1	False	Cap combined O4 + O7 at +4	False	Cap combined O4 + O7 at +4	4	3	0.5714
DNAJB1	190	L	L	4	4	1.0	1	L:4	0	0	0	mutation-specific	True	Supporting	1	False	Cap combined O4 + O7 at +4	False	Cap combined O4 + O7 at +4	0	4	0.0
RAD50	69	D	Y	4	6	0.6667	2	Y:4|N:2	2	1	2	mixed	True	Supporting	1	False	Cap combined O4 + O7 at +4	False	Cap combined O4 + O7 at +4	2	4	0.3333
ERCC2	463	P	L	4	6	0.6667	3	L:4|Q:1|S:1	2	2	1	mixed	True	Supporting	1	False	Cap combined O4 + O7 at +4	False	Cap combined O4 + O7 at +4	2	4	0.3333
SMARCA4	1135	R	Q	4	9	0.4444	2	W:5|Q:4	5	1	5	mixed	True	Supporting	1	False	Cap combined O4 + O7 at +4	False	Cap combined O4 + O7 at +4	3	6	0.3333
VHL	114	G	A	4	7	0.5714	3	A:4|R:2|C:1	3	2	2	mixed	True	Supporting	1	False	Cap combined O4 + O7 at +4	False	Cap combined O4 + O7 at +4	1	6	0.1429
PDGFRA	659	N	K	4	6	0.6667	3	K:4|S:1|Y:1	2	2	1	mixed	True	Supporting	1	False	Cap combined O4 + O7 at +4	False	Cap combined O4 + O7 at +4	4	2	0.6667
ERCC2	606	E	Q	4	6	0.6667	2	Q:4|G:2	2	1	2	mixed	True	Supporting	1	False	Cap combined O4 + O7 at +4	False	Cap combined O4 + O7 at +4	3	3	0.5
PIK3CA	939	D	G	4	4	1.0	1	G:4	0	0	0	mutation-specific	True	Supporting	1	False	Cap combined O4 + O7 at +4	False	Cap combined O4 + O7 at +4	0	4	0.0
SOX17	96	A	G	4	4	1.0	1	G:4	0	0	0	mutation-specific	True	Supporting	1	False	Cap combined O4 + O7 at +4	False	Cap combined O4 + O7 at +4	1	3	0.25
TP53	111	L	Q	4	18	0.2222	4	P:7|R:6|Q:4|M:1	14	3	7	position-specific	True	Supporting	1	True	O4 + O7 may be combined (max +8)	False	Cap combined O4 + O7 at +4	5	13	0.2778
FOXA1	226	D	G	4	9	0.4444	2	N:5|G:4	5	1	5	mixed	True	Supporting	1	False	Cap combined O4 + O7 at +4	False	Cap combined O4 + O7 at +4	2	7	0.2222
PIM1	24	K	N	4	7	0.5714	2	N:4|K:3	3	1	3	mixed	True	Supporting	1	False	Cap combined O4 + O7 at +4	False	Cap combined O4 + O7 at +4	3	4	0.4286
KRAS	33	D	E	4	4	1.0	1	E:4	0	0	0	mutation-specific	True	Supporting	1	False	Cap combined O4 + O7 at +4	False	Cap combined O4 + O7 at +4	3	1	0.75
KDR	1037	S	L	4	11	0.3636	3	S:6|L:4|T:1	7	2	6	mixed	True	Supporting	1	False	Cap combined O4 + O7 at +4	False	Cap combined O4 + O7 at +4	4	7	0.3636
PIK3CA	1065	H	Y	4	5	0.8	2	Y:4|L:1	1	1	1	mutation-specific	True	Supporting	1	False	Cap combined O4 + O7 at +4	False	Cap combined O4 + O7 at +4	4	1	0.8
DIS3	767	L	F	4	4	1.0	1	F:4	0	0	0	mutation-specific	True	Supporting	1	False	Cap combined O4 + O7 at +4	False	Cap combined O4 + O7 at +4	1	3	0.25
HIST1H3B	51	E	K	4	12	0.3333	4	K:4|E:3|Q:3|D:2	8	3	3	position-specific	True	Supporting	1	False	Cap combined O4 + O7 at +4	False	Cap combined O4 + O7 at +4	5	7	0.4167
EIF1AX	2	P	L	4	7	0.5714	3	L:4|S:2|P:1	3	2	2	mixed	True	Supporting	1	False	Cap combined O4 + O7 at +4	False	Cap combined O4 + O7 at +4	5	2	0.7143
VHL	115	H	N	4	7	0.5714	3	N:4|Y:2|Q:1	3	2	2	mixed	True	Supporting	1	False	Cap combined O4 + O7 at +4	False	Cap combined O4 + O7 at +4	2	5	0.2857
ERBB2	277	D	Y	4	8	0.5	4	Y:4|H:2|G:1|V:1	4	3	2	mixed	True	Supporting	1	False	Cap combined O4 + O7 at +4	False	Cap combined O4 + O7 at +4	5	3	0.625
EPHB1	743	R	W	4	9	0.4444	3	W:4|Q:3|R:2	5	2	3	position-specific	True	Supporting	1	False	Cap combined O4 + O7 at +4	False	Cap combined O4 + O7 at +4	5	4	0.5556
ERBB2	862	T	A	4	4	1.0	1	A:4	0	0	0	mutation-specific	True	Supporting	1	False	Cap combined O4 + O7 at +4	False	Cap combined O4 + O7 at +4	1	3	0.25
MTOR	1971	A	T	4	6	0.6667	3	T:4|P:1|S:1	2	2	1	mixed	True	Supporting	1	False	Cap combined O4 + O7 at +4	False	Cap combined O4 + O7 at +4	3	3	0.5
CDKN2A	12	S	L	4	12	0.3333	2	*:8|L:4	8	1	8	mixed	True	Supporting	1	False	Cap combined O4 + O7 at +4	False	Cap combined O4 + O7 at +4	9	3	0.75
ERBB3	219	F	L	4	5	0.8	2	L:4|C:1	1	1	1	mutation-specific	True	Supporting	1	False	Cap combined O4 + O7 at +4	False	Cap combined O4 + O7 at +4	3	2	0.6
MTOR	1460	L	P	4	4	1.0	1	P:4	0	0	0	mutation-specific	True	Supporting	1	False	Cap combined O4 + O7 at +4	False	Cap combined O4 + O7 at +4	2	2	0.5
CRLF2	128	S	L	4	7	0.5714	2	L:4|S:3	3	1	3	mixed	True	Supporting	1	False	Cap combined O4 + O7 at +4	False	Cap combined O4 + O7 at +4	4	3	0.5714
KEAP1	333	G	C	4	7	0.5714	3	C:4|S:2|F:1	3	2	2	mixed	True	Supporting	1	False	Cap combined O4 + O7 at +4	False	Cap combined O4 + O7 at +4	4	3	0.5714
KMT2D	5432	R	W	4	8	0.5	3	W:4|Q:3|R:1	4	2	3	mixed	True	Supporting	1	False	Cap combined O4 + O7 at +4	False	Cap combined O4 + O7 at +4	5	3	0.625
KEAP1	417	G	V	4	7	0.5714	4	V:4|E:1|R:1|W:1	3	3	1	mixed	True	Supporting	1	False	Cap combined O4 + O7 at +4	False	Cap combined O4 + O7 at +4	2	5	0.2857
MYC	7	V	M	4	4	1.0	1	M:4	0	0	0	mutation-specific	True	Supporting	1	False	Cap combined O4 + O7 at +4	False	Cap combined O4 + O7 at +4	1	3	0.25
PTEN	61	H	R	4	6	0.6667	3	R:4|N:1|Y:1	2	2	1	mixed	True	Supporting	1	False	Cap combined O4 + O7 at +4	False	Cap combined O4 + O7 at +4	4	2	0.6667
EP300	1455	Q	H	4	6	0.6667	3	H:4|Q:1|R:1	2	2	1	mixed	True	Supporting	1	False	Cap combined O4 + O7 at +4	False	Cap combined O4 + O7 at +4	3	3	0.5
MTOR	1459	A	D	4	6	0.6667	3	D:4|P:1|V:1	2	2	1	mixed	True	Supporting	1	False	Cap combined O4 + O7 at +4	False	Cap combined O4 + O7 at +4	5	1	0.8333
INPPL1	70	R	H	4	4	1.0	1	H:4	0	0	0	mutation-specific	True	Supporting	1	False	Cap combined O4 + O7 at +4	False	Cap combined O4 + O7 at +4	0	4	0.0
ARID1B	966	G	D	4	4	1.0	1	D:4	0	0	0	mutation-specific	True	Supporting	1	False	Cap combined O4 + O7 at +4	False	Cap combined O4 + O7 at +4	0	4	0.0
ERBB2	733	T	I	4	4	1.0	1	I:4	0	0	0	mutation-specific	True	Supporting	1	False	Cap combined O4 + O7 at +4	False	Cap combined O4 + O7 at +4	2	2	0.5
TP53	232	I	S	4	14	0.2857	5	S:4|F:3|N:3|T:3|I:1	10	4	3	position-specific	True	Supporting	1	True	O4 + O7 may be combined (max +8)	False	Cap combined O4 + O7 at +4	4	10	0.2857
PIM1	79	E	D	4	6	0.6667	2	D:4|E:2	2	1	2	mixed	True	Supporting	1	False	Cap combined O4 + O7 at +4	False	Cap combined O4 + O7 at +4	3	3	0.5
KEAP1	155	V	F	4	5	0.8	2	F:4|A:1	1	1	1	mutation-specific	True	Supporting	1	False	Cap combined O4 + O7 at +4	False	Cap combined O4 + O7 at +4	2	3	0.4
FGFR3	8	L	L	4	4	1.0	1	L:4	0	0	0	mutation-specific	True	Supporting	1	False	Cap combined O4 + O7 at +4	False	Cap combined O4 + O7 at +4	4	0	1.0
CARD11	626	E	K	4	6	0.6667	3	K:4|*:1|Q:1	2	2	1	mixed	True	Supporting	1	False	Cap combined O4 + O7 at +4	False	Cap combined O4 + O7 at +4	2	4	0.3333
SMAD3	268	R	H	4	11	0.3636	2	C:7|H:4	7	1	7	mixed	True	Supporting	1	False	Cap combined O4 + O7 at +4	False	Cap combined O4 + O7 at +4	5	6	0.4545
HNF1A	27	I	L	4	4	1.0	1	L:4	0	0	0	mutation-specific	True	Supporting	1	False	Cap combined O4 + O7 at +4	False	Cap combined O4 + O7 at +4	0	4	0.0
PRDM14	505	R	H	4	6	0.6667	2	H:4|C:2	2	1	2	mixed	True	Supporting	1	False	Cap combined O4 + O7 at +4	False	Cap combined O4 + O7 at +4	0	6	0.0
ETV6	284	S	S	4	6	0.6667	2	S:4|F:2	2	1	2	mixed	True	Supporting	1	False	Cap combined O4 + O7 at +4	False	Cap combined O4 + O7 at +4	2	4	0.3333
PIK3CA	357	R	Q	4	7	0.5714	4	Q:4|*:1|G:1|L:1	3	3	1	mixed	True	Supporting	1	False	Cap combined O4 + O7 at +4	False	Cap combined O4 + O7 at +4	3	4	0.4286
PTPN11	461	A	T	4	5	0.8	2	T:4|G:1	1	1	1	mutation-specific	True	Supporting	1	False	Cap combined O4 + O7 at +4	False	Cap combined O4 + O7 at +4	2	3	0.4
PTEN	251	G	V	4	6	0.6667	3	V:4|A:1|D:1	2	2	1	mixed	True	Supporting	1	False	Cap combined O4 + O7 at +4	False	Cap combined O4 + O7 at +4	2	4	0.3333
RPS6KA4	629	R	C	4	7	0.5714	3	C:4|H:2|R:1	3	2	2	mixed	True	Supporting	1	False	Cap combined O4 + O7 at +4	False	Cap combined O4 + O7 at +4	4	3	0.5714
ERBB2	697	V	L	4	4	1.0	1	L:4	0	0	0	mutation-specific	True	Supporting	1	False	Cap combined O4 + O7 at +4	False	Cap combined O4 + O7 at +4	3	1	0.75
PTPRS	398	Y	Y	4	4	1.0	1	Y:4	0	0	0	mutation-specific	True	Supporting	1	False	Cap combined O4 + O7 at +4	False	Cap combined O4 + O7 at +4	2	2	0.5
KEAP1	601	R	L	4	6	0.6667	2	L:4|W:2	2	1	2	mixed	True	Supporting	1	False	Cap combined O4 + O7 at +4	False	Cap combined O4 + O7 at +4	5	1	0.8333
MEF2B	4	K	E	4	4	1.0	1	E:4	0	0	0	mutation-specific	True	Supporting	1	False	Cap combined O4 + O7 at +4	False	Cap combined O4 + O7 at +4	3	1	0.75
PIK3CD	894	R	R	4	5	0.8	2	R:4|Q:1	1	1	1	mutation-specific	True	Supporting	1	False	Cap combined O4 + O7 at +4	False	Cap combined O4 + O7 at +4	1	4	0.2
ERBB4	1102	F	C	4	5	0.8	2	C:4|F:1	1	1	1	mutation-specific	True	Supporting	1	False	Cap combined O4 + O7 at +4	False	Cap combined O4 + O7 at +4	2	3	0.4
FGFR2	253	P	R	4	6	0.6667	2	R:4|L:2	2	1	2	mixed	True	Supporting	1	False	Cap combined O4 + O7 at +4	False	Cap combined O4 + O7 at +4	2	4	0.3333
ERBB2	293	A	T	4	6	0.6667	3	T:4|P:1|V:1	2	2	1	mixed	True	Supporting	1	False	Cap combined O4 + O7 at +4	False	Cap combined O4 + O7 at +4	5	1	0.8333
PTPRS	1492	R	W	4	8	0.5	3	W:4|Q:3|R:1	4	2	3	mixed	True	Supporting	1	False	Cap combined O4 + O7 at +4	False	Cap combined O4 + O7 at +4	4	4	0.5
HIST1H1C	115	E	K	4	4	1.0	1	K:4	0	0	0	mutation-specific	True	Supporting	1	False	Cap combined O4 + O7 at +4	False	Cap combined O4 + O7 at +4	3	1	0.75
PTEN	101	I	T	4	4	1.0	1	T:4	0	0	0	mutation-specific	True	Supporting	1	False	Cap combined O4 + O7 at +4	False	Cap combined O4 + O7 at +4	2	2	0.5
PIM1	7	N	N	4	4	1.0	1	N:4	0	0	0	mutation-specific	True	Supporting	1	False	Cap combined O4 + O7 at +4	False	Cap combined O4 + O7 at +4	1	3	0.25
PMS2	651	K	R	4	4	1.0	1	R:4	0	0	0	mutation-specific	True	Supporting	1	False	Cap combined O4 + O7 at +4	False	Cap combined O4 + O7 at +4	0	4	0.0
SMARCA4	1157	R	W	4	7	0.5714	2	W:4|Q:3	3	1	3	mixed	True	Supporting	1	False	Cap combined O4 + O7 at +4	False	Cap combined O4 + O7 at +4	3	4	0.4286
NOTCH1	471	I	T	4	4	1.0	1	T:4	0	0	0	mutation-specific	True	Supporting	1	False	Cap combined O4 + O7 at +4	False	Cap combined O4 + O7 at +4	3	1	0.75
STK11	196	G	V	4	6	0.6667	3	V:4|G:1|R:1	2	2	1	mixed	True	Supporting	1	False	Cap combined O4 + O7 at +4	False	Cap combined O4 + O7 at +4	5	1	0.8333
BRAF	600	V	G	3	897	0.0033	6	E:833|M:29|K:24|R:4|V:4|G:3	894	5	833	mutation-specific	True	Supporting	1	True	O4 + O7 may be combined (max +8)	True	O4 + O7 may be combined (max +8)	287	610	0.32
KRAS	13	G	E	3	264	0.0114	7	D:214|C:32|G:6|V:6|E:3|R:2|A:1	261	6	214	mutation-specific	True	Supporting	1	True	O4 + O7 may be combined (max +8)	True	O4 + O7 may be combined (max +8)	161	103	0.6098
PIK3CA	542	E	V	3	372	0.0081	5	K:356|A:6|Q:5|V:3|G:2	369	4	356	mutation-specific	True	Supporting	1	True	O4 + O7 may be combined (max +8)	True	O4 + O7 may be combined (max +8)	207	165	0.5565
GNAS	201	R	S	3	139	0.0216	4	H:69|C:65|S:3|L:2	136	3	69	position-specific	True	Supporting	1	True	O4 + O7 may be combined (max +8)	True	O4 + O7 may be combined (max +8)	90	49	0.6475
PIK3CA	345	N	H	3	98	0.0306	7	K:79|I:7|T:4|H:3|Y:3|D:1|N:1	95	6	79	mutation-specific	True	Supporting	1	True	O4 + O7 may be combined (max +8)	True	O4 + O7 may be combined (max +8)	51	47	0.5204
PIK3CA	345	N	Y	3	98	0.0306	7	K:79|I:7|T:4|H:3|Y:3|D:1|N:1	95	6	79	mutation-specific	True	Supporting	1	True	O4 + O7 may be combined (max +8)	True	O4 + O7 may be combined (max +8)	51	47	0.5204
TP53	220	Y	N	3	152	0.0197	6	C:127|S:8|H:6|*:4|D:4|N:3	149	5	127	mutation-specific	True	Supporting	1	True	O4 + O7 may be combined (max +8)	True	O4 + O7 may be combined (max +8)	61	91	0.4013
TP53	245	G	A	3	242	0.0124	7	S:128|D:50|V:31|C:22|R:7|A:3|N:1	239	6	128	mixed	True	Supporting	1	True	O4 + O7 may be combined (max +8)	True	O4 + O7 may be combined (max +8)	122	120	0.5041
TP53	282	R	Q	3	219	0.0137	6	W:201|G:9|P:4|Q:3|L:1|R:1	216	5	201	mutation-specific	True	Supporting	1	True	O4 + O7 may be combined (max +8)	True	O4 + O7 may be combined (max +8)	105	114	0.4795
CTNNB1	32	D	A	3	81	0.037	6	Y:22|N:18|G:16|V:16|H:6|A:3	78	5	22	position-specific	True	Supporting	1	True	O4 + O7 may be combined (max +8)	True	O4 + O7 may be combined (max +8)	27	54	0.3333
SMAD4	361	R	G	3	124	0.0242	6	H:60|C:54|S:4|G:3|L:2|P:1	121	5	60	position-specific	True	Supporting	1	True	O4 + O7 may be combined (max +8)	True	O4 + O7 may be combined (max +8)	73	51	0.5887
TP53	179	H	P	3	149	0.0201	7	R:63|Y:41|L:14|Q:12|D:8|N:8|P:3	146	6	63	position-specific	True	Supporting	1	True	O4 + O7 may be combined (max +8)	True	O4 + O7 may be combined (max +8)	56	93	0.3758
NRAS	12	G	R	3	74	0.0405	6	D:41|C:11|S:8|A:6|V:5|R:3	71	5	41	mixed	True	Supporting	1	True	O4 + O7 may be combined (max +8)	True	O4 + O7 may be combined (max +8)	35	39	0.473
TP53	163	Y	D	3	79	0.038	5	C:54|H:11|N:9|D:3|*:2	76	4	54	mixed	True	Supporting	1	True	O4 + O7 may be combined (max +8)	True	O4 + O7 may be combined (max +8)	34	45	0.4304
ERBB2	755	L	M	3	44	0.0682	6	S:31|P:5|M:3|A:2|L:2|W:1	41	5	31	mixed	True	Supporting	1	True	O4 + O7 may be combined (max +8)	True	O4 + O7 may be combined (max +8)	28	16	0.6364
HRAS	13	G	C	3	50	0.06	7	R:22|V:15|D:6|C:3|S:2|I:1|N:1	47	6	22	position-specific	True	Supporting	1	True	O4 + O7 may be combined (max +8)	True	O4 + O7 may be combined (max +8)	15	35	0.3
TP53	234	Y	S	3	68	0.0441	6	C:42|H:9|*:6|N:6|S:3|D:2	65	5	42	mixed	True	Supporting	1	True	O4 + O7 may be combined (max +8)	True	O4 + O7 may be combined (max +8)	33	35	0.4853
NRAS	13	G	S	3	41	0.0732	6	R:18|D:16|S:3|C:2|F:1|V:1	38	5	18	position-specific	True	Supporting	1	True	O4 + O7 may be combined (max +8)	True	O4 + O7 may be combined (max +8)	17	24	0.4146
TP53	205	Y	D	3	61	0.0492	7	C:35|H:8|F:6|S:6|D:3|N:2|*:1	58	6	35	mixed	True	Supporting	1	True	O4 + O7 may be combined (max +8)	True	O4 + O7 may be combined (max +8)	22	39	0.3607
B2M	1	M	K	3	41	0.0732	6	I:11|L:11|V:9|T:4|K:3|R:3	38	5	11	position-specific	True	Supporting	1	True	O4 + O7 may be combined (max +8)	True	O4 + O7 may be combined (max +8)	15	26	0.3659
B2M	1	M	R	3	41	0.0732	6	I:11|L:11|V:9|T:4|K:3|R:3	38	5	11	position-specific	True	Supporting	1	True	O4 + O7 may be combined (max +8)	True	O4 + O7 may be combined (max +8)	15	26	0.3659
HRAS	12	G	V	3	38	0.0789	6	D:14|S:14|C:4|V:3|A:2|N:1	35	5	14	position-specific	True	Supporting	1	True	O4 + O7 may be combined (max +8)	True	O4 + O7 may be combined (max +8)	11	27	0.2895
TP53	275	C	W	3	70	0.0429	7	F:25|Y:24|R:7|S:6|*:3|W:3|G:2	67	6	25	position-specific	True	Supporting	1	True	O4 + O7 may be combined (max +8)	True	O4 + O7 may be combined (max +8)	27	43	0.3857
TP53	278	P	F	3	100	0.03	7	S:37|L:17|A:13|R:12|T:12|H:6|F:3	97	6	37	position-specific	True	Supporting	1	True	O4 + O7 may be combined (max +8)	True	O4 + O7 may be combined (max +8)	51	49	0.51
SPOP	133	F	I	3	67	0.0448	5	L:32|V:19|C:8|S:5|I:3	64	4	32	position-specific	True	Supporting	1	True	O4 + O7 may be combined (max +8)	True	O4 + O7 may be combined (max +8)	33	34	0.4925
TP53	241	S	S	3	97	0.0309	7	F:51|C:19|Y:15|P:6|S:3|A:2|T:1	94	6	51	mixed	True	Supporting	1	True	O4 + O7 may be combined (max +8)	True	O4 + O7 may be combined (max +8)	45	52	0.4639
EGFR	719	G	D	3	33	0.0909	4	A:18|C:7|S:5|D:3	30	3	18	mixed	True	Supporting	1	True	O4 + O7 may be combined (max +8)	True	O4 + O7 may be combined (max +8)	23	10	0.697
FGFR2	549	N	H	3	26	0.1154	4	K:21|H:3|S:1|T:1	23	3	21	mutation-specific	True	Supporting	1	True	O4 + O7 may be combined (max +8)	True	O4 + O7 may be combined (max +8)	12	14	0.4615
TP53	157	V	L	3	77	0.039	6	F:67|G:4|L:3|A:1|D:1|V:1	74	5	67	mutation-specific	True	Supporting	1	True	O4 + O7 may be combined (max +8)	True	O4 + O7 may be combined (max +8)	33	44	0.4286
TP53	272	V	E	3	66	0.0455	7	M:34|L:20|G:5|E:3|K:2|A:1|V:1	63	6	34	mixed	True	Supporting	1	True	O4 + O7 may be combined (max +8)	True	O4 + O7 may be combined (max +8)	31	35	0.4697
FLT3	835	D	E	3	17	0.1765	4	Y:11|E:3|H:2|V:1	14	3	11	mixed	True	Supporting	1	True	O4 + O7 may be combined (max +8)	True	O4 + O7 may be combined (max +8)	0	17	0.0
BRAF	581	N	I	3	21	0.1429	6	S:13|I:3|T:2|D:1|H:1|Y:1	18	5	13	mixed	True	Supporting	1	True	O4 + O7 may be combined (max +8)	True	O4 + O7 may be combined (max +8)	10	11	0.4762
BRAF	466	G	A	3	34	0.0882	3	V:17|E:14|A:3	31	2	17	mixed	True	Supporting	1	True	O4 + O7 may be combined (max +8)	True	O4 + O7 may be combined (max +8)	15	19	0.4412
TP53	242	C	G	3	59	0.0508	8	F:27|Y:12|S:9|W:4|G:3|R:2|*:1|C:1	56	7	27	position-specific	True	Supporting	1	True	O4 + O7 may be combined (max +8)	True	O4 + O7 may be combined (max +8)	24	35	0.4068
NFE2L2	82	E	A	3	21	0.1429	4	D:13|A:3|G:3|Q:2	18	3	13	mixed	True	Supporting	1	True	O4 + O7 may be combined (max +8)	True	O4 + O7 may be combined (max +8)	7	14	0.3333
NFE2L2	82	E	G	3	21	0.1429	4	D:13|A:3|G:3|Q:2	18	3	13	mixed	True	Supporting	1	True	O4 + O7 may be combined (max +8)	True	O4 + O7 may be combined (max +8)	7	14	0.3333
PIK3CA	108	R	L	3	29	0.1034	3	H:25|L:3|S:1	26	2	25	mutation-specific	True	Supporting	1	True	O4 + O7 may be combined (max +8)	True	O4 + O7 may be combined (max +8)	12	17	0.4138
RHOA	42	Y	S	3	19	0.1579	4	C:14|S:3|F:1|I:1	16	3	14	mixed	True	Supporting	1	True	O4 + O7 may be combined (max +8)	True	O4 + O7 may be combined (max +8)	4	15	0.2105
ERBB2	777	V	M	3	20	0.15	2	L:17|M:3	17	1	17	mutation-specific	True	Supporting	1	True	O4 + O7 may be combined (max +8)	True	O4 + O7 may be combined (max +8)	10	10	0.5
CTNNB1	335	K	T	3	19	0.1579	2	I:16|T:3	16	1	16	mutation-specific	True	Supporting	1	True	O4 + O7 may be combined (max +8)	True	O4 + O7 may be combined (max +8)	8	11	0.4211
TP53	285	E	Q	3	99	0.0303	5	K:68|*:15|V:9|E:4|Q:3	96	4	68	mixed	True	Supporting	1	True	O4 + O7 may be combined (max +8)	True	O4 + O7 may be combined (max +8)	52	47	0.5253
TP53	286	E	V	3	73	0.0411	6	K:41|*:14|Q:7|G:6|V:3|A:2	70	5	41	mixed	True	Supporting	1	True	O4 + O7 may be combined (max +8)	True	O4 + O7 may be combined (max +8)	35	38	0.4795
NFE2L2	81	G	D	3	19	0.1579	6	S:6|V:4|D:3|R:3|C:2|A:1	16	5	6	position-specific	True	Supporting	1	True	O4 + O7 may be combined (max +8)	False	Cap combined O4 + O7 at +4	6	13	0.3158
NFE2L2	81	G	R	3	19	0.1579	6	S:6|V:4|D:3|R:3|C:2|A:1	16	5	6	position-specific	True	Supporting	1	True	O4 + O7 may be combined (max +8)	False	Cap combined O4 + O7 at +4	6	13	0.3158
SMAD4	386	G	S	3	22	0.1364	6	D:9|V:6|S:3|R:2|A:1|C:1	19	5	9	position-specific	True	Supporting	1	True	O4 + O7 may be combined (max +8)	False	Cap combined O4 + O7 at +4	8	14	0.3636
TP53	337	R	P	3	68	0.0441	6	C:36|L:20|H:4|S:4|P:3|G:1	65	5	36	mixed	True	Supporting	1	True	O4 + O7 may be combined (max +8)	True	O4 + O7 may be combined (max +8)	29	39	0.4265
PTPN11	72	A	D	3	18	0.1667	5	T:6|V:6|D:3|G:2|S:1	15	4	6	position-specific	True	Supporting	1	True	O4 + O7 may be combined (max +8)	False	Cap combined O4 + O7 at +4	10	8	0.5556
TP53	126	Y	S	3	33	0.0909	6	C:11|D:8|*:7|S:3|H:2|N:2	30	5	11	position-specific	True	Supporting	1	True	O4 + O7 may be combined (max +8)	True	O4 + O7 may be combined (max +8)	14	19	0.4242
NFE2L2	80	T	A	3	15	0.2	5	R:5|K:4|A:3|P:2|I:1	12	4	5	position-specific	True	Supporting	1	True	O4 + O7 may be combined (max +8)	False	Cap combined O4 + O7 at +4	4	11	0.2667
ESR1	536	L	P	3	14	0.2143	5	H:6|P:3|L:2|R:2|Q:1	11	4	6	position-specific	True	Supporting	1	True	O4 + O7 may be combined (max +8)	False	Cap combined O4 + O7 at +4	14	0	1.0
SF3B1	902	E	Q	3	17	0.1765	3	K:13|Q:3|G:1	14	2	13	mixed	True	Supporting	1	True	O4 + O7 may be combined (max +8)	True	O4 + O7 may be combined (max +8)	8	9	0.4706
PIK3CA	1021	Y	H	3	14	0.2143	2	C:11|H:3	11	1	11	mixed	True	Supporting	1	True	O4 + O7 may be combined (max +8)	True	O4 + O7 may be combined (max +8)	5	9	0.3571
TP53	194	L	P	3	49	0.0612	4	R:30|F:12|H:4|P:3	46	3	30	mixed	True	Supporting	1	True	O4 + O7 may be combined (max +8)	True	O4 + O7 may be combined (max +8)	22	27	0.449
PPP2R1A	256	S	Y	3	14	0.2143	2	F:11|Y:3	11	1	11	mixed	True	Supporting	1	True	O4 + O7 may be combined (max +8)	True	O4 + O7 may be combined (max +8)	8	6	0.5714
SMAD4	351	D	G	3	20	0.15	6	Y:6|N:5|G:3|H:3|V:2|A:1	17	5	6	position-specific	True	Supporting	1	True	O4 + O7 may be combined (max +8)	False	Cap combined O4 + O7 at +4	12	8	0.6
SMAD4	351	D	H	3	20	0.15	6	Y:6|N:5|G:3|H:3|V:2|A:1	17	5	6	position-specific	True	Supporting	1	True	O4 + O7 may be combined (max +8)	False	Cap combined O4 + O7 at +4	12	8	0.6
KIT	559	V	G	3	14	0.2143	3	A:6|D:5|G:3	11	2	6	position-specific	True	Supporting	1	True	O4 + O7 may be combined (max +8)	False	Cap combined O4 + O7 at +4	10	4	0.7143
CDKN2A	84	D	G	3	26	0.1154	6	N:12|Y:6|G:3|V:3|A:1|D:1	23	5	12	position-specific	True	Supporting	1	True	O4 + O7 may be combined (max +8)	True	O4 + O7 may be combined (max +8)	14	12	0.5385
CDKN2A	84	D	V	3	26	0.1154	6	N:12|Y:6|G:3|V:3|A:1|D:1	23	5	12	position-specific	True	Supporting	1	True	O4 + O7 may be combined (max +8)	True	O4 + O7 may be combined (max +8)	14	12	0.5385
TGFBR2	553	R	L	3	23	0.1304	4	H:10|C:9|L:3|G:1	20	3	10	position-specific	True	Supporting	1	True	O4 + O7 may be combined (max +8)	True	O4 + O7 may be combined (max +8)	12	11	0.5217
MTOR	1977	T	I	3	14	0.2143	4	K:7|I:3|R:3|S:1	11	3	7	mixed	True	Supporting	1	True	O4 + O7 may be combined (max +8)	False	Cap combined O4 + O7 at +4	9	5	0.6429
MTOR	1977	T	R	3	14	0.2143	4	K:7|I:3|R:3|S:1	11	3	7	mixed	True	Supporting	1	True	O4 + O7 may be combined (max +8)	False	Cap combined O4 + O7 at +4	9	5	0.6429
CDKN2A	50	Q	R	3	23	0.1304	3	*:16|H:4|R:3	20	2	16	mixed	True	Supporting	1	True	O4 + O7 may be combined (max +8)	True	O4 + O7 may be combined (max +8)	6	17	0.2609
SPOP	131	W	L	3	23	0.1304	5	G:12|C:4|L:3|S:3|R:1	20	4	12	mixed	True	Supporting	1	True	O4 + O7 may be combined (max +8)	True	O4 + O7 may be combined (max +8)	9	14	0.3913
SPOP	131	W	S	3	23	0.1304	5	G:12|C:4|L:3|S:3|R:1	20	4	12	mixed	True	Supporting	1	True	O4 + O7 may be combined (max +8)	True	O4 + O7 may be combined (max +8)	9	14	0.3913
SPOP	87	Y	S	3	14	0.2143	4	N:8|S:3|C:2|D:1	11	3	8	mixed	True	Supporting	1	True	O4 + O7 may be combined (max +8)	False	Cap combined O4 + O7 at +4	5	9	0.3571
PIK3CB	1067	D	Y	3	13	0.2308	4	V:8|Y:3|A:1|H:1	10	3	8	mixed	True	Supporting	1	True	O4 + O7 may be combined (max +8)	False	Cap combined O4 + O7 at +4	6	7	0.4615
SF3B1	666	K	N	3	13	0.2308	5	T:5|N:3|E:2|M:2|Q:1	10	4	5	position-specific	True	Supporting	1	True	O4 + O7 may be combined (max +8)	False	Cap combined O4 + O7 at +4	4	9	0.3077
KIT	557	W	G	3	12	0.25	4	R:6|G:3|S:2|C:1	9	3	6	mixed	True	Supporting	1	False	Cap combined O4 + O7 at +4	False	Cap combined O4 + O7 at +4	8	4	0.6667
EGFR	252	R	P	3	16	0.1875	3	C:9|H:4|P:3	13	2	9	mixed	True	Supporting	1	True	O4 + O7 may be combined (max +8)	False	Cap combined O4 + O7 at +4	6	10	0.375
TP53	246	M	K	3	37	0.0811	6	V:16|I:10|K:3|L:3|T:3|R:2	34	5	16	position-specific	True	Supporting	1	True	O4 + O7 may be combined (max +8)	True	O4 + O7 may be combined (max +8)	23	14	0.6216
TP53	246	M	L	3	37	0.0811	6	V:16|I:10|K:3|L:3|T:3|R:2	34	5	16	position-specific	True	Supporting	1	True	O4 + O7 may be combined (max +8)	True	O4 + O7 may be combined (max +8)	23	14	0.6216
TP53	246	M	T	3	37	0.0811	6	V:16|I:10|K:3|L:3|T:3|R:2	34	5	16	position-specific	True	Supporting	1	True	O4 + O7 may be combined (max +8)	True	O4 + O7 may be combined (max +8)	23	14	0.6216
PTEN	132	G	A	3	17	0.1765	4	D:8|A:3|S:3|V:3	14	3	8	position-specific	True	Supporting	1	True	O4 + O7 may be combined (max +8)	False	Cap combined O4 + O7 at +4	8	9	0.4706
PTEN	132	G	S	3	17	0.1765	4	D:8|A:3|S:3|V:3	14	3	8	position-specific	True	Supporting	1	True	O4 + O7 may be combined (max +8)	False	Cap combined O4 + O7 at +4	8	9	0.4706
PTEN	132	G	V	3	17	0.1765	4	D:8|A:3|S:3|V:3	14	3	8	position-specific	True	Supporting	1	True	O4 + O7 may be combined (max +8)	False	Cap combined O4 + O7 at +4	8	9	0.4706
CCND1	44	Y	D	3	8	0.375	6	D:3|*:1|C:1|F:1|H:1|S:1	5	5	1	position-specific	True	Supporting	1	False	Cap combined O4 + O7 at +4	False	Cap combined O4 + O7 at +4	1	7	0.125
SMAD4	356	P	S	3	16	0.1875	4	L:10|S:3|R:2|H:1	13	3	10	mixed	True	Supporting	1	True	O4 + O7 may be combined (max +8)	True	O4 + O7 may be combined (max +8)	8	8	0.5
STK11	194	D	N	3	14	0.2143	5	Y:7|N:3|V:2|G:1|H:1	11	4	7	mixed	True	Supporting	1	True	O4 + O7 may be combined (max +8)	False	Cap combined O4 + O7 at +4	9	5	0.6429
CIC	1512	R	L	3	11	0.2727	4	H:5|L:3|C:2|S:1	8	3	5	position-specific	True	Supporting	1	False	Cap combined O4 + O7 at +4	False	Cap combined O4 + O7 at +4	2	9	0.1818
DICER1	1813	E	Q	3	11	0.2727	4	G:6|Q:3|A:1|K:1	8	3	6	mixed	True	Supporting	1	False	Cap combined O4 + O7 at +4	False	Cap combined O4 + O7 at +4	5	6	0.4545
PTPN11	76	E	G	3	13	0.2308	4	K:7|G:3|A:2|Q:1	10	3	7	mixed	True	Supporting	1	True	O4 + O7 may be combined (max +8)	False	Cap combined O4 + O7 at +4	6	7	0.4615
EGFR	747	L	L	3	8	0.375	4	L:3|P:3|F:1|S:1	5	3	3	position-specific	True	Supporting	1	False	Cap combined O4 + O7 at +4	False	Cap combined O4 + O7 at +4	8	0	1.0
EGFR	747	L	P	3	8	0.375	4	L:3|P:3|F:1|S:1	5	3	3	position-specific	True	Supporting	1	False	Cap combined O4 + O7 at +4	False	Cap combined O4 + O7 at +4	8	0	1.0
TP53	136	Q	P	3	31	0.0968	5	*:16|E:10|P:3|H:1|L:1	28	4	16	mixed	True	Supporting	1	True	O4 + O7 may be combined (max +8)	True	O4 + O7 may be combined (max +8)	12	19	0.3871
TP53	277	C	Y	3	28	0.1071	5	F:20|*:3|Y:3|G:1|W:1	25	4	20	mixed	True	Supporting	1	True	O4 + O7 may be combined (max +8)	True	O4 + O7 may be combined (max +8)	17	11	0.6071
FOXA1	247	H	R	3	10	0.3	4	Y:4|R:3|Q:2|L:1	7	3	4	position-specific	True	Supporting	1	False	Cap combined O4 + O7 at +4	False	Cap combined O4 + O7 at +4	6	4	0.6
GNAS	227	Q	K	3	11	0.2727	3	H:4|L:4|K:3	8	2	4	position-specific	True	Supporting	1	False	Cap combined O4 + O7 at +4	False	Cap combined O4 + O7 at +4	8	3	0.7273
NFE2L2	24	W	C	3	11	0.2727	3	R:7|C:3|S:1	8	2	7	mixed	True	Supporting	1	False	Cap combined O4 + O7 at +4	False	Cap combined O4 + O7 at +4	4	7	0.3636
KIT	820	D	V	3	11	0.2727	5	Y:4|V:3|E:2|A:1|G:1	8	4	4	position-specific	True	Supporting	1	False	Cap combined O4 + O7 at +4	False	Cap combined O4 + O7 at +4	11	0	1.0
PTEN	92	D	G	3	18	0.1667	6	E:7|G:3|H:2|N:2|V:2|Y:2	15	5	7	position-specific	True	Supporting	1	True	O4 + O7 may be combined (max +8)	False	Cap combined O4 + O7 at +4	9	9	0.5
PIK3CA	378	C	R	3	9	0.3333	3	F:4|R:3|Y:2	6	2	4	position-specific	True	Supporting	1	False	Cap combined O4 + O7 at +4	False	Cap combined O4 + O7 at +4	2	7	0.2222
EIF1AX	9	G	R	3	11	0.2727	3	D:6|R:3|V:2	8	2	6	mixed	True	Supporting	1	False	Cap combined O4 + O7 at +4	False	Cap combined O4 + O7 at +4	5	6	0.4545
BRAF	597	L	Q	3	10	0.3	5	Q:3|R:3|S:2|L:1|V:1	7	4	3	position-specific	True	Supporting	1	False	Cap combined O4 + O7 at +4	False	Cap combined O4 + O7 at +4	6	4	0.6
BRAF	597	L	R	3	10	0.3	5	Q:3|R:3|S:2|L:1|V:1	7	4	3	position-specific	True	Supporting	1	False	Cap combined O4 + O7 at +4	False	Cap combined O4 + O7 at +4	6	4	0.6
PTPN11	510	Q	H	3	9	0.3333	3	L:5|H:3|E:1	6	2	5	mixed	True	Supporting	1	False	Cap combined O4 + O7 at +4	False	Cap combined O4 + O7 at +4	1	8	0.1111
RAF1	259	S	P	3	12	0.25	4	F:7|P:3|C:1|S:1	9	3	7	mixed	True	Supporting	1	False	Cap combined O4 + O7 at +4	False	Cap combined O4 + O7 at +4	8	4	0.6667
ARAF	214	S	A	3	12	0.25	6	F:4|A:3|P:2|C:1|S:1|Y:1	9	5	4	position-specific	True	Supporting	1	False	Cap combined O4 + O7 at +4	False	Cap combined O4 + O7 at +4	5	7	0.4167
CTCF	377	R	H	3	12	0.25	2	C:9|H:3	9	1	9	mixed	True	Supporting	1	False	Cap combined O4 + O7 at +4	False	Cap combined O4 + O7 at +4	7	5	0.5833
EP300	1466	W	L	3	8	0.375	5	L:3|C:2|*:1|G:1|R:1	5	4	2	position-specific	True	Supporting	1	False	Cap combined O4 + O7 at +4	False	Cap combined O4 + O7 at +4	4	4	0.5
SMAD4	419	G	V	3	8	0.375	3	W:4|V:3|R:1	5	2	4	mixed	True	Supporting	1	False	Cap combined O4 + O7 at +4	False	Cap combined O4 + O7 at +4	6	2	0.75
FOXA1	261	R	C	3	9	0.3333	4	G:4|C:3|H:1|S:1	6	3	4	position-specific	True	Supporting	1	False	Cap combined O4 + O7 at +4	False	Cap combined O4 + O7 at +4	6	3	0.6667
MTOR	1888	F	L	3	8	0.375	3	I:4|L:3|V:1	5	2	4	mixed	True	Supporting	1	False	Cap combined O4 + O7 at +4	False	Cap combined O4 + O7 at +4	3	5	0.375
MTOR	2427	L	R	3	7	0.4286	2	Q:4|R:3	4	1	4	mixed	True	Supporting	1	False	Cap combined O4 + O7 at +4	False	Cap combined O4 + O7 at +4	4	3	0.5714
IL7R	395	K	T	3	12	0.25	5	R:4|T:3|K:2|N:2|M:1	9	4	4	position-specific	True	Supporting	1	False	Cap combined O4 + O7 at +4	False	Cap combined O4 + O7 at +4	3	9	0.25
SMARCA4	1189	R	G	3	12	0.25	4	Q:7|G:3|*:1|L:1	9	3	7	mixed	True	Supporting	1	False	Cap combined O4 + O7 at +4	False	Cap combined O4 + O7 at +4	9	3	0.75
ARID1A	2087	G	E	3	13	0.2308	2	R:10|E:3	10	1	10	mixed	True	Supporting	1	True	O4 + O7 may be combined (max +8)	True	O4 + O7 may be combined (max +8)	4	9	0.3077
CCND3	290	I	K	3	4	0.75	2	K:3|R:1	1	1	1	mixed	True	Supporting	1	False	Cap combined O4 + O7 at +4	False	Cap combined O4 + O7 at +4	3	1	0.75
TP53	267	R	G	3	36	0.0833	6	W:15|P:8|L:5|Q:4|G:3|R:1	33	5	15	position-specific	True	Supporting	1	True	O4 + O7 may be combined (max +8)	True	O4 + O7 may be combined (max +8)	18	18	0.5
PRKCI	480	R	S	3	10	0.3	3	C:5|S:3|H:2	7	2	5	mixed	True	Supporting	1	False	Cap combined O4 + O7 at +4	False	Cap combined O4 + O7 at +4	0	10	0.0
SMAD4	352	G	E	3	11	0.2727	6	E:3|R:3|A:2|*:1|L:1|V:1	8	5	3	position-specific	True	Supporting	1	False	Cap combined O4 + O7 at +4	False	Cap combined O4 + O7 at +4	8	3	0.7273
SMAD4	352	G	R	3	11	0.2727	6	E:3|R:3|A:2|*:1|L:1|V:1	8	5	3	position-specific	True	Supporting	1	False	Cap combined O4 + O7 at +4	False	Cap combined O4 + O7 at +4	8	3	0.7273
MET	1200	F	I	3	4	0.75	2	I:3|V:1	1	1	1	mixed	True	Supporting	1	False	Cap combined O4 + O7 at +4	False	Cap combined O4 + O7 at +4	0	4	0.0
KNSTRN	12	V	G	3	5	0.6	2	G:3|V:2	2	1	2	mixed	True	Supporting	1	False	Cap combined O4 + O7 at +4	False	Cap combined O4 + O7 at +4	0	5	0.0
TP53	144	Q	P	3	23	0.1304	4	*:17|P:3|L:2|H:1	20	3	17	mixed	True	Supporting	1	True	O4 + O7 may be combined (max +8)	True	O4 + O7 may be combined (max +8)	8	15	0.3478
TP53	109	F	V	3	16	0.1875	5	S:6|C:5|V:3|F:1|I:1	13	4	6	position-specific	True	Supporting	1	True	O4 + O7 may be combined (max +8)	False	Cap combined O4 + O7 at +4	5	11	0.3125
KIT	560	V	D	3	7	0.4286	4	D:3|V:2|A:1|G:1	4	3	2	position-specific	True	Supporting	1	False	Cap combined O4 + O7 at +4	False	Cap combined O4 + O7 at +4	4	3	0.5714
TP53	125	T	K	3	30	0.1	5	M:16|R:6|K:3|P:3|A:2	27	4	16	mixed	True	Supporting	1	True	O4 + O7 may be combined (max +8)	True	O4 + O7 may be combined (max +8)	17	13	0.5667
TP53	125	T	P	3	30	0.1	5	M:16|R:6|K:3|P:3|A:2	27	4	16	mixed	True	Supporting	1	True	O4 + O7 may be combined (max +8)	True	O4 + O7 may be combined (max +8)	17	13	0.5667
PTEN	127	G	V	3	14	0.2143	4	E:5|R:5|V:3|*:1	11	3	5	position-specific	True	Supporting	1	True	O4 + O7 may be combined (max +8)	False	Cap combined O4 + O7 at +4	7	7	0.5
STK11	242	G	W	3	9	0.3333	4	V:4|W:3|G:1|R:1	6	3	4	position-specific	True	Supporting	1	False	Cap combined O4 + O7 at +4	False	Cap combined O4 + O7 at +4	6	3	0.6667
PIK3CA	115	R	P	3	11	0.2727	3	L:7|P:3|Q:1	8	2	7	mixed	True	Supporting	1	False	Cap combined O4 + O7 at +4	False	Cap combined O4 + O7 at +4	5	6	0.4545
PTEN	129	G	R	3	12	0.25	5	E:4|R:3|G:2|V:2|*:1	9	4	4	position-specific	True	Supporting	1	False	Cap combined O4 + O7 at +4	False	Cap combined O4 + O7 at +4	6	6	0.5
CDKN2A	130	L	R	3	8	0.375	3	Q:4|R:3|V:1	5	2	4	mixed	True	Supporting	1	False	Cap combined O4 + O7 at +4	False	Cap combined O4 + O7 at +4	2	6	0.25
CDKN2A	129	Y	C	3	9	0.3333	2	*:6|C:3	6	1	6	mixed	True	Supporting	1	False	Cap combined O4 + O7 at +4	False	Cap combined O4 + O7 at +4	5	4	0.5556
VHL	158	L	P	3	9	0.3333	4	V:4|P:3|L:1|Q:1	6	3	4	position-specific	True	Supporting	1	False	Cap combined O4 + O7 at +4	False	Cap combined O4 + O7 at +4	1	8	0.1111
DICER1	1810	D	N	3	9	0.3333	5	N:3|V:2|Y:2|A:1|H:1	6	4	2	position-specific	True	Supporting	1	False	Cap combined O4 + O7 at +4	False	Cap combined O4 + O7 at +4	5	4	0.5556
PIK3CA	107	N	S	3	6	0.5	3	S:3|I:2|N:1	3	2	2	mixed	True	Supporting	1	False	Cap combined O4 + O7 at +4	False	Cap combined O4 + O7 at +4	3	3	0.5
IRF4	123	K	R	3	3	1.0	1	R:3	0	0	0	mutation-specific	True	Supporting	1	False	Cap combined O4 + O7 at +4	False	Cap combined O4 + O7 at +4	0	3	0.0
PIM1	97	S	S	3	10	0.3	4	N:4|S:3|R:2|T:1	7	3	4	position-specific	True	Supporting	1	False	Cap combined O4 + O7 at +4	False	Cap combined O4 + O7 at +4	5	5	0.5
SPOP	125	F	L	3	6	0.5	4	L:3|C:1|I:1|V:1	3	3	1	mixed	True	Supporting	1	False	Cap combined O4 + O7 at +4	False	Cap combined O4 + O7 at +4	3	3	0.5
SMAD4	526	E	K	3	11	0.2727	6	*:3|K:3|Q:2|A:1|D:1|V:1	8	5	3	position-specific	True	Supporting	1	False	Cap combined O4 + O7 at +4	False	Cap combined O4 + O7 at +4	7	4	0.6364
ERCC2	246	S	Y	3	7	0.4286	3	Y:3|F:2|S:2	4	2	2	position-specific	True	Supporting	1	False	Cap combined O4 + O7 at +4	False	Cap combined O4 + O7 at +4	5	2	0.7143
FOXO1	22	S	P	3	7	0.4286	3	P:3|W:3|S:1	4	2	3	position-specific	True	Supporting	1	False	Cap combined O4 + O7 at +4	False	Cap combined O4 + O7 at +4	6	1	0.8571
FOXO1	22	S	W	3	7	0.4286	3	P:3|W:3|S:1	4	2	3	position-specific	True	Supporting	1	False	Cap combined O4 + O7 at +4	False	Cap combined O4 + O7 at +4	6	1	0.8571
BRAF	485	L	W	3	6	0.5	4	W:3|*:1|F:1|S:1	3	3	1	mixed	True	Supporting	1	False	Cap combined O4 + O7 at +4	False	Cap combined O4 + O7 at +4	3	3	0.5
CTNNB1	383	W	R	3	6	0.5	4	R:3|C:1|G:1|S:1	3	3	1	mixed	True	Supporting	1	False	Cap combined O4 + O7 at +4	False	Cap combined O4 + O7 at +4	2	4	0.3333
PTEN	126	A	D	3	11	0.2727	4	S:4|D:3|V:3|G:1	8	3	4	position-specific	True	Supporting	1	False	Cap combined O4 + O7 at +4	False	Cap combined O4 + O7 at +4	6	5	0.5455
PTEN	126	A	V	3	11	0.2727	4	S:4|D:3|V:3|G:1	8	3	4	position-specific	True	Supporting	1	False	Cap combined O4 + O7 at +4	False	Cap combined O4 + O7 at +4	6	5	0.5455
PTPRT	668	L	V	3	5	0.6	2	V:3|L:2	2	1	2	mixed	True	Supporting	1	False	Cap combined O4 + O7 at +4	False	Cap combined O4 + O7 at +4	1	4	0.2
RAC1	111	N	K	3	5	0.6	3	K:3|I:1|S:1	2	2	1	mixed	True	Supporting	1	False	Cap combined O4 + O7 at +4	False	Cap combined O4 + O7 at +4	3	2	0.6
MAP2K1	130	Y	C	3	5	0.6	3	C:3|H:1|N:1	2	2	1	mixed	True	Supporting	1	False	Cap combined O4 + O7 at +4	False	Cap combined O4 + O7 at +4	3	2	0.6
NFE2L2	77	D	G	3	7	0.4286	4	G:3|H:2|V:1|Y:1	4	3	2	position-specific	True	Supporting	1	False	Cap combined O4 + O7 at +4	False	Cap combined O4 + O7 at +4	5	2	0.7143
EGFR	263	T	P	3	4	0.75	2	P:3|I:1	1	1	1	mixed	True	Supporting	1	False	Cap combined O4 + O7 at +4	False	Cap combined O4 + O7 at +4	1	3	0.25
RHOA	62	G	E	3	7	0.4286	3	E:3|R:3|V:1	4	2	3	position-specific	True	Supporting	1	False	Cap combined O4 + O7 at +4	False	Cap combined O4 + O7 at +4	3	4	0.4286
RHOA	62	G	R	3	7	0.4286	3	E:3|R:3|V:1	4	2	3	position-specific	True	Supporting	1	False	Cap combined O4 + O7 at +4	False	Cap combined O4 + O7 at +4	3	4	0.4286
MAP2K1	386	T	T	3	3	1.0	1	T:3	0	0	0	mutation-specific	True	Supporting	1	False	Cap combined O4 + O7 at +4	False	Cap combined O4 + O7 at +4	0	3	0.0
ARAF	216	P	L	3	4	0.75	2	L:3|R:1	1	1	1	mixed	True	Supporting	1	False	Cap combined O4 + O7 at +4	False	Cap combined O4 + O7 at +4	2	2	0.5
RAC1	12	G	R	3	6	0.5	2	R:3|V:3	3	1	3	mixed	True	Supporting	1	False	Cap combined O4 + O7 at +4	False	Cap combined O4 + O7 at +4	5	1	0.8333
RAC1	12	G	V	3	6	0.5	2	R:3|V:3	3	1	3	mixed	True	Supporting	1	False	Cap combined O4 + O7 at +4	False	Cap combined O4 + O7 at +4	5	1	0.8333
SOCS1	3	A	T	3	6	0.5	4	T:3|E:1|P:1|R:1	3	3	1	mixed	True	Supporting	1	False	Cap combined O4 + O7 at +4	False	Cap combined O4 + O7 at +4	4	2	0.6667
HNF1A	288	G	G	3	3	1.0	1	G:3	0	0	0	mutation-specific	True	Supporting	1	False	Cap combined O4 + O7 at +4	False	Cap combined O4 + O7 at +4	0	3	0.0
TP53	131	N	S	3	13	0.2308	4	I:8|S:3|K:1|N:1	10	3	8	mixed	True	Supporting	1	True	O4 + O7 may be combined (max +8)	False	Cap combined O4 + O7 at +4	10	3	0.7692
CHEK2	346	R	C	3	8	0.375	4	C:3|G:2|S:2|H:1	5	3	2	position-specific	True	Supporting	1	False	Cap combined O4 + O7 at +4	False	Cap combined O4 + O7 at +4	4	4	0.5
CREBBP	1435	D	G	3	9	0.3333	4	G:3|H:2|N:2|Y:2	6	3	2	position-specific	True	Supporting	1	False	Cap combined O4 + O7 at +4	False	Cap combined O4 + O7 at +4	3	6	0.3333
SRSF2	95	P	L	3	6	0.5	3	L:3|H:2|R:1	3	2	2	mixed	True	Supporting	1	False	Cap combined O4 + O7 at +4	False	Cap combined O4 + O7 at +4	2	4	0.3333
VHL	162	C	Y	3	8	0.375	5	Y:3|R:2|*:1|F:1|W:1	5	4	2	position-specific	True	Supporting	1	False	Cap combined O4 + O7 at +4	False	Cap combined O4 + O7 at +4	3	5	0.375
CARD11	215	K	T	3	5	0.6	3	T:3|M:1|N:1	2	2	1	mixed	True	Supporting	1	False	Cap combined O4 + O7 at +4	False	Cap combined O4 + O7 at +4	1	4	0.2
PDPK1	499	P	S	3	5	0.6	2	S:3|L:2	2	1	2	mixed	True	Supporting	1	False	Cap combined O4 + O7 at +4	False	Cap combined O4 + O7 at +4	1	4	0.2
PTEN	35	M	V	3	8	0.375	3	I:4|V:3|L:1	5	2	4	mixed	True	Supporting	1	False	Cap combined O4 + O7 at +4	False	Cap combined O4 + O7 at +4	6	2	0.75
MYC	73	T	I	3	6	0.5	3	I:3|P:2|A:1	3	2	2	mixed	True	Supporting	1	False	Cap combined O4 + O7 at +4	False	Cap combined O4 + O7 at +4	2	4	0.3333
DNMT3B	229	V	M	3	7	0.4286	3	M:3|V:3|L:1	4	2	3	position-specific	True	Supporting	1	False	Cap combined O4 + O7 at +4	False	Cap combined O4 + O7 at +4	4	3	0.5714
DNMT3B	229	V	V	3	7	0.4286	3	M:3|V:3|L:1	4	2	3	position-specific	True	Supporting	1	False	Cap combined O4 + O7 at +4	False	Cap combined O4 + O7 at +4	4	3	0.5714
ERCC2	14	Y	C	3	3	1.0	1	C:3	0	0	0	mutation-specific	True	Supporting	1	False	Cap combined O4 + O7 at +4	False	Cap combined O4 + O7 at +4	0	3	0.0
FOXP1	514	R	C	3	9	0.3333	2	H:6|C:3	6	1	6	mixed	True	Supporting	1	False	Cap combined O4 + O7 at +4	False	Cap combined O4 + O7 at +4	5	4	0.5556
FOXA1	242	S	C	3	5	0.6	3	C:3|F:1|Y:1	2	2	1	mixed	True	Supporting	1	False	Cap combined O4 + O7 at +4	False	Cap combined O4 + O7 at +4	5	0	1.0
FGFR4	535	N	K	3	3	1.0	1	K:3	0	0	0	mutation-specific	True	Supporting	1	False	Cap combined O4 + O7 at +4	False	Cap combined O4 + O7 at +4	3	0	1.0
CYSLTR2	129	L	Q	3	3	1.0	1	Q:3	0	0	0	mutation-specific	True	Supporting	1	False	Cap combined O4 + O7 at +4	False	Cap combined O4 + O7 at +4	0	3	0.0
MAP3K1	380	L	S	3	3	1.0	1	S:3	0	0	0	mutation-specific	True	Supporting	1	False	Cap combined O4 + O7 at +4	False	Cap combined O4 + O7 at +4	3	0	1.0
CIC	205	N	S	3	3	1.0	1	S:3	0	0	0	mutation-specific	True	Supporting	1	False	Cap combined O4 + O7 at +4	False	Cap combined O4 + O7 at +4	2	1	0.6667
KEAP1	110	M	I	3	6	0.5	2	I:3|V:3	3	1	3	mixed	True	Supporting	1	False	Cap combined O4 + O7 at +4	False	Cap combined O4 + O7 at +4	4	2	0.6667
KEAP1	110	M	V	3	6	0.5	2	I:3|V:3	3	1	3	mixed	True	Supporting	1	False	Cap combined O4 + O7 at +4	False	Cap combined O4 + O7 at +4	4	2	0.6667
KEAP1	272	R	C	3	8	0.375	4	C:3|H:2|P:2|L:1	5	3	2	position-specific	True	Supporting	1	False	Cap combined O4 + O7 at +4	False	Cap combined O4 + O7 at +4	5	3	0.625
CARD11	251	L	P	3	3	1.0	1	P:3	0	0	0	mutation-specific	True	Supporting	1	False	Cap combined O4 + O7 at +4	False	Cap combined O4 + O7 at +4	2	1	0.6667
ERBB2	660	G	D	3	5	0.6	3	D:3|G:1|R:1	2	2	1	mixed	True	Supporting	1	False	Cap combined O4 + O7 at +4	False	Cap combined O4 + O7 at +4	4	1	0.8
PIM1	24	K	K	3	7	0.4286	2	N:4|K:3	4	1	4	mixed	True	Supporting	1	False	Cap combined O4 + O7 at +4	False	Cap combined O4 + O7 at +4	3	4	0.4286
PTEN	24	D	G	3	10	0.3	5	G:3|E:2|H:2|V:2|N:1	7	4	2	position-specific	True	Supporting	1	False	Cap combined O4 + O7 at +4	False	Cap combined O4 + O7 at +4	5	5	0.5
PTEN	38	P	L	3	11	0.2727	3	S:7|L:3|F:1	8	2	7	mixed	True	Supporting	1	False	Cap combined O4 + O7 at +4	False	Cap combined O4 + O7 at +4	4	7	0.3636
AXL	273	A	V	3	4	0.75	2	V:3|P:1	1	1	1	mixed	True	Supporting	1	False	Cap combined O4 + O7 at +4	False	Cap combined O4 + O7 at +4	3	1	0.75
PIK3R1	560	D	G	3	8	0.375	4	G:3|H:2|Y:2|N:1	5	3	2	position-specific	True	Supporting	1	False	Cap combined O4 + O7 at +4	False	Cap combined O4 + O7 at +4	3	5	0.375
TP53	251	I	S	3	15	0.2	5	F:5|N:5|S:3|I:1|M:1	12	4	5	position-specific	True	Supporting	1	True	O4 + O7 may be combined (max +8)	False	Cap combined O4 + O7 at +4	9	6	0.6
HIST1H3B	51	E	E	3	12	0.25	4	K:4|E:3|Q:3|D:2	9	3	4	position-specific	True	Supporting	1	False	Cap combined O4 + O7 at +4	False	Cap combined O4 + O7 at +4	5	7	0.4167
HIST1H3B	51	E	Q	3	12	0.25	4	K:4|E:3|Q:3|D:2	9	3	4	position-specific	True	Supporting	1	False	Cap combined O4 + O7 at +4	False	Cap combined O4 + O7 at +4	5	7	0.4167
TP63	365	S	S	3	12	0.25	3	L:7|S:3|*:2	9	2	7	mixed	True	Supporting	1	False	Cap combined O4 + O7 at +4	False	Cap combined O4 + O7 at +4	4	8	0.3333
EPHB1	743	R	Q	3	9	0.3333	3	W:4|Q:3|R:2	6	2	4	position-specific	True	Supporting	1	False	Cap combined O4 + O7 at +4	False	Cap combined O4 + O7 at +4	5	4	0.5556
PTPN11	285	F	S	3	4	0.75	2	S:3|V:1	1	1	1	mixed	True	Supporting	1	False	Cap combined O4 + O7 at +4	False	Cap combined O4 + O7 at +4	2	2	0.5
PIM1	37	Q	H	3	5	0.6	2	H:3|Q:2	2	1	2	mixed	True	Supporting	1	False	Cap combined O4 + O7 at +4	False	Cap combined O4 + O7 at +4	3	2	0.6
SMAD4	493	D	N	3	7	0.4286	4	N:3|G:2|A:1|H:1	4	3	2	position-specific	True	Supporting	1	False	Cap combined O4 + O7 at +4	False	Cap combined O4 + O7 at +4	3	4	0.4286
HLA-B	69	E	A	3	5	0.6	2	A:3|K:2	2	1	2	mixed	True	Supporting	1	False	Cap combined O4 + O7 at +4	False	Cap combined O4 + O7 at +4	0	5	0.0
CREBBP	1502	W	C	3	6	0.5	4	C:3|*:1|L:1|R:1	3	3	1	mixed	True	Supporting	1	False	Cap combined O4 + O7 at +4	False	Cap combined O4 + O7 at +4	4	2	0.6667
CTNNB1	292	K	E	3	4	0.75	2	E:3|T:1	1	1	1	mixed	True	Supporting	1	False	Cap combined O4 + O7 at +4	False	Cap combined O4 + O7 at +4	2	2	0.5
ATM	1466	R	Q	3	9	0.3333	3	*:4|Q:3|P:2	6	2	4	position-specific	True	Supporting	1	False	Cap combined O4 + O7 at +4	False	Cap combined O4 + O7 at +4	4	5	0.4444
CARD11	357	D	V	3	4	0.75	2	V:3|N:1	1	1	1	mixed	True	Supporting	1	False	Cap combined O4 + O7 at +4	False	Cap combined O4 + O7 at +4	2	2	0.5
ERBB4	1223	K	T	3	6	0.5	3	T:3|R:2|M:1	3	2	2	mixed	True	Supporting	1	False	Cap combined O4 + O7 at +4	False	Cap combined O4 + O7 at +4	2	4	0.3333
SMO	535	W	L	3	3	1.0	1	L:3	0	0	0	mutation-specific	True	Supporting	1	False	Cap combined O4 + O7 at +4	False	Cap combined O4 + O7 at +4	1	2	0.3333
FBXW7	437	G	V	3	6	0.5	4	V:3|*:1|E:1|G:1	3	3	1	mixed	True	Supporting	1	False	Cap combined O4 + O7 at +4	False	Cap combined O4 + O7 at +4	2	4	0.3333
CRLF2	128	S	S	3	7	0.4286	2	L:4|S:3	4	1	4	mixed	True	Supporting	1	False	Cap combined O4 + O7 at +4	False	Cap combined O4 + O7 at +4	4	3	0.5714
RIT1	82	F	L	3	4	0.75	2	L:3|C:1	1	1	1	mixed	True	Supporting	1	False	Cap combined O4 + O7 at +4	False	Cap combined O4 + O7 at +4	3	1	0.75
MYD88	232	M	T	3	3	1.0	1	T:3	0	0	0	mutation-specific	True	Supporting	1	False	Cap combined O4 + O7 at +4	False	Cap combined O4 + O7 at +4	0	3	0.0
RHOA	22	L	R	3	5	0.6	3	R:3|L:1|P:1	2	2	1	mixed	True	Supporting	1	False	Cap combined O4 + O7 at +4	False	Cap combined O4 + O7 at +4	1	4	0.2
STK11	179	P	L	3	7	0.4286	3	L:3|Q:2|R:2	4	2	2	position-specific	True	Supporting	1	False	Cap combined O4 + O7 at +4	False	Cap combined O4 + O7 at +4	5	2	0.7143
STAT3	661	D	V	3	5	0.6	2	V:3|Y:2	2	1	2	mixed	True	Supporting	1	False	Cap combined O4 + O7 at +4	False	Cap combined O4 + O7 at +4	0	5	0.0
KNSTRN	28	P	L	3	5	0.6	2	L:3|S:2	2	1	2	mixed	True	Supporting	1	False	Cap combined O4 + O7 at +4	False	Cap combined O4 + O7 at +4	0	5	0.0
EIF1AX	10	K	E	3	4	0.75	2	E:3|T:1	1	1	1	mixed	True	Supporting	1	False	Cap combined O4 + O7 at +4	False	Cap combined O4 + O7 at +4	2	2	0.5
ERBB3	60	M	K	3	4	0.75	2	K:3|R:1	1	1	1	mixed	True	Supporting	1	False	Cap combined O4 + O7 at +4	False	Cap combined O4 + O7 at +4	0	4	0.0
KMT2D	5432	R	Q	3	8	0.375	3	W:4|Q:3|R:1	5	2	4	mixed	True	Supporting	1	False	Cap combined O4 + O7 at +4	False	Cap combined O4 + O7 at +4	5	3	0.625
TRAF7	520	N	S	3	4	0.75	2	S:3|Y:1	1	1	1	mixed	True	Supporting	1	False	Cap combined O4 + O7 at +4	False	Cap combined O4 + O7 at +4	2	2	0.5
CARD11	401	D	N	3	3	1.0	1	N:3	0	0	0	mutation-specific	True	Supporting	1	False	Cap combined O4 + O7 at +4	False	Cap combined O4 + O7 at +4	2	1	0.6667
MYD88	166	P	L	3	4	0.75	2	L:3|P:1	1	1	1	mixed	True	Supporting	1	False	Cap combined O4 + O7 at +4	False	Cap combined O4 + O7 at +4	0	4	0.0
ATM	2888	I	T	3	4	0.75	2	T:3|L:1	1	1	1	mixed	True	Supporting	1	False	Cap combined O4 + O7 at +4	False	Cap combined O4 + O7 at +4	2	2	0.5
GTF2I	641	F	F	3	4	0.75	2	F:3|C:1	1	1	1	mixed	True	Supporting	1	False	Cap combined O4 + O7 at +4	False	Cap combined O4 + O7 at +4	0	4	0.0
MET	1094	H	Y	3	4	0.75	2	Y:3|R:1	1	1	1	mixed	True	Supporting	1	False	Cap combined O4 + O7 at +4	False	Cap combined O4 + O7 at +4	1	3	0.25
TP53	232	I	F	3	14	0.2143	5	S:4|F:3|N:3|T:3|I:1	11	4	4	position-specific	True	Supporting	1	True	O4 + O7 may be combined (max +8)	False	Cap combined O4 + O7 at +4	4	10	0.2857
TP53	232	I	N	3	14	0.2143	5	S:4|F:3|N:3|T:3|I:1	11	4	4	position-specific	True	Supporting	1	True	O4 + O7 may be combined (max +8)	False	Cap combined O4 + O7 at +4	4	10	0.2857
TP53	232	I	T	3	14	0.2143	5	S:4|F:3|N:3|T:3|I:1	11	4	4	position-specific	True	Supporting	1	True	O4 + O7 may be combined (max +8)	False	Cap combined O4 + O7 at +4	4	10	0.2857
FOXA1	219	R	C	3	8	0.375	4	C:3|S:3|G:1|R:1	5	3	3	position-specific	True	Supporting	1	False	Cap combined O4 + O7 at +4	False	Cap combined O4 + O7 at +4	6	2	0.75
FOXA1	219	R	S	3	8	0.375	4	C:3|S:3|G:1|R:1	5	3	3	position-specific	True	Supporting	1	False	Cap combined O4 + O7 at +4	False	Cap combined O4 + O7 at +4	6	2	0.75
RAC1	34	P	R	3	5	0.6	3	R:3|H:1|S:1	2	2	1	mixed	True	Supporting	1	False	Cap combined O4 + O7 at +4	False	Cap combined O4 + O7 at +4	1	4	0.2
CDKN2A	74	D	N	3	8	0.375	4	N:3|Y:3|G:1|V:1	5	3	3	position-specific	True	Supporting	1	False	Cap combined O4 + O7 at +4	False	Cap combined O4 + O7 at +4	4	4	0.5
CDKN2A	74	D	Y	3	8	0.375	4	N:3|Y:3|G:1|V:1	5	3	3	position-specific	True	Supporting	1	False	Cap combined O4 + O7 at +4	False	Cap combined O4 + O7 at +4	4	4	0.5
STK11	239	W	C	3	5	0.6	3	C:3|*:1|S:1	2	2	1	mixed	True	Supporting	1	False	Cap combined O4 + O7 at +4	False	Cap combined O4 + O7 at +4	3	2	0.6
CARD11	337	R	Q	3	5	0.6	2	Q:3|*:2	2	1	2	mixed	True	Supporting	1	False	Cap combined O4 + O7 at +4	False	Cap combined O4 + O7 at +4	4	1	0.8
PTPN11	507	T	K	3	3	1.0	1	K:3	0	0	0	mutation-specific	True	Supporting	1	False	Cap combined O4 + O7 at +4	False	Cap combined O4 + O7 at +4	1	2	0.3333
PTPN11	61	D	Y	3	4	0.75	2	Y:3|N:1	1	1	1	mixed	True	Supporting	1	False	Cap combined O4 + O7 at +4	False	Cap combined O4 + O7 at +4	2	2	0.5
CDKN1B	72	G	D	3	6	0.5	3	D:3|G:2|A:1	3	2	2	mixed	True	Supporting	1	False	Cap combined O4 + O7 at +4	False	Cap combined O4 + O7 at +4	3	3	0.5
STK11	251	G	V	3	6	0.5	3	V:3|C:2|R:1	3	2	2	mixed	True	Supporting	1	False	Cap combined O4 + O7 at +4	False	Cap combined O4 + O7 at +4	3	3	0.5
BRCA2	2303	S	S	3	5	0.6	2	S:3|F:2	2	1	2	mixed	True	Supporting	1	False	Cap combined O4 + O7 at +4	False	Cap combined O4 + O7 at +4	4	1	0.8
SETD2	1603	H	R	3	5	0.6	2	R:3|Y:2	2	1	2	mixed	True	Supporting	1	False	Cap combined O4 + O7 at +4	False	Cap combined O4 + O7 at +4	1	4	0.2
SMARCB1	374	R	W	3	8	0.375	2	Q:5|W:3	5	1	5	mixed	True	Supporting	1	False	Cap combined O4 + O7 at +4	False	Cap combined O4 + O7 at +4	4	4	0.5
TGFBR1	487	R	W	3	8	0.375	2	Q:5|W:3	5	1	5	mixed	True	Supporting	1	False	Cap combined O4 + O7 at +4	False	Cap combined O4 + O7 at +4	4	4	0.5
PTEN	277	T	I	3	6	0.5	4	I:3|*:1|A:1|N:1	3	3	1	mixed	True	Supporting	1	False	Cap combined O4 + O7 at +4	False	Cap combined O4 + O7 at +4	2	4	0.3333
KNSTRN	22	C	Y	3	4	0.75	2	Y:3|S:1	1	1	1	mixed	True	Supporting	1	False	Cap combined O4 + O7 at +4	False	Cap combined O4 + O7 at +4	0	4	0.0
HNF1A	114	R	H	3	5	0.6	3	H:3|C:1|L:1	2	2	1	mixed	True	Supporting	1	False	Cap combined O4 + O7 at +4	False	Cap combined O4 + O7 at +4	1	4	0.2
HNF1A	338	G	G	3	4	0.75	2	G:3|A:1	1	1	1	mixed	True	Supporting	1	False	Cap combined O4 + O7 at +4	False	Cap combined O4 + O7 at +4	1	3	0.25
TP53	190	P	T	3	17	0.1765	4	L:12|T:3|R:1|S:1	14	3	12	mixed	True	Supporting	1	True	O4 + O7 may be combined (max +8)	True	O4 + O7 may be combined (max +8)	10	7	0.5882
KEAP1	320	R	L	3	8	0.375	5	L:3|Q:2|M:1|P:1|W:1	5	4	2	position-specific	True	Supporting	1	False	Cap combined O4 + O7 at +4	False	Cap combined O4 + O7 at +4	4	4	0.5
FBXW7	441	R	W	3	7	0.4286	4	W:3|G:2|L:1|Q:1	4	3	2	position-specific	True	Supporting	1	False	Cap combined O4 + O7 at +4	False	Cap combined O4 + O7 at +4	1	6	0.1429
ERBB3	126	N	K	3	4	0.75	2	K:3|I:1	1	1	1	mixed	True	Supporting	1	False	Cap combined O4 + O7 at +4	False	Cap combined O4 + O7 at +4	2	2	0.5
TP53	197	V	E	3	17	0.1765	5	L:5|V:5|E:3|M:3|G:1	14	4	5	position-specific	True	Supporting	1	True	O4 + O7 may be combined (max +8)	False	Cap combined O4 + O7 at +4	8	9	0.4706
TP53	197	V	M	3	17	0.1765	5	L:5|V:5|E:3|M:3|G:1	14	4	5	position-specific	True	Supporting	1	True	O4 + O7 may be combined (max +8)	False	Cap combined O4 + O7 at +4	8	9	0.4706
STK11	308	W	L	3	6	0.5	3	L:3|C:2|*:1	3	2	2	mixed	True	Supporting	1	False	Cap combined O4 + O7 at +4	False	Cap combined O4 + O7 at +4	6	0	1.0
TP53	133	M	R	3	10	0.3	4	K:5|R:3|I:1|T:1	7	3	5	mixed	True	Supporting	1	False	Cap combined O4 + O7 at +4	False	Cap combined O4 + O7 at +4	6	4	0.6
KRAS	5	K	E	3	3	1.0	1	E:3	0	0	0	mutation-specific	True	Supporting	1	False	Cap combined O4 + O7 at +4	False	Cap combined O4 + O7 at +4	1	2	0.3333
EPHA7	656	G	G	3	11	0.2727	4	E:6|G:3|R:1|W:1	8	3	6	mixed	True	Supporting	1	False	Cap combined O4 + O7 at +4	False	Cap combined O4 + O7 at +4	3	8	0.2727
HIST1H3H	37	K	M	3	4	0.75	2	M:3|E:1	1	1	1	mixed	True	Supporting	1	False	Cap combined O4 + O7 at +4	False	Cap combined O4 + O7 at +4	1	3	0.25
BCL2L11	156	G	R	3	6	0.5	3	R:3|E:2|*:1	3	2	2	mixed	True	Supporting	1	False	Cap combined O4 + O7 at +4	False	Cap combined O4 + O7 at +4	2	4	0.3333
TP53	178	H	P	3	12	0.25	5	D:5|P:3|Q:2|H:1|N:1	9	4	5	position-specific	True	Supporting	1	False	Cap combined O4 + O7 at +4	False	Cap combined O4 + O7 at +4	7	5	0.5833
RIT1	77	A	T	3	5	0.6	3	T:3|P:1|S:1	2	2	1	mixed	True	Supporting	1	False	Cap combined O4 + O7 at +4	False	Cap combined O4 + O7 at +4	3	2	0.6
BCL2	172	N	S	3	6	0.5	3	S:3|N:2|Q:1	3	2	2	mixed	True	Supporting	1	False	Cap combined O4 + O7 at +4	False	Cap combined O4 + O7 at +4	2	4	0.3333
CCND1	47	C	S	3	4	0.75	2	S:3|G:1	1	1	1	mixed	True	Supporting	1	False	Cap combined O4 + O7 at +4	False	Cap combined O4 + O7 at +4	1	3	0.25
BRD4	1065	P	P	3	4	0.75	2	P:3|R:1	1	1	1	mixed	True	Supporting	1	False	Cap combined O4 + O7 at +4	False	Cap combined O4 + O7 at +4	1	3	0.25
PTPRS	1492	R	Q	3	8	0.375	3	W:4|Q:3|R:1	5	2	4	mixed	True	Supporting	1	False	Cap combined O4 + O7 at +4	False	Cap combined O4 + O7 at +4	4	4	0.5
CBL	384	C	R	3	4	0.75	2	R:3|W:1	1	1	1	mixed	True	Supporting	1	False	Cap combined O4 + O7 at +4	False	Cap combined O4 + O7 at +4	2	2	0.5
NFE2L2	28	I	T	3	3	1.0	1	T:3	0	0	0	mutation-specific	True	Supporting	1	False	Cap combined O4 + O7 at +4	False	Cap combined O4 + O7 at +4	1	2	0.3333
CDH1	190	Y	C	3	3	1.0	1	C:3	0	0	0	mutation-specific	True	Supporting	1	False	Cap combined O4 + O7 at +4	False	Cap combined O4 + O7 at +4	1	2	0.3333
IRS2	1057	G	D	3	3	1.0	1	D:3	0	0	0	mutation-specific	True	Supporting	1	False	Cap combined O4 + O7 at +4	False	Cap combined O4 + O7 at +4	0	3	0.0
SPOP	129	K	E	3	3	1.0	1	E:3	0	0	0	mutation-specific	True	Supporting	1	False	Cap combined O4 + O7 at +4	False	Cap combined O4 + O7 at +4	2	1	0.6667
CARD11	423	R	Q	3	6	0.5	3	Q:3|W:2|R:1	3	2	2	mixed	True	Supporting	1	False	Cap combined O4 + O7 at +4	False	Cap combined O4 + O7 at +4	3	3	0.5
KIT	888	R	Q	3	7	0.4286	3	Q:3|W:3|R:1	4	2	3	position-specific	True	Supporting	1	False	Cap combined O4 + O7 at +4	False	Cap combined O4 + O7 at +4	4	3	0.5714
KIT	888	R	W	3	7	0.4286	3	Q:3|W:3|R:1	4	2	3	position-specific	True	Supporting	1	False	Cap combined O4 + O7 at +4	False	Cap combined O4 + O7 at +4	4	3	0.5714
MAP2K1	122	N	D	3	3	1.0	1	D:3	0	0	0	mutation-specific	True	Supporting	1	False	Cap combined O4 + O7 at +4	False	Cap combined O4 + O7 at +4	1	2	0.3333
SDHAF2	10	S	L	3	5	0.6	3	L:3|*:1|A:1	2	2	1	mixed	True	Supporting	1	False	Cap combined O4 + O7 at +4	False	Cap combined O4 + O7 at +4	3	2	0.6
CCND1	9	E	E	3	5	0.6	3	E:3|D:1|K:1	2	2	1	mixed	True	Supporting	1	False	Cap combined O4 + O7 at +4	False	Cap combined O4 + O7 at +4	3	2	0.6
ARID1B	1652	T	M	3	5	0.6	3	M:3|A:1|T:1	2	2	1	mixed	True	Supporting	1	False	Cap combined O4 + O7 at +4	False	Cap combined O4 + O7 at +4	3	2	0.6
VHL	117	W	L	3	6	0.5	3	L:3|*:2|C:1	3	2	2	mixed	True	Supporting	1	False	Cap combined O4 + O7 at +4	False	Cap combined O4 + O7 at +4	3	3	0.5
WHSC1	1150	T	A	3	3	1.0	1	A:3	0	0	0	mutation-specific	True	Supporting	1	False	Cap combined O4 + O7 at +4	False	Cap combined O4 + O7 at +4	0	3	0.0
SOS1	90	A	A	3	5	0.6	3	A:3|T:1|V:1	2	2	1	mixed	True	Supporting	1	False	Cap combined O4 + O7 at +4	False	Cap combined O4 + O7 at +4	0	5	0.0
EP300	415	L	P	3	3	1.0	1	P:3	0	0	0	mutation-specific	True	Supporting	1	False	Cap combined O4 + O7 at +4	False	Cap combined O4 + O7 at +4	2	1	0.6667
SMARCA4	1157	R	Q	3	7	0.4286	2	W:4|Q:3	4	1	4	mixed	True	Supporting	1	False	Cap combined O4 + O7 at +4	False	Cap combined O4 + O7 at +4	3	4	0.4286
FBXW7	393	R	Q	3	7	0.4286	2	*:4|Q:3	4	1	4	mixed	True	Supporting	1	False	Cap combined O4 + O7 at +4	False	Cap combined O4 + O7 at +4	1	6	0.1429
NRAS	61	Q	P	2	422	0.0047	6	R:204|K:142|L:46|H:27|P:2|*:1	420	5	204	position-specific	True	Supporting	1	True	O4 + O7 may be combined (max +8)	True	O4 + O7 may be combined (max +8)	165	257	0.391
KRAS	61	Q	P	2	190	0.0105	7	H:108|R:37|L:21|K:20|P:2|A:1|E:1	188	6	108	mixed	True	Supporting	1	True	O4 + O7 may be combined (max +8)	True	O4 + O7 may be combined (max +8)	96	94	0.5053
KRAS	13	G	R	2	264	0.0076	7	D:214|C:32|G:6|V:6|E:3|R:2|A:1	262	6	214	mutation-specific	True	Supporting	1	True	O4 + O7 may be combined (max +8)	True	O4 + O7 may be combined (max +8)	161	103	0.6098
TP53	273	R	G	2	609	0.0033	6	C:283|H:251|L:56|S:12|P:5|G:2	607	5	283	position-specific	True	Supporting	1	True	O4 + O7 may be combined (max +8)	True	O4 + O7 may be combined (max +8)	286	323	0.4696
PIK3CA	542	E	G	2	372	0.0054	5	K:356|A:6|Q:5|V:3|G:2	370	4	356	mutation-specific	True	Supporting	1	True	O4 + O7 may be combined (max +8)	True	O4 + O7 may be combined (max +8)	207	165	0.5565
GNAS	201	R	L	2	139	0.0144	4	H:69|C:65|S:3|L:2	137	3	69	position-specific	True	Supporting	1	True	O4 + O7 may be combined (max +8)	True	O4 + O7 may be combined (max +8)	90	49	0.6475
PTEN	130	R	R	2	168	0.0119	7	Q:72|G:44|*:38|P:6|L:5|R:2|S:1	166	6	72	position-specific	True	Supporting	1	True	O4 + O7 may be combined (max +8)	True	O4 + O7 may be combined (max +8)	68	100	0.4048
HRAS	61	Q	H	2	102	0.0196	4	R:56|K:28|L:16|H:2	100	3	56	mixed	True	Supporting	1	True	O4 + O7 may be combined (max +8)	True	O4 + O7 may be combined (max +8)	38	64	0.3725
TP53	213	R	P	2	256	0.0078	5	*:208|Q:25|L:17|G:4|P:2	254	4	208	mutation-specific	True	Supporting	1	True	O4 + O7 may be combined (max +8)	True	O4 + O7 may be combined (max +8)	124	132	0.4844
FBXW7	465	R	S	2	128	0.0156	6	C:64|H:59|S:2|G:1|L:1|P:1	126	5	64	mixed	True	Supporting	1	True	O4 + O7 may be combined (max +8)	True	O4 + O7 may be combined (max +8)	59	69	0.4609
PIK3CA	546	Q	E	2	93	0.0215	6	K:35|R:31|P:19|H:5|E:2|L:1	91	5	35	position-specific	True	Supporting	1	True	O4 + O7 may be combined (max +8)	True	O4 + O7 may be combined (max +8)	40	53	0.4301
SMAD4	361	R	L	2	124	0.0161	6	H:60|C:54|S:4|G:3|L:2|P:1	122	5	60	position-specific	True	Supporting	1	True	O4 + O7 may be combined (max +8)	True	O4 + O7 may be combined (max +8)	73	51	0.5887
CTNNB1	41	T	N	2	66	0.0303	3	A:45|I:19|N:2	64	2	45	mixed	True	Supporting	1	True	O4 + O7 may be combined (max +8)	True	O4 + O7 may be combined (max +8)	29	37	0.4394
FBXW7	505	R	P	2	83	0.0241	6	C:41|G:31|H:4|L:4|P:2|S:1	81	5	41	position-specific	True	Supporting	1	True	O4 + O7 may be combined (max +8)	True	O4 + O7 may be combined (max +8)	32	51	0.3855
CDKN2A	80	R	Q	2	99	0.0202	2	*:97|Q:2	97	1	97	mutation-specific	True	Supporting	1	True	O4 + O7 may be combined (max +8)	True	O4 + O7 may be combined (max +8)	41	58	0.4141
CTNNB1	45	S	A	2	71	0.0282	5	F:31|P:29|C:5|Y:4|A:2	69	4	31	position-specific	True	Supporting	1	True	O4 + O7 may be combined (max +8)	True	O4 + O7 may be combined (max +8)	40	31	0.5634
ERBB2	755	L	A	2	44	0.0455	6	S:31|P:5|M:3|A:2|L:2|W:1	42	5	31	mixed	True	Supporting	1	True	O4 + O7 may be combined (max +8)	True	O4 + O7 may be combined (max +8)	28	16	0.6364
ERBB2	755	L	L	2	44	0.0455	6	S:31|P:5|M:3|A:2|L:2|W:1	42	5	31	mixed	True	Supporting	1	True	O4 + O7 may be combined (max +8)	True	O4 + O7 may be combined (max +8)	28	16	0.6364
BRAF	469	G	S	2	61	0.0328	7	A:34|V:11|R:8|E:4|S:2|*:1|G:1	59	6	34	mixed	True	Supporting	1	True	O4 + O7 may be combined (max +8)	True	O4 + O7 may be combined (max +8)	37	24	0.6066
HRAS	13	G	S	2	50	0.04	7	R:22|V:15|D:6|C:3|S:2|I:1|N:1	48	6	22	position-specific	True	Supporting	1	True	O4 + O7 may be combined (max +8)	True	O4 + O7 may be combined (max +8)	15	35	0.3
TP53	195	I	M	2	79	0.0253	7	T:42|F:19|N:10|S:4|M:2|I:1|K:1	77	6	42	mixed	True	Supporting	1	True	O4 + O7 may be combined (max +8)	True	O4 + O7 may be combined (max +8)	26	53	0.3291
CDKN2A	83	H	N	2	62	0.0323	5	Y:48|D:6|R:4|N:2|Q:2	60	4	48	mixed	True	Supporting	1	True	O4 + O7 may be combined (max +8)	True	O4 + O7 may be combined (max +8)	38	24	0.6129
CDKN2A	83	H	Q	2	62	0.0323	5	Y:48|D:6|R:4|N:2|Q:2	60	4	48	mixed	True	Supporting	1	True	O4 + O7 may be combined (max +8)	True	O4 + O7 may be combined (max +8)	38	24	0.6129
TP53	249	R	K	2	102	0.0196	7	S:45|M:17|G:15|T:11|W:11|K:2|I:1	100	6	45	position-specific	True	Supporting	1	True	O4 + O7 may be combined (max +8)	True	O4 + O7 may be combined (max +8)	47	55	0.4608
BRAF	594	D	V	2	51	0.0392	6	N:24|G:21|V:2|Y:2|E:1|H:1	49	5	24	position-specific	True	Supporting	1	True	O4 + O7 may be combined (max +8)	True	O4 + O7 may be combined (max +8)	35	16	0.6863
BRAF	594	D	Y	2	51	0.0392	6	N:24|G:21|V:2|Y:2|E:1|H:1	49	5	24	position-specific	True	Supporting	1	True	O4 + O7 may be combined (max +8)	True	O4 + O7 may be combined (max +8)	35	16	0.6863
TP53	234	Y	D	2	68	0.0294	6	C:42|H:9|*:6|N:6|S:3|D:2	66	5	42	mixed	True	Supporting	1	True	O4 + O7 may be combined (max +8)	True	O4 + O7 may be combined (max +8)	33	35	0.4853
RAC1	29	P	T	2	53	0.0377	4	S:43|L:7|T:2|F:1	51	3	43	mutation-specific	True	Supporting	1	True	O4 + O7 may be combined (max +8)	True	O4 + O7 may be combined (max +8)	20	33	0.3774
FBXW7	479	R	L	2	57	0.0351	6	Q:31|*:8|G:8|P:7|L:2|R:1	55	5	31	mixed	True	Supporting	1	True	O4 + O7 may be combined (max +8)	True	O4 + O7 may be combined (max +8)	29	28	0.5088
NRAS	13	G	C	2	41	0.0488	6	R:18|D:16|S:3|C:2|F:1|V:1	39	5	18	position-specific	True	Supporting	1	True	O4 + O7 may be combined (max +8)	True	O4 + O7 may be combined (max +8)	17	24	0.4146
TP53	205	Y	N	2	61	0.0328	7	C:35|H:8|F:6|S:6|D:3|N:2|*:1	59	6	35	mixed	True	Supporting	1	True	O4 + O7 may be combined (max +8)	True	O4 + O7 may be combined (max +8)	22	39	0.3607
PIK3CA	726	E	A	2	55	0.0364	2	K:53|A:2	53	1	53	mutation-specific	True	Supporting	1	True	O4 + O7 may be combined (max +8)	True	O4 + O7 may be combined (max +8)	27	28	0.4909
TP53	158	R	S	2	106	0.0189	7	L:42|H:36|P:11|G:9|C:5|S:2|F:1	104	6	42	position-specific	True	Supporting	1	True	O4 + O7 may be combined (max +8)	True	O4 + O7 may be combined (max +8)	54	52	0.5094
TP53	236	Y	H	2	59	0.0339	6	C:40|*:5|D:5|N:5|H:2|S:2	57	5	40	mixed	True	Supporting	1	True	O4 + O7 may be combined (max +8)	True	O4 + O7 may be combined (max +8)	32	27	0.5424
TP53	236	Y	S	2	59	0.0339	6	C:40|*:5|D:5|N:5|H:2|S:2	57	5	40	mixed	True	Supporting	1	True	O4 + O7 may be combined (max +8)	True	O4 + O7 may be combined (max +8)	32	27	0.5424
HRAS	12	G	A	2	38	0.0526	6	D:14|S:14|C:4|V:3|A:2|N:1	36	5	14	position-specific	True	Supporting	1	True	O4 + O7 may be combined (max +8)	True	O4 + O7 may be combined (max +8)	11	27	0.2895
TP53	275	C	G	2	70	0.0286	7	F:25|Y:24|R:7|S:6|*:3|W:3|G:2	68	6	25	position-specific	True	Supporting	1	True	O4 + O7 may be combined (max +8)	True	O4 + O7 may be combined (max +8)	27	43	0.3857
TP53	135	C	G	2	74	0.027	7	Y:27|F:24|R:9|*:4|S:4|W:4|G:2	72	6	27	position-specific	True	Supporting	1	True	O4 + O7 may be combined (max +8)	True	O4 + O7 may be combined (max +8)	37	37	0.5
IDH2	140	R	W	2	23	0.087	3	Q:20|W:2|L:1	21	2	20	mutation-specific	True	Supporting	1	True	O4 + O7 may be combined (max +8)	True	O4 + O7 may be combined (max +8)	1	22	0.0435
TP53	241	S	A	2	97	0.0206	7	F:51|C:19|Y:15|P:6|S:3|A:2|T:1	95	6	51	mixed	True	Supporting	1	True	O4 + O7 may be combined (max +8)	True	O4 + O7 may be combined (max +8)	45	52	0.4639
TP53	272	V	K	2	66	0.0303	7	M:34|L:20|G:5|E:3|K:2|A:1|V:1	64	6	34	mixed	True	Supporting	1	True	O4 + O7 may be combined (max +8)	True	O4 + O7 may be combined (max +8)	31	35	0.4697
FLT3	835	D	H	2	17	0.1176	4	Y:11|E:3|H:2|V:1	15	3	11	mixed	True	Supporting	1	True	O4 + O7 may be combined (max +8)	True	O4 + O7 may be combined (max +8)	0	17	0.0
TP53	132	K	Q	2	83	0.0241	7	N:30|R:27|E:14|M:5|T:4|Q:2|*:1	81	6	30	position-specific	True	Supporting	1	True	O4 + O7 may be combined (max +8)	True	O4 + O7 may be combined (max +8)	36	47	0.4337
NFE2L2	79	E	V	2	34	0.0588	6	Q:17|K:11|*:2|V:2|D:1|G:1	32	5	17	mixed	True	Supporting	1	True	O4 + O7 may be combined (max +8)	True	O4 + O7 may be combined (max +8)	10	24	0.2941
BRAF	581	N	T	2	21	0.0952	6	S:13|I:3|T:2|D:1|H:1|Y:1	19	5	13	mixed	True	Supporting	1	True	O4 + O7 may be combined (max +8)	True	O4 + O7 may be combined (max +8)	10	11	0.4762
CDK4	24	R	S	2	23	0.087	4	L:10|H:7|C:4|S:2	21	3	10	position-specific	True	Supporting	1	True	O4 + O7 may be combined (max +8)	True	O4 + O7 may be combined (max +8)	12	11	0.5217
TP53	239	N	K	2	41	0.0488	5	S:19|D:18|K:2|H:1|T:1	39	4	19	position-specific	True	Supporting	1	True	O4 + O7 may be combined (max +8)	True	O4 + O7 may be combined (max +8)	20	21	0.4878
TP53	242	C	R	2	59	0.0339	8	F:27|Y:12|S:9|W:4|G:3|R:2|*:1|C:1	57	7	27	position-specific	True	Supporting	1	True	O4 + O7 may be combined (max +8)	True	O4 + O7 may be combined (max +8)	24	35	0.4068
CD79B	197	Y	C	2	16	0.125	7	H:5|C:2|D:2|F:2|N:2|S:2|R:1	14	6	5	position-specific	True	Supporting	1	True	O4 + O7 may be combined (max +8)	False	Cap combined O4 + O7 at +4	3	13	0.1875
CD79B	197	Y	D	2	16	0.125	7	H:5|C:2|D:2|F:2|N:2|S:2|R:1	14	6	5	position-specific	True	Supporting	1	True	O4 + O7 may be combined (max +8)	False	Cap combined O4 + O7 at +4	3	13	0.1875
CD79B	197	Y	F	2	16	0.125	7	H:5|C:2|D:2|F:2|N:2|S:2|R:1	14	6	5	position-specific	True	Supporting	1	True	O4 + O7 may be combined (max +8)	False	Cap combined O4 + O7 at +4	3	13	0.1875
CD79B	197	Y	N	2	16	0.125	7	H:5|C:2|D:2|F:2|N:2|S:2|R:1	14	6	5	position-specific	True	Supporting	1	True	O4 + O7 may be combined (max +8)	False	Cap combined O4 + O7 at +4	3	13	0.1875
CD79B	197	Y	S	2	16	0.125	7	H:5|C:2|D:2|F:2|N:2|S:2|R:1	14	6	5	position-specific	True	Supporting	1	True	O4 + O7 may be combined (max +8)	False	Cap combined O4 + O7 at +4	3	13	0.1875
NFE2L2	82	E	Q	2	21	0.0952	4	D:13|A:3|G:3|Q:2	19	3	13	mixed	True	Supporting	1	True	O4 + O7 may be combined (max +8)	True	O4 + O7 may be combined (max +8)	7	14	0.3333
PIK3CA	344	V	A	2	26	0.0769	3	G:13|M:11|A:2	24	2	13	mixed	True	Supporting	1	True	O4 + O7 may be combined (max +8)	True	O4 + O7 may be combined (max +8)	15	11	0.5769
MED12	44	G	V	2	25	0.08	5	S:8|D:6|C:5|A:4|V:2	23	4	8	position-specific	True	Supporting	1	True	O4 + O7 may be combined (max +8)	False	Cap combined O4 + O7 at +4	20	5	0.8
MED12	1224	L	V	2	18	0.1111	2	F:16|V:2	16	1	16	mutation-specific	True	Supporting	1	True	O4 + O7 may be combined (max +8)	True	O4 + O7 may be combined (max +8)	7	11	0.3889
STK19	89	D	D	2	18	0.1111	2	N:16|D:2	16	1	16	mutation-specific	True	Supporting	1	True	O4 + O7 may be combined (max +8)	True	O4 + O7 may be combined (max +8)	0	18	0.0
NFE2L2	29	D	G	2	30	0.0667	4	H:19|Y:7|G:2|N:2	28	3	19	mixed	True	Supporting	1	True	O4 + O7 may be combined (max +8)	True	O4 + O7 may be combined (max +8)	7	23	0.2333
NFE2L2	29	D	N	2	30	0.0667	4	H:19|Y:7|G:2|N:2	28	3	19	mixed	True	Supporting	1	True	O4 + O7 may be combined (max +8)	True	O4 + O7 may be combined (max +8)	7	23	0.2333
KRAS	60	G	D	2	24	0.0833	4	G:19|D:2|V:2|S:1	22	3	19	mixed	True	Supporting	1	True	O4 + O7 may be combined (max +8)	True	O4 + O7 may be combined (max +8)	12	12	0.5
KRAS	60	G	V	2	24	0.0833	4	G:19|D:2|V:2|S:1	22	3	19	mixed	True	Supporting	1	True	O4 + O7 may be combined (max +8)	True	O4 + O7 may be combined (max +8)	12	12	0.5
ALK	1174	F	C	2	14	0.1429	3	L:11|C:2|V:1	12	2	11	mixed	True	Supporting	1	True	O4 + O7 may be combined (max +8)	True	O4 + O7 may be combined (max +8)	4	10	0.2857
TP53	214	H	L	2	40	0.05	4	R:35|L:2|Q:2|P:1	38	3	35	mutation-specific	True	Supporting	1	True	O4 + O7 may be combined (max +8)	True	O4 + O7 may be combined (max +8)	17	23	0.425
TP53	214	H	Q	2	40	0.05	4	R:35|L:2|Q:2|P:1	38	3	35	mutation-specific	True	Supporting	1	True	O4 + O7 may be combined (max +8)	True	O4 + O7 may be combined (max +8)	17	23	0.425
FGFR1	577	N	D	2	19	0.1053	2	K:17|D:2	17	1	17	mutation-specific	True	Supporting	1	True	O4 + O7 may be combined (max +8)	True	O4 + O7 may be combined (max +8)	9	10	0.4737
TP53	286	E	A	2	73	0.0274	6	K:41|*:14|Q:7|G:6|V:3|A:2	71	5	41	mixed	True	Supporting	1	True	O4 + O7 may be combined (max +8)	True	O4 + O7 may be combined (max +8)	35	38	0.4795
FGFR2	252	S	L	2	22	0.0909	3	W:18|L:2|S:2	20	2	18	mutation-specific	True	Supporting	1	True	O4 + O7 may be combined (max +8)	True	O4 + O7 may be combined (max +8)	10	12	0.4545
FGFR2	252	S	S	2	22	0.0909	3	W:18|L:2|S:2	20	2	18	mutation-specific	True	Supporting	1	True	O4 + O7 may be combined (max +8)	True	O4 + O7 may be combined (max +8)	10	12	0.4545
EGFR	108	R	G	2	19	0.1053	2	K:17|G:2	17	1	17	mutation-specific	True	Supporting	1	True	O4 + O7 may be combined (max +8)	True	O4 + O7 may be combined (max +8)	11	8	0.5789
NFE2L2	81	G	C	2	19	0.1053	6	S:6|V:4|D:3|R:3|C:2|A:1	17	5	6	position-specific	True	Supporting	1	True	O4 + O7 may be combined (max +8)	False	Cap combined O4 + O7 at +4	6	13	0.3158
MAP2K1	53	F	C	2	17	0.1176	4	L:12|C:2|V:2|I:1	15	3	12	mixed	True	Supporting	1	True	O4 + O7 may be combined (max +8)	True	O4 + O7 may be combined (max +8)	4	13	0.2353
MAP2K1	53	F	V	2	17	0.1176	4	L:12|C:2|V:2|I:1	15	3	12	mixed	True	Supporting	1	True	O4 + O7 may be combined (max +8)	True	O4 + O7 may be combined (max +8)	4	13	0.2353
ERBB3	928	E	K	2	17	0.1176	2	G:15|K:2	15	1	15	mutation-specific	True	Supporting	1	True	O4 + O7 may be combined (max +8)	True	O4 + O7 may be combined (max +8)	14	3	0.8235
EP300	1399	D	Y	2	23	0.087	3	N:20|Y:2|E:1	21	2	20	mutation-specific	True	Supporting	1	True	O4 + O7 may be combined (max +8)	True	O4 + O7 may be combined (max +8)	5	18	0.2174
SMAD4	386	G	R	2	22	0.0909	6	D:9|V:6|S:3|R:2|A:1|C:1	20	5	9	position-specific	True	Supporting	1	True	O4 + O7 may be combined (max +8)	False	Cap combined O4 + O7 at +4	8	14	0.3636
PTPN11	72	A	G	2	18	0.1111	5	T:6|V:6|D:3|G:2|S:1	16	4	6	position-specific	True	Supporting	1	True	O4 + O7 may be combined (max +8)	False	Cap combined O4 + O7 at +4	10	8	0.5556
TP53	126	Y	H	2	33	0.0606	6	C:11|D:8|*:7|S:3|H:2|N:2	31	5	11	position-specific	True	Supporting	1	True	O4 + O7 may be combined (max +8)	True	O4 + O7 may be combined (max +8)	14	19	0.4242
TP53	126	Y	N	2	33	0.0606	6	C:11|D:8|*:7|S:3|H:2|N:2	31	5	11	position-specific	True	Supporting	1	True	O4 + O7 may be combined (max +8)	True	O4 + O7 may be combined (max +8)	14	19	0.4242
NFE2L2	80	T	P	2	15	0.1333	5	R:5|K:4|A:3|P:2|I:1	13	4	5	position-specific	True	Supporting	1	True	O4 + O7 may be combined (max +8)	False	Cap combined O4 + O7 at +4	4	11	0.2667
ESR1	536	L	L	2	14	0.1429	5	H:6|P:3|L:2|R:2|Q:1	12	4	6	position-specific	True	Supporting	1	True	O4 + O7 may be combined (max +8)	False	Cap combined O4 + O7 at +4	14	0	1.0
ESR1	536	L	R	2	14	0.1429	5	H:6|P:3|L:2|R:2|Q:1	12	4	6	position-specific	True	Supporting	1	True	O4 + O7 may be combined (max +8)	False	Cap combined O4 + O7 at +4	14	0	1.0
MET	1010	D	Y	2	14	0.1429	3	H:6|N:6|Y:2	12	2	6	position-specific	True	Supporting	1	True	O4 + O7 may be combined (max +8)	False	Cap combined O4 + O7 at +4	14	0	1.0
SPOP	102	F	L	2	24	0.0833	5	C:12|V:7|L:2|S:2|I:1	22	4	12	mixed	True	Supporting	1	True	O4 + O7 may be combined (max +8)	True	O4 + O7 may be combined (max +8)	11	13	0.4583
SPOP	102	F	S	2	24	0.0833	5	C:12|V:7|L:2|S:2|I:1	22	4	12	mixed	True	Supporting	1	True	O4 + O7 may be combined (max +8)	True	O4 + O7 may be combined (max +8)	11	13	0.4583
PIK3CA	1044	N	Y	2	14	0.1429	2	K:12|Y:2	12	1	12	mutation-specific	True	Supporting	1	True	O4 + O7 may be combined (max +8)	True	O4 + O7 may be combined (max +8)	7	7	0.5
CDKN2A	114	P	P	2	31	0.0645	6	L:24|P:2|T:2|F:1|H:1|S:1	29	5	24	mixed	True	Supporting	1	True	O4 + O7 may be combined (max +8)	True	O4 + O7 may be combined (max +8)	15	16	0.4839
CDKN2A	114	P	T	2	31	0.0645	6	L:24|P:2|T:2|F:1|H:1|S:1	29	5	24	mixed	True	Supporting	1	True	O4 + O7 may be combined (max +8)	True	O4 + O7 may be combined (max +8)	15	16	0.4839
SMAD4	351	D	V	2	20	0.1	6	Y:6|N:5|G:3|H:3|V:2|A:1	18	5	6	position-specific	True	Supporting	1	True	O4 + O7 may be combined (max +8)	False	Cap combined O4 + O7 at +4	12	8	0.6
ERBB3	329	K	T	2	12	0.1667	3	E:9|T:2|R:1	10	2	9	mixed	True	Supporting	1	True	O4 + O7 may be combined (max +8)	False	Cap combined O4 + O7 at +4	8	4	0.6667
RHEB	35	Y	C	2	12	0.1667	5	N:5|C:2|H:2|S:2|*:1	10	4	5	position-specific	True	Supporting	1	True	O4 + O7 may be combined (max +8)	False	Cap combined O4 + O7 at +4	3	9	0.25
RHEB	35	Y	H	2	12	0.1667	5	N:5|C:2|H:2|S:2|*:1	10	4	5	position-specific	True	Supporting	1	True	O4 + O7 may be combined (max +8)	False	Cap combined O4 + O7 at +4	3	9	0.25
RHEB	35	Y	S	2	12	0.1667	5	N:5|C:2|H:2|S:2|*:1	10	4	5	position-specific	True	Supporting	1	True	O4 + O7 may be combined (max +8)	False	Cap combined O4 + O7 at +4	3	9	0.25
H3F3A	35	G	V	2	12	0.1667	3	R:9|V:2|W:1	10	2	9	mixed	True	Supporting	1	True	O4 + O7 may be combined (max +8)	False	Cap combined O4 + O7 at +4	6	6	0.5
RRAS2	72	Q	H	2	9	0.2222	2	L:7|H:2	7	1	7	mixed	True	Supporting	1	False	Cap combined O4 + O7 at +4	False	Cap combined O4 + O7 at +4	0	9	0.0
CREBBP	1503	Y	N	2	9	0.2222	5	H:4|N:2|C:1|D:1|S:1	7	4	4	position-specific	True	Supporting	1	False	Cap combined O4 + O7 at +4	False	Cap combined O4 + O7 at +4	4	5	0.4444
CIC	202	R	Q	2	13	0.1538	2	W:11|Q:2	11	1	11	mutation-specific	True	Supporting	1	True	O4 + O7 may be combined (max +8)	True	O4 + O7 may be combined (max +8)	6	7	0.4615
FOXA1	266	F	C	2	11	0.1818	6	L:5|C:2|F:1|I:1|S:1|V:1	9	5	5	position-specific	True	Supporting	1	False	Cap combined O4 + O7 at +4	False	Cap combined O4 + O7 at +4	6	5	0.5455
SPOP	87	Y	C	2	14	0.1429	4	N:8|S:3|C:2|D:1	12	3	8	mixed	True	Supporting	1	True	O4 + O7 may be combined (max +8)	False	Cap combined O4 + O7 at +4	5	9	0.3571
SF3B1	666	K	E	2	13	0.1538	5	T:5|N:3|E:2|M:2|Q:1	11	4	5	position-specific	True	Supporting	1	True	O4 + O7 may be combined (max +8)	False	Cap combined O4 + O7 at +4	4	9	0.3077
SF3B1	666	K	M	2	13	0.1538	5	T:5|N:3|E:2|M:2|Q:1	11	4	5	position-specific	True	Supporting	1	True	O4 + O7 may be combined (max +8)	False	Cap combined O4 + O7 at +4	4	9	0.3077
VHL	65	S	P	2	17	0.1176	5	*:7|L:6|P:2|T:1|W:1	15	4	7	position-specific	True	Supporting	1	True	O4 + O7 may be combined (max +8)	False	Cap combined O4 + O7 at +4	5	12	0.2941
CDK4	22	K	Q	2	7	0.2857	2	M:5|Q:2	5	1	5	mixed	True	Supporting	1	False	Cap combined O4 + O7 at +4	False	Cap combined O4 + O7 at +4	1	6	0.1429
TP53	134	F	I	2	24	0.0833	5	L:12|V:5|C:4|I:2|S:1	22	4	12	mixed	True	Supporting	1	True	O4 + O7 may be combined (max +8)	True	O4 + O7 may be combined (max +8)	15	9	0.625
KIT	557	W	S	2	12	0.1667	4	R:6|G:3|S:2|C:1	10	3	6	mixed	True	Supporting	1	True	O4 + O7 may be combined (max +8)	False	Cap combined O4 + O7 at +4	8	4	0.6667
SMARCA4	1232	G	C	2	17	0.1176	4	S:11|C:2|D:2|V:2	15	3	11	mixed	True	Supporting	1	True	O4 + O7 may be combined (max +8)	True	O4 + O7 may be combined (max +8)	5	12	0.2941
SMARCA4	1232	G	D	2	17	0.1176	4	S:11|C:2|D:2|V:2	15	3	11	mixed	True	Supporting	1	True	O4 + O7 may be combined (max +8)	True	O4 + O7 may be combined (max +8)	5	12	0.2941
SMARCA4	1232	G	V	2	17	0.1176	4	S:11|C:2|D:2|V:2	15	3	11	mixed	True	Supporting	1	True	O4 + O7 may be combined (max +8)	True	O4 + O7 may be combined (max +8)	5	12	0.2941
TP53	246	M	R	2	37	0.0541	6	V:16|I:10|K:3|L:3|T:3|R:2	35	5	16	position-specific	True	Supporting	1	True	O4 + O7 may be combined (max +8)	True	O4 + O7 may be combined (max +8)	23	14	0.6216
PTEN	136	C	F	2	14	0.1429	4	R:9|F:2|Y:2|*:1	12	3	9	mixed	True	Supporting	1	True	O4 + O7 may be combined (max +8)	False	Cap combined O4 + O7 at +4	4	10	0.2857
PTEN	136	C	Y	2	14	0.1429	4	R:9|F:2|Y:2|*:1	12	3	9	mixed	True	Supporting	1	True	O4 + O7 may be combined (max +8)	False	Cap combined O4 + O7 at +4	4	10	0.2857
SMAD4	356	P	R	2	16	0.125	4	L:10|S:3|R:2|H:1	14	3	10	mixed	True	Supporting	1	True	O4 + O7 may be combined (max +8)	True	O4 + O7 may be combined (max +8)	8	8	0.5
STK11	194	D	V	2	14	0.1429	5	Y:7|N:3|V:2|G:1|H:1	12	4	7	mixed	True	Supporting	1	True	O4 + O7 may be combined (max +8)	False	Cap combined O4 + O7 at +4	9	5	0.6429
TP53	143	V	E	2	26	0.0769	4	M:12|A:7|G:5|E:2	24	3	12	position-specific	True	Supporting	1	True	O4 + O7 may be combined (max +8)	True	O4 + O7 may be combined (max +8)	12	14	0.4615
CIC	1512	R	C	2	11	0.1818	4	H:5|L:3|C:2|S:1	9	3	5	position-specific	True	Supporting	1	False	Cap combined O4 + O7 at +4	False	Cap combined O4 + O7 at +4	2	9	0.1818
MAP2K1	203	E	V	2	16	0.125	2	K:14|V:2	14	1	14	mutation-specific	True	Supporting	1	True	O4 + O7 may be combined (max +8)	True	O4 + O7 may be combined (max +8)	10	6	0.625
PTPN11	76	E	A	2	13	0.1538	4	K:7|G:3|A:2|Q:1	11	3	7	mixed	True	Supporting	1	True	O4 + O7 may be combined (max +8)	False	Cap combined O4 + O7 at +4	6	7	0.4615
NF1	440	R	Q	2	19	0.1053	2	*:17|Q:2	17	1	17	mutation-specific	True	Supporting	1	True	O4 + O7 may be combined (max +8)	True	O4 + O7 may be combined (max +8)	11	8	0.5789
ACVR1	328	G	V	2	7	0.2857	2	E:5|V:2	5	1	5	mixed	True	Supporting	1	False	Cap combined O4 + O7 at +4	False	Cap combined O4 + O7 at +4	1	6	0.1429
NFE2L2	30	L	H	2	12	0.1667	4	F:7|H:2|P:2|R:1	10	3	7	mixed	True	Supporting	1	True	O4 + O7 may be combined (max +8)	False	Cap combined O4 + O7 at +4	3	9	0.25
NFE2L2	30	L	P	2	12	0.1667	4	F:7|H:2|P:2|R:1	10	3	7	mixed	True	Supporting	1	True	O4 + O7 may be combined (max +8)	False	Cap combined O4 + O7 at +4	3	9	0.25
SF3B1	626	N	D	2	8	0.25	3	Y:4|D:2|H:2	6	2	4	mixed	True	Supporting	1	False	Cap combined O4 + O7 at +4	False	Cap combined O4 + O7 at +4	1	7	0.125
SF3B1	626	N	H	2	8	0.25	3	Y:4|D:2|H:2	6	2	4	mixed	True	Supporting	1	False	Cap combined O4 + O7 at +4	False	Cap combined O4 + O7 at +4	1	7	0.125
EGFR	709	E	A	2	16	0.125	3	K:13|A:2|Q:1	14	2	13	mutation-specific	True	Supporting	1	True	O4 + O7 may be combined (max +8)	True	O4 + O7 may be combined (max +8)	12	4	0.75
ERBB3	228	H	R	2	8	0.25	2	Q:6|R:2	6	1	6	mixed	True	Supporting	1	False	Cap combined O4 + O7 at +4	False	Cap combined O4 + O7 at +4	0	8	0.0
FOXA1	247	H	Q	2	10	0.2	4	Y:4|R:3|Q:2|L:1	8	3	4	position-specific	True	Supporting	1	False	Cap combined O4 + O7 at +4	False	Cap combined O4 + O7 at +4	6	4	0.6
ARID1A	2158	R	Q	2	15	0.1333	3	*:12|Q:2|R:1	13	2	12	mutation-specific	True	Supporting	1	True	O4 + O7 may be combined (max +8)	True	O4 + O7 may be combined (max +8)	6	9	0.4
ATM	3008	R	L	2	15	0.1333	3	H:7|C:6|L:2	13	2	7	position-specific	True	Supporting	1	True	O4 + O7 may be combined (max +8)	False	Cap combined O4 + O7 at +4	9	6	0.6
KIT	820	D	E	2	11	0.1818	5	Y:4|V:3|E:2|A:1|G:1	9	4	4	position-specific	True	Supporting	1	False	Cap combined O4 + O7 at +4	False	Cap combined O4 + O7 at +4	11	0	1.0
PTEN	92	D	H	2	18	0.1111	6	E:7|G:3|H:2|N:2|V:2|Y:2	16	5	7	position-specific	True	Supporting	1	True	O4 + O7 may be combined (max +8)	False	Cap combined O4 + O7 at +4	9	9	0.5
PTEN	92	D	N	2	18	0.1111	6	E:7|G:3|H:2|N:2|V:2|Y:2	16	5	7	position-specific	True	Supporting	1	True	O4 + O7 may be combined (max +8)	False	Cap combined O4 + O7 at +4	9	9	0.5
PTEN	92	D	V	2	18	0.1111	6	E:7|G:3|H:2|N:2|V:2|Y:2	16	5	7	position-specific	True	Supporting	1	True	O4 + O7 may be combined (max +8)	False	Cap combined O4 + O7 at +4	9	9	0.5
PTEN	92	D	Y	2	18	0.1111	6	E:7|G:3|H:2|N:2|V:2|Y:2	16	5	7	position-specific	True	Supporting	1	True	O4 + O7 may be combined (max +8)	False	Cap combined O4 + O7 at +4	9	9	0.5
NFE2L2	26	Q	P	2	9	0.2222	5	K:4|P:2|H:1|L:1|R:1	7	4	4	position-specific	True	Supporting	1	False	Cap combined O4 + O7 at +4	False	Cap combined O4 + O7 at +4	2	7	0.2222
TET1	1752	P	S	2	10	0.2	2	P:8|S:2	8	1	8	mutation-specific	True	Supporting	1	False	Cap combined O4 + O7 at +4	False	Cap combined O4 + O7 at +4	4	6	0.4
KRAS	59	A	A	2	12	0.1667	4	T:5|G:4|A:2|E:1	10	3	5	position-specific	True	Supporting	1	True	O4 + O7 may be combined (max +8)	False	Cap combined O4 + O7 at +4	6	6	0.5
CDH1	254	D	E	2	11	0.1818	3	N:5|Y:4|E:2	9	2	5	position-specific	True	Supporting	1	False	Cap combined O4 + O7 at +4	False	Cap combined O4 + O7 at +4	4	7	0.3636
PTEN	68	Y	C	2	11	0.1818	4	H:6|*:2|C:2|N:1	9	3	6	mixed	True	Supporting	1	False	Cap combined O4 + O7 at +4	False	Cap combined O4 + O7 at +4	7	4	0.6364
PIK3CA	378	C	Y	2	9	0.2222	3	F:4|R:3|Y:2	7	2	4	position-specific	True	Supporting	1	False	Cap combined O4 + O7 at +4	False	Cap combined O4 + O7 at +4	2	7	0.2222
FOXA1	253	M	R	2	7	0.2857	3	K:4|R:2|T:1	5	2	4	mixed	True	Supporting	1	False	Cap combined O4 + O7 at +4	False	Cap combined O4 + O7 at +4	3	4	0.4286
EIF1AX	9	G	V	2	11	0.1818	3	D:6|R:3|V:2	9	2	6	mixed	True	Supporting	1	False	Cap combined O4 + O7 at +4	False	Cap combined O4 + O7 at +4	5	6	0.4545
TCF7L2	471	R	S	2	14	0.1429	3	C:8|H:4|S:2	12	2	8	mixed	True	Supporting	1	True	O4 + O7 may be combined (max +8)	False	Cap combined O4 + O7 at +4	5	9	0.3571
SF3B1	741	K	E	2	10	0.2	5	N:5|E:2|*:1|Q:1|T:1	8	4	5	mixed	True	Supporting	1	False	Cap combined O4 + O7 at +4	False	Cap combined O4 + O7 at +4	5	5	0.5
BRAF	597	L	S	2	10	0.2	5	Q:3|R:3|S:2|L:1|V:1	8	4	3	position-specific	True	Supporting	1	False	Cap combined O4 + O7 at +4	False	Cap combined O4 + O7 at +4	6	4	0.6
PIK3CB	1051	E	G	2	11	0.1818	2	K:9|G:2	9	1	9	mutation-specific	True	Supporting	1	False	Cap combined O4 + O7 at +4	False	Cap combined O4 + O7 at +4	4	7	0.3636
TP63	379	R	H	2	17	0.1176	3	C:14|H:2|S:1	15	2	14	mutation-specific	True	Supporting	1	True	O4 + O7 may be combined (max +8)	True	O4 + O7 may be combined (max +8)	6	11	0.3529
ARAF	214	S	P	2	12	0.1667	6	F:4|A:3|P:2|C:1|S:1|Y:1	10	5	4	position-specific	True	Supporting	1	True	O4 + O7 may be combined (max +8)	False	Cap combined O4 + O7 at +4	5	7	0.4167
MYC	74	P	T	2	12	0.1667	5	L:4|S:4|T:2|Q:1|R:1	10	4	4	position-specific	True	Supporting	1	True	O4 + O7 may be combined (max +8)	False	Cap combined O4 + O7 at +4	5	7	0.4167
TP53	130	L	P	2	30	0.0667	5	V:13|F:10|R:4|P:2|H:1	28	4	13	position-specific	True	Supporting	1	True	O4 + O7 may be combined (max +8)	True	O4 + O7 may be combined (max +8)	16	14	0.5333
STAG2	216	R	Q	2	14	0.1429	3	*:11|Q:2|R:1	12	2	11	mixed	True	Supporting	1	True	O4 + O7 may be combined (max +8)	True	O4 + O7 may be combined (max +8)	5	9	0.3571
TGFBR1	241	S	S	2	15	0.1333	3	L:12|S:2|*:1	13	2	12	mutation-specific	True	Supporting	1	True	O4 + O7 may be combined (max +8)	True	O4 + O7 may be combined (max +8)	8	7	0.5333
STAT3	410	H	P	2	6	0.3333	2	R:4|P:2	4	1	4	mixed	True	Supporting	1	False	Cap combined O4 + O7 at +4	False	Cap combined O4 + O7 at +4	1	5	0.1667
RHOA	161	A	T	2	7	0.2857	2	V:5|T:2	5	1	5	mixed	True	Supporting	1	False	Cap combined O4 + O7 at +4	False	Cap combined O4 + O7 at +4	3	4	0.4286
EP300	1466	W	C	2	8	0.25	5	L:3|C:2|*:1|G:1|R:1	6	4	3	position-specific	True	Supporting	1	False	Cap combined O4 + O7 at +4	False	Cap combined O4 + O7 at +4	4	4	0.5
EP300	1467	Y	D	2	8	0.25	6	D:2|N:2|C:1|H:1|K:1|S:1	6	5	2	position-specific	True	Supporting	1	False	Cap combined O4 + O7 at +4	False	Cap combined O4 + O7 at +4	5	3	0.625
EP300	1467	Y	N	2	8	0.25	6	D:2|N:2|C:1|H:1|K:1|S:1	6	5	2	position-specific	True	Supporting	1	False	Cap combined O4 + O7 at +4	False	Cap combined O4 + O7 at +4	5	3	0.625
MET	1070	V	A	2	5	0.4	3	A:2|E:2|R:1	3	2	2	position-specific	True	Supporting	1	False	Cap combined O4 + O7 at +4	False	Cap combined O4 + O7 at +4	1	4	0.2
MET	1070	V	E	2	5	0.4	3	A:2|E:2|R:1	3	2	2	position-specific	True	Supporting	1	False	Cap combined O4 + O7 at +4	False	Cap combined O4 + O7 at +4	1	4	0.2
SMARCA4	781	M	V	2	9	0.2222	3	I:6|V:2|L:1	7	2	6	mixed	True	Supporting	1	False	Cap combined O4 + O7 at +4	False	Cap combined O4 + O7 at +4	5	4	0.5556
ERBB4	798	L	P	2	11	0.1818	4	R:7|P:2|H:1|L:1	9	3	7	mixed	True	Supporting	1	False	Cap combined O4 + O7 at +4	False	Cap combined O4 + O7 at +4	2	9	0.1818
VHL	111	S	R	2	10	0.2	4	N:6|R:2|P:1|S:1	8	3	6	mixed	True	Supporting	1	False	Cap combined O4 + O7 at +4	False	Cap combined O4 + O7 at +4	3	7	0.3
BCL6	594	R	G	2	12	0.1667	2	Q:10|G:2	10	1	10	mutation-specific	True	Supporting	1	True	O4 + O7 may be combined (max +8)	True	O4 + O7 may be combined (max +8)	5	7	0.4167
U2AF1	157	Q	P	2	4	0.5	2	P:2|R:2	2	1	2	mixed	True	Supporting	1	False	Cap combined O4 + O7 at +4	False	Cap combined O4 + O7 at +4	0	4	0.0
U2AF1	157	Q	R	2	4	0.5	2	P:2|R:2	2	1	2	mixed	True	Supporting	1	False	Cap combined O4 + O7 at +4	False	Cap combined O4 + O7 at +4	0	4	0.0
ATM	2875	N	T	2	8	0.25	3	S:5|T:2|K:1	6	2	5	mixed	True	Supporting	1	False	Cap combined O4 + O7 at +4	False	Cap combined O4 + O7 at +4	1	7	0.125
PTPN11	69	E	D	2	11	0.1818	2	K:9|D:2	9	1	9	mutation-specific	True	Supporting	1	False	Cap combined O4 + O7 at +4	False	Cap combined O4 + O7 at +4	7	4	0.6364
EPAS1	531	P	L	2	4	0.5	3	L:2|A:1|S:1	2	2	1	mixed	True	Supporting	1	False	Cap combined O4 + O7 at +4	False	Cap combined O4 + O7 at +4	0	4	0.0
PTEN	27	Y	C	2	10	0.2	5	D:4|C:2|N:2|*:1|H:1	8	4	4	position-specific	True	Supporting	1	False	Cap combined O4 + O7 at +4	False	Cap combined O4 + O7 at +4	6	4	0.6
PTEN	27	Y	N	2	10	0.2	5	D:4|C:2|N:2|*:1|H:1	8	4	4	position-specific	True	Supporting	1	False	Cap combined O4 + O7 at +4	False	Cap combined O4 + O7 at +4	6	4	0.6
VHL	78	N	D	2	9	0.2222	4	S:4|D:2|Y:2|K:1	7	3	4	position-specific	True	Supporting	1	False	Cap combined O4 + O7 at +4	False	Cap combined O4 + O7 at +4	3	6	0.3333
VHL	78	N	Y	2	9	0.2222	4	S:4|D:2|Y:2|K:1	7	3	4	position-specific	True	Supporting	1	False	Cap combined O4 + O7 at +4	False	Cap combined O4 + O7 at +4	3	6	0.3333
IL7R	395	K	K	2	12	0.1667	5	R:4|T:3|K:2|N:2|M:1	10	4	4	position-specific	True	Supporting	1	True	O4 + O7 may be combined (max +8)	False	Cap combined O4 + O7 at +4	3	9	0.25
IL7R	395	K	N	2	12	0.1667	5	R:4|T:3|K:2|N:2|M:1	10	4	4	position-specific	True	Supporting	1	True	O4 + O7 may be combined (max +8)	False	Cap combined O4 + O7 at +4	3	9	0.25
TP53	152	P	P	2	38	0.0526	7	L:28|P:2|R:2|S:2|T:2|K:1|Q:1	36	6	28	mixed	True	Supporting	1	True	O4 + O7 may be combined (max +8)	True	O4 + O7 may be combined (max +8)	22	16	0.5789
TP53	152	P	R	2	38	0.0526	7	L:28|P:2|R:2|S:2|T:2|K:1|Q:1	36	6	28	mixed	True	Supporting	1	True	O4 + O7 may be combined (max +8)	True	O4 + O7 may be combined (max +8)	22	16	0.5789
TP53	152	P	S	2	38	0.0526	7	L:28|P:2|R:2|S:2|T:2|K:1|Q:1	36	6	28	mixed	True	Supporting	1	True	O4 + O7 may be combined (max +8)	True	O4 + O7 may be combined (max +8)	22	16	0.5789
TP53	152	P	T	2	38	0.0526	7	L:28|P:2|R:2|S:2|T:2|K:1|Q:1	36	6	28	mixed	True	Supporting	1	True	O4 + O7 may be combined (max +8)	True	O4 + O7 may be combined (max +8)	22	16	0.5789
KMT2D	5179	R	C	2	10	0.2	4	H:5|C:2|L:2|P:1	8	3	5	mixed	True	Supporting	1	False	Cap combined O4 + O7 at +4	False	Cap combined O4 + O7 at +4	4	6	0.4
KMT2D	5179	R	L	2	10	0.2	4	H:5|C:2|L:2|P:1	8	3	5	mixed	True	Supporting	1	False	Cap combined O4 + O7 at +4	False	Cap combined O4 + O7 at +4	4	6	0.4
TP53	168	H	P	2	19	0.1053	4	R:12|L:4|P:2|Y:1	17	3	12	mixed	True	Supporting	1	True	O4 + O7 may be combined (max +8)	True	O4 + O7 may be combined (max +8)	10	9	0.5263
TP53	161	A	V	2	26	0.0769	5	T:12|D:7|S:4|V:2|P:1	24	4	12	position-specific	True	Supporting	1	True	O4 + O7 may be combined (max +8)	True	O4 + O7 may be combined (max +8)	9	17	0.3462
PIK3CA	365	E	V	2	13	0.1538	2	K:11|V:2	11	1	11	mutation-specific	True	Supporting	1	True	O4 + O7 may be combined (max +8)	True	O4 + O7 may be combined (max +8)	6	7	0.4615
PRKCI	480	R	H	2	10	0.2	3	C:5|S:3|H:2	8	2	5	mixed	True	Supporting	1	False	Cap combined O4 + O7 at +4	False	Cap combined O4 + O7 at +4	0	10	0.0
PIK3R2	557	D	N	2	9	0.2222	4	Y:5|N:2|G:1|H:1	7	3	5	mixed	True	Supporting	1	False	Cap combined O4 + O7 at +4	False	Cap combined O4 + O7 at +4	8	1	0.8889
SMAD4	352	G	A	2	11	0.1818	6	E:3|R:3|A:2|*:1|L:1|V:1	9	5	3	position-specific	True	Supporting	1	False	Cap combined O4 + O7 at +4	False	Cap combined O4 + O7 at +4	8	3	0.7273
KNSTRN	12	V	V	2	5	0.4	2	G:3|V:2	3	1	3	mixed	True	Supporting	1	False	Cap combined O4 + O7 at +4	False	Cap combined O4 + O7 at +4	0	5	0.0
TP53	144	Q	L	2	23	0.087	4	*:17|P:3|L:2|H:1	21	3	17	mixed	True	Supporting	1	True	O4 + O7 may be combined (max +8)	True	O4 + O7 may be combined (max +8)	8	15	0.3478
MET	1230	Y	H	2	4	0.5	3	H:2|C:1|S:1	2	2	1	mixed	True	Supporting	1	False	Cap combined O4 + O7 at +4	False	Cap combined O4 + O7 at +4	3	1	0.75
KIT	560	V	V	2	7	0.2857	4	D:3|V:2|A:1|G:1	5	3	3	position-specific	True	Supporting	1	False	Cap combined O4 + O7 at +4	False	Cap combined O4 + O7 at +4	4	3	0.5714
TP53	105	G	R	2	28	0.0714	6	C:13|V:6|D:4|R:2|S:2|G:1	26	5	13	position-specific	True	Supporting	1	True	O4 + O7 may be combined (max +8)	True	O4 + O7 may be combined (max +8)	14	14	0.5
TP53	105	G	S	2	28	0.0714	6	C:13|V:6|D:4|R:2|S:2|G:1	26	5	13	position-specific	True	Supporting	1	True	O4 + O7 may be combined (max +8)	True	O4 + O7 may be combined (max +8)	14	14	0.5
SMAD4	330	E	G	2	11	0.1818	4	K:6|G:2|Q:2|*:1	9	3	6	mixed	True	Supporting	1	False	Cap combined O4 + O7 at +4	False	Cap combined O4 + O7 at +4	7	4	0.6364
SMAD4	330	E	Q	2	11	0.1818	4	K:6|G:2|Q:2|*:1	9	3	6	mixed	True	Supporting	1	False	Cap combined O4 + O7 at +4	False	Cap combined O4 + O7 at +4	7	4	0.6364
TP53	125	T	A	2	30	0.0667	5	M:16|R:6|K:3|P:3|A:2	28	4	16	mixed	True	Supporting	1	True	O4 + O7 may be combined (max +8)	True	O4 + O7 may be combined (max +8)	17	13	0.5667
VHL	121	D	G	2	9	0.2222	3	Y:6|G:2|V:1	7	2	6	mixed	True	Supporting	1	False	Cap combined O4 + O7 at +4	False	Cap combined O4 + O7 at +4	2	7	0.2222
FBXW7	520	D	Y	2	11	0.1818	5	N:6|Y:2|G:1|H:1|V:1	9	4	6	mixed	True	Supporting	1	False	Cap combined O4 + O7 at +4	False	Cap combined O4 + O7 at +4	6	5	0.5455
RUNX1	201	R	Q	2	7	0.2857	3	*:4|Q:2|G:1	5	2	4	mixed	True	Supporting	1	False	Cap combined O4 + O7 at +4	False	Cap combined O4 + O7 at +4	0	7	0.0
VHL	88	W	L	2	9	0.2222	3	*:5|L:2|R:2	7	2	5	mixed	True	Supporting	1	False	Cap combined O4 + O7 at +4	False	Cap combined O4 + O7 at +4	2	7	0.2222
VHL	88	W	R	2	9	0.2222	3	*:5|L:2|R:2	7	2	5	mixed	True	Supporting	1	False	Cap combined O4 + O7 at +4	False	Cap combined O4 + O7 at +4	2	7	0.2222
PTEN	129	G	G	2	12	0.1667	5	E:4|R:3|G:2|V:2|*:1	10	4	4	position-specific	True	Supporting	1	True	O4 + O7 may be combined (max +8)	False	Cap combined O4 + O7 at +4	6	6	0.5
PTEN	129	G	V	2	12	0.1667	5	E:4|R:3|G:2|V:2|*:1	10	4	4	position-specific	True	Supporting	1	True	O4 + O7 may be combined (max +8)	False	Cap combined O4 + O7 at +4	6	6	0.5
EGFR	363	T	A	2	7	0.2857	3	I:4|A:2|N:1	5	2	4	mixed	True	Supporting	1	False	Cap combined O4 + O7 at +4	False	Cap combined O4 + O7 at +4	2	5	0.2857
RHOA	40	E	K	2	14	0.1429	5	Q:9|K:2|*:1|D:1|V:1	12	4	9	mixed	True	Supporting	1	True	O4 + O7 may be combined (max +8)	False	Cap combined O4 + O7 at +4	5	9	0.3571
VHL	86	P	L	2	9	0.2222	4	S:4|L:2|T:2|R:1	7	3	4	position-specific	True	Supporting	1	False	Cap combined O4 + O7 at +4	False	Cap combined O4 + O7 at +4	6	3	0.6667
VHL	86	P	T	2	9	0.2222	4	S:4|L:2|T:2|R:1	7	3	4	position-specific	True	Supporting	1	False	Cap combined O4 + O7 at +4	False	Cap combined O4 + O7 at +4	6	3	0.6667
DICER1	1810	D	V	2	9	0.2222	5	N:3|V:2|Y:2|A:1|H:1	7	4	3	position-specific	True	Supporting	1	False	Cap combined O4 + O7 at +4	False	Cap combined O4 + O7 at +4	5	4	0.5556
DICER1	1810	D	Y	2	9	0.2222	5	N:3|V:2|Y:2|A:1|H:1	7	4	3	position-specific	True	Supporting	1	False	Cap combined O4 + O7 at +4	False	Cap combined O4 + O7 at +4	5	4	0.5556
PIK3CA	107	N	I	2	6	0.3333	3	S:3|I:2|N:1	4	2	3	mixed	True	Supporting	1	False	Cap combined O4 + O7 at +4	False	Cap combined O4 + O7 at +4	3	3	0.5
ASXL2	330	E	Q	2	10	0.2	3	K:7|Q:2|D:1	8	2	7	mixed	True	Supporting	1	False	Cap combined O4 + O7 at +4	False	Cap combined O4 + O7 at +4	3	7	0.3
MAP2K2	57	F	V	2	6	0.3333	2	L:4|V:2	4	1	4	mixed	True	Supporting	1	False	Cap combined O4 + O7 at +4	False	Cap combined O4 + O7 at +4	1	5	0.1667
PIM1	97	S	R	2	10	0.2	4	N:4|S:3|R:2|T:1	8	3	4	position-specific	True	Supporting	1	False	Cap combined O4 + O7 at +4	False	Cap combined O4 + O7 at +4	5	5	0.5
RUNX1	162	R	G	2	4	0.5	3	G:2|K:1|S:1	2	2	1	mixed	True	Supporting	1	False	Cap combined O4 + O7 at +4	False	Cap combined O4 + O7 at +4	0	4	0.0
B2M	12	L	Q	2	7	0.2857	3	P:4|Q:2|L:1	5	2	4	mixed	True	Supporting	1	False	Cap combined O4 + O7 at +4	False	Cap combined O4 + O7 at +4	3	4	0.4286
MTOR	1483	C	F	2	7	0.2857	4	F:2|R:2|Y:2|W:1	5	3	2	position-specific	True	Supporting	1	False	Cap combined O4 + O7 at +4	False	Cap combined O4 + O7 at +4	2	5	0.2857
MTOR	1483	C	R	2	7	0.2857	4	F:2|R:2|Y:2|W:1	5	3	2	position-specific	True	Supporting	1	False	Cap combined O4 + O7 at +4	False	Cap combined O4 + O7 at +4	2	5	0.2857
MTOR	1483	C	Y	2	7	0.2857	4	F:2|R:2|Y:2|W:1	5	3	2	position-specific	True	Supporting	1	False	Cap combined O4 + O7 at +4	False	Cap combined O4 + O7 at +4	2	5	0.2857
EGFR	596	P	S	2	8	0.25	4	L:4|S:2|P:1|R:1	6	3	4	mixed	True	Supporting	1	False	Cap combined O4 + O7 at +4	False	Cap combined O4 + O7 at +4	1	7	0.125
EIF1AX	15	G	G	2	7	0.2857	3	D:4|G:2|V:1	5	2	4	mixed	True	Supporting	1	False	Cap combined O4 + O7 at +4	False	Cap combined O4 + O7 at +4	2	5	0.2857
NOTCH1	853	F	C	2	4	0.5	2	C:2|I:2	2	1	2	mixed	True	Supporting	1	False	Cap combined O4 + O7 at +4	False	Cap combined O4 + O7 at +4	2	2	0.5
NOTCH1	853	F	I	2	4	0.5	2	C:2|I:2	2	1	2	mixed	True	Supporting	1	False	Cap combined O4 + O7 at +4	False	Cap combined O4 + O7 at +4	2	2	0.5
EIF1AX	13	R	C	2	12	0.1667	5	H:4|L:4|C:2|G:1|P:1	10	4	4	position-specific	True	Supporting	1	True	O4 + O7 may be combined (max +8)	False	Cap combined O4 + O7 at +4	9	3	0.75
SF3B1	740	G	V	2	9	0.2222	2	E:7|V:2	7	1	7	mixed	True	Supporting	1	False	Cap combined O4 + O7 at +4	False	Cap combined O4 + O7 at +4	2	7	0.2222
ERBB2	776	G	S	2	6	0.3333	2	V:4|S:2	4	1	4	mixed	True	Supporting	1	False	Cap combined O4 + O7 at +4	False	Cap combined O4 + O7 at +4	1	5	0.1667
SMAD4	526	E	Q	2	11	0.1818	6	*:3|K:3|Q:2|A:1|D:1|V:1	9	5	3	position-specific	True	Supporting	1	False	Cap combined O4 + O7 at +4	False	Cap combined O4 + O7 at +4	7	4	0.6364
SMAD4	355	D	V	2	7	0.2857	3	G:4|V:2|Y:1	5	2	4	mixed	True	Supporting	1	False	Cap combined O4 + O7 at +4	False	Cap combined O4 + O7 at +4	1	6	0.1429
ERCC2	246	S	F	2	7	0.2857	3	Y:3|F:2|S:2	5	2	3	position-specific	True	Supporting	1	False	Cap combined O4 + O7 at +4	False	Cap combined O4 + O7 at +4	5	2	0.7143
ERCC2	246	S	S	2	7	0.2857	3	Y:3|F:2|S:2	5	2	3	position-specific	True	Supporting	1	False	Cap combined O4 + O7 at +4	False	Cap combined O4 + O7 at +4	5	2	0.7143
IRF4	99	C	C	2	7	0.2857	3	R:4|C:2|Y:1	5	2	4	mixed	True	Supporting	1	False	Cap combined O4 + O7 at +4	False	Cap combined O4 + O7 at +4	4	3	0.5714
FGFR2	203	R	C	2	6	0.3333	2	H:4|C:2	4	1	4	mixed	True	Supporting	1	False	Cap combined O4 + O7 at +4	False	Cap combined O4 + O7 at +4	4	2	0.6667
ERBB2	659	V	E	2	5	0.4	3	E:2|V:2|D:1	3	2	2	position-specific	True	Supporting	1	False	Cap combined O4 + O7 at +4	False	Cap combined O4 + O7 at +4	4	1	0.8
ERBB2	659	V	V	2	5	0.4	3	E:2|V:2|D:1	3	2	2	position-specific	True	Supporting	1	False	Cap combined O4 + O7 at +4	False	Cap combined O4 + O7 at +4	4	1	0.8
TP53	155	T	I	2	18	0.1111	4	N:8|P:7|I:2|T:1	16	3	8	position-specific	True	Supporting	1	True	O4 + O7 may be combined (max +8)	False	Cap combined O4 + O7 at +4	7	11	0.3889
RNF43	86	H	R	2	4	0.5	2	R:2|Y:2	2	1	2	mixed	True	Supporting	1	False	Cap combined O4 + O7 at +4	False	Cap combined O4 + O7 at +4	0	4	0.0
RNF43	86	H	Y	2	4	0.5	2	R:2|Y:2	2	1	2	mixed	True	Supporting	1	False	Cap combined O4 + O7 at +4	False	Cap combined O4 + O7 at +4	0	4	0.0
BCL2	131	A	T	2	10	0.2	3	D:7|T:2|V:1	8	2	7	mixed	True	Supporting	1	False	Cap combined O4 + O7 at +4	False	Cap combined O4 + O7 at +4	9	1	0.9
PTEN	105	C	Y	2	7	0.2857	6	Y:2|*:1|G:1|R:1|S:1|W:1	5	5	1	position-specific	True	Supporting	1	False	Cap combined O4 + O7 at +4	False	Cap combined O4 + O7 at +4	2	5	0.2857
PTEN	124	C	Y	2	8	0.25	4	S:4|Y:2|G:1|R:1	6	3	4	mixed	True	Supporting	1	False	Cap combined O4 + O7 at +4	False	Cap combined O4 + O7 at +4	5	3	0.625
PTPRT	668	L	L	2	5	0.4	2	V:3|L:2	3	1	3	mixed	True	Supporting	1	False	Cap combined O4 + O7 at +4	False	Cap combined O4 + O7 at +4	1	4	0.2
NFE2L2	77	D	H	2	7	0.2857	4	G:3|H:2|V:1|Y:1	5	3	3	position-specific	True	Supporting	1	False	Cap combined O4 + O7 at +4	False	Cap combined O4 + O7 at +4	5	2	0.7143
MAP3K1	1330	S	W	2	10	0.2	2	L:8|W:2	8	1	8	mutation-specific	True	Supporting	1	False	Cap combined O4 + O7 at +4	False	Cap combined O4 + O7 at +4	4	6	0.4
VHL	161	R	Q	2	10	0.2	3	*:7|Q:2|L:1	8	2	7	mixed	True	Supporting	1	False	Cap combined O4 + O7 at +4	False	Cap combined O4 + O7 at +4	6	4	0.6
KEAP1	470	R	H	2	10	0.2	3	C:7|H:2|S:1	8	2	7	mixed	True	Supporting	1	False	Cap combined O4 + O7 at +4	False	Cap combined O4 + O7 at +4	2	8	0.2
SMAD4	363	C	F	2	6	0.3333	4	F:2|R:2|S:1|Y:1	4	3	2	position-specific	True	Supporting	1	False	Cap combined O4 + O7 at +4	False	Cap combined O4 + O7 at +4	4	2	0.6667
SMAD4	363	C	R	2	6	0.3333	4	F:2|R:2|S:1|Y:1	4	3	2	position-specific	True	Supporting	1	False	Cap combined O4 + O7 at +4	False	Cap combined O4 + O7 at +4	4	2	0.6667
FOXO1	205	S	N	2	5	0.4	3	N:2|S:2|Y:1	3	2	2	position-specific	True	Supporting	1	False	Cap combined O4 + O7 at +4	False	Cap combined O4 + O7 at +4	4	1	0.8
FOXO1	205	S	S	2	5	0.4	3	N:2|S:2|Y:1	3	2	2	position-specific	True	Supporting	1	False	Cap combined O4 + O7 at +4	False	Cap combined O4 + O7 at +4	4	1	0.8
KRAS	11	A	T	2	8	0.25	2	A:6|T:2	6	1	6	mixed	True	Supporting	1	False	Cap combined O4 + O7 at +4	False	Cap combined O4 + O7 at +4	6	2	0.75
CIC	231	S	N	2	4	0.5	3	N:2|G:1|I:1	2	2	1	mixed	True	Supporting	1	False	Cap combined O4 + O7 at +4	False	Cap combined O4 + O7 at +4	2	2	0.5
PTEN	171	Q	R	2	16	0.125	3	*:13|R:2|K:1	14	2	13	mutation-specific	True	Supporting	1	True	O4 + O7 may be combined (max +8)	True	O4 + O7 may be combined (max +8)	11	5	0.6875
VHL	151	I	N	2	6	0.3333	4	N:2|T:2|F:1|S:1	4	3	2	position-specific	True	Supporting	1	False	Cap combined O4 + O7 at +4	False	Cap combined O4 + O7 at +4	2	4	0.3333
VHL	151	I	T	2	6	0.3333	4	N:2|T:2|F:1|S:1	4	3	2	position-specific	True	Supporting	1	False	Cap combined O4 + O7 at +4	False	Cap combined O4 + O7 at +4	2	4	0.3333
ALK	1245	F	I	2	3	0.6667	2	I:2|V:1	1	1	1	mixed	True	Supporting	1	False	Cap combined O4 + O7 at +4	False	Cap combined O4 + O7 at +4	2	1	0.6667
CHEK2	346	R	G	2	8	0.25	4	C:3|G:2|S:2|H:1	6	3	3	position-specific	True	Supporting	1	False	Cap combined O4 + O7 at +4	False	Cap combined O4 + O7 at +4	4	4	0.5
CHEK2	346	R	S	2	8	0.25	4	C:3|G:2|S:2|H:1	6	3	3	position-specific	True	Supporting	1	False	Cap combined O4 + O7 at +4	False	Cap combined O4 + O7 at +4	4	4	0.5
STK11	174	H	H	2	6	0.3333	5	H:2|D:1|L:1|R:1|Y:1	4	4	1	position-specific	True	Supporting	1	False	Cap combined O4 + O7 at +4	False	Cap combined O4 + O7 at +4	3	3	0.5
EGFR	750	A	A	2	4	0.5	2	A:2|P:2	2	1	2	mixed	True	Supporting	1	False	Cap combined O4 + O7 at +4	False	Cap combined O4 + O7 at +4	4	0	1.0
EGFR	750	A	P	2	4	0.5	2	A:2|P:2	2	1	2	mixed	True	Supporting	1	False	Cap combined O4 + O7 at +4	False	Cap combined O4 + O7 at +4	4	0	1.0
FBXW7	532	T	P	2	3	0.6667	2	P:2|I:1	1	1	1	mixed	True	Supporting	1	False	Cap combined O4 + O7 at +4	False	Cap combined O4 + O7 at +4	2	1	0.6667
CREBBP	1435	D	H	2	9	0.2222	4	G:3|H:2|N:2|Y:2	7	3	3	position-specific	True	Supporting	1	False	Cap combined O4 + O7 at +4	False	Cap combined O4 + O7 at +4	3	6	0.3333
CREBBP	1435	D	N	2	9	0.2222	4	G:3|H:2|N:2|Y:2	7	3	3	position-specific	True	Supporting	1	False	Cap combined O4 + O7 at +4	False	Cap combined O4 + O7 at +4	3	6	0.3333
CREBBP	1435	D	Y	2	9	0.2222	4	G:3|H:2|N:2|Y:2	7	3	3	position-specific	True	Supporting	1	False	Cap combined O4 + O7 at +4	False	Cap combined O4 + O7 at +4	3	6	0.3333
SRSF2	95	P	H	2	6	0.3333	3	L:3|H:2|R:1	4	2	3	mixed	True	Supporting	1	False	Cap combined O4 + O7 at +4	False	Cap combined O4 + O7 at +4	2	4	0.3333
VHL	162	C	R	2	8	0.25	5	Y:3|R:2|*:1|F:1|W:1	6	4	3	position-specific	True	Supporting	1	False	Cap combined O4 + O7 at +4	False	Cap combined O4 + O7 at +4	3	5	0.375
DIS3	780	R	K	2	6	0.3333	4	K:2|T:2|G:1|S:1	4	3	2	position-specific	True	Supporting	1	False	Cap combined O4 + O7 at +4	False	Cap combined O4 + O7 at +4	1	5	0.1667
DIS3	780	R	T	2	6	0.3333	4	K:2|T:2|G:1|S:1	4	3	2	position-specific	True	Supporting	1	False	Cap combined O4 + O7 at +4	False	Cap combined O4 + O7 at +4	1	5	0.1667
PDPK1	499	P	L	2	5	0.4	2	S:3|L:2	3	1	3	mixed	True	Supporting	1	False	Cap combined O4 + O7 at +4	False	Cap combined O4 + O7 at +4	1	4	0.2
FOXA1	259	Y	C	2	5	0.4	3	C:2|S:2|F:1	3	2	2	position-specific	True	Supporting	1	False	Cap combined O4 + O7 at +4	False	Cap combined O4 + O7 at +4	2	3	0.4
FOXA1	259	Y	S	2	5	0.4	3	C:2|S:2|F:1	3	2	2	position-specific	True	Supporting	1	False	Cap combined O4 + O7 at +4	False	Cap combined O4 + O7 at +4	2	3	0.4
MYC	73	T	P	2	6	0.3333	3	I:3|P:2|A:1	4	2	3	mixed	True	Supporting	1	False	Cap combined O4 + O7 at +4	False	Cap combined O4 + O7 at +4	2	4	0.3333
PTPRT	695	L	L	2	9	0.2222	3	F:6|L:2|R:1	7	2	6	mixed	True	Supporting	1	False	Cap combined O4 + O7 at +4	False	Cap combined O4 + O7 at +4	2	7	0.2222
TP53	113	F	S	2	17	0.1176	6	C:6|V:6|S:2|F:1|L:1|P:1	15	5	6	position-specific	True	Supporting	1	True	O4 + O7 may be combined (max +8)	False	Cap combined O4 + O7 at +4	10	7	0.5882
RAD50	69	D	N	2	6	0.3333	2	Y:4|N:2	4	1	4	mixed	True	Supporting	1	False	Cap combined O4 + O7 at +4	False	Cap combined O4 + O7 at +4	2	4	0.3333
PIK3CA	471	P	A	2	7	0.2857	2	L:5|A:2	5	1	5	mixed	True	Supporting	1	False	Cap combined O4 + O7 at +4	False	Cap combined O4 + O7 at +4	2	5	0.2857
CREBBP	1450	Y	D	2	5	0.4	3	D:2|N:2|C:1	3	2	2	position-specific	True	Supporting	1	False	Cap combined O4 + O7 at +4	False	Cap combined O4 + O7 at +4	3	2	0.6
CREBBP	1450	Y	N	2	5	0.4	3	D:2|N:2|C:1	3	2	2	position-specific	True	Supporting	1	False	Cap combined O4 + O7 at +4	False	Cap combined O4 + O7 at +4	3	2	0.6
KMT2D	1375	L	L	2	3	0.6667	2	L:2|I:1	1	1	1	mixed	True	Supporting	1	False	Cap combined O4 + O7 at +4	False	Cap combined O4 + O7 at +4	0	3	0.0
IL7R	241	I	V	2	5	0.4	4	V:2|F:1|L:1|M:1	3	3	1	position-specific	True	Supporting	1	False	Cap combined O4 + O7 at +4	False	Cap combined O4 + O7 at +4	3	2	0.6
VHL	114	G	R	2	7	0.2857	3	A:4|R:2|C:1	5	2	4	mixed	True	Supporting	1	False	Cap combined O4 + O7 at +4	False	Cap combined O4 + O7 at +4	1	6	0.1429
ERCC2	609	D	E	2	3	0.6667	2	E:2|G:1	1	1	1	mixed	True	Supporting	1	False	Cap combined O4 + O7 at +4	False	Cap combined O4 + O7 at +4	1	2	0.3333
ERCC2	606	E	G	2	6	0.3333	2	Q:4|G:2	4	1	4	mixed	True	Supporting	1	False	Cap combined O4 + O7 at +4	False	Cap combined O4 + O7 at +4	3	3	0.5
SMAD4	536	L	P	2	4	0.5	3	P:2|Q:1|R:1	2	2	1	mixed	True	Supporting	1	False	Cap combined O4 + O7 at +4	False	Cap combined O4 + O7 at +4	2	2	0.5
KEAP1	272	R	H	2	8	0.25	4	C:3|H:2|P:2|L:1	6	3	3	position-specific	True	Supporting	1	False	Cap combined O4 + O7 at +4	False	Cap combined O4 + O7 at +4	5	3	0.625
KEAP1	272	R	P	2	8	0.25	4	C:3|H:2|P:2|L:1	6	3	3	position-specific	True	Supporting	1	False	Cap combined O4 + O7 at +4	False	Cap combined O4 + O7 at +4	5	3	0.625
GATA3	364	R	S	2	5	0.4	3	S:2|T:2|G:1	3	2	2	position-specific	True	Supporting	1	False	Cap combined O4 + O7 at +4	False	Cap combined O4 + O7 at +4	4	1	0.8
GATA3	364	R	T	2	5	0.4	3	S:2|T:2|G:1	3	2	2	position-specific	True	Supporting	1	False	Cap combined O4 + O7 at +4	False	Cap combined O4 + O7 at +4	4	1	0.8
JUN	112	E	Q	2	7	0.2857	2	K:5|Q:2	5	1	5	mixed	True	Supporting	1	False	Cap combined O4 + O7 at +4	False	Cap combined O4 + O7 at +4	1	6	0.1429
MED12	1223	V	L	2	3	0.6667	2	L:2|V:1	1	1	1	mixed	True	Supporting	1	False	Cap combined O4 + O7 at +4	False	Cap combined O4 + O7 at +4	0	3	0.0
KLF4	409	K	N	2	7	0.2857	2	Q:5|N:2	5	1	5	mixed	True	Supporting	1	False	Cap combined O4 + O7 at +4	False	Cap combined O4 + O7 at +4	2	5	0.2857
STK11	165	E	Q	2	9	0.2222	3	*:6|Q:2|K:1	7	2	6	mixed	True	Supporting	1	False	Cap combined O4 + O7 at +4	False	Cap combined O4 + O7 at +4	8	1	0.8889
SESN2	425	I	V	2	2	1.0	1	V:2	0	0	0	mutation-specific	True	Supporting	1	False	Cap combined O4 + O7 at +4	False	Cap combined O4 + O7 at +4	0	2	0.0
NCOA3	80	R	C	2	3	0.6667	2	C:2|H:1	1	1	1	mixed	True	Supporting	1	False	Cap combined O4 + O7 at +4	False	Cap combined O4 + O7 at +4	3	0	1.0
PIK3R1	379	K	E	2	4	0.5	2	E:2|N:2	2	1	2	mixed	True	Supporting	1	False	Cap combined O4 + O7 at +4	False	Cap combined O4 + O7 at +4	1	3	0.25
PIK3R1	379	K	N	2	4	0.5	2	E:2|N:2	2	1	2	mixed	True	Supporting	1	False	Cap combined O4 + O7 at +4	False	Cap combined O4 + O7 at +4	1	3	0.25
PTEN	24	D	E	2	10	0.2	5	G:3|E:2|H:2|V:2|N:1	8	4	3	position-specific	True	Supporting	1	False	Cap combined O4 + O7 at +4	False	Cap combined O4 + O7 at +4	5	5	0.5
PTEN	24	D	H	2	10	0.2	5	G:3|E:2|H:2|V:2|N:1	8	4	3	position-specific	True	Supporting	1	False	Cap combined O4 + O7 at +4	False	Cap combined O4 + O7 at +4	5	5	0.5
PTEN	24	D	V	2	10	0.2	5	G:3|E:2|H:2|V:2|N:1	8	4	3	position-specific	True	Supporting	1	False	Cap combined O4 + O7 at +4	False	Cap combined O4 + O7 at +4	5	5	0.5
TP53	259	D	H	2	31	0.0645	5	Y:19|V:7|H:2|N:2|D:1	29	4	19	mixed	True	Supporting	1	True	O4 + O7 may be combined (max +8)	True	O4 + O7 may be combined (max +8)	16	15	0.5161
TP53	259	D	N	2	31	0.0645	5	Y:19|V:7|H:2|N:2|D:1	29	4	19	mixed	True	Supporting	1	True	O4 + O7 may be combined (max +8)	True	O4 + O7 may be combined (max +8)	16	15	0.5161
CDKN2A	48	P	R	2	12	0.1667	2	L:10|R:2	10	1	10	mutation-specific	True	Supporting	1	True	O4 + O7 may be combined (max +8)	True	O4 + O7 may be combined (max +8)	5	7	0.4167
DIS3	479	D	Y	2	5	0.4	4	Y:2|G:1|H:1|V:1	3	3	1	position-specific	True	Supporting	1	False	Cap combined O4 + O7 at +4	False	Cap combined O4 + O7 at +4	5	0	1.0
PIK3R1	560	D	H	2	8	0.25	4	G:3|H:2|Y:2|N:1	6	3	3	position-specific	True	Supporting	1	False	Cap combined O4 + O7 at +4	False	Cap combined O4 + O7 at +4	3	5	0.375
PIK3R1	560	D	Y	2	8	0.25	4	G:3|H:2|Y:2|N:1	6	3	3	position-specific	True	Supporting	1	False	Cap combined O4 + O7 at +4	False	Cap combined O4 + O7 at +4	3	5	0.375
CDKN2A	42	N	H	2	5	0.4	4	H:2|I:1|K:1|Y:1	3	3	1	position-specific	True	Supporting	1	False	Cap combined O4 + O7 at +4	False	Cap combined O4 + O7 at +4	2	3	0.4
HIST1H3B	51	E	D	2	12	0.1667	4	K:4|E:3|Q:3|D:2	10	3	4	position-specific	True	Supporting	1	True	O4 + O7 may be combined (max +8)	False	Cap combined O4 + O7 at +4	5	7	0.4167
ATM	2890	L	P	2	5	0.4	4	P:2|I:1|R:1|V:1	3	3	1	position-specific	True	Supporting	1	False	Cap combined O4 + O7 at +4	False	Cap combined O4 + O7 at +4	3	2	0.6
EGFR	838	L	M	2	3	0.6667	2	M:2|P:1	1	1	1	mixed	True	Supporting	1	False	Cap combined O4 + O7 at +4	False	Cap combined O4 + O7 at +4	0	3	0.0
RAC1	61	Q	K	2	4	0.5	2	K:2|R:2	2	1	2	mixed	True	Supporting	1	False	Cap combined O4 + O7 at +4	False	Cap combined O4 + O7 at +4	3	1	0.75
RAC1	61	Q	R	2	4	0.5	2	K:2|R:2	2	1	2	mixed	True	Supporting	1	False	Cap combined O4 + O7 at +4	False	Cap combined O4 + O7 at +4	3	1	0.75
EIF1AX	2	P	S	2	7	0.2857	3	L:4|S:2|P:1	5	2	4	mixed	True	Supporting	1	False	Cap combined O4 + O7 at +4	False	Cap combined O4 + O7 at +4	5	2	0.7143
VHL	115	H	Y	2	7	0.2857	3	N:4|Y:2|Q:1	5	2	4	mixed	True	Supporting	1	False	Cap combined O4 + O7 at +4	False	Cap combined O4 + O7 at +4	2	5	0.2857
ERBB2	277	D	H	2	8	0.25	4	Y:4|H:2|G:1|V:1	6	3	4	mixed	True	Supporting	1	False	Cap combined O4 + O7 at +4	False	Cap combined O4 + O7 at +4	5	3	0.625
PTEN	346	Y	D	2	6	0.3333	4	*:2|D:2|C:1|H:1	4	3	2	position-specific	True	Supporting	1	False	Cap combined O4 + O7 at +4	False	Cap combined O4 + O7 at +4	3	3	0.5
B2M	7	L	S	2	5	0.4	2	*:3|S:2	3	1	3	mixed	True	Supporting	1	False	Cap combined O4 + O7 at +4	False	Cap combined O4 + O7 at +4	4	1	0.8
FBXW7	287	E	D	2	7	0.2857	4	D:2|Q:2|V:2|K:1	5	3	2	position-specific	True	Supporting	1	False	Cap combined O4 + O7 at +4	False	Cap combined O4 + O7 at +4	3	4	0.4286
FBXW7	287	E	Q	2	7	0.2857	4	D:2|Q:2|V:2|K:1	5	3	2	position-specific	True	Supporting	1	False	Cap combined O4 + O7 at +4	False	Cap combined O4 + O7 at +4	3	4	0.4286
FBXW7	287	E	V	2	7	0.2857	4	D:2|Q:2|V:2|K:1	5	3	2	position-specific	True	Supporting	1	False	Cap combined O4 + O7 at +4	False	Cap combined O4 + O7 at +4	3	4	0.4286
EPHB1	743	R	R	2	9	0.2222	3	W:4|Q:3|R:2	7	2	4	position-specific	True	Supporting	1	False	Cap combined O4 + O7 at +4	False	Cap combined O4 + O7 at +4	5	4	0.5556
PTPN11	308	N	D	2	3	0.6667	2	D:2|S:1	1	1	1	mixed	True	Supporting	1	False	Cap combined O4 + O7 at +4	False	Cap combined O4 + O7 at +4	1	2	0.3333
SF3B1	894	D	G	2	6	0.3333	4	G:2|N:2|A:1|Y:1	4	3	2	position-specific	True	Supporting	1	False	Cap combined O4 + O7 at +4	False	Cap combined O4 + O7 at +4	1	5	0.1667
SF3B1	894	D	N	2	6	0.3333	4	G:2|N:2|A:1|Y:1	4	3	2	position-specific	True	Supporting	1	False	Cap combined O4 + O7 at +4	False	Cap combined O4 + O7 at +4	1	5	0.1667
RB1	787	R	Q	2	11	0.1818	2	*:9|Q:2	9	1	9	mutation-specific	True	Supporting	1	False	Cap combined O4 + O7 at +4	False	Cap combined O4 + O7 at +4	5	6	0.4545
PIM1	37	Q	Q	2	5	0.4	2	H:3|Q:2	3	1	3	mixed	True	Supporting	1	False	Cap combined O4 + O7 at +4	False	Cap combined O4 + O7 at +4	3	2	0.6
SMAD4	493	D	G	2	7	0.2857	4	N:3|G:2|A:1|H:1	5	3	3	position-specific	True	Supporting	1	False	Cap combined O4 + O7 at +4	False	Cap combined O4 + O7 at +4	3	4	0.4286
HLA-B	69	E	K	2	5	0.4	2	A:3|K:2	3	1	3	mixed	True	Supporting	1	False	Cap combined O4 + O7 at +4	False	Cap combined O4 + O7 at +4	0	5	0.0
TNFRSF14	1	M	I	2	4	0.5	3	I:2|K:1|T:1	2	2	1	mixed	True	Supporting	1	False	Cap combined O4 + O7 at +4	False	Cap combined O4 + O7 at +4	2	2	0.5
EGFR	833	L	F	2	5	0.4	3	F:2|V:2|M:1	3	2	2	position-specific	True	Supporting	1	False	Cap combined O4 + O7 at +4	False	Cap combined O4 + O7 at +4	3	2	0.6
EGFR	833	L	V	2	5	0.4	3	F:2|V:2|M:1	3	2	2	position-specific	True	Supporting	1	False	Cap combined O4 + O7 at +4	False	Cap combined O4 + O7 at +4	3	2	0.6
FOXO1	24	T	I	2	3	0.6667	2	I:2|M:1	1	1	1	mixed	True	Supporting	1	False	Cap combined O4 + O7 at +4	False	Cap combined O4 + O7 at +4	2	1	0.6667
FOXP1	448	S	S	2	10	0.2	2	L:8|S:2	8	1	8	mutation-specific	True	Supporting	1	False	Cap combined O4 + O7 at +4	False	Cap combined O4 + O7 at +4	2	8	0.2
ATM	1466	R	P	2	9	0.2222	3	*:4|Q:3|P:2	7	2	4	position-specific	True	Supporting	1	False	Cap combined O4 + O7 at +4	False	Cap combined O4 + O7 at +4	4	5	0.4444
ERBB4	1223	K	R	2	6	0.3333	3	T:3|R:2|M:1	4	2	3	mixed	True	Supporting	1	False	Cap combined O4 + O7 at +4	False	Cap combined O4 + O7 at +4	2	4	0.3333
RARA	286	F	S	2	4	0.5	3	S:2|C:1|I:1	2	2	1	mixed	True	Supporting	1	False	Cap combined O4 + O7 at +4	False	Cap combined O4 + O7 at +4	0	4	0.0
TP53	208	D	G	2	12	0.1667	4	V:7|G:2|N:2|E:1	10	3	7	mixed	True	Supporting	1	True	O4 + O7 may be combined (max +8)	False	Cap combined O4 + O7 at +4	8	4	0.6667
TP53	208	D	N	2	12	0.1667	4	V:7|G:2|N:2|E:1	10	3	7	mixed	True	Supporting	1	True	O4 + O7 may be combined (max +8)	False	Cap combined O4 + O7 at +4	8	4	0.6667
PIK3R1	452	Y	C	2	4	0.5	3	C:2|H:1|N:1	2	2	1	mixed	True	Supporting	1	False	Cap combined O4 + O7 at +4	False	Cap combined O4 + O7 at +4	0	4	0.0
KEAP1	333	G	S	2	7	0.2857	3	C:4|S:2|F:1	5	2	4	mixed	True	Supporting	1	False	Cap combined O4 + O7 at +4	False	Cap combined O4 + O7 at +4	4	3	0.5714
STK11	179	P	Q	2	7	0.2857	3	L:3|Q:2|R:2	5	2	3	position-specific	True	Supporting	1	False	Cap combined O4 + O7 at +4	False	Cap combined O4 + O7 at +4	5	2	0.7143
STK11	179	P	R	2	7	0.2857	3	L:3|Q:2|R:2	5	2	3	position-specific	True	Supporting	1	False	Cap combined O4 + O7 at +4	False	Cap combined O4 + O7 at +4	5	2	0.7143
STAT3	384	F	L	2	4	0.5	3	L:2|V:1|Y:1	2	2	1	mixed	True	Supporting	1	False	Cap combined O4 + O7 at +4	False	Cap combined O4 + O7 at +4	1	3	0.25
STAT3	661	D	Y	2	5	0.4	2	V:3|Y:2	3	1	3	mixed	True	Supporting	1	False	Cap combined O4 + O7 at +4	False	Cap combined O4 + O7 at +4	0	5	0.0
KNSTRN	28	P	S	2	5	0.4	2	L:3|S:2	3	1	3	mixed	True	Supporting	1	False	Cap combined O4 + O7 at +4	False	Cap combined O4 + O7 at +4	0	5	0.0
CREBBP	1499	L	P	2	4	0.5	3	P:2|Q:1|R:1	2	2	1	mixed	True	Supporting	1	False	Cap combined O4 + O7 at +4	False	Cap combined O4 + O7 at +4	2	2	0.5
TP53	120	K	N	2	9	0.2222	4	E:5|N:2|*:1|M:1	7	3	5	mixed	True	Supporting	1	False	Cap combined O4 + O7 at +4	False	Cap combined O4 + O7 at +4	4	5	0.4444
PIK3CD	416	C	R	2	2	1.0	1	R:2	0	0	0	mutation-specific	True	Supporting	1	False	Cap combined O4 + O7 at +4	False	Cap combined O4 + O7 at +4	0	2	0.0
CARD11	93	E	D	2	4	0.5	3	D:2|K:1|Q:1	2	2	1	mixed	True	Supporting	1	False	Cap combined O4 + O7 at +4	False	Cap combined O4 + O7 at +4	1	3	0.25
TP53	254	I	V	2	13	0.1538	6	S:7|V:2|F:1|L:1|M:1|N:1	11	5	7	mixed	True	Supporting	1	True	O4 + O7 may be combined (max +8)	False	Cap combined O4 + O7 at +4	7	6	0.5385
ERBB3	103	R	H	2	5	0.4	3	H:2|R:2|G:1	3	2	2	position-specific	True	Supporting	1	False	Cap combined O4 + O7 at +4	False	Cap combined O4 + O7 at +4	3	2	0.6
ERBB3	103	R	R	2	5	0.4	3	H:2|R:2|G:1	3	2	2	position-specific	True	Supporting	1	False	Cap combined O4 + O7 at +4	False	Cap combined O4 + O7 at +4	3	2	0.6
HNF1A	591	S	S	2	3	0.6667	2	S:2|Y:1	1	1	1	mixed	True	Supporting	1	False	Cap combined O4 + O7 at +4	False	Cap combined O4 + O7 at +4	0	3	0.0
AKT1	323	D	G	2	5	0.4	3	G:2|Y:2|N:1	3	2	2	position-specific	True	Supporting	1	False	Cap combined O4 + O7 at +4	False	Cap combined O4 + O7 at +4	2	3	0.4
AKT1	323	D	Y	2	5	0.4	3	G:2|Y:2|N:1	3	2	2	position-specific	True	Supporting	1	False	Cap combined O4 + O7 at +4	False	Cap combined O4 + O7 at +4	2	3	0.4
ERBB2	138	R	Q	2	3	0.6667	2	Q:2|W:1	1	1	1	mixed	True	Supporting	1	False	Cap combined O4 + O7 at +4	False	Cap combined O4 + O7 at +4	0	3	0.0
ERRFI1	409	K	N	2	3	0.6667	2	N:2|Q:1	1	1	1	mixed	True	Supporting	1	False	Cap combined O4 + O7 at +4	False	Cap combined O4 + O7 at +4	1	2	0.3333
CBFB	1	M	T	2	4	0.5	3	T:2|I:1|K:1	2	2	1	mixed	True	Supporting	1	False	Cap combined O4 + O7 at +4	False	Cap combined O4 + O7 at +4	2	2	0.5
NF1	461	R	Q	2	9	0.2222	2	*:7|Q:2	7	1	7	mixed	True	Supporting	1	False	Cap combined O4 + O7 at +4	False	Cap combined O4 + O7 at +4	2	7	0.2222
EIF1AX	4	N	S	2	4	0.5	3	S:2|I:1|Y:1	2	2	1	mixed	True	Supporting	1	False	Cap combined O4 + O7 at +4	False	Cap combined O4 + O7 at +4	3	1	0.75
BCL10	173	N	H	2	2	1.0	1	H:2	0	0	0	mutation-specific	True	Supporting	1	False	Cap combined O4 + O7 at +4	False	Cap combined O4 + O7 at +4	0	2	0.0
CTNNB1	535	R	Q	2	7	0.2857	2	*:5|Q:2	5	1	5	mixed	True	Supporting	1	False	Cap combined O4 + O7 at +4	False	Cap combined O4 + O7 at +4	0	7	0.0
PIM1	79	E	E	2	6	0.3333	2	D:4|E:2	4	1	4	mixed	True	Supporting	1	False	Cap combined O4 + O7 at +4	False	Cap combined O4 + O7 at +4	3	3	0.5
NOTCH1	365	R	S	2	8	0.25	2	C:6|S:2	6	1	6	mixed	True	Supporting	1	False	Cap combined O4 + O7 at +4	False	Cap combined O4 + O7 at +4	4	4	0.5
EPAS1	532	Y	C	2	2	1.0	1	C:2	0	0	0	mutation-specific	True	Supporting	1	False	Cap combined O4 + O7 at +4	False	Cap combined O4 + O7 at +4	0	2	0.0
NOTCH1	440	C	F	2	5	0.4	4	F:2|R:1|S:1|W:1	3	3	1	position-specific	True	Supporting	1	False	Cap combined O4 + O7 at +4	False	Cap combined O4 + O7 at +4	2	3	0.4
SMAD3	287	R	Q	2	8	0.25	2	W:6|Q:2	6	1	6	mixed	True	Supporting	1	False	Cap combined O4 + O7 at +4	False	Cap combined O4 + O7 at +4	5	3	0.625
PRDM14	505	R	C	2	6	0.3333	2	H:4|C:2	4	1	4	mixed	True	Supporting	1	False	Cap combined O4 + O7 at +4	False	Cap combined O4 + O7 at +4	0	6	0.0
CDKN1B	72	G	G	2	6	0.3333	3	D:3|G:2|A:1	4	2	3	mixed	True	Supporting	1	False	Cap combined O4 + O7 at +4	False	Cap combined O4 + O7 at +4	3	3	0.5
ETV6	284	S	F	2	6	0.3333	2	S:4|F:2	4	1	4	mixed	True	Supporting	1	False	Cap combined O4 + O7 at +4	False	Cap combined O4 + O7 at +4	2	4	0.3333
STK11	251	G	C	2	6	0.3333	3	V:3|C:2|R:1	4	2	3	mixed	True	Supporting	1	False	Cap combined O4 + O7 at +4	False	Cap combined O4 + O7 at +4	3	3	0.5
SF3B1	623	Y	C	2	4	0.5	3	C:2|H:1|S:1	2	2	1	mixed	True	Supporting	1	False	Cap combined O4 + O7 at +4	False	Cap combined O4 + O7 at +4	3	1	0.75
BRCA2	2303	S	F	2	5	0.4	2	S:3|F:2	3	1	3	mixed	True	Supporting	1	False	Cap combined O4 + O7 at +4	False	Cap combined O4 + O7 at +4	4	1	0.8
PTPRT	364	R	R	2	12	0.1667	3	Q:6|*:4|R:2	10	2	6	mixed	True	Supporting	1	True	O4 + O7 may be combined (max +8)	False	Cap combined O4 + O7 at +4	5	7	0.4167
SETD2	1603	H	Y	2	5	0.4	2	R:3|Y:2	3	1	3	mixed	True	Supporting	1	False	Cap combined O4 + O7 at +4	False	Cap combined O4 + O7 at +4	1	4	0.2
MAX	36	R	W	2	2	1.0	1	W:2	0	0	0	mutation-specific	True	Supporting	1	False	Cap combined O4 + O7 at +4	False	Cap combined O4 + O7 at +4	0	2	0.0
AXL	443	T	T	2	2	1.0	1	T:2	0	0	0	mutation-specific	True	Supporting	1	False	Cap combined O4 + O7 at +4	False	Cap combined O4 + O7 at +4	0	2	0.0
RB1	606	Y	C	2	4	0.5	2	*:2|C:2	2	1	2	mixed	True	Supporting	1	False	Cap combined O4 + O7 at +4	False	Cap combined O4 + O7 at +4	2	2	0.5
BCL10	178	E	E	2	3	0.6667	2	E:2|D:1	1	1	1	mixed	True	Supporting	1	False	Cap combined O4 + O7 at +4	False	Cap combined O4 + O7 at +4	0	3	0.0
FGFR2	276	F	C	2	3	0.6667	2	C:2|I:1	1	1	1	mixed	True	Supporting	1	False	Cap combined O4 + O7 at +4	False	Cap combined O4 + O7 at +4	1	2	0.3333
SMAD4	353	Y	N	2	4	0.5	3	N:2|C:1|D:1	2	2	1	mixed	True	Supporting	1	False	Cap combined O4 + O7 at +4	False	Cap combined O4 + O7 at +4	3	1	0.75
SMAD4	95	Y	C	2	4	0.5	3	C:2|*:1|H:1	2	2	1	mixed	True	Supporting	1	False	Cap combined O4 + O7 at +4	False	Cap combined O4 + O7 at +4	3	1	0.75
TCF3	551	N	K	2	2	1.0	1	K:2	0	0	0	mutation-specific	True	Supporting	1	False	Cap combined O4 + O7 at +4	False	Cap combined O4 + O7 at +4	2	0	1.0
RPS6KA4	629	R	H	2	7	0.2857	3	C:4|H:2|R:1	5	2	4	mixed	True	Supporting	1	False	Cap combined O4 + O7 at +4	False	Cap combined O4 + O7 at +4	4	3	0.5714
CREBBP	1472	W	C	2	6	0.3333	4	C:2|R:2|G:1|S:1	4	3	2	position-specific	True	Supporting	1	False	Cap combined O4 + O7 at +4	False	Cap combined O4 + O7 at +4	2	4	0.3333
CREBBP	1472	W	R	2	6	0.3333	4	C:2|R:2|G:1|S:1	4	3	2	position-specific	True	Supporting	1	False	Cap combined O4 + O7 at +4	False	Cap combined O4 + O7 at +4	2	4	0.3333
NUP93	733	A	A	2	2	1.0	1	A:2	0	0	0	mutation-specific	True	Supporting	1	False	Cap combined O4 + O7 at +4	False	Cap combined O4 + O7 at +4	0	2	0.0
VHL	135	L	F	2	4	0.5	2	*:2|F:2	2	1	2	mixed	True	Supporting	1	False	Cap combined O4 + O7 at +4	False	Cap combined O4 + O7 at +4	2	2	0.5
HGF	229	G	A	2	3	0.6667	2	A:2|D:1	1	1	1	mixed	True	Supporting	1	False	Cap combined O4 + O7 at +4	False	Cap combined O4 + O7 at +4	1	2	0.3333
KEAP1	320	R	Q	2	8	0.25	5	L:3|Q:2|M:1|P:1|W:1	6	4	3	position-specific	True	Supporting	1	False	Cap combined O4 + O7 at +4	False	Cap combined O4 + O7 at +4	4	4	0.5
FBXW7	441	R	G	2	7	0.2857	4	W:3|G:2|L:1|Q:1	5	3	3	position-specific	True	Supporting	1	False	Cap combined O4 + O7 at +4	False	Cap combined O4 + O7 at +4	1	6	0.1429
CDKN1A	1	M	V	2	4	0.5	3	V:2|I:1|R:1	2	2	1	mixed	True	Supporting	1	False	Cap combined O4 + O7 at +4	False	Cap combined O4 + O7 at +4	1	3	0.25
KDR	482	C	R	2	3	0.6667	2	R:2|*:1	1	1	1	mixed	True	Supporting	1	False	Cap combined O4 + O7 at +4	False	Cap combined O4 + O7 at +4	0	3	0.0
SMAD4	510	G	R	2	6	0.3333	4	*:2|R:2|A:1|E:1	4	3	2	position-specific	True	Supporting	1	False	Cap combined O4 + O7 at +4	False	Cap combined O4 + O7 at +4	4	2	0.6667
PLK2	208	L	P	2	3	0.6667	2	P:2|V:1	1	1	1	mixed	True	Supporting	1	False	Cap combined O4 + O7 at +4	False	Cap combined O4 + O7 at +4	0	3	0.0
STK11	308	W	C	2	6	0.3333	3	L:3|C:2|*:1	4	2	3	mixed	True	Supporting	1	False	Cap combined O4 + O7 at +4	False	Cap combined O4 + O7 at +4	6	0	1.0
KEAP1	601	R	W	2	6	0.3333	2	L:4|W:2	4	1	4	mixed	True	Supporting	1	False	Cap combined O4 + O7 at +4	False	Cap combined O4 + O7 at +4	5	1	0.8333
RAD51C	224	Y	H	2	2	1.0	1	H:2	0	0	0	mutation-specific	True	Supporting	1	False	Cap combined O4 + O7 at +4	False	Cap combined O4 + O7 at +4	0	2	0.0
RAD51C	21	P	S	2	4	0.5	3	S:2|A:1|T:1	2	2	1	mixed	True	Supporting	1	False	Cap combined O4 + O7 at +4	False	Cap combined O4 + O7 at +4	2	2	0.5
BCL2L11	156	G	E	2	6	0.3333	3	R:3|E:2|*:1	4	2	3	mixed	True	Supporting	1	False	Cap combined O4 + O7 at +4	False	Cap combined O4 + O7 at +4	2	4	0.3333
MAP2K4	110	R	Q	2	8	0.25	4	*:4|Q:2|L:1|P:1	6	3	4	mixed	True	Supporting	1	False	Cap combined O4 + O7 at +4	False	Cap combined O4 + O7 at +4	2	6	0.25
TP53	178	H	Q	2	12	0.1667	5	D:5|P:3|Q:2|H:1|N:1	10	4	5	position-specific	True	Supporting	1	True	O4 + O7 may be combined (max +8)	False	Cap combined O4 + O7 at +4	7	5	0.5833
CIC	203	P	S	2	4	0.5	3	S:2|A:1|L:1	2	2	1	mixed	True	Supporting	1	False	Cap combined O4 + O7 at +4	False	Cap combined O4 + O7 at +4	1	3	0.25
PTEN	67	I	T	2	4	0.5	3	T:2|K:1|V:1	2	2	1	mixed	True	Supporting	1	False	Cap combined O4 + O7 at +4	False	Cap combined O4 + O7 at +4	2	2	0.5
BCL2	172	N	N	2	6	0.3333	3	S:3|N:2|Q:1	4	2	3	mixed	True	Supporting	1	False	Cap combined O4 + O7 at +4	False	Cap combined O4 + O7 at +4	2	4	0.3333
FGFR2	253	P	L	2	6	0.3333	2	R:4|L:2	4	1	4	mixed	True	Supporting	1	False	Cap combined O4 + O7 at +4	False	Cap combined O4 + O7 at +4	2	4	0.3333
TGFBR1	259	I	I	2	3	0.6667	2	I:2|N:1	1	1	1	mixed	True	Supporting	1	False	Cap combined O4 + O7 at +4	False	Cap combined O4 + O7 at +4	0	3	0.0
ERBB4	774	S	G	2	4	0.5	3	G:2|N:1|R:1	2	2	1	mixed	True	Supporting	1	False	Cap combined O4 + O7 at +4	False	Cap combined O4 + O7 at +4	0	4	0.0
PDGFRA	235	C	Y	2	4	0.5	3	Y:2|R:1|S:1	2	2	1	mixed	True	Supporting	1	False	Cap combined O4 + O7 at +4	False	Cap combined O4 + O7 at +4	1	3	0.25
ERCC3	713	L	L	2	2	1.0	1	L:2	0	0	0	mutation-specific	True	Supporting	1	False	Cap combined O4 + O7 at +4	False	Cap combined O4 + O7 at +4	0	2	0.0
CARD11	423	R	W	2	6	0.3333	3	Q:3|W:2|R:1	4	2	3	mixed	True	Supporting	1	False	Cap combined O4 + O7 at +4	False	Cap combined O4 + O7 at +4	3	3	0.5
RHOA	69	L	P	2	5	0.4	3	P:2|R:2|M:1	3	2	2	position-specific	True	Supporting	1	False	Cap combined O4 + O7 at +4	False	Cap combined O4 + O7 at +4	2	3	0.4
RHOA	69	L	R	2	5	0.4	3	P:2|R:2|M:1	3	2	2	position-specific	True	Supporting	1	False	Cap combined O4 + O7 at +4	False	Cap combined O4 + O7 at +4	2	3	0.4
TNFRSF14	111	C	W	2	3	0.6667	2	W:2|Y:1	1	1	1	mixed	True	Supporting	1	False	Cap combined O4 + O7 at +4	False	Cap combined O4 + O7 at +4	2	1	0.6667
SMAD2	303	T	R	2	3	0.6667	2	R:2|I:1	1	1	1	mixed	True	Supporting	1	False	Cap combined O4 + O7 at +4	False	Cap combined O4 + O7 at +4	2	1	0.6667
SMAD2	305	P	L	2	4	0.5	3	L:2|Q:1|T:1	2	2	1	mixed	True	Supporting	1	False	Cap combined O4 + O7 at +4	False	Cap combined O4 + O7 at +4	2	2	0.5
SF3B1	701	V	F	2	4	0.5	3	F:2|A:1|I:1	2	2	1	mixed	True	Supporting	1	False	Cap combined O4 + O7 at +4	False	Cap combined O4 + O7 at +4	1	3	0.25
RAC1	18	C	Y	2	4	0.5	3	Y:2|F:1|S:1	2	2	1	mixed	True	Supporting	1	False	Cap combined O4 + O7 at +4	False	Cap combined O4 + O7 at +4	2	2	0.5
CTCF	1	M	V	2	4	0.5	3	V:2|I:1|T:1	2	2	1	mixed	True	Supporting	1	False	Cap combined O4 + O7 at +4	False	Cap combined O4 + O7 at +4	0	4	0.0
FBXW7	385	T	K	2	4	0.5	3	K:2|I:1|P:1	2	2	1	mixed	True	Supporting	1	False	Cap combined O4 + O7 at +4	False	Cap combined O4 + O7 at +4	0	4	0.0
TP53	213	R	*	208	256	0.8125	5	*:208|Q:25|L:17|G:4|P:2	48	4	25	mutation-specific	False	Not applicable (nonsense/stop-loss)	0	True	O4 + O7 may be combined (max +8)	True	O4 + O7 may be combined (max +8)	124	132	0.4844
TP53	196	R	*	131	141	0.9291	4	*:131|P:8|L:1|Q:1	10	3	8	mutation-specific	False	Not applicable (nonsense/stop-loss)	0	True	O4 + O7 may be combined (max +8)	False	Cap combined O4 + O7 at +4	62	79	0.4397
TP53	342	R	*	129	137	0.9416	2	*:129|P:8	8	1	8	mutation-specific	False	Not applicable (nonsense/stop-loss)	0	False	Cap combined O4 + O7 at +4	False	Cap combined O4 + O7 at +4	89	48	0.6496
CDKN2A	80	R	*	97	99	0.9798	2	*:97|Q:2	2	1	2	mutation-specific	False	Not applicable (nonsense/stop-loss)	0	False	Cap combined O4 + O7 at +4	False	Cap combined O4 + O7 at +4	41	58	0.4141
TP53	306	R	*	85	86	0.9884	2	*:85|Q:1	1	1	1	mutation-specific	False	Not applicable (nonsense/stop-loss)	0	False	Cap combined O4 + O7 at +4	False	Cap combined O4 + O7 at +4	35	51	0.407
CDKN2A	58	R	*	61	62	0.9839	2	*:61|R:1	1	1	1	mutation-specific	False	Not applicable (nonsense/stop-loss)	0	False	Cap combined O4 + O7 at +4	False	Cap combined O4 + O7 at +4	33	29	0.5323
APC	213	R	*	51	51	1.0	1	*:51	0	0	0	mutation-specific	False	Not applicable (nonsense/stop-loss)	0	False	Cap combined O4 + O7 at +4	False	Cap combined O4 + O7 at +4	31	20	0.6078
CDKN2A	110	W	*	45	45	1.0	1	*:45	0	0	0	mutation-specific	False	Not applicable (nonsense/stop-loss)	0	False	Cap combined O4 + O7 at +4	False	Cap combined O4 + O7 at +4	17	28	0.3778
PTEN	233	R	*	45	46	0.9783	2	*:45|Q:1	1	1	1	mutation-specific	False	Not applicable (nonsense/stop-loss)	0	False	Cap combined O4 + O7 at +4	False	Cap combined O4 + O7 at +4	15	31	0.3261
TP53	192	Q	*	43	45	0.9556	3	*:43|H:1|L:1	2	2	1	mutation-specific	False	Not applicable (nonsense/stop-loss)	0	False	Cap combined O4 + O7 at +4	False	Cap combined O4 + O7 at +4	23	22	0.5111
TP53	331	Q	*	39	47	0.8298	2	*:39|H:8	8	1	8	mutation-specific	False	Not applicable (nonsense/stop-loss)	0	False	Cap combined O4 + O7 at +4	False	Cap combined O4 + O7 at +4	15	32	0.3191
PTEN	130	R	*	38	168	0.2262	7	Q:72|G:44|*:38|P:6|L:5|R:2|S:1	130	6	72	position-specific	False	Not applicable (nonsense/stop-loss)	0	True	O4 + O7 may be combined (max +8)	True	O4 + O7 may be combined (max +8)	68	100	0.4048
TP53	298	E	*	36	37	0.973	2	*:36|Q:1	1	1	1	mutation-specific	False	Not applicable (nonsense/stop-loss)	0	False	Cap combined O4 + O7 at +4	False	Cap combined O4 + O7 at +4	18	19	0.4865
TP53	91	W	*	35	35	1.0	1	*:35	0	0	0	mutation-specific	False	Not applicable (nonsense/stop-loss)	0	False	Cap combined O4 + O7 at +4	False	Cap combined O4 + O7 at +4	18	17	0.5143
TP53	317	Q	*	32	32	1.0	1	*:32	0	0	0	mutation-specific	False	Not applicable (nonsense/stop-loss)	0	False	Cap combined O4 + O7 at +4	False	Cap combined O4 + O7 at +4	12	20	0.375
TP53	294	E	*	32	32	1.0	1	*:32	0	0	0	mutation-specific	False	Not applicable (nonsense/stop-loss)	0	False	Cap combined O4 + O7 at +4	False	Cap combined O4 + O7 at +4	15	17	0.4688
ARID1A	1989	R	*	28	29	0.9655	2	*:28|Q:1	1	1	1	mutation-specific	False	Not applicable (nonsense/stop-loss)	0	False	Cap combined O4 + O7 at +4	False	Cap combined O4 + O7 at +4	9	20	0.3103
APC	1367	Q	*	28	29	0.9655	2	*:28|E:1	1	1	1	mutation-specific	False	Not applicable (nonsense/stop-loss)	0	False	Cap combined O4 + O7 at +4	False	Cap combined O4 + O7 at +4	17	12	0.5862
TP53	198	E	*	26	26	1.0	1	*:26	0	0	0	mutation-specific	False	Not applicable (nonsense/stop-loss)	0	False	Cap combined O4 + O7 at +4	False	Cap combined O4 + O7 at +4	9	17	0.3462
TP53	146	W	*	24	27	0.8889	4	*:24|C:1|G:1|S:1	3	3	1	mutation-specific	False	Not applicable (nonsense/stop-loss)	0	False	Cap combined O4 + O7 at +4	False	Cap combined O4 + O7 at +4	13	14	0.4815
APC	1378	Q	*	23	23	1.0	1	*:23	0	0	0	mutation-specific	False	Not applicable (nonsense/stop-loss)	0	False	Cap combined O4 + O7 at +4	False	Cap combined O4 + O7 at +4	8	15	0.3478
APC	1429	Q	*	22	23	0.9565	2	*:22|R:1	1	1	1	mutation-specific	False	Not applicable (nonsense/stop-loss)	0	False	Cap combined O4 + O7 at +4	False	Cap combined O4 + O7 at +4	16	7	0.6957
TP53	53	W	*	22	22	1.0	1	*:22	0	0	0	mutation-specific	False	Not applicable (nonsense/stop-loss)	0	False	Cap combined O4 + O7 at +4	False	Cap combined O4 + O7 at +4	10	12	0.4545
TP53	104	Q	*	22	23	0.9565	2	*:22|H:1	1	1	1	mutation-specific	False	Not applicable (nonsense/stop-loss)	0	False	Cap combined O4 + O7 at +4	False	Cap combined O4 + O7 at +4	9	14	0.3913
SMAD2	464	S	*	21	21	1.0	1	*:21	0	0	0	mutation-specific	False	Not applicable (nonsense/stop-loss)	0	False	Cap combined O4 + O7 at +4	False	Cap combined O4 + O7 at +4	8	13	0.381
CDH1	23	Q	*	19	19	1.0	1	*:19	0	0	0	mutation-specific	False	Not applicable (nonsense/stop-loss)	0	False	Cap combined O4 + O7 at +4	False	Cap combined O4 + O7 at +4	10	9	0.5263
APC	1397	E	*	19	19	1.0	1	*:19	0	0	0	mutation-specific	False	Not applicable (nonsense/stop-loss)	0	False	Cap combined O4 + O7 at +4	False	Cap combined O4 + O7 at +4	10	9	0.5263
TP53	167	Q	*	19	19	1.0	1	*:19	0	0	0	mutation-specific	False	Not applicable (nonsense/stop-loss)	0	False	Cap combined O4 + O7 at +4	False	Cap combined O4 + O7 at +4	9	10	0.4737
CDKN2A	88	E	*	18	27	0.6667	3	*:18|K:8|E:1	9	2	8	mixed	False	Not applicable (nonsense/stop-loss)	0	False	Cap combined O4 + O7 at +4	False	Cap combined O4 + O7 at +4	13	14	0.4815
APC	1406	Q	*	18	19	0.9474	2	*:18|H:1	1	1	1	mutation-specific	False	Not applicable (nonsense/stop-loss)	0	False	Cap combined O4 + O7 at +4	False	Cap combined O4 + O7 at +4	11	8	0.5789
NF1	440	R	*	17	19	0.8947	2	*:17|Q:2	2	1	2	mutation-specific	False	Not applicable (nonsense/stop-loss)	0	False	Cap combined O4 + O7 at +4	False	Cap combined O4 + O7 at +4	11	8	0.5789
TP53	144	Q	*	17	23	0.7391	4	*:17|P:3|L:2|H:1	6	3	3	mixed	False	Not applicable (nonsense/stop-loss)	0	False	Cap combined O4 + O7 at +4	False	Cap combined O4 + O7 at +4	8	15	0.3478
APC	1338	Q	*	17	17	1.0	1	*:17	0	0	0	mutation-specific	False	Not applicable (nonsense/stop-loss)	0	False	Cap combined O4 + O7 at +4	False	Cap combined O4 + O7 at +4	11	6	0.6471
CDKN2A	50	Q	*	16	23	0.6957	3	*:16|H:4|R:3	7	2	4	mixed	False	Not applicable (nonsense/stop-loss)	0	False	Cap combined O4 + O7 at +4	False	Cap combined O4 + O7 at +4	6	17	0.2609
TP53	136	Q	*	16	31	0.5161	5	*:16|E:10|P:3|H:1|L:1	15	4	10	mixed	False	Not applicable (nonsense/stop-loss)	0	True	O4 + O7 may be combined (max +8)	True	O4 + O7 may be combined (max +8)	12	19	0.3871
ARID1A	693	R	*	16	16	1.0	1	*:16	0	0	0	mutation-specific	False	Not applicable (nonsense/stop-loss)	0	False	Cap combined O4 + O7 at +4	False	Cap combined O4 + O7 at +4	8	8	0.5
KDM6A	555	Q	*	16	16	1.0	1	*:16	0	0	0	mutation-specific	False	Not applicable (nonsense/stop-loss)	0	False	Cap combined O4 + O7 at +4	False	Cap combined O4 + O7 at +4	3	13	0.1875
FBXW7	367	R	*	16	17	0.9412	2	*:16|P:1	1	1	1	mutation-specific	False	Not applicable (nonsense/stop-loss)	0	False	Cap combined O4 + O7 at +4	False	Cap combined O4 + O7 at +4	4	13	0.2353
NF1	2450	R	*	16	17	0.9412	2	*:16|Q:1	1	1	1	mutation-specific	False	Not applicable (nonsense/stop-loss)	0	False	Cap combined O4 + O7 at +4	False	Cap combined O4 + O7 at +4	6	11	0.3529
SMAD4	445	R	*	16	17	0.9412	2	*:16|Q:1	1	1	1	mutation-specific	False	Not applicable (nonsense/stop-loss)	0	False	Cap combined O4 + O7 at +4	False	Cap combined O4 + O7 at +4	10	7	0.5882
CDKN2A	120	E	*	16	18	0.8889	3	*:16|D:1|K:1	2	2	1	mutation-specific	False	Not applicable (nonsense/stop-loss)	0	False	Cap combined O4 + O7 at +4	False	Cap combined O4 + O7 at +4	6	12	0.3333
PIK3R1	348	R	*	16	16	1.0	1	*:16	0	0	0	mutation-specific	False	Not applicable (nonsense/stop-loss)	0	False	Cap combined O4 + O7 at +4	False	Cap combined O4 + O7 at +4	2	14	0.125
TP53	285	E	*	15	99	0.1515	5	K:68|*:15|V:9|E:4|Q:3	84	4	68	mixed	False	Not applicable (nonsense/stop-loss)	0	True	O4 + O7 may be combined (max +8)	True	O4 + O7 may be combined (max +8)	52	47	0.5253
NUP93	15	Q	*	15	16	0.9375	2	*:15|K:1	1	1	1	mutation-specific	False	Not applicable (nonsense/stop-loss)	0	False	Cap combined O4 + O7 at +4	False	Cap combined O4 + O7 at +4	9	7	0.5625
FBXW7	658	R	*	15	20	0.75	3	*:15|Q:4|R:1	5	2	4	mixed	False	Not applicable (nonsense/stop-loss)	0	False	Cap combined O4 + O7 at +4	False	Cap combined O4 + O7 at +4	6	14	0.3
RB1	251	R	*	15	16	0.9375	2	*:15|Q:1	1	1	1	mutation-specific	False	Not applicable (nonsense/stop-loss)	0	False	Cap combined O4 + O7 at +4	False	Cap combined O4 + O7 at +4	9	7	0.5625
APC	1353	E	*	15	15	1.0	1	*:15	0	0	0	mutation-specific	False	Not applicable (nonsense/stop-loss)	0	False	Cap combined O4 + O7 at +4	False	Cap combined O4 + O7 at +4	9	6	0.6
TP53	165	Q	*	15	16	0.9375	2	*:15|H:1	1	1	1	mutation-specific	False	Not applicable (nonsense/stop-loss)	0	False	Cap combined O4 + O7 at +4	False	Cap combined O4 + O7 at +4	11	5	0.6875
TP53	266	G	*	14	117	0.1197	6	R:40|E:35|V:26|*:14|K:1|T:1	103	5	40	position-specific	False	Not applicable (nonsense/stop-loss)	0	True	O4 + O7 may be combined (max +8)	True	O4 + O7 may be combined (max +8)	60	57	0.5128
TP53	286	E	*	14	73	0.1918	6	K:41|*:14|Q:7|G:6|V:3|A:2	59	5	41	mixed	False	Not applicable (nonsense/stop-loss)	0	True	O4 + O7 may be combined (max +8)	True	O4 + O7 may be combined (max +8)	35	38	0.4795
TP53	258	E	*	14	47	0.2979	8	*:14|K:14|D:5|A:4|G:4|Q:4|E:1|V:1	33	7	14	position-specific	False	Not applicable (nonsense/stop-loss)	0	True	O4 + O7 may be combined (max +8)	True	O4 + O7 may be combined (max +8)	28	19	0.5957
ARID1A	1276	R	*	14	15	0.9333	2	*:14|Q:1	1	1	1	mutation-specific	False	Not applicable (nonsense/stop-loss)	0	False	Cap combined O4 + O7 at +4	False	Cap combined O4 + O7 at +4	10	5	0.6667
RB1	320	R	*	14	14	1.0	1	*:14	0	0	0	mutation-specific	False	Not applicable (nonsense/stop-loss)	0	False	Cap combined O4 + O7 at +4	False	Cap combined O4 + O7 at +4	6	8	0.4286
ATM	250	R	*	14	15	0.9333	2	*:14|P:1	1	1	1	mutation-specific	False	Not applicable (nonsense/stop-loss)	0	False	Cap combined O4 + O7 at +4	False	Cap combined O4 + O7 at +4	5	10	0.3333
TP53	271	E	*	14	53	0.2642	4	K:27|*:14|Q:7|V:5	39	3	27	mixed	False	Not applicable (nonsense/stop-loss)	0	True	O4 + O7 may be combined (max +8)	True	O4 + O7 may be combined (max +8)	29	24	0.5472
STK11	223	E	*	13	15	0.8667	3	*:13|K:1|V:1	2	2	1	mutation-specific	False	Not applicable (nonsense/stop-loss)	0	False	Cap combined O4 + O7 at +4	False	Cap combined O4 + O7 at +4	12	3	0.8
ARID1A	1721	R	*	13	13	1.0	1	*:13	0	0	0	mutation-specific	False	Not applicable (nonsense/stop-loss)	0	False	Cap combined O4 + O7 at +4	False	Cap combined O4 + O7 at +4	6	7	0.4615
APC	935	Y	*	13	13	1.0	1	*:13	0	0	0	mutation-specific	False	Not applicable (nonsense/stop-loss)	0	False	Cap combined O4 + O7 at +4	False	Cap combined O4 + O7 at +4	7	6	0.5385
RB1	552	R	*	13	13	1.0	1	*:13	0	0	0	mutation-specific	False	Not applicable (nonsense/stop-loss)	0	False	Cap combined O4 + O7 at +4	False	Cap combined O4 + O7 at +4	4	9	0.3077
APC	1408	E	*	13	13	1.0	1	*:13	0	0	0	mutation-specific	False	Not applicable (nonsense/stop-loss)	0	False	Cap combined O4 + O7 at +4	False	Cap combined O4 + O7 at +4	6	7	0.4615
PTEN	171	Q	*	13	16	0.8125	3	*:13|R:2|K:1	3	2	2	mutation-specific	False	Not applicable (nonsense/stop-loss)	0	False	Cap combined O4 + O7 at +4	False	Cap combined O4 + O7 at +4	11	5	0.6875
ARID1A	2158	R	*	12	15	0.8	3	*:12|Q:2|R:1	3	2	2	mutation-specific	False	Not applicable (nonsense/stop-loss)	0	False	Cap combined O4 + O7 at +4	False	Cap combined O4 + O7 at +4	6	9	0.4
ARID1A	1335	R	*	12	12	1.0	1	*:12	0	0	0	mutation-specific	False	Not applicable (nonsense/stop-loss)	0	False	Cap combined O4 + O7 at +4	False	Cap combined O4 + O7 at +4	3	9	0.25
PTEN	335	R	*	12	14	0.8571	3	*:12|G:1|P:1	2	2	1	mutation-specific	False	Not applicable (nonsense/stop-loss)	0	False	Cap combined O4 + O7 at +4	False	Cap combined O4 + O7 at +4	3	11	0.2143
STAG2	216	R	*	11	14	0.7857	3	*:11|Q:2|R:1	3	2	2	mixed	False	Not applicable (nonsense/stop-loss)	0	False	Cap combined O4 + O7 at +4	False	Cap combined O4 + O7 at +4	5	9	0.3571
PBRM1	1160	R	*	11	13	0.8462	3	*:11|P:1|Q:1	2	2	1	mutation-specific	False	Not applicable (nonsense/stop-loss)	0	False	Cap combined O4 + O7 at +4	False	Cap combined O4 + O7 at +4	5	8	0.3846
RB1	579	R	*	11	11	1.0	1	*:11	0	0	0	mutation-specific	False	Not applicable (nonsense/stop-loss)	0	False	Cap combined O4 + O7 at +4	False	Cap combined O4 + O7 at +4	6	5	0.5455
ATRX	1426	R	*	11	12	0.9167	2	*:11|R:1	1	1	1	mutation-specific	False	Not applicable (nonsense/stop-loss)	0	False	Cap combined O4 + O7 at +4	False	Cap combined O4 + O7 at +4	3	9	0.25
APC	1379	E	*	11	11	1.0	1	*:11	0	0	0	mutation-specific	False	Not applicable (nonsense/stop-loss)	0	False	Cap combined O4 + O7 at +4	False	Cap combined O4 + O7 at +4	9	2	0.8182
RNF43	132	R	*	11	11	1.0	1	*:11	0	0	0	mutation-specific	False	Not applicable (nonsense/stop-loss)	0	False	Cap combined O4 + O7 at +4	False	Cap combined O4 + O7 at +4	5	6	0.4545
EPHA3	136	R	*	11	11	1.0	1	*:11	0	0	0	mutation-specific	False	Not applicable (nonsense/stop-loss)	0	False	Cap combined O4 + O7 at +4	False	Cap combined O4 + O7 at +4	5	6	0.4545
PBRM1	710	R	*	10	11	0.9091	2	*:10|G:1	1	1	1	mutation-specific	False	Not applicable (nonsense/stop-loss)	0	False	Cap combined O4 + O7 at +4	False	Cap combined O4 + O7 at +4	6	5	0.5455
ARID1A	1722	R	*	10	10	1.0	1	*:10	0	0	0	mutation-specific	False	Not applicable (nonsense/stop-loss)	0	False	Cap combined O4 + O7 at +4	False	Cap combined O4 + O7 at +4	2	8	0.2
FBXW7	278	R	*	10	10	1.0	1	*:10	0	0	0	mutation-specific	False	Not applicable (nonsense/stop-loss)	0	False	Cap combined O4 + O7 at +4	False	Cap combined O4 + O7 at +4	6	4	0.6
APC	1303	Q	*	10	10	1.0	1	*:10	0	0	0	mutation-specific	False	Not applicable (nonsense/stop-loss)	0	False	Cap combined O4 + O7 at +4	False	Cap combined O4 + O7 at +4	7	3	0.7
RB1	445	R	*	10	10	1.0	1	*:10	0	0	0	mutation-specific	False	Not applicable (nonsense/stop-loss)	0	False	Cap combined O4 + O7 at +4	False	Cap combined O4 + O7 at +4	3	7	0.3
SMAD4	534	Q	*	9	10	0.9	2	*:9|P:1	1	1	1	mutation-specific	False	Not applicable (nonsense/stop-loss)	0	False	Cap combined O4 + O7 at +4	False	Cap combined O4 + O7 at +4	9	1	0.9
STK11	220	Q	*	9	10	0.9	2	*:9|P:1	1	1	1	mutation-specific	False	Not applicable (nonsense/stop-loss)	0	False	Cap combined O4 + O7 at +4	False	Cap combined O4 + O7 at +4	5	5	0.5
ARID1A	1461	R	*	9	10	0.9	2	*:9|Q:1	1	1	1	mutation-specific	False	Not applicable (nonsense/stop-loss)	0	False	Cap combined O4 + O7 at +4	False	Cap combined O4 + O7 at +4	5	5	0.5
RB1	455	R	*	9	9	1.0	1	*:9	0	0	0	mutation-specific	False	Not applicable (nonsense/stop-loss)	0	False	Cap combined O4 + O7 at +4	False	Cap combined O4 + O7 at +4	4	5	0.4444
ALK	401	R	*	9	11	0.8182	3	*:9|L:1|Q:1	2	2	1	mutation-specific	False	Not applicable (nonsense/stop-loss)	0	False	Cap combined O4 + O7 at +4	False	Cap combined O4 + O7 at +4	3	8	0.2727
RB1	467	R	*	9	9	1.0	1	*:9	0	0	0	mutation-specific	False	Not applicable (nonsense/stop-loss)	0	False	Cap combined O4 + O7 at +4	False	Cap combined O4 + O7 at +4	7	2	0.7778
MGA	1242	R	*	9	9	1.0	1	*:9	0	0	0	mutation-specific	False	Not applicable (nonsense/stop-loss)	0	False	Cap combined O4 + O7 at +4	False	Cap combined O4 + O7 at +4	3	6	0.3333
CASP8	491	R	*	9	10	0.9	2	*:9|Q:1	1	1	1	mutation-specific	False	Not applicable (nonsense/stop-loss)	0	False	Cap combined O4 + O7 at +4	False	Cap combined O4 + O7 at +4	4	6	0.4
RB1	787	R	*	9	11	0.8182	2	*:9|Q:2	2	1	2	mutation-specific	False	Not applicable (nonsense/stop-loss)	0	False	Cap combined O4 + O7 at +4	False	Cap combined O4 + O7 at +4	5	6	0.4545
RNF43	371	R	*	9	9	1.0	1	*:9	0	0	0	mutation-specific	False	Not applicable (nonsense/stop-loss)	0	False	Cap combined O4 + O7 at +4	False	Cap combined O4 + O7 at +4	6	3	0.6667
ASXL2	357	R	*	9	9	1.0	1	*:9	0	0	0	mutation-specific	False	Not applicable (nonsense/stop-loss)	0	False	Cap combined O4 + O7 at +4	False	Cap combined O4 + O7 at +4	4	5	0.4444
RNF43	145	R	*	9	9	1.0	1	*:9	0	0	0	mutation-specific	False	Not applicable (nonsense/stop-loss)	0	False	Cap combined O4 + O7 at +4	False	Cap combined O4 + O7 at +4	3	6	0.3333
SMAD4	178	S	*	9	9	1.0	1	*:9	0	0	0	mutation-specific	False	Not applicable (nonsense/stop-loss)	0	False	Cap combined O4 + O7 at +4	False	Cap combined O4 + O7 at +4	3	6	0.3333
FBXW7	479	R	*	8	57	0.1404	6	Q:31|*:8|G:8|P:7|L:2|R:1	49	5	31	mixed	False	Not applicable (nonsense/stop-loss)	0	True	O4 + O7 may be combined (max +8)	True	O4 + O7 may be combined (max +8)	29	28	0.5088
CTCF	448	R	*	8	8	1.0	1	*:8	0	0	0	mutation-specific	False	Not applicable (nonsense/stop-loss)	0	False	Cap combined O4 + O7 at +4	False	Cap combined O4 + O7 at +4	0	8	0.0
APC	1328	Q	*	8	8	1.0	1	*:8	0	0	0	mutation-specific	False	Not applicable (nonsense/stop-loss)	0	False	Cap combined O4 + O7 at +4	False	Cap combined O4 + O7 at +4	4	4	0.5
CDKN2A	12	S	*	8	12	0.6667	2	*:8|L:4	4	1	4	mixed	False	Not applicable (nonsense/stop-loss)	0	False	Cap combined O4 + O7 at +4	False	Cap combined O4 + O7 at +4	9	3	0.75
TP53	107	Y	*	8	15	0.5333	3	*:8|D:6|Y:1	7	2	6	mixed	False	Not applicable (nonsense/stop-loss)	0	False	Cap combined O4 + O7 at +4	False	Cap combined O4 + O7 at +4	8	7	0.5333
TGFBR2	520	R	*	8	9	0.8889	2	*:8|R:1	1	1	1	mutation-specific	False	Not applicable (nonsense/stop-loss)	0	False	Cap combined O4 + O7 at +4	False	Cap combined O4 + O7 at +4	4	5	0.4444
IL7R	206	R	*	8	9	0.8889	2	*:8|Q:1	1	1	1	mutation-specific	False	Not applicable (nonsense/stop-loss)	0	False	Cap combined O4 + O7 at +4	False	Cap combined O4 + O7 at +4	5	4	0.5556
PPM1D	525	E	*	8	8	1.0	1	*:8	0	0	0	mutation-specific	False	Not applicable (nonsense/stop-loss)	0	False	Cap combined O4 + O7 at +4	False	Cap combined O4 + O7 at +4	2	6	0.25
APC	1315	S	*	8	8	1.0	1	*:8	0	0	0	mutation-specific	False	Not applicable (nonsense/stop-loss)	0	False	Cap combined O4 + O7 at +4	False	Cap combined O4 + O7 at +4	5	3	0.625
CASP8	494	R	*	8	8	1.0	1	*:8	0	0	0	mutation-specific	False	Not applicable (nonsense/stop-loss)	0	False	Cap combined O4 + O7 at +4	False	Cap combined O4 + O7 at +4	1	7	0.125
TP53	126	Y	*	7	33	0.2121	6	C:11|D:8|*:7|S:3|H:2|N:2	26	5	11	position-specific	False	Not applicable (nonsense/stop-loss)	0	True	O4 + O7 may be combined (max +8)	True	O4 + O7 may be combined (max +8)	14	19	0.4242
VHL	65	S	*	7	17	0.4118	5	*:7|L:6|P:2|T:1|W:1	10	4	6	position-specific	False	Not applicable (nonsense/stop-loss)	0	True	O4 + O7 may be combined (max +8)	False	Cap combined O4 + O7 at +4	5	12	0.2941
VHL	68	S	*	7	8	0.875	2	*:7|P:1	1	1	1	mutation-specific	False	Not applicable (nonsense/stop-loss)	0	False	Cap combined O4 + O7 at +4	False	Cap combined O4 + O7 at +4	2	6	0.25
VHL	161	R	*	7	10	0.7	3	*:7|Q:2|L:1	3	2	2	mixed	False	Not applicable (nonsense/stop-loss)	0	False	Cap combined O4 + O7 at +4	False	Cap combined O4 + O7 at +4	6	4	0.6
FAT1	1627	R	*	7	12	0.5833	2	*:7|Q:5	5	1	5	mixed	False	Not applicable (nonsense/stop-loss)	0	False	Cap combined O4 + O7 at +4	False	Cap combined O4 + O7 at +4	4	8	0.3333
NF1	1241	R	*	7	7	1.0	1	*:7	0	0	0	mutation-specific	False	Not applicable (nonsense/stop-loss)	0	False	Cap combined O4 + O7 at +4	False	Cap combined O4 + O7 at +4	5	2	0.7143
PTEN	336	Y	*	7	7	1.0	1	*:7	0	0	0	mutation-specific	False	Not applicable (nonsense/stop-loss)	0	False	Cap combined O4 + O7 at +4	False	Cap combined O4 + O7 at +4	3	4	0.4286
KMT2D	2685	R	*	7	8	0.875	2	*:7|R:1	1	1	1	mutation-specific	False	Not applicable (nonsense/stop-loss)	0	False	Cap combined O4 + O7 at +4	False	Cap combined O4 + O7 at +4	5	3	0.625
APC	1294	Q	*	7	7	1.0	1	*:7	0	0	0	mutation-specific	False	Not applicable (nonsense/stop-loss)	0	False	Cap combined O4 + O7 at +4	False	Cap combined O4 + O7 at +4	3	4	0.4286
RBM10	153	R	*	7	8	0.875	2	*:7|G:1	1	1	1	mutation-specific	False	Not applicable (nonsense/stop-loss)	0	False	Cap combined O4 + O7 at +4	False	Cap combined O4 + O7 at +4	5	3	0.625
NF1	461	R	*	7	9	0.7778	2	*:7|Q:2	2	1	2	mixed	False	Not applicable (nonsense/stop-loss)	0	False	Cap combined O4 + O7 at +4	False	Cap combined O4 + O7 at +4	2	7	0.2222
TET2	550	R	*	7	7	1.0	1	*:7	0	0	0	mutation-specific	False	Not applicable (nonsense/stop-loss)	0	False	Cap combined O4 + O7 at +4	False	Cap combined O4 + O7 at +4	4	3	0.5714
SMAD2	182	R	*	7	8	0.875	2	*:7|R:1	1	1	1	mutation-specific	False	Not applicable (nonsense/stop-loss)	0	False	Cap combined O4 + O7 at +4	False	Cap combined O4 + O7 at +4	5	3	0.625
PBRM1	921	R	*	7	7	1.0	1	*:7	0	0	0	mutation-specific	False	Not applicable (nonsense/stop-loss)	0	False	Cap combined O4 + O7 at +4	False	Cap combined O4 + O7 at +4	3	4	0.4286
TP53	234	Y	*	6	68	0.0882	6	C:42|H:9|*:6|N:6|S:3|D:2	62	5	42	mixed	False	Not applicable (nonsense/stop-loss)	0	True	O4 + O7 may be combined (max +8)	True	O4 + O7 may be combined (max +8)	33	35	0.4853
CDKN2A	129	Y	*	6	9	0.6667	2	*:6|C:3	3	1	3	mixed	False	Not applicable (nonsense/stop-loss)	0	False	Cap combined O4 + O7 at +4	False	Cap combined O4 + O7 at +4	5	4	0.5556
NOTCH2	2400	R	*	6	6	1.0	1	*:6	0	0	0	mutation-specific	False	Not applicable (nonsense/stop-loss)	0	False	Cap combined O4 + O7 at +4	False	Cap combined O4 + O7 at +4	2	4	0.3333
CDH1	335	R	*	6	7	0.8571	2	*:6|Q:1	1	1	1	mutation-specific	False	Not applicable (nonsense/stop-loss)	0	False	Cap combined O4 + O7 at +4	False	Cap combined O4 + O7 at +4	3	4	0.4286
STK11	165	E	*	6	9	0.6667	3	*:6|Q:2|K:1	3	2	2	mixed	False	Not applicable (nonsense/stop-loss)	0	False	Cap combined O4 + O7 at +4	False	Cap combined O4 + O7 at +4	8	1	0.8889
PTEN	111	W	*	6	9	0.6667	4	*:6|G:1|R:1|S:1	3	3	1	mixed	False	Not applicable (nonsense/stop-loss)	0	False	Cap combined O4 + O7 at +4	False	Cap combined O4 + O7 at +4	6	3	0.6667
CDH1	63	R	*	6	8	0.75	3	*:6|G:1|P:1	2	2	1	mixed	False	Not applicable (nonsense/stop-loss)	0	False	Cap combined O4 + O7 at +4	False	Cap combined O4 + O7 at +4	1	7	0.125
MSH2	580	E	*	6	6	1.0	1	*:6	0	0	0	mutation-specific	False	Not applicable (nonsense/stop-loss)	0	False	Cap combined O4 + O7 at +4	False	Cap combined O4 + O7 at +4	2	4	0.3333
ARID1A	1142	Q	*	6	6	1.0	1	*:6	0	0	0	mutation-specific	False	Not applicable (nonsense/stop-loss)	0	False	Cap combined O4 + O7 at +4	False	Cap combined O4 + O7 at +4	3	3	0.5
ATRX	907	R	*	6	6	1.0	1	*:6	0	0	0	mutation-specific	False	Not applicable (nonsense/stop-loss)	0	False	Cap combined O4 + O7 at +4	False	Cap combined O4 + O7 at +4	3	3	0.5
PTEN	274	W	*	6	7	0.8571	2	*:6|S:1	1	1	1	mutation-specific	False	Not applicable (nonsense/stop-loss)	0	False	Cap combined O4 + O7 at +4	False	Cap combined O4 + O7 at +4	3	4	0.4286
TP53	236	Y	*	5	59	0.0847	6	C:40|*:5|D:5|N:5|H:2|S:2	54	5	40	mixed	False	Not applicable (nonsense/stop-loss)	0	True	O4 + O7 may be combined (max +8)	True	O4 + O7 may be combined (max +8)	32	27	0.5424
VHL	88	W	*	5	9	0.5556	3	*:5|L:2|R:2	4	2	2	mixed	False	Not applicable (nonsense/stop-loss)	0	False	Cap combined O4 + O7 at +4	False	Cap combined O4 + O7 at +4	2	7	0.2222
SUZ12	101	R	*	5	6	0.8333	2	*:5|Q:1	1	1	1	mutation-specific	False	Not applicable (nonsense/stop-loss)	0	False	Cap combined O4 + O7 at +4	False	Cap combined O4 + O7 at +4	0	6	0.0
CASP8	127	R	*	5	13	0.3846	2	Q:8|*:5	8	1	8	mixed	False	Not applicable (nonsense/stop-loss)	0	False	Cap combined O4 + O7 at +4	False	Cap combined O4 + O7 at +4	4	9	0.3077
FBXW7	224	R	*	5	10	0.5	2	*:5|Q:5	5	1	5	mixed	False	Not applicable (nonsense/stop-loss)	0	False	Cap combined O4 + O7 at +4	False	Cap combined O4 + O7 at +4	3	7	0.3
CTNNB1	535	R	*	5	7	0.7143	2	*:5|Q:2	2	1	2	mixed	False	Not applicable (nonsense/stop-loss)	0	False	Cap combined O4 + O7 at +4	False	Cap combined O4 + O7 at +4	0	7	0.0
KMT2A	1264	R	*	5	5	1.0	1	*:5	0	0	0	mutation-specific	False	Not applicable (nonsense/stop-loss)	0	False	Cap combined O4 + O7 at +4	False	Cap combined O4 + O7 at +4	2	3	0.4
PTEN	65	Y	*	5	5	1.0	1	*:5	0	0	0	mutation-specific	False	Not applicable (nonsense/stop-loss)	0	False	Cap combined O4 + O7 at +4	False	Cap combined O4 + O7 at +4	3	2	0.6
TP53	220	Y	*	4	152	0.0263	6	C:127|S:8|H:6|*:4|D:4|N:3	148	5	127	mutation-specific	False	Not applicable (nonsense/stop-loss)	0	True	O4 + O7 may be combined (max +8)	True	O4 + O7 may be combined (max +8)	61	91	0.4013
TP53	176	C	*	4	115	0.0348	8	F:54|Y:30|S:9|W:7|G:5|R:5|*:4|C:1	111	7	54	position-specific	False	Not applicable (nonsense/stop-loss)	0	True	O4 + O7 may be combined (max +8)	True	O4 + O7 may be combined (max +8)	46	69	0.4
TP53	135	C	*	4	74	0.0541	7	Y:27|F:24|R:9|*:4|S:4|W:4|G:2	70	6	27	position-specific	False	Not applicable (nonsense/stop-loss)	0	True	O4 + O7 may be combined (max +8)	True	O4 + O7 may be combined (max +8)	37	37	0.5
TP53	164	K	*	4	13	0.3077	2	E:9|*:4	9	1	9	mixed	False	Not applicable (nonsense/stop-loss)	0	False	Cap combined O4 + O7 at +4	False	Cap combined O4 + O7 at +4	8	5	0.6154
RUNX1	201	R	*	4	7	0.5714	3	*:4|Q:2|G:1	3	2	2	mixed	False	Not applicable (nonsense/stop-loss)	0	False	Cap combined O4 + O7 at +4	False	Cap combined O4 + O7 at +4	0	7	0.0
GNAQ	183	R	*	4	10	0.4	2	Q:6|*:4	6	1	6	mixed	False	Not applicable (nonsense/stop-loss)	0	False	Cap combined O4 + O7 at +4	False	Cap combined O4 + O7 at +4	4	6	0.4
KMT2D	1903	R	*	4	5	0.8	2	*:4|R:1	1	1	1	mutation-specific	False	Not applicable (nonsense/stop-loss)	0	False	Cap combined O4 + O7 at +4	False	Cap combined O4 + O7 at +4	3	2	0.6
KDR	1032	R	*	4	12	0.3333	2	Q:8|*:4	8	1	8	mixed	False	Not applicable (nonsense/stop-loss)	0	False	Cap combined O4 + O7 at +4	False	Cap combined O4 + O7 at +4	4	8	0.3333
STK11	84	K	*	4	4	1.0	1	*:4	0	0	0	mutation-specific	False	Not applicable (nonsense/stop-loss)	0	False	Cap combined O4 + O7 at +4	False	Cap combined O4 + O7 at +4	2	2	0.5
ATM	1466	R	*	4	9	0.4444	3	*:4|Q:3|P:2	5	2	3	position-specific	False	Not applicable (nonsense/stop-loss)	0	False	Cap combined O4 + O7 at +4	False	Cap combined O4 + O7 at +4	4	5	0.4444
GATA3	366	R	*	4	5	0.8	2	*:4|Q:1	1	1	1	mutation-specific	False	Not applicable (nonsense/stop-loss)	0	False	Cap combined O4 + O7 at +4	False	Cap combined O4 + O7 at +4	5	0	1.0
PTEN	146	L	*	4	4	1.0	1	*:4	0	0	0	mutation-specific	False	Not applicable (nonsense/stop-loss)	0	False	Cap combined O4 + O7 at +4	False	Cap combined O4 + O7 at +4	2	2	0.5
ARID1B	1179	Q	*	4	5	0.8	2	*:4|P:1	1	1	1	mutation-specific	False	Not applicable (nonsense/stop-loss)	0	False	Cap combined O4 + O7 at +4	False	Cap combined O4 + O7 at +4	1	4	0.2
PTPRT	364	R	*	4	12	0.3333	3	Q:6|*:4|R:2	8	2	6	mixed	False	Not applicable (nonsense/stop-loss)	0	False	Cap combined O4 + O7 at +4	False	Cap combined O4 + O7 at +4	5	7	0.4167
CCND3	276	Q	*	4	4	1.0	1	*:4	0	0	0	mutation-specific	False	Not applicable (nonsense/stop-loss)	0	False	Cap combined O4 + O7 at +4	False	Cap combined O4 + O7 at +4	1	3	0.25
CBFB	73	W	*	4	4	1.0	1	*:4	0	0	0	mutation-specific	False	Not applicable (nonsense/stop-loss)	0	False	Cap combined O4 + O7 at +4	False	Cap combined O4 + O7 at +4	2	2	0.5
MAP2K4	110	R	*	4	8	0.5	4	*:4|Q:2|L:1|P:1	4	3	2	mixed	False	Not applicable (nonsense/stop-loss)	0	False	Cap combined O4 + O7 at +4	False	Cap combined O4 + O7 at +4	2	6	0.25
KMT2C	56	R	*	4	10	0.4	2	Q:6|*:4	6	1	6	mixed	False	Not applicable (nonsense/stop-loss)	0	False	Cap combined O4 + O7 at +4	False	Cap combined O4 + O7 at +4	5	5	0.5
SMAD2	321	R	*	4	9	0.4444	2	Q:5|*:4	5	1	5	mixed	False	Not applicable (nonsense/stop-loss)	0	False	Cap combined O4 + O7 at +4	False	Cap combined O4 + O7 at +4	2	7	0.2222
FBXW7	393	R	*	4	7	0.5714	2	*:4|Q:3	3	1	3	mixed	False	Not applicable (nonsense/stop-loss)	0	False	Cap combined O4 + O7 at +4	False	Cap combined O4 + O7 at +4	1	6	0.1429
TP53	275	C	*	3	70	0.0429	7	F:25|Y:24|R:7|S:6|*:3|W:3|G:2	67	6	25	position-specific	False	Not applicable (nonsense/stop-loss)	0	True	O4 + O7 may be combined (max +8)	True	O4 + O7 may be combined (max +8)	27	43	0.3857
TP53	277	C	*	3	28	0.1071	5	F:20|*:3|Y:3|G:1|W:1	25	4	20	mixed	False	Not applicable (nonsense/stop-loss)	0	True	O4 + O7 may be combined (max +8)	True	O4 + O7 may be combined (max +8)	17	11	0.6071
SMAD4	526	E	*	3	11	0.2727	6	*:3|K:3|Q:2|A:1|D:1|V:1	8	5	3	position-specific	False	Not applicable (nonsense/stop-loss)	0	False	Cap combined O4 + O7 at +4	False	Cap combined O4 + O7 at +4	7	4	0.6364
BCL10	174	L	*	3	3	1.0	1	*:3	0	0	0	mutation-specific	False	Not applicable (nonsense/stop-loss)	0	False	Cap combined O4 + O7 at +4	False	Cap combined O4 + O7 at +4	2	1	0.6667
PTEN	178	Y	*	3	5	0.6	3	*:3|C:1|H:1	2	2	1	mixed	False	Not applicable (nonsense/stop-loss)	0	False	Cap combined O4 + O7 at +4	False	Cap combined O4 + O7 at +4	3	2	0.6
PTEN	16	Y	*	3	5	0.6	3	*:3|D:1|Y:1	2	2	1	mixed	False	Not applicable (nonsense/stop-loss)	0	False	Cap combined O4 + O7 at +4	False	Cap combined O4 + O7 at +4	3	2	0.6
B2M	7	L	*	3	5	0.6	2	*:3|S:2	2	1	2	mixed	False	Not applicable (nonsense/stop-loss)	0	False	Cap combined O4 + O7 at +4	False	Cap combined O4 + O7 at +4	4	1	0.8
FBXW7	14	R	*	3	9	0.3333	2	Q:6|*:3	6	1	6	mixed	False	Not applicable (nonsense/stop-loss)	0	False	Cap combined O4 + O7 at +4	False	Cap combined O4 + O7 at +4	1	8	0.1111
PTEN	140	L	*	3	4	0.75	2	*:3|F:1	1	1	1	mixed	False	Not applicable (nonsense/stop-loss)	0	False	Cap combined O4 + O7 at +4	False	Cap combined O4 + O7 at +4	1	3	0.25
PTEN	247	L	*	3	4	0.75	2	*:3|F:1	1	1	1	mixed	False	Not applicable (nonsense/stop-loss)	0	False	Cap combined O4 + O7 at +4	False	Cap combined O4 + O7 at +4	1	3	0.25
TBX3	113	W	*	3	4	0.75	2	*:3|R:1	1	1	1	mixed	False	Not applicable (nonsense/stop-loss)	0	False	Cap combined O4 + O7 at +4	False	Cap combined O4 + O7 at +4	2	2	0.5
SMAD2	463	C	*	3	4	0.75	2	*:3|F:1	1	1	1	mixed	False	Not applicable (nonsense/stop-loss)	0	False	Cap combined O4 + O7 at +4	False	Cap combined O4 + O7 at +4	3	1	0.75
TP53	163	Y	*	2	79	0.0253	5	C:54|H:11|N:9|D:3|*:2	77	4	54	mixed	False	Not applicable (nonsense/stop-loss)	0	True	O4 + O7 may be combined (max +8)	True	O4 + O7 may be combined (max +8)	34	45	0.4304
TP53	280	R	*	2	109	0.0183	6	K:36|T:34|G:17|I:12|S:8|*:2	107	5	36	position-specific	False	Not applicable (nonsense/stop-loss)	0	True	O4 + O7 may be combined (max +8)	True	O4 + O7 may be combined (max +8)	52	57	0.4771
NFE2L2	79	E	*	2	34	0.0588	6	Q:17|K:11|*:2|V:2|D:1|G:1	32	5	17	mixed	False	Not applicable (nonsense/stop-loss)	0	True	O4 + O7 may be combined (max +8)	True	O4 + O7 may be combined (max +8)	10	24	0.2941
TP53	141	C	*	2	47	0.0426	7	Y:25|W:9|R:5|G:4|*:2|F:1|S:1	45	6	25	mixed	False	Not applicable (nonsense/stop-loss)	0	True	O4 + O7 may be combined (max +8)	True	O4 + O7 may be combined (max +8)	19	28	0.4043
PTEN	68	Y	*	2	11	0.1818	4	H:6|*:2|C:2|N:1	9	3	6	mixed	False	Not applicable (nonsense/stop-loss)	0	False	Cap combined O4 + O7 at +4	False	Cap combined O4 + O7 at +4	7	4	0.6364
KEAP1	260	R	*	2	10	0.2	3	L:4|Q:4|*:2	8	2	4	position-specific	False	Not applicable (nonsense/stop-loss)	0	False	Cap combined O4 + O7 at +4	False	Cap combined O4 + O7 at +4	4	6	0.4
PTEN	346	Y	*	2	6	0.3333	4	*:2|D:2|C:1|H:1	4	3	2	position-specific	False	Not applicable (nonsense/stop-loss)	0	False	Cap combined O4 + O7 at +4	False	Cap combined O4 + O7 at +4	3	3	0.5
PTEN	177	Y	*	2	5	0.4	4	*:2|C:1|D:1|F:1	3	3	1	position-specific	False	Not applicable (nonsense/stop-loss)	0	False	Cap combined O4 + O7 at +4	False	Cap combined O4 + O7 at +4	2	3	0.4
TP63	365	S	*	2	12	0.1667	3	L:7|S:3|*:2	10	2	7	mixed	False	Not applicable (nonsense/stop-loss)	0	True	O4 + O7 may be combined (max +8)	False	Cap combined O4 + O7 at +4	4	8	0.3333
CIC	238	W	*	2	3	0.6667	2	*:2|R:1	1	1	1	mixed	False	Not applicable (nonsense/stop-loss)	0	False	Cap combined O4 + O7 at +4	False	Cap combined O4 + O7 at +4	1	2	0.3333
CARD11	337	R	*	2	5	0.4	2	Q:3|*:2	3	1	3	mixed	False	Not applicable (nonsense/stop-loss)	0	False	Cap combined O4 + O7 at +4	False	Cap combined O4 + O7 at +4	4	1	0.8
RB1	606	Y	*	2	4	0.5	2	*:2|C:2	2	1	2	mixed	False	Not applicable (nonsense/stop-loss)	0	False	Cap combined O4 + O7 at +4	False	Cap combined O4 + O7 at +4	2	2	0.5
ERRFI1	116	K	*	2	2	1.0	1	*:2	0	0	0	mutation-specific	False	Not applicable (nonsense/stop-loss)	0	False	Cap combined O4 + O7 at +4	False	Cap combined O4 + O7 at +4	0	2	0.0
PTEN	320	L	*	2	4	0.5	3	*:2|S:1|V:1	2	2	1	mixed	False	Not applicable (nonsense/stop-loss)	0	False	Cap combined O4 + O7 at +4	False	Cap combined O4 + O7 at +4	2	2	0.5
VHL	135	L	*	2	4	0.5	2	*:2|F:2	2	1	2	mixed	False	Not applicable (nonsense/stop-loss)	0	False	Cap combined O4 + O7 at +4	False	Cap combined O4 + O7 at +4	2	2	0.5
SMAD4	510	G	*	2	6	0.3333	4	*:2|R:2|A:1|E:1	4	3	2	position-specific	False	Not applicable (nonsense/stop-loss)	0	False	Cap combined O4 + O7 at +4	False	Cap combined O4 + O7 at +4	4	2	0.6667
PTEN	174	Y	*	2	4	0.5	3	*:2|D:1|H:1	2	2	1	mixed	False	Not applicable (nonsense/stop-loss)	0	False	Cap combined O4 + O7 at +4	False	Cap combined O4 + O7 at +4	3	1	0.75
KDM6A	1003	Q	*	2	3	0.6667	2	*:2|P:1	1	1	1	mixed	False	Not applicable (nonsense/stop-loss)	0	False	Cap combined O4 + O7 at +4	False	Cap combined O4 + O7 at +4	2	1	0.6667
VHL	117	W	*	2	6	0.3333	3	L:3|*:2|C:1	4	2	3	mixed	False	Not applicable (nonsense/stop-loss)	0	False	Cap combined O4 + O7 at +4	False	Cap combined O4 + O7 at +4	3	3	0.5
VHL	112	Y	*	2	5	0.4	4	*:2|C:1|D:1|Y:1	3	3	1	position-specific	False	Not applicable (nonsense/stop-loss)	0	False	Cap combined O4 + O7 at +4	False	Cap combined O4 + O7 at +4	2	3	0.4
NRAS	61	Q	*	1	422	0.0024	6	R:204|K:142|L:46|H:27|P:2|*:1	421	5	204	position-specific	False	Not applicable (nonsense/stop-loss)	0	True	O4 + O7 may be combined (max +8)	True	O4 + O7 may be combined (max +8)	165	257	0.391
IDH1	132	R	I	1	766	0.0013	6	H:570|C:139|G:28|S:16|L:12|I:1	765	5	570	mixed	True	Not met	0	True	O4 + O7 may be combined (max +8)	True	O4 + O7 may be combined (max +8)	247	519	0.3225
KRAS	61	Q	A	1	190	0.0053	7	H:108|R:37|L:21|K:20|P:2|A:1|E:1	189	6	108	mixed	True	Not met	0	True	O4 + O7 may be combined (max +8)	True	O4 + O7 may be combined (max +8)	96	94	0.5053
KRAS	61	Q	E	1	190	0.0053	7	H:108|R:37|L:21|K:20|P:2|A:1|E:1	189	6	108	mixed	True	Not met	0	True	O4 + O7 may be combined (max +8)	True	O4 + O7 may be combined (max +8)	96	94	0.5053
KRAS	13	G	A	1	264	0.0038	7	D:214|C:32|G:6|V:6|E:3|R:2|A:1	263	6	214	mutation-specific	True	Not met	0	True	O4 + O7 may be combined (max +8)	True	O4 + O7 may be combined (max +8)	161	103	0.6098
KRAS	12	G	G	1	2175	0.0005	10	D:757|V:657|C:384|R:166|A:134|S:68|F:6|G:1|I:1|L:1	2174	9	757	position-specific	True	Not met	0	True	O4 + O7 may be combined (max +8)	True	O4 + O7 may be combined (max +8)	1260	915	0.5793
KRAS	12	G	I	1	2175	0.0005	10	D:757|V:657|C:384|R:166|A:134|S:68|F:6|G:1|I:1|L:1	2174	9	757	position-specific	True	Not met	0	True	O4 + O7 may be combined (max +8)	True	O4 + O7 may be combined (max +8)	1260	915	0.5793
KRAS	12	G	L	1	2175	0.0005	10	D:757|V:657|C:384|R:166|A:134|S:68|F:6|G:1|I:1|L:1	2174	9	757	position-specific	True	Not met	0	True	O4 + O7 may be combined (max +8)	True	O4 + O7 may be combined (max +8)	1260	915	0.5793
AKT1	17	E	*	1	149	0.0067	2	K:148|*:1	148	1	148	mutation-specific	False	Not applicable (nonsense/stop-loss)	0	True	O4 + O7 may be combined (max +8)	True	O4 + O7 may be combined (max +8)	95	54	0.6376
PIK3CA	345	N	D	1	98	0.0102	7	K:79|I:7|T:4|H:3|Y:3|D:1|N:1	97	6	79	mutation-specific	True	Not met	0	True	O4 + O7 may be combined (max +8)	True	O4 + O7 may be combined (max +8)	51	47	0.5204
PIK3CA	345	N	N	1	98	0.0102	7	K:79|I:7|T:4|H:3|Y:3|D:1|N:1	97	6	79	mutation-specific	True	Not met	0	True	O4 + O7 may be combined (max +8)	True	O4 + O7 may be combined (max +8)	51	47	0.5204
PTEN	130	R	S	1	168	0.006	7	Q:72|G:44|*:38|P:6|L:5|R:2|S:1	167	6	72	position-specific	True	Not met	0	True	O4 + O7 may be combined (max +8)	True	O4 + O7 may be combined (max +8)	68	100	0.4048
TP53	245	G	N	1	242	0.0041	7	S:128|D:50|V:31|C:22|R:7|A:3|N:1	241	6	128	mixed	True	Not met	0	True	O4 + O7 may be combined (max +8)	True	O4 + O7 may be combined (max +8)	122	120	0.5041
FBXW7	465	R	G	1	128	0.0078	6	C:64|H:59|S:2|G:1|L:1|P:1	127	5	64	mixed	True	Not met	0	True	O4 + O7 may be combined (max +8)	True	O4 + O7 may be combined (max +8)	59	69	0.4609
FBXW7	465	R	L	1	128	0.0078	6	C:64|H:59|S:2|G:1|L:1|P:1	127	5	64	mixed	True	Not met	0	True	O4 + O7 may be combined (max +8)	True	O4 + O7 may be combined (max +8)	59	69	0.4609
FBXW7	465	R	P	1	128	0.0078	6	C:64|H:59|S:2|G:1|L:1|P:1	127	5	64	mixed	True	Not met	0	True	O4 + O7 may be combined (max +8)	True	O4 + O7 may be combined (max +8)	59	69	0.4609
PIK3CA	546	Q	L	1	93	0.0108	6	K:35|R:31|P:19|H:5|E:2|L:1	92	5	35	position-specific	True	Not met	0	True	O4 + O7 may be combined (max +8)	True	O4 + O7 may be combined (max +8)	40	53	0.4301
ERBB2	310	S	S	1	113	0.0088	3	F:95|Y:17|S:1	112	2	95	mutation-specific	True	Not met	0	True	O4 + O7 may be combined (max +8)	True	O4 + O7 may be combined (max +8)	60	53	0.531
GNA11	209	Q	H	1	59	0.0169	3	L:57|H:1|P:1	58	2	57	mutation-specific	True	Not met	0	True	O4 + O7 may be combined (max +8)	True	O4 + O7 may be combined (max +8)	19	40	0.322
GNA11	209	Q	P	1	59	0.0169	3	L:57|H:1|P:1	58	2	57	mutation-specific	True	Not met	0	True	O4 + O7 may be combined (max +8)	True	O4 + O7 may be combined (max +8)	19	40	0.322
GNAQ	209	Q	H	1	65	0.0154	3	P:42|L:22|H:1	64	2	42	mixed	True	Not met	0	True	O4 + O7 may be combined (max +8)	True	O4 + O7 may be combined (max +8)	25	40	0.3846
TP53	282	R	L	1	219	0.0046	6	W:201|G:9|P:4|Q:3|L:1|R:1	218	5	201	mutation-specific	True	Not met	0	True	O4 + O7 may be combined (max +8)	True	O4 + O7 may be combined (max +8)	105	114	0.4795
TP53	282	R	R	1	219	0.0046	6	W:201|G:9|P:4|Q:3|L:1|R:1	218	5	201	mutation-specific	True	Not met	0	True	O4 + O7 may be combined (max +8)	True	O4 + O7 may be combined (max +8)	105	114	0.4795
SMAD4	361	R	P	1	124	0.0081	6	H:60|C:54|S:4|G:3|L:2|P:1	123	5	60	position-specific	True	Not met	0	True	O4 + O7 may be combined (max +8)	True	O4 + O7 may be combined (max +8)	73	51	0.5887
CTNNB1	33	S	T	1	96	0.0104	6	C:32|F:29|P:16|Y:11|A:7|T:1	95	5	32	position-specific	True	Not met	0	True	O4 + O7 may be combined (max +8)	True	O4 + O7 may be combined (max +8)	37	59	0.3854
EGFR	790	T	T	1	60	0.0167	2	M:59|T:1	59	1	59	mutation-specific	True	Not met	0	True	O4 + O7 may be combined (max +8)	True	O4 + O7 may be combined (max +8)	58	2	0.9667
SF3B1	700	K	K	1	59	0.0169	3	E:57|K:1|R:1	58	2	57	mutation-specific	True	Not met	0	True	O4 + O7 may be combined (max +8)	True	O4 + O7 may be combined (max +8)	20	39	0.339
SF3B1	700	K	R	1	59	0.0169	3	E:57|K:1|R:1	58	2	57	mutation-specific	True	Not met	0	True	O4 + O7 may be combined (max +8)	True	O4 + O7 may be combined (max +8)	20	39	0.339
TP53	193	H	Q	1	123	0.0081	7	R:54|Y:31|L:19|P:8|D:5|N:5|Q:1	122	6	54	position-specific	True	Not met	0	True	O4 + O7 may be combined (max +8)	True	O4 + O7 may be combined (max +8)	51	72	0.4146
FBXW7	505	R	S	1	83	0.012	6	C:41|G:31|H:4|L:4|P:2|S:1	82	5	41	position-specific	True	Not met	0	True	O4 + O7 may be combined (max +8)	True	O4 + O7 may be combined (max +8)	32	51	0.3855
IDH2	172	R	R	1	63	0.0159	7	K:33|G:9|S:8|W:7|M:4|R:1|T:1	62	6	33	mixed	True	Not met	0	True	O4 + O7 may be combined (max +8)	True	O4 + O7 may be combined (max +8)	31	32	0.4921
IDH2	172	R	T	1	63	0.0159	7	K:33|G:9|S:8|W:7|M:4|R:1|T:1	62	6	33	mixed	True	Not met	0	True	O4 + O7 may be combined (max +8)	True	O4 + O7 may be combined (max +8)	31	32	0.4921
EGFR	289	A	I	1	59	0.0169	5	V:37|T:14|D:6|I:1|N:1	58	4	37	mixed	True	Not met	0	True	O4 + O7 may be combined (max +8)	True	O4 + O7 may be combined (max +8)	27	32	0.4576
EGFR	289	A	N	1	59	0.0169	5	V:37|T:14|D:6|I:1|N:1	58	4	37	mixed	True	Not met	0	True	O4 + O7 may be combined (max +8)	True	O4 + O7 may be combined (max +8)	27	32	0.4576
ESR1	537	Y	D	1	47	0.0213	4	S:25|C:11|N:10|D:1	46	3	25	mixed	True	Not met	0	True	O4 + O7 may be combined (max +8)	True	O4 + O7 may be combined (max +8)	43	4	0.9149
TP53	176	C	C	1	115	0.0087	8	F:54|Y:30|S:9|W:7|G:5|R:5|*:4|C:1	114	7	54	position-specific	True	Not met	0	True	O4 + O7 may be combined (max +8)	True	O4 + O7 may be combined (max +8)	46	69	0.4
ERBB2	755	L	W	1	44	0.0227	6	S:31|P:5|M:3|A:2|L:2|W:1	43	5	31	mixed	True	Not met	0	True	O4 + O7 may be combined (max +8)	True	O4 + O7 may be combined (max +8)	28	16	0.6364
TP53	196	R	L	1	141	0.0071	4	*:131|P:8|L:1|Q:1	140	3	131	mutation-specific	True	Not met	0	True	O4 + O7 may be combined (max +8)	True	O4 + O7 may be combined (max +8)	62	79	0.4397
TP53	196	R	Q	1	141	0.0071	4	*:131|P:8|L:1|Q:1	140	3	131	mutation-specific	True	Not met	0	True	O4 + O7 may be combined (max +8)	True	O4 + O7 may be combined (max +8)	62	79	0.4397
H3F3A	28	K	R	1	33	0.0303	2	M:32|R:1	32	1	32	mutation-specific	True	Not met	0	True	O4 + O7 may be combined (max +8)	True	O4 + O7 may be combined (max +8)	4	29	0.1212
BRAF	469	G	*	1	61	0.0164	7	A:34|V:11|R:8|E:4|S:2|*:1|G:1	60	6	34	mixed	False	Not applicable (nonsense/stop-loss)	0	True	O4 + O7 may be combined (max +8)	True	O4 + O7 may be combined (max +8)	37	24	0.6066
BRAF	469	G	G	1	61	0.0164	7	A:34|V:11|R:8|E:4|S:2|*:1|G:1	60	6	34	mixed	True	Not met	0	True	O4 + O7 may be combined (max +8)	True	O4 + O7 may be combined (max +8)	37	24	0.6066
HRAS	13	G	I	1	50	0.02	7	R:22|V:15|D:6|C:3|S:2|I:1|N:1	49	6	22	position-specific	True	Not met	0	True	O4 + O7 may be combined (max +8)	True	O4 + O7 may be combined (max +8)	15	35	0.3
HRAS	13	G	N	1	50	0.02	7	R:22|V:15|D:6|C:3|S:2|I:1|N:1	49	6	22	position-specific	True	Not met	0	True	O4 + O7 may be combined (max +8)	True	O4 + O7 may be combined (max +8)	15	35	0.3
CTNNB1	34	G	*	1	53	0.0189	6	R:28|V:14|E:8|*:1|A:1|L:1	52	5	28	mixed	False	Not applicable (nonsense/stop-loss)	0	True	O4 + O7 may be combined (max +8)	True	O4 + O7 may be combined (max +8)	21	32	0.3962
CTNNB1	34	G	A	1	53	0.0189	6	R:28|V:14|E:8|*:1|A:1|L:1	52	5	28	mixed	True	Not met	0	True	O4 + O7 may be combined (max +8)	True	O4 + O7 may be combined (max +8)	21	32	0.3962
CTNNB1	34	G	L	1	53	0.0189	6	R:28|V:14|E:8|*:1|A:1|L:1	52	5	28	mixed	True	Not met	0	True	O4 + O7 may be combined (max +8)	True	O4 + O7 may be combined (max +8)	21	32	0.3962
TP53	195	I	I	1	79	0.0127	7	T:42|F:19|N:10|S:4|M:2|I:1|K:1	78	6	42	mixed	True	Not met	0	True	O4 + O7 may be combined (max +8)	True	O4 + O7 may be combined (max +8)	26	53	0.3291
TP53	195	I	K	1	79	0.0127	7	T:42|F:19|N:10|S:4|M:2|I:1|K:1	78	6	42	mixed	True	Not met	0	True	O4 + O7 may be combined (max +8)	True	O4 + O7 may be combined (max +8)	26	53	0.3291
TP53	266	G	K	1	117	0.0085	6	R:40|E:35|V:26|*:14|K:1|T:1	116	5	40	position-specific	True	Not met	0	True	O4 + O7 may be combined (max +8)	True	O4 + O7 may be combined (max +8)	60	57	0.5128
TP53	266	G	T	1	117	0.0085	6	R:40|E:35|V:26|*:14|K:1|T:1	116	5	40	position-specific	True	Not met	0	True	O4 + O7 may be combined (max +8)	True	O4 + O7 may be combined (max +8)	60	57	0.5128
TP53	249	R	I	1	102	0.0098	7	S:45|M:17|G:15|T:11|W:11|K:2|I:1	101	6	45	position-specific	True	Not met	0	True	O4 + O7 may be combined (max +8)	True	O4 + O7 may be combined (max +8)	47	55	0.4608
SF3B1	625	R	G	1	59	0.0169	4	H:29|C:25|L:4|G:1	58	3	29	position-specific	True	Not met	0	True	O4 + O7 may be combined (max +8)	True	O4 + O7 may be combined (max +8)	35	24	0.5932
BRAF	601	K	T	1	38	0.0263	3	E:32|N:5|T:1	37	2	32	mutation-specific	True	Not met	0	True	O4 + O7 may be combined (max +8)	True	O4 + O7 may be combined (max +8)	19	19	0.5
BRAF	594	D	E	1	51	0.0196	6	N:24|G:21|V:2|Y:2|E:1|H:1	50	5	24	position-specific	True	Not met	0	True	O4 + O7 may be combined (max +8)	True	O4 + O7 may be combined (max +8)	35	16	0.6863
BRAF	594	D	H	1	51	0.0196	6	N:24|G:21|V:2|Y:2|E:1|H:1	50	5	24	position-specific	True	Not met	0	True	O4 + O7 may be combined (max +8)	True	O4 + O7 may be combined (max +8)	35	16	0.6863
EZH2	646	Y	C	1	38	0.0263	6	F:13|N:13|H:6|S:4|C:1|Y:1	37	5	13	position-specific	True	Not met	0	True	O4 + O7 may be combined (max +8)	True	O4 + O7 may be combined (max +8)	14	24	0.3684
EZH2	646	Y	Y	1	38	0.0263	6	F:13|N:13|H:6|S:4|C:1|Y:1	37	5	13	position-specific	True	Not met	0	True	O4 + O7 may be combined (max +8)	True	O4 + O7 may be combined (max +8)	14	24	0.3684
DNMT3A	882	R	P	1	39	0.0256	3	H:28|C:10|P:1	38	2	28	mixed	True	Not met	0	True	O4 + O7 may be combined (max +8)	True	O4 + O7 may be combined (max +8)	8	31	0.2051
PPP2R1A	179	P	L	1	30	0.0333	2	R:29|L:1	29	1	29	mutation-specific	True	Not met	0	True	O4 + O7 may be combined (max +8)	True	O4 + O7 may be combined (max +8)	16	14	0.5333
RAC1	29	P	F	1	53	0.0189	4	S:43|L:7|T:2|F:1	52	3	43	mutation-specific	True	Not met	0	True	O4 + O7 may be combined (max +8)	True	O4 + O7 may be combined (max +8)	20	33	0.3774
FBXW7	479	R	R	1	57	0.0175	6	Q:31|*:8|G:8|P:7|L:2|R:1	56	5	31	mixed	True	Not met	0	True	O4 + O7 may be combined (max +8)	True	O4 + O7 may be combined (max +8)	29	28	0.5088
TP53	173	V	E	1	78	0.0128	5	L:42|M:27|A:4|G:4|E:1	77	4	42	mixed	True	Not met	0	True	O4 + O7 may be combined (max +8)	True	O4 + O7 may be combined (max +8)	35	43	0.4487
TP53	238	C	W	1	77	0.013	6	Y:40|F:23|R:5|G:4|S:4|W:1	76	5	40	mixed	True	Not met	0	True	O4 + O7 may be combined (max +8)	True	O4 + O7 may be combined (max +8)	35	42	0.4545
PPP2R1A	183	R	G	1	51	0.0196	3	W:33|Q:17|G:1	50	2	33	mixed	True	Not met	0	True	O4 + O7 may be combined (max +8)	True	O4 + O7 may be combined (max +8)	31	20	0.6078
NRAS	13	G	F	1	41	0.0244	6	R:18|D:16|S:3|C:2|F:1|V:1	40	5	18	position-specific	True	Not met	0	True	O4 + O7 may be combined (max +8)	True	O4 + O7 may be combined (max +8)	17	24	0.4146
NRAS	13	G	V	1	41	0.0244	6	R:18|D:16|S:3|C:2|F:1|V:1	40	5	18	position-specific	True	Not met	0	True	O4 + O7 may be combined (max +8)	True	O4 + O7 may be combined (max +8)	17	24	0.4146
TP53	205	Y	*	1	61	0.0164	7	C:35|H:8|F:6|S:6|D:3|N:2|*:1	60	6	35	mixed	False	Not applicable (nonsense/stop-loss)	0	True	O4 + O7 may be combined (max +8)	True	O4 + O7 may be combined (max +8)	22	39	0.3607
TP53	151	P	F	1	79	0.0127	7	S:36|H:13|A:11|R:9|T:8|F:1|L:1	78	6	36	position-specific	True	Not met	0	True	O4 + O7 may be combined (max +8)	True	O4 + O7 may be combined (max +8)	37	42	0.4684
TP53	151	P	L	1	79	0.0127	7	S:36|H:13|A:11|R:9|T:8|F:1|L:1	78	6	36	position-specific	True	Not met	0	True	O4 + O7 may be combined (max +8)	True	O4 + O7 may be combined (max +8)	37	42	0.4684
CDKN2A	58	R	R	1	62	0.0161	2	*:61|R:1	61	1	61	mutation-specific	True	Not met	0	True	O4 + O7 may be combined (max +8)	True	O4 + O7 may be combined (max +8)	33	29	0.5323
EGFR	598	G	E	1	33	0.0303	3	V:27|A:5|E:1	32	2	27	mutation-specific	True	Not met	0	True	O4 + O7 may be combined (max +8)	True	O4 + O7 may be combined (max +8)	10	23	0.303
TP53	158	R	F	1	106	0.0094	7	L:42|H:36|P:11|G:9|C:5|S:2|F:1	105	6	42	position-specific	True	Not met	0	True	O4 + O7 may be combined (max +8)	True	O4 + O7 may be combined (max +8)	54	52	0.5094
HRAS	12	G	N	1	38	0.0263	6	D:14|S:14|C:4|V:3|A:2|N:1	37	5	14	position-specific	True	Not met	0	True	O4 + O7 may be combined (max +8)	True	O4 + O7 may be combined (max +8)	11	27	0.2895
IDH2	140	R	L	1	23	0.0435	3	Q:20|W:2|L:1	22	2	20	mutation-specific	True	Not met	0	True	O4 + O7 may be combined (max +8)	True	O4 + O7 may be combined (max +8)	1	22	0.0435
PIK3CA	111	K	Q	1	38	0.0263	4	E:22|N:14|Q:1|R:1	37	3	22	mixed	True	Not met	0	True	O4 + O7 may be combined (max +8)	True	O4 + O7 may be combined (max +8)	12	26	0.3158
PIK3CA	111	K	R	1	38	0.0263	4	E:22|N:14|Q:1|R:1	37	3	22	mixed	True	Not met	0	True	O4 + O7 may be combined (max +8)	True	O4 + O7 may be combined (max +8)	12	26	0.3158
TP53	241	S	T	1	97	0.0103	7	F:51|C:19|Y:15|P:6|S:3|A:2|T:1	96	6	51	mixed	True	Not met	0	True	O4 + O7 may be combined (max +8)	True	O4 + O7 may be combined (max +8)	45	52	0.4639
FGFR2	549	N	S	1	26	0.0385	4	K:21|H:3|S:1|T:1	25	3	21	mutation-specific	True	Not met	0	True	O4 + O7 may be combined (max +8)	True	O4 + O7 may be combined (max +8)	12	14	0.4615
FGFR2	549	N	T	1	26	0.0385	4	K:21|H:3|S:1|T:1	25	3	21	mutation-specific	True	Not met	0	True	O4 + O7 may be combined (max +8)	True	O4 + O7 may be combined (max +8)	12	14	0.4615
NFE2L2	34	R	*	1	34	0.0294	5	G:16|Q:11|P:5|*:1|L:1	33	4	16	position-specific	False	Not applicable (nonsense/stop-loss)	0	True	O4 + O7 may be combined (max +8)	True	O4 + O7 may be combined (max +8)	15	19	0.4412
NFE2L2	34	R	L	1	34	0.0294	5	G:16|Q:11|P:5|*:1|L:1	33	4	16	position-specific	True	Not met	0	True	O4 + O7 may be combined (max +8)	True	O4 + O7 may be combined (max +8)	15	19	0.4412
TP53	157	V	A	1	77	0.013	6	F:67|G:4|L:3|A:1|D:1|V:1	76	5	67	mutation-specific	True	Not met	0	True	O4 + O7 may be combined (max +8)	True	O4 + O7 may be combined (max +8)	33	44	0.4286
TP53	157	V	D	1	77	0.013	6	F:67|G:4|L:3|A:1|D:1|V:1	76	5	67	mutation-specific	True	Not met	0	True	O4 + O7 may be combined (max +8)	True	O4 + O7 may be combined (max +8)	33	44	0.4286
TP53	157	V	V	1	77	0.013	6	F:67|G:4|L:3|A:1|D:1|V:1	76	5	67	mutation-specific	True	Not met	0	True	O4 + O7 may be combined (max +8)	True	O4 + O7 may be combined (max +8)	33	44	0.4286
AR	702	L	L	1	19	0.0526	2	H:18|L:1	18	1	18	mutation-specific	True	Not met	0	True	O4 + O7 may be combined (max +8)	True	O4 + O7 may be combined (max +8)	10	9	0.5263
TP53	272	V	A	1	66	0.0152	7	M:34|L:20|G:5|E:3|K:2|A:1|V:1	65	6	34	mixed	True	Not met	0	True	O4 + O7 may be combined (max +8)	True	O4 + O7 may be combined (max +8)	31	35	0.4697
TP53	272	V	V	1	66	0.0152	7	M:34|L:20|G:5|E:3|K:2|A:1|V:1	65	6	34	mixed	True	Not met	0	True	O4 + O7 may be combined (max +8)	True	O4 + O7 may be combined (max +8)	31	35	0.4697
FLT3	835	D	V	1	17	0.0588	4	Y:11|E:3|H:2|V:1	16	3	11	mixed	True	Not met	0	True	O4 + O7 may be combined (max +8)	True	O4 + O7 may be combined (max +8)	0	17	0.0
TP53	132	K	*	1	83	0.012	7	N:30|R:27|E:14|M:5|T:4|Q:2|*:1	82	6	30	position-specific	False	Not applicable (nonsense/stop-loss)	0	True	O4 + O7 may be combined (max +8)	True	O4 + O7 may be combined (max +8)	36	47	0.4337
CIC	215	R	R	1	25	0.04	3	W:17|Q:7|R:1	24	2	17	mixed	True	Not met	0	True	O4 + O7 may be combined (max +8)	True	O4 + O7 may be combined (max +8)	11	14	0.44
PIK3CA	453	E	D	1	42	0.0238	3	K:31|Q:10|D:1	41	2	31	mixed	True	Not met	0	True	O4 + O7 may be combined (max +8)	True	O4 + O7 may be combined (max +8)	20	22	0.4762
NFE2L2	79	E	D	1	34	0.0294	6	Q:17|K:11|*:2|V:2|D:1|G:1	33	5	17	mixed	True	Not met	0	True	O4 + O7 may be combined (max +8)	True	O4 + O7 may be combined (max +8)	10	24	0.2941
NFE2L2	79	E	G	1	34	0.0294	6	Q:17|K:11|*:2|V:2|D:1|G:1	33	5	17	mixed	True	Not met	0	True	O4 + O7 may be combined (max +8)	True	O4 + O7 may be combined (max +8)	10	24	0.2941
ERBB2	678	R	W	1	32	0.0312	2	Q:31|W:1	31	1	31	mutation-specific	True	Not met	0	True	O4 + O7 may be combined (max +8)	True	O4 + O7 may be combined (max +8)	18	14	0.5625
TP53	215	S	C	1	50	0.02	6	I:20|R:13|G:8|N:7|C:1|T:1	49	5	20	position-specific	True	Not met	0	True	O4 + O7 may be combined (max +8)	True	O4 + O7 may be combined (max +8)	29	21	0.58
TP53	215	S	T	1	50	0.02	6	I:20|R:13|G:8|N:7|C:1|T:1	49	5	20	position-specific	True	Not met	0	True	O4 + O7 may be combined (max +8)	True	O4 + O7 may be combined (max +8)	29	21	0.58
BRAF	581	N	D	1	21	0.0476	6	S:13|I:3|T:2|D:1|H:1|Y:1	20	5	13	mixed	True	Not met	0	True	O4 + O7 may be combined (max +8)	True	O4 + O7 may be combined (max +8)	10	11	0.4762
BRAF	581	N	H	1	21	0.0476	6	S:13|I:3|T:2|D:1|H:1|Y:1	20	5	13	mixed	True	Not met	0	True	O4 + O7 may be combined (max +8)	True	O4 + O7 may be combined (max +8)	10	11	0.4762
BRAF	581	N	Y	1	21	0.0476	6	S:13|I:3|T:2|D:1|H:1|Y:1	20	5	13	mixed	True	Not met	0	True	O4 + O7 may be combined (max +8)	True	O4 + O7 may be combined (max +8)	10	11	0.4762
KIT	822	N	I	1	21	0.0476	3	K:14|Y:6|I:1	20	2	14	mixed	True	Not met	0	True	O4 + O7 may be combined (max +8)	True	O4 + O7 may be combined (max +8)	13	8	0.619
AR	878	T	S	1	15	0.0667	2	A:14|S:1	14	1	14	mutation-specific	True	Not met	0	True	O4 + O7 may be combined (max +8)	True	O4 + O7 may be combined (max +8)	4	11	0.2667
PTEN	233	R	Q	1	46	0.0217	2	*:45|Q:1	45	1	45	mutation-specific	True	Not met	0	True	O4 + O7 may be combined (max +8)	True	O4 + O7 may be combined (max +8)	15	31	0.3261
TP53	239	N	H	1	41	0.0244	5	S:19|D:18|K:2|H:1|T:1	40	4	19	position-specific	True	Not met	0	True	O4 + O7 may be combined (max +8)	True	O4 + O7 may be combined (max +8)	20	21	0.4878
TP53	239	N	T	1	41	0.0244	5	S:19|D:18|K:2|H:1|T:1	40	4	19	position-specific	True	Not met	0	True	O4 + O7 may be combined (max +8)	True	O4 + O7 may be combined (max +8)	20	21	0.4878
POLE	286	P	H	1	27	0.037	5	R:23|H:1|L:1|S:1|T:1	26	4	23	mutation-specific	True	Not met	0	True	O4 + O7 may be combined (max +8)	True	O4 + O7 may be combined (max +8)	8	19	0.2963
POLE	286	P	L	1	27	0.037	5	R:23|H:1|L:1|S:1|T:1	26	4	23	mutation-specific	True	Not met	0	True	O4 + O7 may be combined (max +8)	True	O4 + O7 may be combined (max +8)	8	19	0.2963
POLE	286	P	S	1	27	0.037	5	R:23|H:1|L:1|S:1|T:1	26	4	23	mutation-specific	True	Not met	0	True	O4 + O7 may be combined (max +8)	True	O4 + O7 may be combined (max +8)	8	19	0.2963
POLE	286	P	T	1	27	0.037	5	R:23|H:1|L:1|S:1|T:1	26	4	23	mutation-specific	True	Not met	0	True	O4 + O7 may be combined (max +8)	True	O4 + O7 may be combined (max +8)	8	19	0.2963
CREBBP	1446	R	G	1	33	0.0303	6	C:14|H:10|L:6|G:1|P:1|S:1	32	5	14	position-specific	True	Not met	0	True	O4 + O7 may be combined (max +8)	True	O4 + O7 may be combined (max +8)	12	21	0.3636
CREBBP	1446	R	P	1	33	0.0303	6	C:14|H:10|L:6|G:1|P:1|S:1	32	5	14	position-specific	True	Not met	0	True	O4 + O7 may be combined (max +8)	True	O4 + O7 may be combined (max +8)	12	21	0.3636
CREBBP	1446	R	S	1	33	0.0303	6	C:14|H:10|L:6|G:1|P:1|S:1	32	5	14	position-specific	True	Not met	0	True	O4 + O7 may be combined (max +8)	True	O4 + O7 may be combined (max +8)	12	21	0.3636
TP53	242	C	*	1	59	0.0169	8	F:27|Y:12|S:9|W:4|G:3|R:2|*:1|C:1	58	7	27	position-specific	False	Not applicable (nonsense/stop-loss)	0	True	O4 + O7 may be combined (max +8)	True	O4 + O7 may be combined (max +8)	24	35	0.4068
TP53	242	C	C	1	59	0.0169	8	F:27|Y:12|S:9|W:4|G:3|R:2|*:1|C:1	58	7	27	position-specific	True	Not met	0	True	O4 + O7 may be combined (max +8)	True	O4 + O7 may be combined (max +8)	24	35	0.4068
CD79B	197	Y	R	1	16	0.0625	7	H:5|C:2|D:2|F:2|N:2|S:2|R:1	15	6	5	position-specific	True	Not met	0	True	O4 + O7 may be combined (max +8)	False	Cap combined O4 + O7 at +4	3	13	0.1875
TP53	244	G	A	1	65	0.0154	8	D:21|C:19|S:15|V:6|A:1|F:1|G:1|R:1	64	7	21	position-specific	True	Not met	0	True	O4 + O7 may be combined (max +8)	True	O4 + O7 may be combined (max +8)	32	33	0.4923
TP53	244	G	F	1	65	0.0154	8	D:21|C:19|S:15|V:6|A:1|F:1|G:1|R:1	64	7	21	position-specific	True	Not met	0	True	O4 + O7 may be combined (max +8)	True	O4 + O7 may be combined (max +8)	32	33	0.4923
TP53	244	G	G	1	65	0.0154	8	D:21|C:19|S:15|V:6|A:1|F:1|G:1|R:1	64	7	21	position-specific	True	Not met	0	True	O4 + O7 may be combined (max +8)	True	O4 + O7 may be combined (max +8)	32	33	0.4923
TP53	244	G	R	1	65	0.0154	8	D:21|C:19|S:15|V:6|A:1|F:1|G:1|R:1	64	7	21	position-specific	True	Not met	0	True	O4 + O7 may be combined (max +8)	True	O4 + O7 may be combined (max +8)	32	33	0.4923
PIK3CA	93	R	L	1	31	0.0323	3	Q:18|W:12|L:1	30	2	18	mixed	True	Not met	0	True	O4 + O7 may be combined (max +8)	True	O4 + O7 may be combined (max +8)	13	18	0.4194
PIK3CA	108	R	S	1	29	0.0345	3	H:25|L:3|S:1	28	2	25	mutation-specific	True	Not met	0	True	O4 + O7 may be combined (max +8)	True	O4 + O7 may be combined (max +8)	12	17	0.4138
MAPK1	322	E	*	1	26	0.0385	3	K:24|*:1|A:1	25	2	24	mutation-specific	False	Not applicable (nonsense/stop-loss)	0	True	O4 + O7 may be combined (max +8)	True	O4 + O7 may be combined (max +8)	10	16	0.3846
MAPK1	322	E	A	1	26	0.0385	3	K:24|*:1|A:1	25	2	24	mutation-specific	True	Not met	0	True	O4 + O7 may be combined (max +8)	True	O4 + O7 may be combined (max +8)	10	16	0.3846
XPO1	571	E	A	1	27	0.037	3	K:25|A:1|V:1	26	2	25	mutation-specific	True	Not met	0	True	O4 + O7 may be combined (max +8)	True	O4 + O7 may be combined (max +8)	10	17	0.3704
XPO1	571	E	V	1	27	0.037	3	K:25|A:1|V:1	26	2	25	mutation-specific	True	Not met	0	True	O4 + O7 may be combined (max +8)	True	O4 + O7 may be combined (max +8)	10	17	0.3704
RHOA	42	Y	F	1	19	0.0526	4	C:14|S:3|F:1|I:1	18	3	14	mixed	True	Not met	0	True	O4 + O7 may be combined (max +8)	True	O4 + O7 may be combined (max +8)	4	15	0.2105
RHOA	42	Y	I	1	19	0.0526	4	C:14|S:3|F:1|I:1	18	3	14	mixed	True	Not met	0	True	O4 + O7 may be combined (max +8)	True	O4 + O7 may be combined (max +8)	4	15	0.2105
KIT	816	D	A	1	22	0.0455	4	V:11|H:5|Y:5|A:1	21	3	11	mixed	True	Not met	0	True	O4 + O7 may be combined (max +8)	True	O4 + O7 may be combined (max +8)	6	16	0.2727
KRAS	60	G	S	1	24	0.0417	4	G:19|D:2|V:2|S:1	23	3	19	mixed	True	Not met	0	True	O4 + O7 may be combined (max +8)	True	O4 + O7 may be combined (max +8)	12	12	0.5
ALK	1275	R	*	1	18	0.0556	3	Q:16|*:1|L:1	17	2	16	mutation-specific	False	Not applicable (nonsense/stop-loss)	0	True	O4 + O7 may be combined (max +8)	True	O4 + O7 may be combined (max +8)	6	12	0.3333
ALK	1275	R	L	1	18	0.0556	3	Q:16|*:1|L:1	17	2	16	mutation-specific	True	Not met	0	True	O4 + O7 may be combined (max +8)	True	O4 + O7 may be combined (max +8)	6	12	0.3333
ALK	1174	F	V	1	14	0.0714	3	L:11|C:2|V:1	13	2	11	mixed	True	Not met	0	True	O4 + O7 may be combined (max +8)	True	O4 + O7 may be combined (max +8)	4	10	0.2857
MAP2K1	124	P	M	1	25	0.04	6	S:15|L:6|M:1|P:1|Q:1|R:1	24	5	15	mixed	True	Not met	0	True	O4 + O7 may be combined (max +8)	True	O4 + O7 may be combined (max +8)	5	20	0.2
MAP2K1	124	P	P	1	25	0.04	6	S:15|L:6|M:1|P:1|Q:1|R:1	24	5	15	mixed	True	Not met	0	True	O4 + O7 may be combined (max +8)	True	O4 + O7 may be combined (max +8)	5	20	0.2
MAP2K1	124	P	Q	1	25	0.04	6	S:15|L:6|M:1|P:1|Q:1|R:1	24	5	15	mixed	True	Not met	0	True	O4 + O7 may be combined (max +8)	True	O4 + O7 may be combined (max +8)	5	20	0.2
MAP2K1	124	P	R	1	25	0.04	6	S:15|L:6|M:1|P:1|Q:1|R:1	24	5	15	mixed	True	Not met	0	True	O4 + O7 may be combined (max +8)	True	O4 + O7 may be combined (max +8)	5	20	0.2
SMAD4	537	D	A	1	30	0.0333	6	G:10|H:6|V:5|E:4|Y:4|A:1	29	5	10	position-specific	True	Not met	0	True	O4 + O7 may be combined (max +8)	True	O4 + O7 may be combined (max +8)	21	9	0.7
TP53	306	R	Q	1	86	0.0116	2	*:85|Q:1	85	1	85	mutation-specific	True	Not met	0	True	O4 + O7 may be combined (max +8)	True	O4 + O7 may be combined (max +8)	35	51	0.407
TP53	214	H	P	1	40	0.025	4	R:35|L:2|Q:2|P:1	39	3	35	mutation-specific	True	Not met	0	True	O4 + O7 may be combined (max +8)	True	O4 + O7 may be combined (max +8)	17	23	0.425
SMARCA4	910	T	A	1	29	0.0345	4	M:26|A:1|R:1|T:1	28	3	26	mutation-specific	True	Not met	0	True	O4 + O7 may be combined (max +8)	True	O4 + O7 may be combined (max +8)	15	14	0.5172
SMARCA4	910	T	R	1	29	0.0345	4	M:26|A:1|R:1|T:1	28	3	26	mutation-specific	True	Not met	0	True	O4 + O7 may be combined (max +8)	True	O4 + O7 may be combined (max +8)	15	14	0.5172
SMARCA4	910	T	T	1	29	0.0345	4	M:26|A:1|R:1|T:1	28	3	26	mutation-specific	True	Not met	0	True	O4 + O7 may be combined (max +8)	True	O4 + O7 may be combined (max +8)	15	14	0.5172
PIK3CA	106	G	C	1	22	0.0455	4	V:14|R:6|C:1|S:1	21	3	14	mixed	True	Not met	0	True	O4 + O7 may be combined (max +8)	True	O4 + O7 may be combined (max +8)	12	10	0.5455
PIK3CA	106	G	S	1	22	0.0455	4	V:14|R:6|C:1|S:1	21	3	14	mixed	True	Not met	0	True	O4 + O7 may be combined (max +8)	True	O4 + O7 may be combined (max +8)	12	10	0.5455
HIST1H3B	28	K	E	1	12	0.0833	2	M:11|E:1	11	1	11	mutation-specific	True	Not met	0	True	O4 + O7 may be combined (max +8)	True	O4 + O7 may be combined (max +8)	0	12	0.0
RAF1	257	S	W	1	25	0.04	2	L:24|W:1	24	1	24	mutation-specific	True	Not met	0	True	O4 + O7 may be combined (max +8)	True	O4 + O7 may be combined (max +8)	12	13	0.48
KRAS	117	K	R	1	18	0.0556	2	N:17|R:1	17	1	17	mutation-specific	True	Not met	0	True	O4 + O7 may be combined (max +8)	True	O4 + O7 may be combined (max +8)	9	9	0.5
NFE2L2	31	G	V	1	21	0.0476	4	A:9|E:7|R:4|V:1	20	3	9	position-specific	True	Not met	0	True	O4 + O7 may be combined (max +8)	False	Cap combined O4 + O7 at +4	11	10	0.5238
NFE2L2	81	G	A	1	19	0.0526	6	S:6|V:4|D:3|R:3|C:2|A:1	18	5	6	position-specific	True	Not met	0	True	O4 + O7 may be combined (max +8)	False	Cap combined O4 + O7 at +4	6	13	0.3158
TCEB1	79	Y	*	1	10	0.1	5	C:6|*:1|F:1|N:1|S:1	9	4	6	mixed	False	Not applicable (nonsense/stop-loss)	0	False	Cap combined O4 + O7 at +4	False	Cap combined O4 + O7 at +4	2	8	0.2
TCEB1	79	Y	F	1	10	0.1	5	C:6|*:1|F:1|N:1|S:1	9	4	6	mixed	True	Not met	0	False	Cap combined O4 + O7 at +4	False	Cap combined O4 + O7 at +4	2	8	0.2
TCEB1	79	Y	N	1	10	0.1	5	C:6|*:1|F:1|N:1|S:1	9	4	6	mixed	True	Not met	0	False	Cap combined O4 + O7 at +4	False	Cap combined O4 + O7 at +4	2	8	0.2
TCEB1	79	Y	S	1	10	0.1	5	C:6|*:1|F:1|N:1|S:1	9	4	6	mixed	True	Not met	0	False	Cap combined O4 + O7 at +4	False	Cap combined O4 + O7 at +4	2	8	0.2
MAP2K1	53	F	I	1	17	0.0588	4	L:12|C:2|V:2|I:1	16	3	12	mixed	True	Not met	0	True	O4 + O7 may be combined (max +8)	True	O4 + O7 may be combined (max +8)	4	13	0.2353
ERBB3	297	D	A	1	22	0.0455	5	Y:18|A:1|H:1|N:1|V:1	21	4	18	mutation-specific	True	Not met	0	True	O4 + O7 may be combined (max +8)	True	O4 + O7 may be combined (max +8)	10	12	0.4545
ERBB3	297	D	H	1	22	0.0455	5	Y:18|A:1|H:1|N:1|V:1	21	4	18	mutation-specific	True	Not met	0	True	O4 + O7 may be combined (max +8)	True	O4 + O7 may be combined (max +8)	10	12	0.4545
ERBB3	297	D	N	1	22	0.0455	5	Y:18|A:1|H:1|N:1|V:1	21	4	18	mutation-specific	True	Not met	0	True	O4 + O7 may be combined (max +8)	True	O4 + O7 may be combined (max +8)	10	12	0.4545
ERBB3	297	D	V	1	22	0.0455	5	Y:18|A:1|H:1|N:1|V:1	21	4	18	mutation-specific	True	Not met	0	True	O4 + O7 may be combined (max +8)	True	O4 + O7 may be combined (max +8)	10	12	0.4545
TP53	141	C	F	1	47	0.0213	7	Y:25|W:9|R:5|G:4|*:2|F:1|S:1	46	6	25	mixed	True	Not met	0	True	O4 + O7 may be combined (max +8)	True	O4 + O7 may be combined (max +8)	19	28	0.4043
TP53	141	C	S	1	47	0.0213	7	Y:25|W:9|R:5|G:4|*:2|F:1|S:1	46	6	25	mixed	True	Not met	0	True	O4 + O7 may be combined (max +8)	True	O4 + O7 may be combined (max +8)	19	28	0.4043
TP53	281	D	A	1	69	0.0145	9	E:14|N:14|Y:13|H:9|V:9|D:4|G:4|A:1|P:1	68	8	14	position-specific	True	Not met	0	True	O4 + O7 may be combined (max +8)	True	O4 + O7 may be combined (max +8)	36	33	0.5217
TP53	281	D	P	1	69	0.0145	9	E:14|N:14|Y:13|H:9|V:9|D:4|G:4|A:1|P:1	68	8	14	position-specific	True	Not met	0	True	O4 + O7 may be combined (max +8)	True	O4 + O7 may be combined (max +8)	36	33	0.5217
EP300	1399	D	E	1	23	0.0435	3	N:20|Y:2|E:1	22	2	20	mutation-specific	True	Not met	0	True	O4 + O7 may be combined (max +8)	True	O4 + O7 may be combined (max +8)	5	18	0.2174
NUP93	15	Q	K	1	16	0.0625	2	*:15|K:1	15	1	15	mutation-specific	True	Not met	0	True	O4 + O7 may be combined (max +8)	True	O4 + O7 may be combined (max +8)	9	7	0.5625
SMAD4	386	G	A	1	22	0.0455	6	D:9|V:6|S:3|R:2|A:1|C:1	21	5	9	position-specific	True	Not met	0	True	O4 + O7 may be combined (max +8)	False	Cap combined O4 + O7 at +4	8	14	0.3636
SMAD4	386	G	C	1	22	0.0455	6	D:9|V:6|S:3|R:2|A:1|C:1	21	5	9	position-specific	True	Not met	0	True	O4 + O7 may be combined (max +8)	False	Cap combined O4 + O7 at +4	8	14	0.3636
TP53	337	R	G	1	68	0.0147	6	C:36|L:20|H:4|S:4|P:3|G:1	67	5	36	mixed	True	Not met	0	True	O4 + O7 may be combined (max +8)	True	O4 + O7 may be combined (max +8)	29	39	0.4265
EGFR	768	S	T	1	15	0.0667	2	I:14|T:1	14	1	14	mutation-specific	True	Not met	0	True	O4 + O7 may be combined (max +8)	True	O4 + O7 may be combined (max +8)	10	5	0.6667
PTPN11	72	A	S	1	18	0.0556	5	T:6|V:6|D:3|G:2|S:1	17	4	6	position-specific	True	Not met	0	True	O4 + O7 may be combined (max +8)	False	Cap combined O4 + O7 at +4	10	8	0.5556
MYCN	44	P	F	1	20	0.05	2	L:19|F:1	19	1	19	mutation-specific	True	Not met	0	True	O4 + O7 may be combined (max +8)	True	O4 + O7 may be combined (max +8)	10	10	0.5
PDGFRA	842	D	D	1	12	0.0833	4	V:9|D:1|H:1|I:1	11	3	9	mixed	True	Not met	0	True	O4 + O7 may be combined (max +8)	False	Cap combined O4 + O7 at +4	11	1	0.9167
PDGFRA	842	D	H	1	12	0.0833	4	V:9|D:1|H:1|I:1	11	3	9	mixed	True	Not met	0	True	O4 + O7 may be combined (max +8)	False	Cap combined O4 + O7 at +4	11	1	0.9167
PDGFRA	842	D	I	1	12	0.0833	4	V:9|D:1|H:1|I:1	11	3	9	mixed	True	Not met	0	True	O4 + O7 may be combined (max +8)	False	Cap combined O4 + O7 at +4	11	1	0.9167
NFE2L2	80	T	I	1	15	0.0667	5	R:5|K:4|A:3|P:2|I:1	14	4	5	position-specific	True	Not met	0	True	O4 + O7 may be combined (max +8)	False	Cap combined O4 + O7 at +4	4	11	0.2667
PIK3CA	1049	G	A	1	17	0.0588	2	R:16|A:1	16	1	16	mutation-specific	True	Not met	0	True	O4 + O7 may be combined (max +8)	True	O4 + O7 may be combined (max +8)	11	6	0.6471
ESR1	536	L	Q	1	14	0.0714	5	H:6|P:3|L:2|R:2|Q:1	13	4	6	position-specific	True	Not met	0	True	O4 + O7 may be combined (max +8)	False	Cap combined O4 + O7 at +4	14	0	1.0
SF3B1	902	E	G	1	17	0.0588	3	K:13|Q:3|G:1	16	2	13	mixed	True	Not met	0	True	O4 + O7 may be combined (max +8)	True	O4 + O7 may be combined (max +8)	8	9	0.4706
TP53	159	A	A	1	52	0.0192	4	V:27|P:23|A:1|D:1	51	3	27	mixed	True	Not met	0	True	O4 + O7 may be combined (max +8)	True	O4 + O7 may be combined (max +8)	18	34	0.3462
TP53	159	A	D	1	52	0.0192	4	V:27|P:23|A:1|D:1	51	3	27	mixed	True	Not met	0	True	O4 + O7 may be combined (max +8)	True	O4 + O7 may be combined (max +8)	18	34	0.3462
TP53	255	I	I	1	32	0.0312	5	F:12|N:7|S:6|T:6|I:1	31	4	12	position-specific	True	Not met	0	True	O4 + O7 may be combined (max +8)	True	O4 + O7 may be combined (max +8)	18	14	0.5625
KIT	642	K	N	1	14	0.0714	3	E:12|N:1|Q:1	13	2	12	mutation-specific	True	Not met	0	True	O4 + O7 may be combined (max +8)	True	O4 + O7 may be combined (max +8)	6	8	0.4286
KIT	642	K	Q	1	14	0.0714	3	E:12|N:1|Q:1	13	2	12	mutation-specific	True	Not met	0	True	O4 + O7 may be combined (max +8)	True	O4 + O7 may be combined (max +8)	6	8	0.4286
PIK3CA	38	R	G	1	22	0.0455	5	H:11|C:8|G:1|L:1|S:1	21	4	11	mixed	True	Not met	0	True	O4 + O7 may be combined (max +8)	True	O4 + O7 may be combined (max +8)	7	15	0.3182
PIK3CA	38	R	L	1	22	0.0455	5	H:11|C:8|G:1|L:1|S:1	21	4	11	mixed	True	Not met	0	True	O4 + O7 may be combined (max +8)	True	O4 + O7 may be combined (max +8)	7	15	0.3182
PIK3CA	38	R	S	1	22	0.0455	5	H:11|C:8|G:1|L:1|S:1	21	4	11	mixed	True	Not met	0	True	O4 + O7 may be combined (max +8)	True	O4 + O7 may be combined (max +8)	7	15	0.3182
ARID1A	1989	R	Q	1	29	0.0345	2	*:28|Q:1	28	1	28	mutation-specific	True	Not met	0	True	O4 + O7 may be combined (max +8)	True	O4 + O7 may be combined (max +8)	9	20	0.3103
SPOP	102	F	I	1	24	0.0417	5	C:12|V:7|L:2|S:2|I:1	23	4	12	mixed	True	Not met	0	True	O4 + O7 may be combined (max +8)	True	O4 + O7 may be combined (max +8)	11	13	0.4583
MAX	60	R	R	1	23	0.0435	3	Q:21|R:1|W:1	22	2	21	mutation-specific	True	Not met	0	True	O4 + O7 may be combined (max +8)	True	O4 + O7 may be combined (max +8)	13	10	0.5652
MAX	60	R	W	1	23	0.0435	3	Q:21|R:1|W:1	22	2	21	mutation-specific	True	Not met	0	True	O4 + O7 may be combined (max +8)	True	O4 + O7 may be combined (max +8)	13	10	0.5652
PIK3CA	81	E	*	1	25	0.04	2	K:24|*:1	24	1	24	mutation-specific	False	Not applicable (nonsense/stop-loss)	0	True	O4 + O7 may be combined (max +8)	True	O4 + O7 may be combined (max +8)	12	13	0.48
FGFR2	382	C	Y	1	15	0.0667	2	R:14|Y:1	14	1	14	mutation-specific	True	Not met	0	True	O4 + O7 may be combined (max +8)	True	O4 + O7 may be combined (max +8)	9	6	0.6
CDKN2A	114	P	F	1	31	0.0323	6	L:24|P:2|T:2|F:1|H:1|S:1	30	5	24	mixed	True	Not met	0	True	O4 + O7 may be combined (max +8)	True	O4 + O7 may be combined (max +8)	15	16	0.4839
CDKN2A	114	P	H	1	31	0.0323	6	L:24|P:2|T:2|F:1|H:1|S:1	30	5	24	mixed	True	Not met	0	True	O4 + O7 may be combined (max +8)	True	O4 + O7 may be combined (max +8)	15	16	0.4839
CDKN2A	114	P	S	1	31	0.0323	6	L:24|P:2|T:2|F:1|H:1|S:1	30	5	24	mixed	True	Not met	0	True	O4 + O7 may be combined (max +8)	True	O4 + O7 may be combined (max +8)	15	16	0.4839
SMAD4	351	D	A	1	20	0.05	6	Y:6|N:5|G:3|H:3|V:2|A:1	19	5	6	position-specific	True	Not met	0	True	O4 + O7 may be combined (max +8)	False	Cap combined O4 + O7 at +4	12	8	0.6
ERBB3	329	K	R	1	12	0.0833	3	E:9|T:2|R:1	11	2	9	mixed	True	Not met	0	True	O4 + O7 may be combined (max +8)	False	Cap combined O4 + O7 at +4	8	4	0.6667
CDKN2A	108	D	G	1	29	0.0345	5	Y:14|N:9|H:4|G:1|V:1	28	4	14	position-specific	True	Not met	0	True	O4 + O7 may be combined (max +8)	True	O4 + O7 may be combined (max +8)	15	14	0.5172
CDKN2A	108	D	V	1	29	0.0345	5	Y:14|N:9|H:4|G:1|V:1	28	4	14	position-specific	True	Not met	0	True	O4 + O7 may be combined (max +8)	True	O4 + O7 may be combined (max +8)	15	14	0.5172
CDKN2A	84	D	A	1	26	0.0385	6	N:12|Y:6|G:3|V:3|A:1|D:1	25	5	12	position-specific	True	Not met	0	True	O4 + O7 may be combined (max +8)	True	O4 + O7 may be combined (max +8)	14	12	0.5385
CDKN2A	84	D	D	1	26	0.0385	6	N:12|Y:6|G:3|V:3|A:1|D:1	25	5	12	position-specific	True	Not met	0	True	O4 + O7 may be combined (max +8)	True	O4 + O7 may be combined (max +8)	14	12	0.5385
MTOR	2215	S	T	1	22	0.0455	3	Y:12|F:9|T:1	21	2	12	mixed	True	Not met	0	True	O4 + O7 may be combined (max +8)	True	O4 + O7 may be combined (max +8)	7	15	0.3182
TGFBR2	553	R	G	1	23	0.0435	4	H:10|C:9|L:3|G:1	22	3	10	position-specific	True	Not met	0	True	O4 + O7 may be combined (max +8)	True	O4 + O7 may be combined (max +8)	12	11	0.5217
RHEB	35	Y	*	1	12	0.0833	5	N:5|C:2|H:2|S:2|*:1	11	4	5	position-specific	False	Not applicable (nonsense/stop-loss)	0	True	O4 + O7 may be combined (max +8)	False	Cap combined O4 + O7 at +4	3	9	0.25
MTOR	1977	T	S	1	14	0.0714	4	K:7|I:3|R:3|S:1	13	3	7	mixed	True	Not met	0	True	O4 + O7 may be combined (max +8)	False	Cap combined O4 + O7 at +4	9	5	0.6429
H3F3A	35	G	W	1	12	0.0833	3	R:9|V:2|W:1	11	2	9	mixed	True	Not met	0	True	O4 + O7 may be combined (max +8)	False	Cap combined O4 + O7 at +4	6	6	0.5
PTEN	173	R	P	1	32	0.0312	3	H:17|C:14|P:1	31	2	17	mixed	True	Not met	0	True	O4 + O7 may be combined (max +8)	True	O4 + O7 may be combined (max +8)	21	11	0.6562
CREBBP	1503	Y	C	1	9	0.1111	5	H:4|N:2|C:1|D:1|S:1	8	4	4	position-specific	True	Not met	0	False	Cap combined O4 + O7 at +4	False	Cap combined O4 + O7 at +4	4	5	0.4444
CREBBP	1503	Y	D	1	9	0.1111	5	H:4|N:2|C:1|D:1|S:1	8	4	4	position-specific	True	Not met	0	False	Cap combined O4 + O7 at +4	False	Cap combined O4 + O7 at +4	4	5	0.4444
CREBBP	1503	Y	S	1	9	0.1111	5	H:4|N:2|C:1|D:1|S:1	8	4	4	position-specific	True	Not met	0	False	Cap combined O4 + O7 at +4	False	Cap combined O4 + O7 at +4	4	5	0.4444
TP53	258	E	E	1	47	0.0213	8	*:14|K:14|D:5|A:4|G:4|Q:4|E:1|V:1	46	7	14	position-specific	True	Not met	0	True	O4 + O7 may be combined (max +8)	True	O4 + O7 may be combined (max +8)	28	19	0.5957
TP53	258	E	V	1	47	0.0213	8	*:14|K:14|D:5|A:4|G:4|Q:4|E:1|V:1	46	7	14	position-specific	True	Not met	0	True	O4 + O7 may be combined (max +8)	True	O4 + O7 may be combined (max +8)	28	19	0.5957
GATA3	293	M	R	1	9	0.1111	2	K:8|R:1	8	1	8	mutation-specific	True	Not met	0	False	Cap combined O4 + O7 at +4	False	Cap combined O4 + O7 at +4	5	4	0.5556
CTNNB1	387	N	I	1	11	0.0909	3	K:9|I:1|Y:1	10	2	9	mutation-specific	True	Not met	0	True	O4 + O7 may be combined (max +8)	False	Cap combined O4 + O7 at +4	5	6	0.4545
CTNNB1	387	N	Y	1	11	0.0909	3	K:9|I:1|Y:1	10	2	9	mutation-specific	True	Not met	0	True	O4 + O7 may be combined (max +8)	False	Cap combined O4 + O7 at +4	5	6	0.4545
FOXA1	266	F	F	1	11	0.0909	6	L:5|C:2|F:1|I:1|S:1|V:1	10	5	5	position-specific	True	Not met	0	True	O4 + O7 may be combined (max +8)	False	Cap combined O4 + O7 at +4	6	5	0.5455
FOXA1	266	F	I	1	11	0.0909	6	L:5|C:2|F:1|I:1|S:1|V:1	10	5	5	position-specific	True	Not met	0	True	O4 + O7 may be combined (max +8)	False	Cap combined O4 + O7 at +4	6	5	0.5455
FOXA1	266	F	S	1	11	0.0909	6	L:5|C:2|F:1|I:1|S:1|V:1	10	5	5	position-specific	True	Not met	0	True	O4 + O7 may be combined (max +8)	False	Cap combined O4 + O7 at +4	6	5	0.5455
FOXA1	266	F	V	1	11	0.0909	6	L:5|C:2|F:1|I:1|S:1|V:1	10	5	5	position-specific	True	Not met	0	True	O4 + O7 may be combined (max +8)	False	Cap combined O4 + O7 at +4	6	5	0.5455
ERBB3	232	A	T	1	15	0.0667	2	V:14|T:1	14	1	14	mutation-specific	True	Not met	0	True	O4 + O7 may be combined (max +8)	True	O4 + O7 may be combined (max +8)	10	5	0.6667
SPOP	131	W	R	1	23	0.0435	5	G:12|C:4|L:3|S:3|R:1	22	4	12	mixed	True	Not met	0	True	O4 + O7 may be combined (max +8)	True	O4 + O7 may be combined (max +8)	9	14	0.3913
SPOP	87	Y	D	1	14	0.0714	4	N:8|S:3|C:2|D:1	13	3	8	mixed	True	Not met	0	True	O4 + O7 may be combined (max +8)	False	Cap combined O4 + O7 at +4	5	9	0.3571
MTOR	2500	I	N	1	10	0.1	3	F:5|M:4|N:1	9	2	5	mixed	True	Not met	0	False	Cap combined O4 + O7 at +4	False	Cap combined O4 + O7 at +4	4	6	0.4
SMARCB1	377	R	L	1	17	0.0588	3	H:11|C:5|L:1	16	2	11	mixed	True	Not met	0	True	O4 + O7 may be combined (max +8)	True	O4 + O7 may be combined (max +8)	13	4	0.7647
PIK3CB	1067	D	A	1	13	0.0769	4	V:8|Y:3|A:1|H:1	12	3	8	mixed	True	Not met	0	True	O4 + O7 may be combined (max +8)	False	Cap combined O4 + O7 at +4	6	7	0.4615
PIK3CB	1067	D	H	1	13	0.0769	4	V:8|Y:3|A:1|H:1	12	3	8	mixed	True	Not met	0	True	O4 + O7 may be combined (max +8)	False	Cap combined O4 + O7 at +4	6	7	0.4615
SF3B1	666	K	Q	1	13	0.0769	5	T:5|N:3|E:2|M:2|Q:1	12	4	5	position-specific	True	Not met	0	True	O4 + O7 may be combined (max +8)	False	Cap combined O4 + O7 at +4	4	9	0.3077
VHL	65	S	T	1	17	0.0588	5	*:7|L:6|P:2|T:1|W:1	16	4	7	position-specific	True	Not met	0	True	O4 + O7 may be combined (max +8)	False	Cap combined O4 + O7 at +4	5	12	0.2941
VHL	65	S	W	1	17	0.0588	5	*:7|L:6|P:2|T:1|W:1	16	4	7	position-specific	True	Not met	0	True	O4 + O7 may be combined (max +8)	False	Cap combined O4 + O7 at +4	5	12	0.2941
TP53	134	F	S	1	24	0.0417	5	L:12|V:5|C:4|I:2|S:1	23	4	12	mixed	True	Not met	0	True	O4 + O7 may be combined (max +8)	True	O4 + O7 may be combined (max +8)	15	9	0.625
KIT	557	W	C	1	12	0.0833	4	R:6|G:3|S:2|C:1	11	3	6	mixed	True	Not met	0	True	O4 + O7 may be combined (max +8)	False	Cap combined O4 + O7 at +4	8	4	0.6667
EGFR	222	R	H	1	16	0.0625	2	C:15|H:1	15	1	15	mutation-specific	True	Not met	0	True	O4 + O7 may be combined (max +8)	True	O4 + O7 may be combined (max +8)	9	7	0.5625
FGFR3	650	K	M	1	10	0.1	4	E:7|M:1|N:1|T:1	9	3	7	mixed	True	Not met	0	False	Cap combined O4 + O7 at +4	False	Cap combined O4 + O7 at +4	3	7	0.3
FGFR3	650	K	N	1	10	0.1	4	E:7|M:1|N:1|T:1	9	3	7	mixed	True	Not met	0	False	Cap combined O4 + O7 at +4	False	Cap combined O4 + O7 at +4	3	7	0.3
FGFR3	650	K	T	1	10	0.1	4	E:7|M:1|N:1|T:1	9	3	7	mixed	True	Not met	0	False	Cap combined O4 + O7 at +4	False	Cap combined O4 + O7 at +4	3	7	0.3
HIST1H1C	180	A	P	1	22	0.0455	2	A:21|P:1	21	1	21	mutation-specific	True	Not met	0	True	O4 + O7 may be combined (max +8)	True	O4 + O7 may be combined (max +8)	8	14	0.3636
STK11	223	E	K	1	15	0.0667	3	*:13|K:1|V:1	14	2	13	mutation-specific	True	Not met	0	True	O4 + O7 may be combined (max +8)	True	O4 + O7 may be combined (max +8)	12	3	0.8
STK11	223	E	V	1	15	0.0667	3	*:13|K:1|V:1	14	2	13	mutation-specific	True	Not met	0	True	O4 + O7 may be combined (max +8)	True	O4 + O7 may be combined (max +8)	12	3	0.8
FGFR1	687	K	*	1	11	0.0909	4	E:8|*:1|K:1|N:1	10	3	8	mixed	False	Not applicable (nonsense/stop-loss)	0	True	O4 + O7 may be combined (max +8)	False	Cap combined O4 + O7 at +4	4	7	0.3636
FGFR1	687	K	K	1	11	0.0909	4	E:8|*:1|K:1|N:1	10	3	8	mixed	True	Not met	0	True	O4 + O7 may be combined (max +8)	False	Cap combined O4 + O7 at +4	4	7	0.3636
FGFR1	687	K	N	1	11	0.0909	4	E:8|*:1|K:1|N:1	10	3	8	mixed	True	Not met	0	True	O4 + O7 may be combined (max +8)	False	Cap combined O4 + O7 at +4	4	7	0.3636
TP53	110	R	H	1	43	0.0233	4	L:25|P:11|C:6|H:1	42	3	25	mixed	True	Not met	0	True	O4 + O7 may be combined (max +8)	True	O4 + O7 may be combined (max +8)	21	22	0.4884
APC	1429	Q	R	1	23	0.0435	2	*:22|R:1	22	1	22	mutation-specific	True	Not met	0	True	O4 + O7 may be combined (max +8)	True	O4 + O7 may be combined (max +8)	16	7	0.6957
PTEN	136	C	*	1	14	0.0714	4	R:9|F:2|Y:2|*:1	13	3	9	mixed	False	Not applicable (nonsense/stop-loss)	0	True	O4 + O7 may be combined (max +8)	False	Cap combined O4 + O7 at +4	4	10	0.2857
CCND1	44	Y	*	1	8	0.125	6	D:3|*:1|C:1|F:1|H:1|S:1	7	5	3	position-specific	False	Not applicable (nonsense/stop-loss)	0	False	Cap combined O4 + O7 at +4	False	Cap combined O4 + O7 at +4	1	7	0.125
CCND1	44	Y	C	1	8	0.125	6	D:3|*:1|C:1|F:1|H:1|S:1	7	5	3	position-specific	True	Not met	0	False	Cap combined O4 + O7 at +4	False	Cap combined O4 + O7 at +4	1	7	0.125
CCND1	44	Y	F	1	8	0.125	6	D:3|*:1|C:1|F:1|H:1|S:1	7	5	3	position-specific	True	Not met	0	False	Cap combined O4 + O7 at +4	False	Cap combined O4 + O7 at +4	1	7	0.125
CCND1	44	Y	H	1	8	0.125	6	D:3|*:1|C:1|F:1|H:1|S:1	7	5	3	position-specific	True	Not met	0	False	Cap combined O4 + O7 at +4	False	Cap combined O4 + O7 at +4	1	7	0.125
CCND1	44	Y	S	1	8	0.125	6	D:3|*:1|C:1|F:1|H:1|S:1	7	5	3	position-specific	True	Not met	0	False	Cap combined O4 + O7 at +4	False	Cap combined O4 + O7 at +4	1	7	0.125
SMARCA4	1192	R	P	1	17	0.0588	3	C:9|H:7|P:1	16	2	9	mixed	True	Not met	0	True	O4 + O7 may be combined (max +8)	False	Cap combined O4 + O7 at +4	5	12	0.2941
SMAD4	356	P	H	1	16	0.0625	4	L:10|S:3|R:2|H:1	15	3	10	mixed	True	Not met	0	True	O4 + O7 may be combined (max +8)	True	O4 + O7 may be combined (max +8)	8	8	0.5
STK11	194	D	G	1	14	0.0714	5	Y:7|N:3|V:2|G:1|H:1	13	4	7	mixed	True	Not met	0	True	O4 + O7 may be combined (max +8)	False	Cap combined O4 + O7 at +4	9	5	0.6429
STK11	194	D	H	1	14	0.0714	5	Y:7|N:3|V:2|G:1|H:1	13	4	7	mixed	True	Not met	0	True	O4 + O7 may be combined (max +8)	False	Cap combined O4 + O7 at +4	9	5	0.6429
FBXW7	658	R	R	1	20	0.05	3	*:15|Q:4|R:1	19	2	15	mixed	True	Not met	0	True	O4 + O7 may be combined (max +8)	True	O4 + O7 may be combined (max +8)	6	14	0.3
AR	742	W	L	1	7	0.1429	2	C:6|L:1	6	1	6	mutation-specific	True	Not met	0	False	Cap combined O4 + O7 at +4	False	Cap combined O4 + O7 at +4	5	2	0.7143
CCND1	287	P	A	1	12	0.0833	5	S:5|L:4|A:1|R:1|T:1	11	4	5	position-specific	True	Not met	0	True	O4 + O7 may be combined (max +8)	False	Cap combined O4 + O7 at +4	5	7	0.4167
CCND1	287	P	R	1	12	0.0833	5	S:5|L:4|A:1|R:1|T:1	11	4	5	position-specific	True	Not met	0	True	O4 + O7 may be combined (max +8)	False	Cap combined O4 + O7 at +4	5	7	0.4167
CCND1	287	P	T	1	12	0.0833	5	S:5|L:4|A:1|R:1|T:1	11	4	5	position-specific	True	Not met	0	True	O4 + O7 may be combined (max +8)	False	Cap combined O4 + O7 at +4	5	7	0.4167
CIC	1512	R	S	1	11	0.0909	4	H:5|L:3|C:2|S:1	10	3	5	position-specific	True	Not met	0	True	O4 + O7 may be combined (max +8)	False	Cap combined O4 + O7 at +4	2	9	0.1818
DICER1	1813	E	A	1	11	0.0909	4	G:6|Q:3|A:1|K:1	10	3	6	mixed	True	Not met	0	True	O4 + O7 may be combined (max +8)	False	Cap combined O4 + O7 at +4	5	6	0.4545
DICER1	1813	E	K	1	11	0.0909	4	G:6|Q:3|A:1|K:1	10	3	6	mixed	True	Not met	0	True	O4 + O7 may be combined (max +8)	False	Cap combined O4 + O7 at +4	5	6	0.4545
PTPN11	76	E	Q	1	13	0.0769	4	K:7|G:3|A:2|Q:1	12	3	7	mixed	True	Not met	0	True	O4 + O7 may be combined (max +8)	False	Cap combined O4 + O7 at +4	6	7	0.4615
EGFR	747	L	F	1	8	0.125	4	L:3|P:3|F:1|S:1	7	3	3	position-specific	True	Not met	0	False	Cap combined O4 + O7 at +4	False	Cap combined O4 + O7 at +4	8	0	1.0
EGFR	747	L	S	1	8	0.125	4	L:3|P:3|F:1|S:1	7	3	3	position-specific	True	Not met	0	False	Cap combined O4 + O7 at +4	False	Cap combined O4 + O7 at +4	8	0	1.0
CCND1	286	T	A	1	9	0.1111	2	I:8|A:1	8	1	8	mutation-specific	True	Not met	0	False	Cap combined O4 + O7 at +4	False	Cap combined O4 + O7 at +4	6	3	0.6667
VHL	89	L	L	1	15	0.0667	3	H:9|P:5|L:1	14	2	9	mixed	True	Not met	0	True	O4 + O7 may be combined (max +8)	False	Cap combined O4 + O7 at +4	5	10	0.3333
NFE2L2	30	L	R	1	12	0.0833	4	F:7|H:2|P:2|R:1	11	3	7	mixed	True	Not met	0	True	O4 + O7 may be combined (max +8)	False	Cap combined O4 + O7 at +4	3	9	0.25
TP53	127	S	C	1	48	0.0208	6	F:31|Y:10|P:4|C:1|S:1|T:1	47	5	31	mixed	True	Not met	0	True	O4 + O7 may be combined (max +8)	True	O4 + O7 may be combined (max +8)	24	24	0.5
TP53	127	S	S	1	48	0.0208	6	F:31|Y:10|P:4|C:1|S:1|T:1	47	5	31	mixed	True	Not met	0	True	O4 + O7 may be combined (max +8)	True	O4 + O7 may be combined (max +8)	24	24	0.5
TP53	127	S	T	1	48	0.0208	6	F:31|Y:10|P:4|C:1|S:1|T:1	47	5	31	mixed	True	Not met	0	True	O4 + O7 may be combined (max +8)	True	O4 + O7 may be combined (max +8)	24	24	0.5
EGFR	709	E	Q	1	16	0.0625	3	K:13|A:2|Q:1	15	2	13	mutation-specific	True	Not met	0	True	O4 + O7 may be combined (max +8)	True	O4 + O7 may be combined (max +8)	12	4	0.75
TP53	136	Q	H	1	31	0.0323	5	*:16|E:10|P:3|H:1|L:1	30	4	16	mixed	True	Not met	0	True	O4 + O7 may be combined (max +8)	True	O4 + O7 may be combined (max +8)	12	19	0.3871
TP53	136	Q	L	1	31	0.0323	5	*:16|E:10|P:3|H:1|L:1	30	4	16	mixed	True	Not met	0	True	O4 + O7 may be combined (max +8)	True	O4 + O7 may be combined (max +8)	12	19	0.3871
TP53	277	C	G	1	28	0.0357	5	F:20|*:3|Y:3|G:1|W:1	27	4	20	mixed	True	Not met	0	True	O4 + O7 may be combined (max +8)	True	O4 + O7 may be combined (max +8)	17	11	0.6071
TP53	277	C	W	1	28	0.0357	5	F:20|*:3|Y:3|G:1|W:1	27	4	20	mixed	True	Not met	0	True	O4 + O7 may be combined (max +8)	True	O4 + O7 may be combined (max +8)	17	11	0.6071
APC	1367	Q	E	1	29	0.0345	2	*:28|E:1	28	1	28	mutation-specific	True	Not met	0	True	O4 + O7 may be combined (max +8)	True	O4 + O7 may be combined (max +8)	17	12	0.5862
MYOD1	122	L	L	1	7	0.1429	3	R:5|L:1|M:1	6	2	5	mixed	True	Not met	0	False	Cap combined O4 + O7 at +4	False	Cap combined O4 + O7 at +4	5	2	0.7143
MYOD1	122	L	M	1	7	0.1429	3	R:5|L:1|M:1	6	2	5	mixed	True	Not met	0	False	Cap combined O4 + O7 at +4	False	Cap combined O4 + O7 at +4	5	2	0.7143
FOXA1	247	H	L	1	10	0.1	4	Y:4|R:3|Q:2|L:1	9	3	4	position-specific	True	Not met	0	False	Cap combined O4 + O7 at +4	False	Cap combined O4 + O7 at +4	6	4	0.6
CTNNB1	36	H	Y	1	8	0.125	2	P:7|Y:1	7	1	7	mutation-specific	True	Not met	0	False	Cap combined O4 + O7 at +4	False	Cap combined O4 + O7 at +4	2	6	0.25
NFE2L2	24	W	S	1	11	0.0909	3	R:7|C:3|S:1	10	2	7	mixed	True	Not met	0	True	O4 + O7 may be combined (max +8)	False	Cap combined O4 + O7 at +4	4	7	0.3636
HRAS	117	K	R	1	9	0.1111	2	N:8|R:1	8	1	8	mutation-specific	True	Not met	0	False	Cap combined O4 + O7 at +4	False	Cap combined O4 + O7 at +4	2	7	0.2222
TP53	298	E	Q	1	37	0.027	2	*:36|Q:1	36	1	36	mutation-specific	True	Not met	0	True	O4 + O7 may be combined (max +8)	True	O4 + O7 may be combined (max +8)	18	19	0.4865
ARID1A	2158	R	R	1	15	0.0667	3	*:12|Q:2|R:1	14	2	12	mutation-specific	True	Not met	0	True	O4 + O7 may be combined (max +8)	True	O4 + O7 may be combined (max +8)	6	9	0.4
KIT	820	D	A	1	11	0.0909	5	Y:4|V:3|E:2|A:1|G:1	10	4	4	position-specific	True	Not met	0	True	O4 + O7 may be combined (max +8)	False	Cap combined O4 + O7 at +4	11	0	1.0
KIT	820	D	G	1	11	0.0909	5	Y:4|V:3|E:2|A:1|G:1	10	4	4	position-specific	True	Not met	0	True	O4 + O7 may be combined (max +8)	False	Cap combined O4 + O7 at +4	11	0	1.0
NFE2L2	26	Q	H	1	9	0.1111	5	K:4|P:2|H:1|L:1|R:1	8	4	4	position-specific	True	Not met	0	False	Cap combined O4 + O7 at +4	False	Cap combined O4 + O7 at +4	2	7	0.2222
NFE2L2	26	Q	L	1	9	0.1111	5	K:4|P:2|H:1|L:1|R:1	8	4	4	position-specific	True	Not met	0	False	Cap combined O4 + O7 at +4	False	Cap combined O4 + O7 at +4	2	7	0.2222
NFE2L2	26	Q	R	1	9	0.1111	5	K:4|P:2|H:1|L:1|R:1	8	4	4	position-specific	True	Not met	0	False	Cap combined O4 + O7 at +4	False	Cap combined O4 + O7 at +4	2	7	0.2222
KRAS	59	A	E	1	12	0.0833	4	T:5|G:4|A:2|E:1	11	3	5	position-specific	True	Not met	0	True	O4 + O7 may be combined (max +8)	False	Cap combined O4 + O7 at +4	6	6	0.5
DIS3	488	D	A	1	11	0.0909	5	N:7|A:1|G:1|H:1|Y:1	10	4	7	mixed	True	Not met	0	True	O4 + O7 may be combined (max +8)	False	Cap combined O4 + O7 at +4	2	9	0.1818
DIS3	488	D	G	1	11	0.0909	5	N:7|A:1|G:1|H:1|Y:1	10	4	7	mixed	True	Not met	0	True	O4 + O7 may be combined (max +8)	False	Cap combined O4 + O7 at +4	2	9	0.1818
DIS3	488	D	H	1	11	0.0909	5	N:7|A:1|G:1|H:1|Y:1	10	4	7	mixed	True	Not met	0	True	O4 + O7 may be combined (max +8)	False	Cap combined O4 + O7 at +4	2	9	0.1818
DIS3	488	D	Y	1	11	0.0909	5	N:7|A:1|G:1|H:1|Y:1	10	4	7	mixed	True	Not met	0	True	O4 + O7 may be combined (max +8)	False	Cap combined O4 + O7 at +4	2	9	0.1818
CDKN2A	88	E	E	1	27	0.037	3	*:18|K:8|E:1	26	2	18	mixed	True	Not met	0	True	O4 + O7 may be combined (max +8)	True	O4 + O7 may be combined (max +8)	13	14	0.4815
PIK3CA	1007	G	D	1	10	0.1	2	R:9|D:1	9	1	9	mutation-specific	True	Not met	0	False	Cap combined O4 + O7 at +4	False	Cap combined O4 + O7 at +4	4	6	0.4
PTEN	68	Y	N	1	11	0.0909	4	H:6|*:2|C:2|N:1	10	3	6	mixed	True	Not met	0	True	O4 + O7 may be combined (max +8)	False	Cap combined O4 + O7 at +4	7	4	0.6364
SETD2	1625	R	L	1	13	0.0769	4	C:6|H:5|L:1|S:1	12	3	6	position-specific	True	Not met	0	True	O4 + O7 may be combined (max +8)	False	Cap combined O4 + O7 at +4	6	7	0.4615
SETD2	1625	R	S	1	13	0.0769	4	C:6|H:5|L:1|S:1	12	3	6	position-specific	True	Not met	0	True	O4 + O7 may be combined (max +8)	False	Cap combined O4 + O7 at +4	6	7	0.4615
PIK3CA	1025	T	S	1	8	0.125	2	A:7|S:1	7	1	7	mutation-specific	True	Not met	0	False	Cap combined O4 + O7 at +4	False	Cap combined O4 + O7 at +4	3	5	0.375
FOXA1	253	M	T	1	7	0.1429	3	K:4|R:2|T:1	6	2	4	mixed	True	Not met	0	False	Cap combined O4 + O7 at +4	False	Cap combined O4 + O7 at +4	3	4	0.4286
ARID1A	1276	R	Q	1	15	0.0667	2	*:14|Q:1	14	1	14	mutation-specific	True	Not met	0	True	O4 + O7 may be combined (max +8)	True	O4 + O7 may be combined (max +8)	10	5	0.6667
FBXW7	367	R	P	1	17	0.0588	2	*:16|P:1	16	1	16	mutation-specific	True	Not met	0	True	O4 + O7 may be combined (max +8)	True	O4 + O7 may be combined (max +8)	4	13	0.2353
RHOA	5	R	L	1	17	0.0588	3	Q:8|W:8|L:1	16	2	8	position-specific	True	Not met	0	True	O4 + O7 may be combined (max +8)	False	Cap combined O4 + O7 at +4	3	14	0.1765
PIK3CA	350	D	V	1	12	0.0833	3	N:6|G:5|V:1	11	2	6	mixed	True	Not met	0	True	O4 + O7 may be combined (max +8)	False	Cap combined O4 + O7 at +4	5	7	0.4167
MAP2K1	128	G	R	1	10	0.1	3	D:5|V:4|R:1	9	2	5	mixed	True	Not met	0	False	Cap combined O4 + O7 at +4	False	Cap combined O4 + O7 at +4	5	5	0.5
PTEN	93	H	L	1	12	0.0833	4	R:6|Y:4|L:1|P:1	11	3	6	mixed	True	Not met	0	True	O4 + O7 may be combined (max +8)	False	Cap combined O4 + O7 at +4	4	8	0.3333
PTEN	93	H	P	1	12	0.0833	4	R:6|Y:4|L:1|P:1	11	3	6	mixed	True	Not met	0	True	O4 + O7 may be combined (max +8)	False	Cap combined O4 + O7 at +4	4	8	0.3333
SF3B1	741	K	*	1	10	0.1	5	N:5|E:2|*:1|Q:1|T:1	9	4	5	mixed	False	Not applicable (nonsense/stop-loss)	0	False	Cap combined O4 + O7 at +4	False	Cap combined O4 + O7 at +4	5	5	0.5
SF3B1	741	K	Q	1	10	0.1	5	N:5|E:2|*:1|Q:1|T:1	9	4	5	mixed	True	Not met	0	False	Cap combined O4 + O7 at +4	False	Cap combined O4 + O7 at +4	5	5	0.5
SF3B1	741	K	T	1	10	0.1	5	N:5|E:2|*:1|Q:1|T:1	9	4	5	mixed	True	Not met	0	False	Cap combined O4 + O7 at +4	False	Cap combined O4 + O7 at +4	5	5	0.5
BRAF	597	L	L	1	10	0.1	5	Q:3|R:3|S:2|L:1|V:1	9	4	3	position-specific	True	Not met	0	False	Cap combined O4 + O7 at +4	False	Cap combined O4 + O7 at +4	6	4	0.6
BRAF	597	L	V	1	10	0.1	5	Q:3|R:3|S:2|L:1|V:1	9	4	3	position-specific	True	Not met	0	False	Cap combined O4 + O7 at +4	False	Cap combined O4 + O7 at +4	6	4	0.6
VHL	80	S	I	1	11	0.0909	4	R:5|N:4|I:1|S:1	10	3	5	position-specific	True	Not met	0	True	O4 + O7 may be combined (max +8)	False	Cap combined O4 + O7 at +4	6	5	0.5455
VHL	80	S	S	1	11	0.0909	4	R:5|N:4|I:1|S:1	10	3	5	position-specific	True	Not met	0	True	O4 + O7 may be combined (max +8)	False	Cap combined O4 + O7 at +4	6	5	0.5455
NF1	2450	R	Q	1	17	0.0588	2	*:16|Q:1	16	1	16	mutation-specific	True	Not met	0	True	O4 + O7 may be combined (max +8)	True	O4 + O7 may be combined (max +8)	6	11	0.3529
RB1	251	R	Q	1	16	0.0625	2	*:15|Q:1	15	1	15	mutation-specific	True	Not met	0	True	O4 + O7 may be combined (max +8)	True	O4 + O7 may be combined (max +8)	9	7	0.5625
ACVR1	258	R	M	1	6	0.1667	2	G:5|M:1	5	1	5	mutation-specific	True	Not met	0	False	Cap combined O4 + O7 at +4	False	Cap combined O4 + O7 at +4	1	5	0.1667
TP63	379	R	S	1	17	0.0588	3	C:14|H:2|S:1	16	2	14	mutation-specific	True	Not met	0	True	O4 + O7 may be combined (max +8)	True	O4 + O7 may be combined (max +8)	6	11	0.3529
PTPN11	510	Q	E	1	9	0.1111	3	L:5|H:3|E:1	8	2	5	mixed	True	Not met	0	False	Cap combined O4 + O7 at +4	False	Cap combined O4 + O7 at +4	1	8	0.1111
SMAD4	445	R	Q	1	17	0.0588	2	*:16|Q:1	16	1	16	mutation-specific	True	Not met	0	True	O4 + O7 may be combined (max +8)	True	O4 + O7 may be combined (max +8)	10	7	0.5882
RAF1	259	S	C	1	12	0.0833	4	F:7|P:3|C:1|S:1	11	3	7	mixed	True	Not met	0	True	O4 + O7 may be combined (max +8)	False	Cap combined O4 + O7 at +4	8	4	0.6667
RAF1	259	S	S	1	12	0.0833	4	F:7|P:3|C:1|S:1	11	3	7	mixed	True	Not met	0	True	O4 + O7 may be combined (max +8)	False	Cap combined O4 + O7 at +4	8	4	0.6667
ARAF	214	S	C	1	12	0.0833	6	F:4|A:3|P:2|C:1|S:1|Y:1	11	5	4	position-specific	True	Not met	0	True	O4 + O7 may be combined (max +8)	False	Cap combined O4 + O7 at +4	5	7	0.4167
ARAF	214	S	S	1	12	0.0833	6	F:4|A:3|P:2|C:1|S:1|Y:1	11	5	4	position-specific	True	Not met	0	True	O4 + O7 may be combined (max +8)	False	Cap combined O4 + O7 at +4	5	7	0.4167
ARAF	214	S	Y	1	12	0.0833	6	F:4|A:3|P:2|C:1|S:1|Y:1	11	5	4	position-specific	True	Not met	0	True	O4 + O7 may be combined (max +8)	False	Cap combined O4 + O7 at +4	5	7	0.4167
TP53	154	G	C	1	25	0.04	3	V:23|C:1|D:1	24	2	23	mutation-specific	True	Not met	0	True	O4 + O7 may be combined (max +8)	True	O4 + O7 may be combined (max +8)	15	10	0.6
TP53	154	G	D	1	25	0.04	3	V:23|C:1|D:1	24	2	23	mutation-specific	True	Not met	0	True	O4 + O7 may be combined (max +8)	True	O4 + O7 may be combined (max +8)	15	10	0.6
MYC	74	P	Q	1	12	0.0833	5	L:4|S:4|T:2|Q:1|R:1	11	4	4	position-specific	True	Not met	0	True	O4 + O7 may be combined (max +8)	False	Cap combined O4 + O7 at +4	5	7	0.4167
MYC	74	P	R	1	12	0.0833	5	L:4|S:4|T:2|Q:1|R:1	11	4	4	position-specific	True	Not met	0	True	O4 + O7 may be combined (max +8)	False	Cap combined O4 + O7 at +4	5	7	0.4167
PIK3CA	104	P	R	1	11	0.0909	2	L:10|R:1	10	1	10	mutation-specific	True	Not met	0	True	O4 + O7 may be combined (max +8)	True	O4 + O7 may be combined (max +8)	5	6	0.4545
TP53	130	L	H	1	30	0.0333	5	V:13|F:10|R:4|P:2|H:1	29	4	13	position-specific	True	Not met	0	True	O4 + O7 may be combined (max +8)	True	O4 + O7 may be combined (max +8)	16	14	0.5333
STAG2	216	R	R	1	14	0.0714	3	*:11|Q:2|R:1	13	2	11	mixed	True	Not met	0	True	O4 + O7 may be combined (max +8)	True	O4 + O7 may be combined (max +8)	5	9	0.3571
TGFBR1	241	S	*	1	15	0.0667	3	L:12|S:2|*:1	14	2	12	mutation-specific	False	Not applicable (nonsense/stop-loss)	0	True	O4 + O7 may be combined (max +8)	True	O4 + O7 may be combined (max +8)	8	7	0.5333
CDKN2A	120	E	D	1	18	0.0556	3	*:16|D:1|K:1	17	2	16	mutation-specific	True	Not met	0	True	O4 + O7 may be combined (max +8)	True	O4 + O7 may be combined (max +8)	6	12	0.3333
CDKN2A	120	E	K	1	18	0.0556	3	*:16|D:1|K:1	17	2	16	mutation-specific	True	Not met	0	True	O4 + O7 may be combined (max +8)	True	O4 + O7 may be combined (max +8)	6	12	0.3333
FBXW7	582	S	P	1	12	0.0833	3	L:10|P:1|S:1	11	2	10	mutation-specific	True	Not met	0	True	O4 + O7 may be combined (max +8)	True	O4 + O7 may be combined (max +8)	6	6	0.5
FBXW7	582	S	S	1	12	0.0833	3	L:10|P:1|S:1	11	2	10	mutation-specific	True	Not met	0	True	O4 + O7 may be combined (max +8)	True	O4 + O7 may be combined (max +8)	6	6	0.5
EP300	1414	Y	D	1	7	0.1429	2	C:6|D:1	6	1	6	mutation-specific	True	Not met	0	False	Cap combined O4 + O7 at +4	False	Cap combined O4 + O7 at +4	2	5	0.2857
ERBB3	332	E	Q	1	14	0.0714	2	K:13|Q:1	13	1	13	mutation-specific	True	Not met	0	True	O4 + O7 may be combined (max +8)	True	O4 + O7 may be combined (max +8)	5	9	0.3571
EP300	1466	W	*	1	8	0.125	5	L:3|C:2|*:1|G:1|R:1	7	4	3	position-specific	False	Not applicable (nonsense/stop-loss)	0	False	Cap combined O4 + O7 at +4	False	Cap combined O4 + O7 at +4	4	4	0.5
EP300	1466	W	G	1	8	0.125	5	L:3|C:2|*:1|G:1|R:1	7	4	3	position-specific	True	Not met	0	False	Cap combined O4 + O7 at +4	False	Cap combined O4 + O7 at +4	4	4	0.5
EP300	1466	W	R	1	8	0.125	5	L:3|C:2|*:1|G:1|R:1	7	4	3	position-specific	True	Not met	0	False	Cap combined O4 + O7 at +4	False	Cap combined O4 + O7 at +4	4	4	0.5
EP300	1467	Y	C	1	8	0.125	6	D:2|N:2|C:1|H:1|K:1|S:1	7	5	2	position-specific	True	Not met	0	False	Cap combined O4 + O7 at +4	False	Cap combined O4 + O7 at +4	5	3	0.625
EP300	1467	Y	H	1	8	0.125	6	D:2|N:2|C:1|H:1|K:1|S:1	7	5	2	position-specific	True	Not met	0	False	Cap combined O4 + O7 at +4	False	Cap combined O4 + O7 at +4	5	3	0.625
EP300	1467	Y	K	1	8	0.125	6	D:2|N:2|C:1|H:1|K:1|S:1	7	5	2	position-specific	True	Not met	0	False	Cap combined O4 + O7 at +4	False	Cap combined O4 + O7 at +4	5	3	0.625
EP300	1467	Y	S	1	8	0.125	6	D:2|N:2|C:1|H:1|K:1|S:1	7	5	2	position-specific	True	Not met	0	False	Cap combined O4 + O7 at +4	False	Cap combined O4 + O7 at +4	5	3	0.625
MET	1070	V	R	1	5	0.2	3	A:2|E:2|R:1	4	2	2	position-specific	True	Not met	0	False	Cap combined O4 + O7 at +4	False	Cap combined O4 + O7 at +4	1	4	0.2
ATM	250	R	P	1	15	0.0667	2	*:14|P:1	14	1	14	mutation-specific	True	Not met	0	True	O4 + O7 may be combined (max +8)	True	O4 + O7 may be combined (max +8)	5	10	0.3333
SDHA	445	S	L	1	10	0.1	2	S:9|L:1	9	1	9	mutation-specific	True	Not met	0	False	Cap combined O4 + O7 at +4	False	Cap combined O4 + O7 at +4	1	9	0.1
SMAD4	419	G	R	1	8	0.125	3	W:4|V:3|R:1	7	2	4	mixed	True	Not met	0	False	Cap combined O4 + O7 at +4	False	Cap combined O4 + O7 at +4	6	2	0.75
SMARCA4	781	M	L	1	9	0.1111	3	I:6|V:2|L:1	8	2	6	mixed	True	Not met	0	False	Cap combined O4 + O7 at +4	False	Cap combined O4 + O7 at +4	5	4	0.5556
FOXA1	261	R	H	1	9	0.1111	4	G:4|C:3|H:1|S:1	8	3	4	position-specific	True	Not met	0	False	Cap combined O4 + O7 at +4	False	Cap combined O4 + O7 at +4	6	3	0.6667
FOXA1	261	R	S	1	9	0.1111	4	G:4|C:3|H:1|S:1	8	3	4	position-specific	True	Not met	0	False	Cap combined O4 + O7 at +4	False	Cap combined O4 + O7 at +4	6	3	0.6667
FBXW7	545	Y	*	1	7	0.1429	2	C:6|*:1	6	1	6	mutation-specific	False	Not applicable (nonsense/stop-loss)	0	False	Cap combined O4 + O7 at +4	False	Cap combined O4 + O7 at +4	2	5	0.2857
ERBB4	798	L	H	1	11	0.0909	4	R:7|P:2|H:1|L:1	10	3	7	mixed	True	Not met	0	True	O4 + O7 may be combined (max +8)	False	Cap combined O4 + O7 at +4	2	9	0.1818
ERBB4	798	L	L	1	11	0.0909	4	R:7|P:2|H:1|L:1	10	3	7	mixed	True	Not met	0	True	O4 + O7 may be combined (max +8)	False	Cap combined O4 + O7 at +4	2	9	0.1818
VHL	111	S	P	1	10	0.1	4	N:6|R:2|P:1|S:1	9	3	6	mixed	True	Not met	0	False	Cap combined O4 + O7 at +4	False	Cap combined O4 + O7 at +4	3	7	0.3
VHL	111	S	S	1	10	0.1	4	N:6|R:2|P:1|S:1	9	3	6	mixed	True	Not met	0	False	Cap combined O4 + O7 at +4	False	Cap combined O4 + O7 at +4	3	7	0.3
KIT	823	Y	C	1	6	0.1667	2	D:5|C:1	5	1	5	mutation-specific	True	Not met	0	False	Cap combined O4 + O7 at +4	False	Cap combined O4 + O7 at +4	6	0	1.0
ATM	2875	N	K	1	8	0.125	3	S:5|T:2|K:1	7	2	5	mixed	True	Not met	0	False	Cap combined O4 + O7 at +4	False	Cap combined O4 + O7 at +4	1	7	0.125
FUBP1	430	R	H	1	12	0.0833	2	C:11|H:1	11	1	11	mutation-specific	True	Not met	0	True	O4 + O7 may be combined (max +8)	True	O4 + O7 may be combined (max +8)	4	8	0.3333
MTOR	1888	F	V	1	8	0.125	3	I:4|L:3|V:1	7	2	4	mixed	True	Not met	0	False	Cap combined O4 + O7 at +4	False	Cap combined O4 + O7 at +4	3	5	0.375
FBXW7	423	G	*	1	10	0.1	3	V:8|*:1|A:1	9	2	8	mutation-specific	False	Not applicable (nonsense/stop-loss)	0	False	Cap combined O4 + O7 at +4	False	Cap combined O4 + O7 at +4	4	6	0.4
FBXW7	423	G	A	1	10	0.1	3	V:8|*:1|A:1	9	2	8	mutation-specific	True	Not met	0	False	Cap combined O4 + O7 at +4	False	Cap combined O4 + O7 at +4	4	6	0.4
EPAS1	531	P	A	1	4	0.25	3	L:2|A:1|S:1	3	2	2	mixed	True	Not met	0	False	Cap combined O4 + O7 at +4	False	Cap combined O4 + O7 at +4	0	4	0.0
EPAS1	531	P	S	1	4	0.25	3	L:2|A:1|S:1	3	2	2	mixed	True	Not met	0	False	Cap combined O4 + O7 at +4	False	Cap combined O4 + O7 at +4	0	4	0.0
PTEN	27	Y	*	1	10	0.1	5	D:4|C:2|N:2|*:1|H:1	9	4	4	position-specific	False	Not applicable (nonsense/stop-loss)	0	False	Cap combined O4 + O7 at +4	False	Cap combined O4 + O7 at +4	6	4	0.6
PTEN	27	Y	H	1	10	0.1	5	D:4|C:2|N:2|*:1|H:1	9	4	4	position-specific	True	Not met	0	False	Cap combined O4 + O7 at +4	False	Cap combined O4 + O7 at +4	6	4	0.6
VHL	78	N	K	1	9	0.1111	4	S:4|D:2|Y:2|K:1	8	3	4	position-specific	True	Not met	0	False	Cap combined O4 + O7 at +4	False	Cap combined O4 + O7 at +4	3	6	0.3333
AKT1	52	L	H	1	5	0.2	2	R:4|H:1	4	1	4	mutation-specific	True	Not met	0	False	Cap combined O4 + O7 at +4	False	Cap combined O4 + O7 at +4	2	3	0.4
IL7R	395	K	M	1	12	0.0833	5	R:4|T:3|K:2|N:2|M:1	11	4	4	position-specific	True	Not met	0	True	O4 + O7 may be combined (max +8)	False	Cap combined O4 + O7 at +4	3	9	0.25
SMARCA4	1189	R	*	1	12	0.0833	4	Q:7|G:3|*:1|L:1	11	3	7	mixed	False	Not applicable (nonsense/stop-loss)	0	True	O4 + O7 may be combined (max +8)	False	Cap combined O4 + O7 at +4	9	3	0.75
SMARCA4	1189	R	L	1	12	0.0833	4	Q:7|G:3|*:1|L:1	11	3	7	mixed	True	Not met	0	True	O4 + O7 may be combined (max +8)	False	Cap combined O4 + O7 at +4	9	3	0.75
PTPN11	503	G	G	1	9	0.1111	2	V:8|G:1	8	1	8	mutation-specific	True	Not met	0	False	Cap combined O4 + O7 at +4	False	Cap combined O4 + O7 at +4	1	8	0.1111
TP53	152	P	K	1	38	0.0263	7	L:28|P:2|R:2|S:2|T:2|K:1|Q:1	37	6	28	mixed	True	Not met	0	True	O4 + O7 may be combined (max +8)	True	O4 + O7 may be combined (max +8)	22	16	0.5789
TP53	152	P	Q	1	38	0.0263	7	L:28|P:2|R:2|S:2|T:2|K:1|Q:1	37	6	28	mixed	True	Not met	0	True	O4 + O7 may be combined (max +8)	True	O4 + O7 may be combined (max +8)	22	16	0.5789
KMT2D	5179	R	P	1	10	0.1	4	H:5|C:2|L:2|P:1	9	3	5	mixed	True	Not met	0	False	Cap combined O4 + O7 at +4	False	Cap combined O4 + O7 at +4	4	6	0.4
PBRM1	1160	R	P	1	13	0.0769	3	*:11|P:1|Q:1	12	2	11	mutation-specific	True	Not met	0	True	O4 + O7 may be combined (max +8)	True	O4 + O7 may be combined (max +8)	5	8	0.3846
PBRM1	1160	R	Q	1	13	0.0769	3	*:11|P:1|Q:1	12	2	11	mutation-specific	True	Not met	0	True	O4 + O7 may be combined (max +8)	True	O4 + O7 may be combined (max +8)	5	8	0.3846
TP53	168	H	Y	1	19	0.0526	4	R:12|L:4|P:2|Y:1	18	3	12	mixed	True	Not met	0	True	O4 + O7 may be combined (max +8)	True	O4 + O7 may be combined (max +8)	10	9	0.5263
CCND3	290	I	R	1	4	0.25	2	K:3|R:1	3	1	3	mixed	True	Not met	0	False	Cap combined O4 + O7 at +4	False	Cap combined O4 + O7 at +4	3	1	0.75
TP53	146	W	C	1	27	0.037	4	*:24|C:1|G:1|S:1	26	3	24	mutation-specific	True	Not met	0	True	O4 + O7 may be combined (max +8)	True	O4 + O7 may be combined (max +8)	13	14	0.4815
TP53	146	W	G	1	27	0.037	4	*:24|C:1|G:1|S:1	26	3	24	mutation-specific	True	Not met	0	True	O4 + O7 may be combined (max +8)	True	O4 + O7 may be combined (max +8)	13	14	0.4815
TP53	146	W	S	1	27	0.037	4	*:24|C:1|G:1|S:1	26	3	24	mutation-specific	True	Not met	0	True	O4 + O7 may be combined (max +8)	True	O4 + O7 may be combined (max +8)	13	14	0.4815
TP53	267	R	R	1	36	0.0278	6	W:15|P:8|L:5|Q:4|G:3|R:1	35	5	15	position-specific	True	Not met	0	True	O4 + O7 may be combined (max +8)	True	O4 + O7 may be combined (max +8)	18	18	0.5
TP53	161	A	P	1	26	0.0385	5	T:12|D:7|S:4|V:2|P:1	25	4	12	position-specific	True	Not met	0	True	O4 + O7 may be combined (max +8)	True	O4 + O7 may be combined (max +8)	9	17	0.3462
SMO	412	L	L	1	6	0.1667	2	F:5|L:1	5	1	5	mutation-specific	True	Not met	0	False	Cap combined O4 + O7 at +4	False	Cap combined O4 + O7 at +4	2	4	0.3333
PIK3R2	557	D	G	1	9	0.1111	4	Y:5|N:2|G:1|H:1	8	3	5	mixed	True	Not met	0	False	Cap combined O4 + O7 at +4	False	Cap combined O4 + O7 at +4	8	1	0.8889
PIK3R2	557	D	H	1	9	0.1111	4	Y:5|N:2|G:1|H:1	8	3	5	mixed	True	Not met	0	False	Cap combined O4 + O7 at +4	False	Cap combined O4 + O7 at +4	8	1	0.8889
SMAD4	352	G	*	1	11	0.0909	6	E:3|R:3|A:2|*:1|L:1|V:1	10	5	3	position-specific	False	Not applicable (nonsense/stop-loss)	0	True	O4 + O7 may be combined (max +8)	False	Cap combined O4 + O7 at +4	8	3	0.7273
SMAD4	352	G	L	1	11	0.0909	6	E:3|R:3|A:2|*:1|L:1|V:1	10	5	3	position-specific	True	Not met	0	True	O4 + O7 may be combined (max +8)	False	Cap combined O4 + O7 at +4	8	3	0.7273
SMAD4	352	G	V	1	11	0.0909	6	E:3|R:3|A:2|*:1|L:1|V:1	10	5	3	position-specific	True	Not met	0	True	O4 + O7 may be combined (max +8)	False	Cap combined O4 + O7 at +4	8	3	0.7273
PTPRT	548	E	G	1	12	0.0833	2	K:11|G:1	11	1	11	mutation-specific	True	Not met	0	True	O4 + O7 may be combined (max +8)	True	O4 + O7 may be combined (max +8)	4	8	0.3333
MET	1200	F	V	1	4	0.25	2	I:3|V:1	3	1	3	mixed	True	Not met	0	False	Cap combined O4 + O7 at +4	False	Cap combined O4 + O7 at +4	0	4	0.0
APC	1406	Q	H	1	19	0.0526	2	*:18|H:1	18	1	18	mutation-specific	True	Not met	0	True	O4 + O7 may be combined (max +8)	True	O4 + O7 may be combined (max +8)	11	8	0.5789
SMAD4	534	Q	P	1	10	0.1	2	*:9|P:1	9	1	9	mutation-specific	True	Not met	0	False	Cap combined O4 + O7 at +4	False	Cap combined O4 + O7 at +4	9	1	0.9
STK11	216	S	S	1	12	0.0833	2	F:11|S:1	11	1	11	mutation-specific	True	Not met	0	True	O4 + O7 may be combined (max +8)	True	O4 + O7 may be combined (max +8)	8	4	0.6667
CTNNB1	35	I	I	1	8	0.125	2	S:7|I:1	7	1	7	mutation-specific	True	Not met	0	False	Cap combined O4 + O7 at +4	False	Cap combined O4 + O7 at +4	6	2	0.75
TP53	144	Q	H	1	23	0.0435	4	*:17|P:3|L:2|H:1	22	3	17	mixed	True	Not met	0	True	O4 + O7 may be combined (max +8)	True	O4 + O7 may be combined (max +8)	8	15	0.3478
MET	1230	Y	C	1	4	0.25	3	H:2|C:1|S:1	3	2	2	mixed	True	Not met	0	False	Cap combined O4 + O7 at +4	False	Cap combined O4 + O7 at +4	3	1	0.75
MET	1230	Y	S	1	4	0.25	3	H:2|C:1|S:1	3	2	2	mixed	True	Not met	0	False	Cap combined O4 + O7 at +4	False	Cap combined O4 + O7 at +4	3	1	0.75
TP53	109	F	F	1	16	0.0625	5	S:6|C:5|V:3|F:1|I:1	15	4	6	position-specific	True	Not met	0	True	O4 + O7 may be combined (max +8)	False	Cap combined O4 + O7 at +4	5	11	0.3125
TP53	109	F	I	1	16	0.0625	5	S:6|C:5|V:3|F:1|I:1	15	4	6	position-specific	True	Not met	0	True	O4 + O7 may be combined (max +8)	False	Cap combined O4 + O7 at +4	5	11	0.3125
KIT	560	V	A	1	7	0.1429	4	D:3|V:2|A:1|G:1	6	3	3	position-specific	True	Not met	0	False	Cap combined O4 + O7 at +4	False	Cap combined O4 + O7 at +4	4	3	0.5714
KIT	560	V	G	1	7	0.1429	4	D:3|V:2|A:1|G:1	6	3	3	position-specific	True	Not met	0	False	Cap combined O4 + O7 at +4	False	Cap combined O4 + O7 at +4	4	3	0.5714
TP53	105	G	G	1	28	0.0357	6	C:13|V:6|D:4|R:2|S:2|G:1	27	5	13	position-specific	True	Not met	0	True	O4 + O7 may be combined (max +8)	True	O4 + O7 may be combined (max +8)	14	14	0.5
SMAD4	330	E	*	1	11	0.0909	4	K:6|G:2|Q:2|*:1	10	3	6	mixed	False	Not applicable (nonsense/stop-loss)	0	True	O4 + O7 may be combined (max +8)	False	Cap combined O4 + O7 at +4	7	4	0.6364
PTEN	127	G	*	1	14	0.0714	4	E:5|R:5|V:3|*:1	13	3	5	position-specific	False	Not applicable (nonsense/stop-loss)	0	True	O4 + O7 may be combined (max +8)	False	Cap combined O4 + O7 at +4	7	7	0.5
STK11	242	G	G	1	9	0.1111	4	V:4|W:3|G:1|R:1	8	3	4	position-specific	True	Not met	0	False	Cap combined O4 + O7 at +4	False	Cap combined O4 + O7 at +4	6	3	0.6667
STK11	242	G	R	1	9	0.1111	4	V:4|W:3|G:1|R:1	8	3	4	position-specific	True	Not met	0	False	Cap combined O4 + O7 at +4	False	Cap combined O4 + O7 at +4	6	3	0.6667
PIK3CA	115	R	Q	1	11	0.0909	3	L:7|P:3|Q:1	10	2	7	mixed	True	Not met	0	True	O4 + O7 may be combined (max +8)	False	Cap combined O4 + O7 at +4	5	6	0.4545
HIST1H3C	37	K	K	1	6	0.1667	2	M:5|K:1	5	1	5	mutation-specific	True	Not met	0	False	Cap combined O4 + O7 at +4	False	Cap combined O4 + O7 at +4	1	5	0.1667
RHOA	34	Y	F	1	6	0.1667	2	C:5|F:1	5	1	5	mutation-specific	True	Not met	0	False	Cap combined O4 + O7 at +4	False	Cap combined O4 + O7 at +4	2	4	0.3333
SMARCA4	1243	R	G	1	12	0.0833	4	W:9|G:1|L:1|P:1	11	3	9	mixed	True	Not met	0	True	O4 + O7 may be combined (max +8)	False	Cap combined O4 + O7 at +4	7	5	0.5833
SMARCA4	1243	R	L	1	12	0.0833	4	W:9|G:1|L:1|P:1	11	3	9	mixed	True	Not met	0	True	O4 + O7 may be combined (max +8)	False	Cap combined O4 + O7 at +4	7	5	0.5833
SMARCA4	1243	R	P	1	12	0.0833	4	W:9|G:1|L:1|P:1	11	3	9	mixed	True	Not met	0	True	O4 + O7 may be combined (max +8)	False	Cap combined O4 + O7 at +4	7	5	0.5833
VHL	121	D	V	1	9	0.1111	3	Y:6|G:2|V:1	8	2	6	mixed	True	Not met	0	False	Cap combined O4 + O7 at +4	False	Cap combined O4 + O7 at +4	2	7	0.2222
FBXW7	520	D	G	1	11	0.0909	5	N:6|Y:2|G:1|H:1|V:1	10	4	6	mixed	True	Not met	0	True	O4 + O7 may be combined (max +8)	False	Cap combined O4 + O7 at +4	6	5	0.5455
FBXW7	520	D	H	1	11	0.0909	5	N:6|Y:2|G:1|H:1|V:1	10	4	6	mixed	True	Not met	0	True	O4 + O7 may be combined (max +8)	False	Cap combined O4 + O7 at +4	6	5	0.5455
FBXW7	520	D	V	1	11	0.0909	5	N:6|Y:2|G:1|H:1|V:1	10	4	6	mixed	True	Not met	0	True	O4 + O7 may be combined (max +8)	False	Cap combined O4 + O7 at +4	6	5	0.5455
RUNX1	201	R	G	1	7	0.1429	3	*:4|Q:2|G:1	6	2	4	mixed	True	Not met	0	False	Cap combined O4 + O7 at +4	False	Cap combined O4 + O7 at +4	0	7	0.0
PTEN	129	G	*	1	12	0.0833	5	E:4|R:3|G:2|V:2|*:1	11	4	4	position-specific	False	Not applicable (nonsense/stop-loss)	0	True	O4 + O7 may be combined (max +8)	False	Cap combined O4 + O7 at +4	6	6	0.5
TP53	250	P	P	1	24	0.0417	3	L:22|P:1|R:1	23	2	22	mutation-specific	True	Not met	0	True	O4 + O7 may be combined (max +8)	True	O4 + O7 may be combined (max +8)	10	14	0.4167
TP53	250	P	R	1	24	0.0417	3	L:22|P:1|R:1	23	2	22	mutation-specific	True	Not met	0	True	O4 + O7 may be combined (max +8)	True	O4 + O7 may be combined (max +8)	10	14	0.4167
CDKN2A	130	L	V	1	8	0.125	3	Q:4|R:3|V:1	7	2	4	mixed	True	Not met	0	False	Cap combined O4 + O7 at +4	False	Cap combined O4 + O7 at +4	2	6	0.25
STK11	220	Q	P	1	10	0.1	2	*:9|P:1	9	1	9	mutation-specific	True	Not met	0	False	Cap combined O4 + O7 at +4	False	Cap combined O4 + O7 at +4	5	5	0.5
EGFR	363	T	N	1	7	0.1429	3	I:4|A:2|N:1	6	2	4	mixed	True	Not met	0	False	Cap combined O4 + O7 at +4	False	Cap combined O4 + O7 at +4	2	5	0.2857
VHL	68	S	P	1	8	0.125	2	*:7|P:1	7	1	7	mutation-specific	True	Not met	0	False	Cap combined O4 + O7 at +4	False	Cap combined O4 + O7 at +4	2	6	0.25
RHOA	40	E	*	1	14	0.0714	5	Q:9|K:2|*:1|D:1|V:1	13	4	9	mixed	False	Not applicable (nonsense/stop-loss)	0	True	O4 + O7 may be combined (max +8)	False	Cap combined O4 + O7 at +4	5	9	0.3571
RHOA	40	E	D	1	14	0.0714	5	Q:9|K:2|*:1|D:1|V:1	13	4	9	mixed	True	Not met	0	True	O4 + O7 may be combined (max +8)	False	Cap combined O4 + O7 at +4	5	9	0.3571
RHOA	40	E	V	1	14	0.0714	5	Q:9|K:2|*:1|D:1|V:1	13	4	9	mixed	True	Not met	0	True	O4 + O7 may be combined (max +8)	False	Cap combined O4 + O7 at +4	5	9	0.3571
VHL	158	L	L	1	9	0.1111	4	V:4|P:3|L:1|Q:1	8	3	4	position-specific	True	Not met	0	False	Cap combined O4 + O7 at +4	False	Cap combined O4 + O7 at +4	1	8	0.1111
VHL	158	L	Q	1	9	0.1111	4	V:4|P:3|L:1|Q:1	8	3	4	position-specific	True	Not met	0	False	Cap combined O4 + O7 at +4	False	Cap combined O4 + O7 at +4	1	8	0.1111
VHL	86	P	R	1	9	0.1111	4	S:4|L:2|T:2|R:1	8	3	4	position-specific	True	Not met	0	False	Cap combined O4 + O7 at +4	False	Cap combined O4 + O7 at +4	6	3	0.6667
VHL	74	V	G	1	7	0.1429	3	D:5|G:1|V:1	6	2	5	mixed	True	Not met	0	False	Cap combined O4 + O7 at +4	False	Cap combined O4 + O7 at +4	1	6	0.1429
VHL	74	V	V	1	7	0.1429	3	D:5|G:1|V:1	6	2	5	mixed	True	Not met	0	False	Cap combined O4 + O7 at +4	False	Cap combined O4 + O7 at +4	1	6	0.1429
DICER1	1810	D	A	1	9	0.1111	5	N:3|V:2|Y:2|A:1|H:1	8	4	3	position-specific	True	Not met	0	False	Cap combined O4 + O7 at +4	False	Cap combined O4 + O7 at +4	5	4	0.5556
DICER1	1810	D	H	1	9	0.1111	5	N:3|V:2|Y:2|A:1|H:1	8	4	3	position-specific	True	Not met	0	False	Cap combined O4 + O7 at +4	False	Cap combined O4 + O7 at +4	5	4	0.5556
PIK3CA	107	N	N	1	6	0.1667	3	S:3|I:2|N:1	5	2	3	mixed	True	Not met	0	False	Cap combined O4 + O7 at +4	False	Cap combined O4 + O7 at +4	3	3	0.5
ASXL2	330	E	D	1	10	0.1	3	K:7|Q:2|D:1	9	2	7	mixed	True	Not met	0	False	Cap combined O4 + O7 at +4	False	Cap combined O4 + O7 at +4	3	7	0.3
PIM1	97	S	T	1	10	0.1	4	N:4|S:3|R:2|T:1	9	3	4	position-specific	True	Not met	0	False	Cap combined O4 + O7 at +4	False	Cap combined O4 + O7 at +4	5	5	0.5
PBRM1	710	R	G	1	11	0.0909	2	*:10|G:1	10	1	10	mutation-specific	True	Not met	0	True	O4 + O7 may be combined (max +8)	True	O4 + O7 may be combined (max +8)	6	5	0.5455
RUNX1	162	R	K	1	4	0.25	3	G:2|K:1|S:1	3	2	2	mixed	True	Not met	0	False	Cap combined O4 + O7 at +4	False	Cap combined O4 + O7 at +4	0	4	0.0
RUNX1	162	R	S	1	4	0.25	3	G:2|K:1|S:1	3	2	2	mixed	True	Not met	0	False	Cap combined O4 + O7 at +4	False	Cap combined O4 + O7 at +4	0	4	0.0
B2M	12	L	L	1	7	0.1429	3	P:4|Q:2|L:1	6	2	4	mixed	True	Not met	0	False	Cap combined O4 + O7 at +4	False	Cap combined O4 + O7 at +4	3	4	0.4286
SUZ12	101	R	Q	1	6	0.1667	2	*:5|Q:1	5	1	5	mutation-specific	True	Not met	0	False	Cap combined O4 + O7 at +4	False	Cap combined O4 + O7 at +4	0	6	0.0
MTOR	1483	C	W	1	7	0.1429	4	F:2|R:2|Y:2|W:1	6	3	2	position-specific	True	Not met	0	False	Cap combined O4 + O7 at +4	False	Cap combined O4 + O7 at +4	2	5	0.2857
EGFR	596	P	P	1	8	0.125	4	L:4|S:2|P:1|R:1	7	3	4	mixed	True	Not met	0	False	Cap combined O4 + O7 at +4	False	Cap combined O4 + O7 at +4	1	7	0.125
EGFR	596	P	R	1	8	0.125	4	L:4|S:2|P:1|R:1	7	3	4	mixed	True	Not met	0	False	Cap combined O4 + O7 at +4	False	Cap combined O4 + O7 at +4	1	7	0.125
EIF1AX	15	G	V	1	7	0.1429	3	D:4|G:2|V:1	6	2	4	mixed	True	Not met	0	False	Cap combined O4 + O7 at +4	False	Cap combined O4 + O7 at +4	2	5	0.2857
MTOR	2006	V	I	1	7	0.1429	4	F:4|I:1|L:1|V:1	6	3	4	mixed	True	Not met	0	False	Cap combined O4 + O7 at +4	False	Cap combined O4 + O7 at +4	4	3	0.5714
MTOR	2006	V	L	1	7	0.1429	4	F:4|I:1|L:1|V:1	6	3	4	mixed	True	Not met	0	False	Cap combined O4 + O7 at +4	False	Cap combined O4 + O7 at +4	4	3	0.5714
MTOR	2006	V	V	1	7	0.1429	4	F:4|I:1|L:1|V:1	6	3	4	mixed	True	Not met	0	False	Cap combined O4 + O7 at +4	False	Cap combined O4 + O7 at +4	4	3	0.5714
ERBB3	355	T	A	1	6	0.1667	3	I:4|A:1|P:1	5	2	4	mixed	True	Not met	0	False	Cap combined O4 + O7 at +4	False	Cap combined O4 + O7 at +4	1	5	0.1667
ERBB3	355	T	P	1	6	0.1667	3	I:4|A:1|P:1	5	2	4	mixed	True	Not met	0	False	Cap combined O4 + O7 at +4	False	Cap combined O4 + O7 at +4	1	5	0.1667
NRAS	60	G	E	1	7	0.1429	3	G:5|E:1|V:1	6	2	5	mixed	True	Not met	0	False	Cap combined O4 + O7 at +4	False	Cap combined O4 + O7 at +4	5	2	0.7143
NRAS	60	G	V	1	7	0.1429	3	G:5|E:1|V:1	6	2	5	mixed	True	Not met	0	False	Cap combined O4 + O7 at +4	False	Cap combined O4 + O7 at +4	5	2	0.7143
XPO1	749	R	*	1	11	0.0909	2	Q:10|*:1	10	1	10	mutation-specific	False	Not applicable (nonsense/stop-loss)	0	True	O4 + O7 may be combined (max +8)	True	O4 + O7 may be combined (max +8)	4	7	0.3636
EIF1AX	13	R	G	1	12	0.0833	5	H:4|L:4|C:2|G:1|P:1	11	4	4	position-specific	True	Not met	0	True	O4 + O7 may be combined (max +8)	False	Cap combined O4 + O7 at +4	9	3	0.75
EIF1AX	13	R	P	1	12	0.0833	5	H:4|L:4|C:2|G:1|P:1	11	4	4	position-specific	True	Not met	0	True	O4 + O7 may be combined (max +8)	False	Cap combined O4 + O7 at +4	9	3	0.75
PIM1	28	G	A	1	8	0.125	3	D:6|A:1|V:1	7	2	6	mixed	True	Not met	0	False	Cap combined O4 + O7 at +4	False	Cap combined O4 + O7 at +4	4	4	0.5
PIM1	28	G	V	1	8	0.125	3	D:6|A:1|V:1	7	2	6	mixed	True	Not met	0	False	Cap combined O4 + O7 at +4	False	Cap combined O4 + O7 at +4	4	4	0.5
SPOP	125	F	C	1	6	0.1667	4	L:3|C:1|I:1|V:1	5	3	3	mixed	True	Not met	0	False	Cap combined O4 + O7 at +4	False	Cap combined O4 + O7 at +4	3	3	0.5
SPOP	125	F	I	1	6	0.1667	4	L:3|C:1|I:1|V:1	5	3	3	mixed	True	Not met	0	False	Cap combined O4 + O7 at +4	False	Cap combined O4 + O7 at +4	3	3	0.5
SPOP	125	F	V	1	6	0.1667	4	L:3|C:1|I:1|V:1	5	3	3	mixed	True	Not met	0	False	Cap combined O4 + O7 at +4	False	Cap combined O4 + O7 at +4	3	3	0.5
ATRX	1426	R	R	1	12	0.0833	2	*:11|R:1	11	1	11	mutation-specific	True	Not met	0	True	O4 + O7 may be combined (max +8)	True	O4 + O7 may be combined (max +8)	3	9	0.25
TP53	172	V	G	1	18	0.0556	3	F:12|D:5|G:1	17	2	12	mixed	True	Not met	0	True	O4 + O7 may be combined (max +8)	True	O4 + O7 may be combined (max +8)	8	10	0.4444
CTCF	284	H	N	1	6	0.1667	3	Y:4|N:1|P:1	5	2	4	mixed	True	Not met	0	False	Cap combined O4 + O7 at +4	False	Cap combined O4 + O7 at +4	3	3	0.5
CTCF	284	H	P	1	6	0.1667	3	Y:4|N:1|P:1	5	2	4	mixed	True	Not met	0	False	Cap combined O4 + O7 at +4	False	Cap combined O4 + O7 at +4	3	3	0.5
SMAD4	526	E	A	1	11	0.0909	6	*:3|K:3|Q:2|A:1|D:1|V:1	10	5	3	position-specific	True	Not met	0	True	O4 + O7 may be combined (max +8)	False	Cap combined O4 + O7 at +4	7	4	0.6364
SMAD4	526	E	D	1	11	0.0909	6	*:3|K:3|Q:2|A:1|D:1|V:1	10	5	3	position-specific	True	Not met	0	True	O4 + O7 may be combined (max +8)	False	Cap combined O4 + O7 at +4	7	4	0.6364
SMAD4	526	E	V	1	11	0.0909	6	*:3|K:3|Q:2|A:1|D:1|V:1	10	5	3	position-specific	True	Not met	0	True	O4 + O7 may be combined (max +8)	False	Cap combined O4 + O7 at +4	7	4	0.6364
SMAD4	355	D	Y	1	7	0.1429	3	G:4|V:2|Y:1	6	2	4	mixed	True	Not met	0	False	Cap combined O4 + O7 at +4	False	Cap combined O4 + O7 at +4	1	6	0.1429
IRF4	99	C	Y	1	7	0.1429	3	R:4|C:2|Y:1	6	2	4	mixed	True	Not met	0	False	Cap combined O4 + O7 at +4	False	Cap combined O4 + O7 at +4	4	3	0.5714
CIC	201	R	R	1	7	0.1429	2	W:6|R:1	6	1	6	mutation-specific	True	Not met	0	False	Cap combined O4 + O7 at +4	False	Cap combined O4 + O7 at +4	1	6	0.1429
PDGFRA	229	E	*	1	7	0.1429	3	K:5|*:1|V:1	6	2	5	mixed	False	Not applicable (nonsense/stop-loss)	0	False	Cap combined O4 + O7 at +4	False	Cap combined O4 + O7 at +4	2	5	0.2857
PDGFRA	229	E	V	1	7	0.1429	3	K:5|*:1|V:1	6	2	5	mixed	True	Not met	0	False	Cap combined O4 + O7 at +4	False	Cap combined O4 + O7 at +4	2	5	0.2857
FOXO1	22	S	S	1	7	0.1429	3	P:3|W:3|S:1	6	2	3	position-specific	True	Not met	0	False	Cap combined O4 + O7 at +4	False	Cap combined O4 + O7 at +4	6	1	0.8571
ERBB2	659	V	D	1	5	0.2	3	E:2|V:2|D:1	4	2	2	position-specific	True	Not met	0	False	Cap combined O4 + O7 at +4	False	Cap combined O4 + O7 at +4	4	1	0.8
MAP2K1	121	C	C	1	6	0.1667	2	S:5|C:1	5	1	5	mutation-specific	True	Not met	0	False	Cap combined O4 + O7 at +4	False	Cap combined O4 + O7 at +4	2	4	0.3333
TP53	155	T	T	1	18	0.0556	4	N:8|P:7|I:2|T:1	17	3	8	position-specific	True	Not met	0	True	O4 + O7 may be combined (max +8)	False	Cap combined O4 + O7 at +4	7	11	0.3889
PTPRD	431	S	*	1	17	0.0588	3	L:15|*:1|S:1	16	2	15	mutation-specific	False	Not applicable (nonsense/stop-loss)	0	True	O4 + O7 may be combined (max +8)	True	O4 + O7 may be combined (max +8)	6	11	0.3529
PTPRD	431	S	S	1	17	0.0588	3	L:15|*:1|S:1	16	2	15	mutation-specific	True	Not met	0	True	O4 + O7 may be combined (max +8)	True	O4 + O7 may be combined (max +8)	6	11	0.3529
BRAF	485	L	*	1	6	0.1667	4	W:3|*:1|F:1|S:1	5	3	3	mixed	False	Not applicable (nonsense/stop-loss)	0	False	Cap combined O4 + O7 at +4	False	Cap combined O4 + O7 at +4	3	3	0.5
BRAF	485	L	F	1	6	0.1667	4	W:3|*:1|F:1|S:1	5	3	3	mixed	True	Not met	0	False	Cap combined O4 + O7 at +4	False	Cap combined O4 + O7 at +4	3	3	0.5
BRAF	485	L	S	1	6	0.1667	4	W:3|*:1|F:1|S:1	5	3	3	mixed	True	Not met	0	False	Cap combined O4 + O7 at +4	False	Cap combined O4 + O7 at +4	3	3	0.5
BCL2	131	A	V	1	10	0.1	3	D:7|T:2|V:1	9	2	7	mixed	True	Not met	0	False	Cap combined O4 + O7 at +4	False	Cap combined O4 + O7 at +4	9	1	0.9
CTNNB1	383	W	C	1	6	0.1667	4	R:3|C:1|G:1|S:1	5	3	3	mixed	True	Not met	0	False	Cap combined O4 + O7 at +4	False	Cap combined O4 + O7 at +4	2	4	0.3333
CTNNB1	383	W	G	1	6	0.1667	4	R:3|C:1|G:1|S:1	5	3	3	mixed	True	Not met	0	False	Cap combined O4 + O7 at +4	False	Cap combined O4 + O7 at +4	2	4	0.3333
CTNNB1	383	W	S	1	6	0.1667	4	R:3|C:1|G:1|S:1	5	3	3	mixed	True	Not met	0	False	Cap combined O4 + O7 at +4	False	Cap combined O4 + O7 at +4	2	4	0.3333
PTEN	126	A	G	1	11	0.0909	4	S:4|D:3|V:3|G:1	10	3	4	position-specific	True	Not met	0	True	O4 + O7 may be combined (max +8)	False	Cap combined O4 + O7 at +4	6	5	0.5455
PTEN	105	C	*	1	7	0.1429	6	Y:2|*:1|G:1|R:1|S:1|W:1	6	5	2	position-specific	False	Not applicable (nonsense/stop-loss)	0	False	Cap combined O4 + O7 at +4	False	Cap combined O4 + O7 at +4	2	5	0.2857
PTEN	105	C	G	1	7	0.1429	6	Y:2|*:1|G:1|R:1|S:1|W:1	6	5	2	position-specific	True	Not met	0	False	Cap combined O4 + O7 at +4	False	Cap combined O4 + O7 at +4	2	5	0.2857
PTEN	105	C	R	1	7	0.1429	6	Y:2|*:1|G:1|R:1|S:1|W:1	6	5	2	position-specific	True	Not met	0	False	Cap combined O4 + O7 at +4	False	Cap combined O4 + O7 at +4	2	5	0.2857
PTEN	105	C	S	1	7	0.1429	6	Y:2|*:1|G:1|R:1|S:1|W:1	6	5	2	position-specific	True	Not met	0	False	Cap combined O4 + O7 at +4	False	Cap combined O4 + O7 at +4	2	5	0.2857
PTEN	105	C	W	1	7	0.1429	6	Y:2|*:1|G:1|R:1|S:1|W:1	6	5	2	position-specific	True	Not met	0	False	Cap combined O4 + O7 at +4	False	Cap combined O4 + O7 at +4	2	5	0.2857
TGFBR2	471	D	V	1	12	0.0833	3	N:10|V:1|Y:1	11	2	10	mutation-specific	True	Not met	0	True	O4 + O7 may be combined (max +8)	True	O4 + O7 may be combined (max +8)	4	8	0.3333
TGFBR2	471	D	Y	1	12	0.0833	3	N:10|V:1|Y:1	11	2	10	mutation-specific	True	Not met	0	True	O4 + O7 may be combined (max +8)	True	O4 + O7 may be combined (max +8)	4	8	0.3333
PTEN	124	C	G	1	8	0.125	4	S:4|Y:2|G:1|R:1	7	3	4	mixed	True	Not met	0	False	Cap combined O4 + O7 at +4	False	Cap combined O4 + O7 at +4	5	3	0.625
PTEN	124	C	R	1	8	0.125	4	S:4|Y:2|G:1|R:1	7	3	4	mixed	True	Not met	0	False	Cap combined O4 + O7 at +4	False	Cap combined O4 + O7 at +4	5	3	0.625
RAC1	111	N	I	1	5	0.2	3	K:3|I:1|S:1	4	2	3	mixed	True	Not met	0	False	Cap combined O4 + O7 at +4	False	Cap combined O4 + O7 at +4	3	2	0.6
RAC1	111	N	S	1	5	0.2	3	K:3|I:1|S:1	4	2	3	mixed	True	Not met	0	False	Cap combined O4 + O7 at +4	False	Cap combined O4 + O7 at +4	3	2	0.6
GATA2	352	C	*	1	4	0.25	4	*:1|C:1|F:1|R:1	3	3	1	position-specific	False	Not applicable (nonsense/stop-loss)	0	False	Cap combined O4 + O7 at +4	False	Cap combined O4 + O7 at +4	3	1	0.75
GATA2	352	C	C	1	4	0.25	4	*:1|C:1|F:1|R:1	3	3	1	position-specific	True	Not met	0	False	Cap combined O4 + O7 at +4	False	Cap combined O4 + O7 at +4	3	1	0.75
GATA2	352	C	F	1	4	0.25	4	*:1|C:1|F:1|R:1	3	3	1	position-specific	True	Not met	0	False	Cap combined O4 + O7 at +4	False	Cap combined O4 + O7 at +4	3	1	0.75
GATA2	352	C	R	1	4	0.25	4	*:1|C:1|F:1|R:1	3	3	1	position-specific	True	Not met	0	False	Cap combined O4 + O7 at +4	False	Cap combined O4 + O7 at +4	3	1	0.75
MAP2K1	130	Y	H	1	5	0.2	3	C:3|H:1|N:1	4	2	3	mixed	True	Not met	0	False	Cap combined O4 + O7 at +4	False	Cap combined O4 + O7 at +4	3	2	0.6
MAP2K1	130	Y	N	1	5	0.2	3	C:3|H:1|N:1	4	2	3	mixed	True	Not met	0	False	Cap combined O4 + O7 at +4	False	Cap combined O4 + O7 at +4	3	2	0.6
NFE2L2	77	D	V	1	7	0.1429	4	G:3|H:2|V:1|Y:1	6	3	3	position-specific	True	Not met	0	False	Cap combined O4 + O7 at +4	False	Cap combined O4 + O7 at +4	5	2	0.7143
NFE2L2	77	D	Y	1	7	0.1429	4	G:3|H:2|V:1|Y:1	6	3	3	position-specific	True	Not met	0	False	Cap combined O4 + O7 at +4	False	Cap combined O4 + O7 at +4	5	2	0.7143
EGFR	263	T	I	1	4	0.25	2	P:3|I:1	3	1	3	mixed	True	Not met	0	False	Cap combined O4 + O7 at +4	False	Cap combined O4 + O7 at +4	1	3	0.25
MTOR	2327	M	V	1	6	0.1667	2	I:5|V:1	5	1	5	mutation-specific	True	Not met	0	False	Cap combined O4 + O7 at +4	False	Cap combined O4 + O7 at +4	3	3	0.5
SETD2	1666	Y	*	1	6	0.1667	3	C:4|*:1|H:1	5	2	4	mixed	False	Not applicable (nonsense/stop-loss)	0	False	Cap combined O4 + O7 at +4	False	Cap combined O4 + O7 at +4	3	3	0.5
SETD2	1666	Y	H	1	6	0.1667	3	C:4|*:1|H:1	5	2	4	mixed	True	Not met	0	False	Cap combined O4 + O7 at +4	False	Cap combined O4 + O7 at +4	3	3	0.5
RHOA	62	G	V	1	7	0.1429	3	E:3|R:3|V:1	6	2	3	position-specific	True	Not met	0	False	Cap combined O4 + O7 at +4	False	Cap combined O4 + O7 at +4	3	4	0.4286
BRAF	596	G	C	1	8	0.125	5	R:4|C:1|D:1|S:1|V:1	7	4	4	mixed	True	Not met	0	False	Cap combined O4 + O7 at +4	False	Cap combined O4 + O7 at +4	3	5	0.375
BRAF	596	G	D	1	8	0.125	5	R:4|C:1|D:1|S:1|V:1	7	4	4	mixed	True	Not met	0	False	Cap combined O4 + O7 at +4	False	Cap combined O4 + O7 at +4	3	5	0.375
BRAF	596	G	S	1	8	0.125	5	R:4|C:1|D:1|S:1|V:1	7	4	4	mixed	True	Not met	0	False	Cap combined O4 + O7 at +4	False	Cap combined O4 + O7 at +4	3	5	0.375
BRAF	596	G	V	1	8	0.125	5	R:4|C:1|D:1|S:1|V:1	7	4	4	mixed	True	Not met	0	False	Cap combined O4 + O7 at +4	False	Cap combined O4 + O7 at +4	3	5	0.375
EP300	1164	C	S	1	6	0.1667	2	Y:5|S:1	5	1	5	mutation-specific	True	Not met	0	False	Cap combined O4 + O7 at +4	False	Cap combined O4 + O7 at +4	3	3	0.5
PTEN	335	R	G	1	14	0.0714	3	*:12|G:1|P:1	13	2	12	mutation-specific	True	Not met	0	True	O4 + O7 may be combined (max +8)	True	O4 + O7 may be combined (max +8)	3	11	0.2143
PTEN	335	R	P	1	14	0.0714	3	*:12|G:1|P:1	13	2	12	mutation-specific	True	Not met	0	True	O4 + O7 may be combined (max +8)	True	O4 + O7 may be combined (max +8)	3	11	0.2143
FOXA1	250	S	Y	1	6	0.1667	2	F:5|Y:1	5	1	5	mutation-specific	True	Not met	0	False	Cap combined O4 + O7 at +4	False	Cap combined O4 + O7 at +4	3	3	0.5
SMAD4	524	W	L	1	9	0.1111	4	C:6|L:1|R:1|S:1	8	3	6	mixed	True	Not met	0	False	Cap combined O4 + O7 at +4	False	Cap combined O4 + O7 at +4	2	7	0.2222
SMAD4	524	W	R	1	9	0.1111	4	C:6|L:1|R:1|S:1	8	3	6	mixed	True	Not met	0	False	Cap combined O4 + O7 at +4	False	Cap combined O4 + O7 at +4	2	7	0.2222
SMAD4	524	W	S	1	9	0.1111	4	C:6|L:1|R:1|S:1	8	3	6	mixed	True	Not met	0	False	Cap combined O4 + O7 at +4	False	Cap combined O4 + O7 at +4	2	7	0.2222
TP53	257	L	L	1	17	0.0588	5	Q:7|P:4|R:4|L:1|V:1	16	4	7	position-specific	True	Not met	0	True	O4 + O7 may be combined (max +8)	False	Cap combined O4 + O7 at +4	11	6	0.6471
TP53	257	L	V	1	17	0.0588	5	Q:7|P:4|R:4|L:1|V:1	16	4	7	position-specific	True	Not met	0	True	O4 + O7 may be combined (max +8)	False	Cap combined O4 + O7 at +4	11	6	0.6471
VHL	161	R	L	1	10	0.1	3	*:7|Q:2|L:1	9	2	7	mixed	True	Not met	0	False	Cap combined O4 + O7 at +4	False	Cap combined O4 + O7 at +4	6	4	0.6
KEAP1	470	R	S	1	10	0.1	3	C:7|H:2|S:1	9	2	7	mixed	True	Not met	0	False	Cap combined O4 + O7 at +4	False	Cap combined O4 + O7 at +4	2	8	0.2
ARAF	216	P	R	1	4	0.25	2	L:3|R:1	3	1	3	mixed	True	Not met	0	False	Cap combined O4 + O7 at +4	False	Cap combined O4 + O7 at +4	2	2	0.5
EP300	1451	H	H	1	5	0.2	5	H:1|L:1|P:1|Q:1|R:1	4	4	1	position-specific	True	Not met	0	False	Cap combined O4 + O7 at +4	False	Cap combined O4 + O7 at +4	1	4	0.2
EP300	1451	H	L	1	5	0.2	5	H:1|L:1|P:1|Q:1|R:1	4	4	1	position-specific	True	Not met	0	False	Cap combined O4 + O7 at +4	False	Cap combined O4 + O7 at +4	1	4	0.2
EP300	1451	H	P	1	5	0.2	5	H:1|L:1|P:1|Q:1|R:1	4	4	1	position-specific	True	Not met	0	False	Cap combined O4 + O7 at +4	False	Cap combined O4 + O7 at +4	1	4	0.2
EP300	1451	H	Q	1	5	0.2	5	H:1|L:1|P:1|Q:1|R:1	4	4	1	position-specific	True	Not met	0	False	Cap combined O4 + O7 at +4	False	Cap combined O4 + O7 at +4	1	4	0.2
EP300	1451	H	R	1	5	0.2	5	H:1|L:1|P:1|Q:1|R:1	4	4	1	position-specific	True	Not met	0	False	Cap combined O4 + O7 at +4	False	Cap combined O4 + O7 at +4	1	4	0.2
PTEN	165	G	*	1	12	0.0833	3	E:6|R:5|*:1	11	2	6	mixed	False	Not applicable (nonsense/stop-loss)	0	True	O4 + O7 may be combined (max +8)	False	Cap combined O4 + O7 at +4	3	9	0.25
RHOA	37	T	A	1	6	0.1667	3	I:4|A:1|S:1	5	2	4	mixed	True	Not met	0	False	Cap combined O4 + O7 at +4	False	Cap combined O4 + O7 at +4	4	2	0.6667
RHOA	37	T	S	1	6	0.1667	3	I:4|A:1|S:1	5	2	4	mixed	True	Not met	0	False	Cap combined O4 + O7 at +4	False	Cap combined O4 + O7 at +4	4	2	0.6667
SMAD4	363	C	S	1	6	0.1667	4	F:2|R:2|S:1|Y:1	5	3	2	position-specific	True	Not met	0	False	Cap combined O4 + O7 at +4	False	Cap combined O4 + O7 at +4	4	2	0.6667
SMAD4	363	C	Y	1	6	0.1667	4	F:2|R:2|S:1|Y:1	5	3	2	position-specific	True	Not met	0	False	Cap combined O4 + O7 at +4	False	Cap combined O4 + O7 at +4	4	2	0.6667
FOXO1	205	S	Y	1	5	0.2	3	N:2|S:2|Y:1	4	2	2	position-specific	True	Not met	0	False	Cap combined O4 + O7 at +4	False	Cap combined O4 + O7 at +4	4	1	0.8
CIC	231	S	G	1	4	0.25	3	N:2|G:1|I:1	3	2	2	mixed	True	Not met	0	False	Cap combined O4 + O7 at +4	False	Cap combined O4 + O7 at +4	2	2	0.5
CIC	231	S	I	1	4	0.25	3	N:2|G:1|I:1	3	2	2	mixed	True	Not met	0	False	Cap combined O4 + O7 at +4	False	Cap combined O4 + O7 at +4	2	2	0.5
SOCS1	3	A	E	1	6	0.1667	4	T:3|E:1|P:1|R:1	5	3	3	mixed	True	Not met	0	False	Cap combined O4 + O7 at +4	False	Cap combined O4 + O7 at +4	4	2	0.6667
SOCS1	3	A	P	1	6	0.1667	4	T:3|E:1|P:1|R:1	5	3	3	mixed	True	Not met	0	False	Cap combined O4 + O7 at +4	False	Cap combined O4 + O7 at +4	4	2	0.6667
SOCS1	3	A	R	1	6	0.1667	4	T:3|E:1|P:1|R:1	5	3	3	mixed	True	Not met	0	False	Cap combined O4 + O7 at +4	False	Cap combined O4 + O7 at +4	4	2	0.6667
PTEN	171	Q	K	1	16	0.0625	3	*:13|R:2|K:1	15	2	13	mutation-specific	True	Not met	0	True	O4 + O7 may be combined (max +8)	True	O4 + O7 may be combined (max +8)	11	5	0.6875
VHL	151	I	F	1	6	0.1667	4	N:2|T:2|F:1|S:1	5	3	2	position-specific	True	Not met	0	False	Cap combined O4 + O7 at +4	False	Cap combined O4 + O7 at +4	2	4	0.3333
VHL	151	I	S	1	6	0.1667	4	N:2|T:2|F:1|S:1	5	3	2	position-specific	True	Not met	0	False	Cap combined O4 + O7 at +4	False	Cap combined O4 + O7 at +4	2	4	0.3333
U2AF1	24	I	V	1	5	0.2	2	T:4|V:1	4	1	4	mutation-specific	True	Not met	0	False	Cap combined O4 + O7 at +4	False	Cap combined O4 + O7 at +4	1	4	0.2
BCL2	22	K	*	1	10	0.1	3	K:8|*:1|R:1	9	2	8	mutation-specific	False	Not applicable (nonsense/stop-loss)	0	False	Cap combined O4 + O7 at +4	False	Cap combined O4 + O7 at +4	4	6	0.4
BCL2	22	K	R	1	10	0.1	3	K:8|*:1|R:1	9	2	8	mutation-specific	True	Not met	0	False	Cap combined O4 + O7 at +4	False	Cap combined O4 + O7 at +4	4	6	0.4
PIK3CA	1004	M	V	1	9	0.1111	2	I:8|V:1	8	1	8	mutation-specific	True	Not met	0	False	Cap combined O4 + O7 at +4	False	Cap combined O4 + O7 at +4	5	4	0.5556
ASXL2	1	M	I	1	6	0.1667	2	T:5|I:1	5	1	5	mutation-specific	True	Not met	0	False	Cap combined O4 + O7 at +4	False	Cap combined O4 + O7 at +4	4	2	0.6667
ALK	1245	F	V	1	3	0.3333	2	I:2|V:1	2	1	2	mixed	True	Not met	0	False	Cap combined O4 + O7 at +4	False	Cap combined O4 + O7 at +4	2	1	0.6667
PTEN	155	Y	H	1	5	0.2	2	C:4|H:1	4	1	4	mutation-specific	True	Not met	0	False	Cap combined O4 + O7 at +4	False	Cap combined O4 + O7 at +4	2	3	0.4
TP53	131	N	K	1	13	0.0769	4	I:8|S:3|K:1|N:1	12	3	8	mixed	True	Not met	0	True	O4 + O7 may be combined (max +8)	False	Cap combined O4 + O7 at +4	10	3	0.7692
TP53	131	N	N	1	13	0.0769	4	I:8|S:3|K:1|N:1	12	3	8	mixed	True	Not met	0	True	O4 + O7 may be combined (max +8)	False	Cap combined O4 + O7 at +4	10	3	0.7692
TP53	265	L	M	1	19	0.0526	4	P:8|L:6|R:4|M:1	18	3	8	position-specific	True	Not met	0	True	O4 + O7 may be combined (max +8)	False	Cap combined O4 + O7 at +4	7	12	0.3684
CUL3	299	M	V	1	5	0.2	2	R:4|V:1	4	1	4	mutation-specific	True	Not met	0	False	Cap combined O4 + O7 at +4	False	Cap combined O4 + O7 at +4	5	0	1.0
TP53	192	Q	H	1	45	0.0222	3	*:43|H:1|L:1	44	2	43	mutation-specific	True	Not met	0	True	O4 + O7 may be combined (max +8)	True	O4 + O7 may be combined (max +8)	23	22	0.5111
TP53	192	Q	L	1	45	0.0222	3	*:43|H:1|L:1	44	2	43	mutation-specific	True	Not met	0	True	O4 + O7 may be combined (max +8)	True	O4 + O7 may be combined (max +8)	23	22	0.5111
CHEK2	346	R	H	1	8	0.125	4	C:3|G:2|S:2|H:1	7	3	3	position-specific	True	Not met	0	False	Cap combined O4 + O7 at +4	False	Cap combined O4 + O7 at +4	4	4	0.5
PIK3CA	39	E	G	1	6	0.1667	2	K:5|G:1	5	1	5	mutation-specific	True	Not met	0	False	Cap combined O4 + O7 at +4	False	Cap combined O4 + O7 at +4	1	5	0.1667
STK11	174	H	D	1	6	0.1667	5	H:2|D:1|L:1|R:1|Y:1	5	4	2	position-specific	True	Not met	0	False	Cap combined O4 + O7 at +4	False	Cap combined O4 + O7 at +4	3	3	0.5
STK11	174	H	L	1	6	0.1667	5	H:2|D:1|L:1|R:1|Y:1	5	4	2	position-specific	True	Not met	0	False	Cap combined O4 + O7 at +4	False	Cap combined O4 + O7 at +4	3	3	0.5
STK11	174	H	R	1	6	0.1667	5	H:2|D:1|L:1|R:1|Y:1	5	4	2	position-specific	True	Not met	0	False	Cap combined O4 + O7 at +4	False	Cap combined O4 + O7 at +4	3	3	0.5
STK11	174	H	Y	1	6	0.1667	5	H:2|D:1|L:1|R:1|Y:1	5	4	2	position-specific	True	Not met	0	False	Cap combined O4 + O7 at +4	False	Cap combined O4 + O7 at +4	3	3	0.5
FBXW7	532	T	I	1	3	0.3333	2	P:2|I:1	2	1	2	mixed	True	Not met	0	False	Cap combined O4 + O7 at +4	False	Cap combined O4 + O7 at +4	2	1	0.6667
SRSF2	95	P	R	1	6	0.1667	3	L:3|H:2|R:1	5	2	3	mixed	True	Not met	0	False	Cap combined O4 + O7 at +4	False	Cap combined O4 + O7 at +4	2	4	0.3333
VHL	162	C	*	1	8	0.125	5	Y:3|R:2|*:1|F:1|W:1	7	4	3	position-specific	False	Not applicable (nonsense/stop-loss)	0	False	Cap combined O4 + O7 at +4	False	Cap combined O4 + O7 at +4	3	5	0.375
VHL	162	C	F	1	8	0.125	5	Y:3|R:2|*:1|F:1|W:1	7	4	3	position-specific	True	Not met	0	False	Cap combined O4 + O7 at +4	False	Cap combined O4 + O7 at +4	3	5	0.375
VHL	162	C	W	1	8	0.125	5	Y:3|R:2|*:1|F:1|W:1	7	4	3	position-specific	True	Not met	0	False	Cap combined O4 + O7 at +4	False	Cap combined O4 + O7 at +4	3	5	0.375
CARD11	215	K	M	1	5	0.2	3	T:3|M:1|N:1	4	2	3	mixed	True	Not met	0	False	Cap combined O4 + O7 at +4	False	Cap combined O4 + O7 at +4	1	4	0.2
CARD11	215	K	N	1	5	0.2	3	T:3|M:1|N:1	4	2	3	mixed	True	Not met	0	False	Cap combined O4 + O7 at +4	False	Cap combined O4 + O7 at +4	1	4	0.2
DIS3	780	R	G	1	6	0.1667	4	K:2|T:2|G:1|S:1	5	3	2	position-specific	True	Not met	0	False	Cap combined O4 + O7 at +4	False	Cap combined O4 + O7 at +4	1	5	0.1667
DIS3	780	R	S	1	6	0.1667	4	K:2|T:2|G:1|S:1	5	3	2	position-specific	True	Not met	0	False	Cap combined O4 + O7 at +4	False	Cap combined O4 + O7 at +4	1	5	0.1667
ARID1A	1461	R	Q	1	10	0.1	2	*:9|Q:1	9	1	9	mutation-specific	True	Not met	0	False	Cap combined O4 + O7 at +4	False	Cap combined O4 + O7 at +4	5	5	0.5
FOXA1	259	Y	F	1	5	0.2	3	C:2|S:2|F:1	4	2	2	position-specific	True	Not met	0	False	Cap combined O4 + O7 at +4	False	Cap combined O4 + O7 at +4	2	3	0.4
STK11	181	N	I	1	4	0.25	4	I:1|S:1|T:1|Y:1	3	3	1	position-specific	True	Not met	0	False	Cap combined O4 + O7 at +4	False	Cap combined O4 + O7 at +4	2	2	0.5
STK11	181	N	S	1	4	0.25	4	I:1|S:1|T:1|Y:1	3	3	1	position-specific	True	Not met	0	False	Cap combined O4 + O7 at +4	False	Cap combined O4 + O7 at +4	2	2	0.5
STK11	181	N	T	1	4	0.25	4	I:1|S:1|T:1|Y:1	3	3	1	position-specific	True	Not met	0	False	Cap combined O4 + O7 at +4	False	Cap combined O4 + O7 at +4	2	2	0.5
STK11	181	N	Y	1	4	0.25	4	I:1|S:1|T:1|Y:1	3	3	1	position-specific	True	Not met	0	False	Cap combined O4 + O7 at +4	False	Cap combined O4 + O7 at +4	2	2	0.5
PTEN	35	M	L	1	8	0.125	3	I:4|V:3|L:1	7	2	4	mixed	True	Not met	0	False	Cap combined O4 + O7 at +4	False	Cap combined O4 + O7 at +4	6	2	0.75
MYC	73	T	A	1	6	0.1667	3	I:3|P:2|A:1	5	2	3	mixed	True	Not met	0	False	Cap combined O4 + O7 at +4	False	Cap combined O4 + O7 at +4	2	4	0.3333
CDH1	288	D	N	1	5	0.2	2	V:4|N:1	4	1	4	mutation-specific	True	Not met	0	False	Cap combined O4 + O7 at +4	False	Cap combined O4 + O7 at +4	0	5	0.0
DNMT3B	229	V	L	1	7	0.1429	3	M:3|V:3|L:1	6	2	3	position-specific	True	Not met	0	False	Cap combined O4 + O7 at +4	False	Cap combined O4 + O7 at +4	4	3	0.5714
KRAS	22	Q	H	1	6	0.1667	2	K:5|H:1	5	1	5	mutation-specific	True	Not met	0	False	Cap combined O4 + O7 at +4	False	Cap combined O4 + O7 at +4	2	4	0.3333
RICTOR	1101	S	S	1	10	0.1	2	L:9|S:1	9	1	9	mutation-specific	True	Not met	0	False	Cap combined O4 + O7 at +4	False	Cap combined O4 + O7 at +4	3	7	0.3
PTPRT	695	L	R	1	9	0.1111	3	F:6|L:2|R:1	8	2	6	mixed	True	Not met	0	False	Cap combined O4 + O7 at +4	False	Cap combined O4 + O7 at +4	2	7	0.2222
EIF1AX	6	G	C	1	7	0.1429	4	D:4|C:1|R:1|S:1	6	3	4	mixed	True	Not met	0	False	Cap combined O4 + O7 at +4	False	Cap combined O4 + O7 at +4	4	3	0.5714
EIF1AX	6	G	R	1	7	0.1429	4	D:4|C:1|R:1|S:1	6	3	4	mixed	True	Not met	0	False	Cap combined O4 + O7 at +4	False	Cap combined O4 + O7 at +4	4	3	0.5714
EIF1AX	6	G	S	1	7	0.1429	4	D:4|C:1|R:1|S:1	6	3	4	mixed	True	Not met	0	False	Cap combined O4 + O7 at +4	False	Cap combined O4 + O7 at +4	4	3	0.5714
PTEN	170	S	G	1	8	0.125	3	N:6|G:1|I:1	7	2	6	mixed	True	Not met	0	False	Cap combined O4 + O7 at +4	False	Cap combined O4 + O7 at +4	3	5	0.375
PTEN	170	S	I	1	8	0.125	3	N:6|G:1|I:1	7	2	6	mixed	True	Not met	0	False	Cap combined O4 + O7 at +4	False	Cap combined O4 + O7 at +4	3	5	0.375
FOXA1	242	S	F	1	5	0.2	3	C:3|F:1|Y:1	4	2	3	mixed	True	Not met	0	False	Cap combined O4 + O7 at +4	False	Cap combined O4 + O7 at +4	5	0	1.0
FOXA1	242	S	Y	1	5	0.2	3	C:3|F:1|Y:1	4	2	3	mixed	True	Not met	0	False	Cap combined O4 + O7 at +4	False	Cap combined O4 + O7 at +4	5	0	1.0
TP53	113	F	F	1	17	0.0588	6	C:6|V:6|S:2|F:1|L:1|P:1	16	5	6	position-specific	True	Not met	0	True	O4 + O7 may be combined (max +8)	False	Cap combined O4 + O7 at +4	10	7	0.5882
TP53	113	F	L	1	17	0.0588	6	C:6|V:6|S:2|F:1|L:1|P:1	16	5	6	position-specific	True	Not met	0	True	O4 + O7 may be combined (max +8)	False	Cap combined O4 + O7 at +4	10	7	0.5882
TP53	113	F	P	1	17	0.0588	6	C:6|V:6|S:2|F:1|L:1|P:1	16	5	6	position-specific	True	Not met	0	True	O4 + O7 may be combined (max +8)	False	Cap combined O4 + O7 at +4	10	7	0.5882
GNAS	160	R	H	1	9	0.1111	3	C:7|H:1|P:1	8	2	7	mixed	True	Not met	0	False	Cap combined O4 + O7 at +4	False	Cap combined O4 + O7 at +4	4	5	0.4444
GNAS	160	R	P	1	9	0.1111	3	C:7|H:1|P:1	8	2	7	mixed	True	Not met	0	False	Cap combined O4 + O7 at +4	False	Cap combined O4 + O7 at +4	4	5	0.4444
CREBBP	1450	Y	C	1	5	0.2	3	D:2|N:2|C:1	4	2	2	position-specific	True	Not met	0	False	Cap combined O4 + O7 at +4	False	Cap combined O4 + O7 at +4	3	2	0.6
KMT2D	1375	L	I	1	3	0.3333	2	L:2|I:1	2	1	2	mixed	True	Not met	0	False	Cap combined O4 + O7 at +4	False	Cap combined O4 + O7 at +4	0	3	0.0
ERCC2	463	P	Q	1	6	0.1667	3	L:4|Q:1|S:1	5	2	4	mixed	True	Not met	0	False	Cap combined O4 + O7 at +4	False	Cap combined O4 + O7 at +4	2	4	0.3333
ERCC2	463	P	S	1	6	0.1667	3	L:4|Q:1|S:1	5	2	4	mixed	True	Not met	0	False	Cap combined O4 + O7 at +4	False	Cap combined O4 + O7 at +4	2	4	0.3333
IL7R	241	I	F	1	5	0.2	4	V:2|F:1|L:1|M:1	4	3	2	position-specific	True	Not met	0	False	Cap combined O4 + O7 at +4	False	Cap combined O4 + O7 at +4	3	2	0.6
IL7R	241	I	L	1	5	0.2	4	V:2|F:1|L:1|M:1	4	3	2	position-specific	True	Not met	0	False	Cap combined O4 + O7 at +4	False	Cap combined O4 + O7 at +4	3	2	0.6
IL7R	241	I	M	1	5	0.2	4	V:2|F:1|L:1|M:1	4	3	2	position-specific	True	Not met	0	False	Cap combined O4 + O7 at +4	False	Cap combined O4 + O7 at +4	3	2	0.6
KEAP1	480	G	G	1	9	0.1111	3	W:7|G:1|V:1	8	2	7	mixed	True	Not met	0	False	Cap combined O4 + O7 at +4	False	Cap combined O4 + O7 at +4	5	4	0.5556
KEAP1	480	G	V	1	9	0.1111	3	W:7|G:1|V:1	8	2	7	mixed	True	Not met	0	False	Cap combined O4 + O7 at +4	False	Cap combined O4 + O7 at +4	5	4	0.5556
VHL	114	G	C	1	7	0.1429	3	A:4|R:2|C:1	6	2	4	mixed	True	Not met	0	False	Cap combined O4 + O7 at +4	False	Cap combined O4 + O7 at +4	1	6	0.1429
KMT2D	1903	R	R	1	5	0.2	2	*:4|R:1	4	1	4	mutation-specific	True	Not met	0	False	Cap combined O4 + O7 at +4	False	Cap combined O4 + O7 at +4	3	2	0.6
PDGFRA	659	N	S	1	6	0.1667	3	K:4|S:1|Y:1	5	2	4	mixed	True	Not met	0	False	Cap combined O4 + O7 at +4	False	Cap combined O4 + O7 at +4	4	2	0.6667
PDGFRA	659	N	Y	1	6	0.1667	3	K:4|S:1|Y:1	5	2	4	mixed	True	Not met	0	False	Cap combined O4 + O7 at +4	False	Cap combined O4 + O7 at +4	4	2	0.6667
ERCC2	609	D	G	1	3	0.3333	2	E:2|G:1	2	1	2	mixed	True	Not met	0	False	Cap combined O4 + O7 at +4	False	Cap combined O4 + O7 at +4	1	2	0.3333
CDH1	335	R	Q	1	7	0.1429	2	*:6|Q:1	6	1	6	mutation-specific	True	Not met	0	False	Cap combined O4 + O7 at +4	False	Cap combined O4 + O7 at +4	3	4	0.4286
SMAD4	536	L	Q	1	4	0.25	3	P:2|Q:1|R:1	3	2	2	mixed	True	Not met	0	False	Cap combined O4 + O7 at +4	False	Cap combined O4 + O7 at +4	2	2	0.5
SMAD4	536	L	R	1	4	0.25	3	P:2|Q:1|R:1	3	2	2	mixed	True	Not met	0	False	Cap combined O4 + O7 at +4	False	Cap combined O4 + O7 at +4	2	2	0.5
PTEN	178	Y	C	1	5	0.2	3	*:3|C:1|H:1	4	2	3	mixed	True	Not met	0	False	Cap combined O4 + O7 at +4	False	Cap combined O4 + O7 at +4	3	2	0.6
PTEN	178	Y	H	1	5	0.2	3	*:3|C:1|H:1	4	2	3	mixed	True	Not met	0	False	Cap combined O4 + O7 at +4	False	Cap combined O4 + O7 at +4	3	2	0.6
KEAP1	272	R	L	1	8	0.125	4	C:3|H:2|P:2|L:1	7	3	3	position-specific	True	Not met	0	False	Cap combined O4 + O7 at +4	False	Cap combined O4 + O7 at +4	5	3	0.625
GATA3	364	R	G	1	5	0.2	3	S:2|T:2|G:1	4	2	2	position-specific	True	Not met	0	False	Cap combined O4 + O7 at +4	False	Cap combined O4 + O7 at +4	4	1	0.8
CTCF	354	S	Y	1	10	0.1	2	F:9|Y:1	9	1	9	mutation-specific	True	Not met	0	False	Cap combined O4 + O7 at +4	False	Cap combined O4 + O7 at +4	1	9	0.1
ALK	401	R	L	1	11	0.0909	3	*:9|L:1|Q:1	10	2	9	mutation-specific	True	Not met	0	True	O4 + O7 may be combined (max +8)	False	Cap combined O4 + O7 at +4	3	8	0.2727
ALK	401	R	Q	1	11	0.0909	3	*:9|L:1|Q:1	10	2	9	mutation-specific	True	Not met	0	True	O4 + O7 may be combined (max +8)	False	Cap combined O4 + O7 at +4	3	8	0.2727
ARID2	314	R	S	1	9	0.1111	2	C:8|S:1	8	1	8	mutation-specific	True	Not met	0	False	Cap combined O4 + O7 at +4	False	Cap combined O4 + O7 at +4	2	7	0.2222
MED12	1223	V	V	1	3	0.3333	2	L:2|V:1	2	1	2	mixed	True	Not met	0	False	Cap combined O4 + O7 at +4	False	Cap combined O4 + O7 at +4	0	3	0.0
STK11	165	E	K	1	9	0.1111	3	*:6|Q:2|K:1	8	2	6	mixed	True	Not met	0	False	Cap combined O4 + O7 at +4	False	Cap combined O4 + O7 at +4	8	1	0.8889
AKT3	17	E	*	1	10	0.1	2	K:9|*:1	9	1	9	mutation-specific	False	Not applicable (nonsense/stop-loss)	0	False	Cap combined O4 + O7 at +4	False	Cap combined O4 + O7 at +4	5	5	0.5
STK11	221	P	P	1	8	0.125	3	L:6|P:1|S:1	7	2	6	mixed	True	Not met	0	False	Cap combined O4 + O7 at +4	False	Cap combined O4 + O7 at +4	5	3	0.625
STK11	221	P	S	1	8	0.125	3	L:6|P:1|S:1	7	2	6	mixed	True	Not met	0	False	Cap combined O4 + O7 at +4	False	Cap combined O4 + O7 at +4	5	3	0.625
TP53	111	L	M	1	18	0.0556	4	P:7|R:6|Q:4|M:1	17	3	7	position-specific	True	Not met	0	True	O4 + O7 may be combined (max +8)	False	Cap combined O4 + O7 at +4	5	13	0.2778
TP53	104	Q	H	1	23	0.0435	2	*:22|H:1	22	1	22	mutation-specific	True	Not met	0	True	O4 + O7 may be combined (max +8)	True	O4 + O7 may be combined (max +8)	9	14	0.3913
MAP2K4	184	S	S	1	9	0.1111	3	L:7|S:1|W:1	8	2	7	mixed	True	Not met	0	False	Cap combined O4 + O7 at +4	False	Cap combined O4 + O7 at +4	5	4	0.5556
MAP2K4	184	S	W	1	9	0.1111	3	L:7|S:1|W:1	8	2	7	mixed	True	Not met	0	False	Cap combined O4 + O7 at +4	False	Cap combined O4 + O7 at +4	5	4	0.5556
ERBB2	660	G	G	1	5	0.2	3	D:3|G:1|R:1	4	2	3	mixed	True	Not met	0	False	Cap combined O4 + O7 at +4	False	Cap combined O4 + O7 at +4	4	1	0.8
ERBB2	660	G	R	1	5	0.2	3	D:3|G:1|R:1	4	2	3	mixed	True	Not met	0	False	Cap combined O4 + O7 at +4	False	Cap combined O4 + O7 at +4	4	1	0.8
NCOA3	80	R	H	1	3	0.3333	2	C:2|H:1	2	1	2	mixed	True	Not met	0	False	Cap combined O4 + O7 at +4	False	Cap combined O4 + O7 at +4	3	0	1.0
PTEN	24	D	N	1	10	0.1	5	G:3|E:2|H:2|V:2|N:1	9	4	3	position-specific	True	Not met	0	False	Cap combined O4 + O7 at +4	False	Cap combined O4 + O7 at +4	5	5	0.5
PTEN	38	P	F	1	11	0.0909	3	S:7|L:3|F:1	10	2	7	mixed	True	Not met	0	True	O4 + O7 may be combined (max +8)	False	Cap combined O4 + O7 at +4	4	7	0.3636
AXL	273	A	P	1	4	0.25	2	V:3|P:1	3	1	3	mixed	True	Not met	0	False	Cap combined O4 + O7 at +4	False	Cap combined O4 + O7 at +4	3	1	0.75
KDR	1037	S	T	1	11	0.0909	3	S:6|L:4|T:1	10	2	6	mixed	True	Not met	0	True	O4 + O7 may be combined (max +8)	False	Cap combined O4 + O7 at +4	4	7	0.3636
TP53	259	D	D	1	31	0.0323	5	Y:19|V:7|H:2|N:2|D:1	30	4	19	mixed	True	Not met	0	True	O4 + O7 may be combined (max +8)	True	O4 + O7 may be combined (max +8)	16	15	0.5161
GNA11	183	R	H	1	7	0.1429	3	C:5|H:1|R:1	6	2	5	mixed	True	Not met	0	False	Cap combined O4 + O7 at +4	False	Cap combined O4 + O7 at +4	1	6	0.1429
GNA11	183	R	R	1	7	0.1429	3	C:5|H:1|R:1	6	2	5	mixed	True	Not met	0	False	Cap combined O4 + O7 at +4	False	Cap combined O4 + O7 at +4	1	6	0.1429
DIS3	479	D	G	1	5	0.2	4	Y:2|G:1|H:1|V:1	4	3	2	position-specific	True	Not met	0	False	Cap combined O4 + O7 at +4	False	Cap combined O4 + O7 at +4	5	0	1.0
DIS3	479	D	H	1	5	0.2	4	Y:2|G:1|H:1|V:1	4	3	2	position-specific	True	Not met	0	False	Cap combined O4 + O7 at +4	False	Cap combined O4 + O7 at +4	5	0	1.0
DIS3	479	D	V	1	5	0.2	4	Y:2|G:1|H:1|V:1	4	3	2	position-specific	True	Not met	0	False	Cap combined O4 + O7 at +4	False	Cap combined O4 + O7 at +4	5	0	1.0
KMT2D	2685	R	R	1	8	0.125	2	*:7|R:1	7	1	7	mutation-specific	True	Not met	0	False	Cap combined O4 + O7 at +4	False	Cap combined O4 + O7 at +4	5	3	0.625
PIK3CA	1065	H	L	1	5	0.2	2	Y:4|L:1	4	1	4	mutation-specific	True	Not met	0	False	Cap combined O4 + O7 at +4	False	Cap combined O4 + O7 at +4	4	1	0.8
PIK3R1	560	D	N	1	8	0.125	4	G:3|H:2|Y:2|N:1	7	3	3	position-specific	True	Not met	0	False	Cap combined O4 + O7 at +4	False	Cap combined O4 + O7 at +4	3	5	0.375
TP53	251	I	I	1	15	0.0667	5	F:5|N:5|S:3|I:1|M:1	14	4	5	position-specific	True	Not met	0	True	O4 + O7 may be combined (max +8)	False	Cap combined O4 + O7 at +4	9	6	0.6
TP53	251	I	M	1	15	0.0667	5	F:5|N:5|S:3|I:1|M:1	14	4	5	position-specific	True	Not met	0	True	O4 + O7 may be combined (max +8)	False	Cap combined O4 + O7 at +4	9	6	0.6
PIK3CA	364	G	A	1	6	0.1667	2	R:5|A:1	5	1	5	mutation-specific	True	Not met	0	False	Cap combined O4 + O7 at +4	False	Cap combined O4 + O7 at +4	4	2	0.6667
CDKN2A	42	N	I	1	5	0.2	4	H:2|I:1|K:1|Y:1	4	3	2	position-specific	True	Not met	0	False	Cap combined O4 + O7 at +4	False	Cap combined O4 + O7 at +4	2	3	0.4
CDKN2A	42	N	K	1	5	0.2	4	H:2|I:1|K:1|Y:1	4	3	2	position-specific	True	Not met	0	False	Cap combined O4 + O7 at +4	False	Cap combined O4 + O7 at +4	2	3	0.4
CDKN2A	42	N	Y	1	5	0.2	4	H:2|I:1|K:1|Y:1	4	3	2	position-specific	True	Not met	0	False	Cap combined O4 + O7 at +4	False	Cap combined O4 + O7 at +4	2	3	0.4
DIS3	689	R	G	1	9	0.1111	2	Q:8|G:1	8	1	8	mutation-specific	True	Not met	0	False	Cap combined O4 + O7 at +4	False	Cap combined O4 + O7 at +4	3	6	0.3333
DIS3	382	R	G	1	9	0.1111	2	Q:8|G:1	8	1	8	mutation-specific	True	Not met	0	False	Cap combined O4 + O7 at +4	False	Cap combined O4 + O7 at +4	3	6	0.3333
PTEN	16	Y	D	1	5	0.2	3	*:3|D:1|Y:1	4	2	3	mixed	True	Not met	0	False	Cap combined O4 + O7 at +4	False	Cap combined O4 + O7 at +4	3	2	0.6
PTEN	16	Y	Y	1	5	0.2	3	*:3|D:1|Y:1	4	2	3	mixed	True	Not met	0	False	Cap combined O4 + O7 at +4	False	Cap combined O4 + O7 at +4	3	2	0.6
GLI1	380	R	*	1	8	0.125	3	Q:6|*:1|R:1	7	2	6	mixed	False	Not applicable (nonsense/stop-loss)	0	False	Cap combined O4 + O7 at +4	False	Cap combined O4 + O7 at +4	4	4	0.5
GLI1	380	R	R	1	8	0.125	3	Q:6|*:1|R:1	7	2	6	mixed	True	Not met	0	False	Cap combined O4 + O7 at +4	False	Cap combined O4 + O7 at +4	4	4	0.5
ATM	2890	L	I	1	5	0.2	4	P:2|I:1|R:1|V:1	4	3	2	position-specific	True	Not met	0	False	Cap combined O4 + O7 at +4	False	Cap combined O4 + O7 at +4	3	2	0.6
ATM	2890	L	R	1	5	0.2	4	P:2|I:1|R:1|V:1	4	3	2	position-specific	True	Not met	0	False	Cap combined O4 + O7 at +4	False	Cap combined O4 + O7 at +4	3	2	0.6
ATM	2890	L	V	1	5	0.2	4	P:2|I:1|R:1|V:1	4	3	2	position-specific	True	Not met	0	False	Cap combined O4 + O7 at +4	False	Cap combined O4 + O7 at +4	3	2	0.6
JAK1	910	L	L	1	3	0.3333	3	L:1|P:1|S:1	2	2	1	position-specific	True	Not met	0	False	Cap combined O4 + O7 at +4	False	Cap combined O4 + O7 at +4	3	0	1.0
JAK1	910	L	P	1	3	0.3333	3	L:1|P:1|S:1	2	2	1	position-specific	True	Not met	0	False	Cap combined O4 + O7 at +4	False	Cap combined O4 + O7 at +4	3	0	1.0
JAK1	910	L	S	1	3	0.3333	3	L:1|P:1|S:1	2	2	1	position-specific	True	Not met	0	False	Cap combined O4 + O7 at +4	False	Cap combined O4 + O7 at +4	3	0	1.0
EGFR	838	L	P	1	3	0.3333	2	M:2|P:1	2	1	2	mixed	True	Not met	0	False	Cap combined O4 + O7 at +4	False	Cap combined O4 + O7 at +4	0	3	0.0
EIF1AX	2	P	P	1	7	0.1429	3	L:4|S:2|P:1	6	2	4	mixed	True	Not met	0	False	Cap combined O4 + O7 at +4	False	Cap combined O4 + O7 at +4	5	2	0.7143
CASP8	491	R	Q	1	10	0.1	2	*:9|Q:1	9	1	9	mutation-specific	True	Not met	0	False	Cap combined O4 + O7 at +4	False	Cap combined O4 + O7 at +4	4	6	0.4
VHL	115	H	Q	1	7	0.1429	3	N:4|Y:2|Q:1	6	2	4	mixed	True	Not met	0	False	Cap combined O4 + O7 at +4	False	Cap combined O4 + O7 at +4	2	5	0.2857
MAP2K4	134	R	L	1	11	0.0909	3	W:9|L:1|Q:1	10	2	9	mutation-specific	True	Not met	0	True	O4 + O7 may be combined (max +8)	False	Cap combined O4 + O7 at +4	3	8	0.2727
MAP2K4	134	R	Q	1	11	0.0909	3	W:9|L:1|Q:1	10	2	9	mutation-specific	True	Not met	0	True	O4 + O7 may be combined (max +8)	False	Cap combined O4 + O7 at +4	3	8	0.2727
BCL6	618	R	H	1	7	0.1429	2	C:6|H:1	6	1	6	mutation-specific	True	Not met	0	False	Cap combined O4 + O7 at +4	False	Cap combined O4 + O7 at +4	3	4	0.4286
ERBB2	277	D	G	1	8	0.125	4	Y:4|H:2|G:1|V:1	7	3	4	mixed	True	Not met	0	False	Cap combined O4 + O7 at +4	False	Cap combined O4 + O7 at +4	5	3	0.625
ERBB2	277	D	V	1	8	0.125	4	Y:4|H:2|G:1|V:1	7	3	4	mixed	True	Not met	0	False	Cap combined O4 + O7 at +4	False	Cap combined O4 + O7 at +4	5	3	0.625
PTEN	346	Y	C	1	6	0.1667	4	*:2|D:2|C:1|H:1	5	3	2	position-specific	True	Not met	0	False	Cap combined O4 + O7 at +4	False	Cap combined O4 + O7 at +4	3	3	0.5
PTEN	346	Y	H	1	6	0.1667	4	*:2|D:2|C:1|H:1	5	3	2	position-specific	True	Not met	0	False	Cap combined O4 + O7 at +4	False	Cap combined O4 + O7 at +4	3	3	0.5
PTEN	177	Y	C	1	5	0.2	4	*:2|C:1|D:1|F:1	4	3	2	position-specific	True	Not met	0	False	Cap combined O4 + O7 at +4	False	Cap combined O4 + O7 at +4	2	3	0.4
PTEN	177	Y	D	1	5	0.2	4	*:2|C:1|D:1|F:1	4	3	2	position-specific	True	Not met	0	False	Cap combined O4 + O7 at +4	False	Cap combined O4 + O7 at +4	2	3	0.4
PTEN	177	Y	F	1	5	0.2	4	*:2|C:1|D:1|F:1	4	3	2	position-specific	True	Not met	0	False	Cap combined O4 + O7 at +4	False	Cap combined O4 + O7 at +4	2	3	0.4
FBXW7	287	E	K	1	7	0.1429	4	D:2|Q:2|V:2|K:1	6	3	2	position-specific	True	Not met	0	False	Cap combined O4 + O7 at +4	False	Cap combined O4 + O7 at +4	3	4	0.4286
FOXL2	118	E	Q	1	7	0.1429	2	K:6|Q:1	6	1	6	mutation-specific	True	Not met	0	False	Cap combined O4 + O7 at +4	False	Cap combined O4 + O7 at +4	2	5	0.2857
EGFR	754	K	E	1	3	0.3333	3	E:1|I:1|K:1	2	2	1	position-specific	True	Not met	0	False	Cap combined O4 + O7 at +4	False	Cap combined O4 + O7 at +4	1	2	0.3333
EGFR	754	K	I	1	3	0.3333	3	E:1|I:1|K:1	2	2	1	position-specific	True	Not met	0	False	Cap combined O4 + O7 at +4	False	Cap combined O4 + O7 at +4	1	2	0.3333
EGFR	754	K	K	1	3	0.3333	3	E:1|I:1|K:1	2	2	1	position-specific	True	Not met	0	False	Cap combined O4 + O7 at +4	False	Cap combined O4 + O7 at +4	1	2	0.3333
PTPN11	308	N	S	1	3	0.3333	2	D:2|S:1	2	1	2	mixed	True	Not met	0	False	Cap combined O4 + O7 at +4	False	Cap combined O4 + O7 at +4	1	2	0.3333
PTPN11	285	F	V	1	4	0.25	2	S:3|V:1	3	1	3	mixed	True	Not met	0	False	Cap combined O4 + O7 at +4	False	Cap combined O4 + O7 at +4	2	2	0.5
PIK3CA	90	C	G	1	4	0.25	4	G:1|R:1|S:1|Y:1	3	3	1	position-specific	True	Not met	0	False	Cap combined O4 + O7 at +4	False	Cap combined O4 + O7 at +4	0	4	0.0
PIK3CA	90	C	R	1	4	0.25	4	G:1|R:1|S:1|Y:1	3	3	1	position-specific	True	Not met	0	False	Cap combined O4 + O7 at +4	False	Cap combined O4 + O7 at +4	0	4	0.0
PIK3CA	90	C	S	1	4	0.25	4	G:1|R:1|S:1|Y:1	3	3	1	position-specific	True	Not met	0	False	Cap combined O4 + O7 at +4	False	Cap combined O4 + O7 at +4	0	4	0.0
PIK3CA	90	C	Y	1	4	0.25	4	G:1|R:1|S:1|Y:1	3	3	1	position-specific	True	Not met	0	False	Cap combined O4 + O7 at +4	False	Cap combined O4 + O7 at +4	0	4	0.0
SF3B1	894	D	A	1	6	0.1667	4	G:2|N:2|A:1|Y:1	5	3	2	position-specific	True	Not met	0	False	Cap combined O4 + O7 at +4	False	Cap combined O4 + O7 at +4	1	5	0.1667
SF3B1	894	D	Y	1	6	0.1667	4	G:2|N:2|A:1|Y:1	5	3	2	position-specific	True	Not met	0	False	Cap combined O4 + O7 at +4	False	Cap combined O4 + O7 at +4	1	5	0.1667
SDHA	644	V	L	1	7	0.1429	2	M:6|L:1	6	1	6	mutation-specific	True	Not met	0	False	Cap combined O4 + O7 at +4	False	Cap combined O4 + O7 at +4	0	7	0.0
CIC	238	W	R	1	3	0.3333	2	*:2|R:1	2	1	2	mixed	True	Not met	0	False	Cap combined O4 + O7 at +4	False	Cap combined O4 + O7 at +4	1	2	0.3333
SMAD4	493	D	A	1	7	0.1429	4	N:3|G:2|A:1|H:1	6	3	3	position-specific	True	Not met	0	False	Cap combined O4 + O7 at +4	False	Cap combined O4 + O7 at +4	3	4	0.4286
SMAD4	493	D	H	1	7	0.1429	4	N:3|G:2|A:1|H:1	6	3	3	position-specific	True	Not met	0	False	Cap combined O4 + O7 at +4	False	Cap combined O4 + O7 at +4	3	4	0.4286
MTOR	1971	A	P	1	6	0.1667	3	T:4|P:1|S:1	5	2	4	mixed	True	Not met	0	False	Cap combined O4 + O7 at +4	False	Cap combined O4 + O7 at +4	3	3	0.5
MTOR	1971	A	S	1	6	0.1667	3	T:4|P:1|S:1	5	2	4	mixed	True	Not met	0	False	Cap combined O4 + O7 at +4	False	Cap combined O4 + O7 at +4	3	3	0.5
PTEN	111	W	G	1	9	0.1111	4	*:6|G:1|R:1|S:1	8	3	6	mixed	True	Not met	0	False	Cap combined O4 + O7 at +4	False	Cap combined O4 + O7 at +4	6	3	0.6667
PTEN	111	W	R	1	9	0.1111	4	*:6|G:1|R:1|S:1	8	3	6	mixed	True	Not met	0	False	Cap combined O4 + O7 at +4	False	Cap combined O4 + O7 at +4	6	3	0.6667
PTEN	111	W	S	1	9	0.1111	4	*:6|G:1|R:1|S:1	8	3	6	mixed	True	Not met	0	False	Cap combined O4 + O7 at +4	False	Cap combined O4 + O7 at +4	6	3	0.6667
PTEN	71	C	*	1	7	0.1429	3	Y:5|*:1|F:1	6	2	5	mixed	False	Not applicable (nonsense/stop-loss)	0	False	Cap combined O4 + O7 at +4	False	Cap combined O4 + O7 at +4	3	4	0.4286
PTEN	71	C	F	1	7	0.1429	3	Y:5|*:1|F:1	6	2	5	mixed	True	Not met	0	False	Cap combined O4 + O7 at +4	False	Cap combined O4 + O7 at +4	3	4	0.4286
TNFRSF14	1	M	K	1	4	0.25	3	I:2|K:1|T:1	3	2	2	mixed	True	Not met	0	False	Cap combined O4 + O7 at +4	False	Cap combined O4 + O7 at +4	2	2	0.5
TNFRSF14	1	M	T	1	4	0.25	3	I:2|K:1|T:1	3	2	2	mixed	True	Not met	0	False	Cap combined O4 + O7 at +4	False	Cap combined O4 + O7 at +4	2	2	0.5
HIST1H3B	106	E	E	1	14	0.0714	3	K:8|Q:5|E:1	13	2	8	mixed	True	Not met	0	True	O4 + O7 may be combined (max +8)	False	Cap combined O4 + O7 at +4	10	4	0.7143
EGFR	833	L	M	1	5	0.2	3	F:2|V:2|M:1	4	2	2	position-specific	True	Not met	0	False	Cap combined O4 + O7 at +4	False	Cap combined O4 + O7 at +4	3	2	0.6
FOXO1	24	T	M	1	3	0.3333	2	I:2|M:1	2	1	2	mixed	True	Not met	0	False	Cap combined O4 + O7 at +4	False	Cap combined O4 + O7 at +4	2	1	0.6667
CREBBP	1502	W	*	1	6	0.1667	4	C:3|*:1|L:1|R:1	5	3	3	mixed	False	Not applicable (nonsense/stop-loss)	0	False	Cap combined O4 + O7 at +4	False	Cap combined O4 + O7 at +4	4	2	0.6667
CREBBP	1502	W	L	1	6	0.1667	4	C:3|*:1|L:1|R:1	5	3	3	mixed	True	Not met	0	False	Cap combined O4 + O7 at +4	False	Cap combined O4 + O7 at +4	4	2	0.6667
CREBBP	1502	W	R	1	6	0.1667	4	C:3|*:1|L:1|R:1	5	3	3	mixed	True	Not met	0	False	Cap combined O4 + O7 at +4	False	Cap combined O4 + O7 at +4	4	2	0.6667
ERBB3	219	F	C	1	5	0.2	2	L:4|C:1	4	1	4	mutation-specific	True	Not met	0	False	Cap combined O4 + O7 at +4	False	Cap combined O4 + O7 at +4	3	2	0.6
CTNNB1	292	K	T	1	4	0.25	2	E:3|T:1	3	1	3	mixed	True	Not met	0	False	Cap combined O4 + O7 at +4	False	Cap combined O4 + O7 at +4	2	2	0.5
KDM6A	526	G	*	1	4	0.25	4	*:1|E:1|G:1|V:1	3	3	1	position-specific	False	Not applicable (nonsense/stop-loss)	0	False	Cap combined O4 + O7 at +4	False	Cap combined O4 + O7 at +4	3	1	0.75
KDM6A	526	G	E	1	4	0.25	4	*:1|E:1|G:1|V:1	3	3	1	position-specific	True	Not met	0	False	Cap combined O4 + O7 at +4	False	Cap combined O4 + O7 at +4	3	1	0.75
KDM6A	526	G	G	1	4	0.25	4	*:1|E:1|G:1|V:1	3	3	1	position-specific	True	Not met	0	False	Cap combined O4 + O7 at +4	False	Cap combined O4 + O7 at +4	3	1	0.75
KDM6A	526	G	V	1	4	0.25	4	*:1|E:1|G:1|V:1	3	3	1	position-specific	True	Not met	0	False	Cap combined O4 + O7 at +4	False	Cap combined O4 + O7 at +4	3	1	0.75
CARD11	357	D	N	1	4	0.25	2	V:3|N:1	3	1	3	mixed	True	Not met	0	False	Cap combined O4 + O7 at +4	False	Cap combined O4 + O7 at +4	2	2	0.5
PRDM14	204	F	V	1	6	0.1667	2	F:5|V:1	5	1	5	mutation-specific	True	Not met	0	False	Cap combined O4 + O7 at +4	False	Cap combined O4 + O7 at +4	0	6	0.0
IGF1R	129	G	A	1	3	0.3333	3	A:1|G:1|R:1	2	2	1	position-specific	True	Not met	0	False	Cap combined O4 + O7 at +4	False	Cap combined O4 + O7 at +4	0	3	0.0
IGF1R	129	G	G	1	3	0.3333	3	A:1|G:1|R:1	2	2	1	position-specific	True	Not met	0	False	Cap combined O4 + O7 at +4	False	Cap combined O4 + O7 at +4	0	3	0.0
IGF1R	129	G	R	1	3	0.3333	3	A:1|G:1|R:1	2	2	1	position-specific	True	Not met	0	False	Cap combined O4 + O7 at +4	False	Cap combined O4 + O7 at +4	0	3	0.0
ERBB4	1002	K	R	1	6	0.1667	2	T:5|R:1	5	1	5	mutation-specific	True	Not met	0	False	Cap combined O4 + O7 at +4	False	Cap combined O4 + O7 at +4	0	6	0.0
ERBB4	1223	K	M	1	6	0.1667	3	T:3|R:2|M:1	5	2	3	mixed	True	Not met	0	False	Cap combined O4 + O7 at +4	False	Cap combined O4 + O7 at +4	2	4	0.3333
RARA	286	F	C	1	4	0.25	3	S:2|C:1|I:1	3	2	2	mixed	True	Not met	0	False	Cap combined O4 + O7 at +4	False	Cap combined O4 + O7 at +4	0	4	0.0
RARA	286	F	I	1	4	0.25	3	S:2|C:1|I:1	3	2	2	mixed	True	Not met	0	False	Cap combined O4 + O7 at +4	False	Cap combined O4 + O7 at +4	0	4	0.0
FBXW7	437	G	*	1	6	0.1667	4	V:3|*:1|E:1|G:1	5	3	3	mixed	False	Not applicable (nonsense/stop-loss)	0	False	Cap combined O4 + O7 at +4	False	Cap combined O4 + O7 at +4	2	4	0.3333
FBXW7	437	G	E	1	6	0.1667	4	V:3|*:1|E:1|G:1	5	3	3	mixed	True	Not met	0	False	Cap combined O4 + O7 at +4	False	Cap combined O4 + O7 at +4	2	4	0.3333
FBXW7	437	G	G	1	6	0.1667	4	V:3|*:1|E:1|G:1	5	3	3	mixed	True	Not met	0	False	Cap combined O4 + O7 at +4	False	Cap combined O4 + O7 at +4	2	4	0.3333
TP53	208	D	E	1	12	0.0833	4	V:7|G:2|N:2|E:1	11	3	7	mixed	True	Not met	0	True	O4 + O7 may be combined (max +8)	False	Cap combined O4 + O7 at +4	8	4	0.6667
RIT1	82	F	C	1	4	0.25	2	L:3|C:1	3	1	3	mixed	True	Not met	0	False	Cap combined O4 + O7 at +4	False	Cap combined O4 + O7 at +4	3	1	0.75
PIK3R1	452	Y	H	1	4	0.25	3	C:2|H:1|N:1	3	2	2	mixed	True	Not met	0	False	Cap combined O4 + O7 at +4	False	Cap combined O4 + O7 at +4	0	4	0.0
PIK3R1	452	Y	N	1	4	0.25	3	C:2|H:1|N:1	3	2	2	mixed	True	Not met	0	False	Cap combined O4 + O7 at +4	False	Cap combined O4 + O7 at +4	0	4	0.0
KEAP1	333	G	F	1	7	0.1429	3	C:4|S:2|F:1	6	2	4	mixed	True	Not met	0	False	Cap combined O4 + O7 at +4	False	Cap combined O4 + O7 at +4	4	3	0.5714
BCL2	33	G	G	1	6	0.1667	2	R:5|G:1	5	1	5	mutation-specific	True	Not met	0	False	Cap combined O4 + O7 at +4	False	Cap combined O4 + O7 at +4	2	4	0.3333
RBM10	153	R	G	1	8	0.125	2	*:7|G:1	7	1	7	mutation-specific	True	Not met	0	False	Cap combined O4 + O7 at +4	False	Cap combined O4 + O7 at +4	5	3	0.625
GATA3	366	R	Q	1	5	0.2	2	*:4|Q:1	4	1	4	mutation-specific	True	Not met	0	False	Cap combined O4 + O7 at +4	False	Cap combined O4 + O7 at +4	5	0	1.0
RHOA	22	L	L	1	5	0.2	3	R:3|L:1|P:1	4	2	3	mixed	True	Not met	0	False	Cap combined O4 + O7 at +4	False	Cap combined O4 + O7 at +4	1	4	0.2
RHOA	22	L	P	1	5	0.2	3	R:3|L:1|P:1	4	2	3	mixed	True	Not met	0	False	Cap combined O4 + O7 at +4	False	Cap combined O4 + O7 at +4	1	4	0.2
PTEN	140	L	F	1	4	0.25	2	*:3|F:1	3	1	3	mixed	True	Not met	0	False	Cap combined O4 + O7 at +4	False	Cap combined O4 + O7 at +4	1	3	0.25
STAT3	384	F	V	1	4	0.25	3	L:2|V:1|Y:1	3	2	2	mixed	True	Not met	0	False	Cap combined O4 + O7 at +4	False	Cap combined O4 + O7 at +4	1	3	0.25
STAT3	384	F	Y	1	4	0.25	3	L:2|V:1|Y:1	3	2	2	mixed	True	Not met	0	False	Cap combined O4 + O7 at +4	False	Cap combined O4 + O7 at +4	1	3	0.25
TP53	107	Y	Y	1	15	0.0667	3	*:8|D:6|Y:1	14	2	8	mixed	True	Not met	0	True	O4 + O7 may be combined (max +8)	False	Cap combined O4 + O7 at +4	8	7	0.5333
EIF1AX	10	K	T	1	4	0.25	2	E:3|T:1	3	1	3	mixed	True	Not met	0	False	Cap combined O4 + O7 at +4	False	Cap combined O4 + O7 at +4	2	2	0.5
ERBB3	60	M	R	1	4	0.25	2	K:3|R:1	3	1	3	mixed	True	Not met	0	False	Cap combined O4 + O7 at +4	False	Cap combined O4 + O7 at +4	0	4	0.0
KMT2D	5432	R	R	1	8	0.125	3	W:4|Q:3|R:1	7	2	4	mixed	True	Not met	0	False	Cap combined O4 + O7 at +4	False	Cap combined O4 + O7 at +4	5	3	0.625
KEAP1	417	G	E	1	7	0.1429	4	V:4|E:1|R:1|W:1	6	3	4	mixed	True	Not met	0	False	Cap combined O4 + O7 at +4	False	Cap combined O4 + O7 at +4	2	5	0.2857
KEAP1	417	G	R	1	7	0.1429	4	V:4|E:1|R:1|W:1	6	3	4	mixed	True	Not met	0	False	Cap combined O4 + O7 at +4	False	Cap combined O4 + O7 at +4	2	5	0.2857
KEAP1	417	G	W	1	7	0.1429	4	V:4|E:1|R:1|W:1	6	3	4	mixed	True	Not met	0	False	Cap combined O4 + O7 at +4	False	Cap combined O4 + O7 at +4	2	5	0.2857
CREBBP	1499	L	Q	1	4	0.25	3	P:2|Q:1|R:1	3	2	2	mixed	True	Not met	0	False	Cap combined O4 + O7 at +4	False	Cap combined O4 + O7 at +4	2	2	0.5
CREBBP	1499	L	R	1	4	0.25	3	P:2|Q:1|R:1	3	2	2	mixed	True	Not met	0	False	Cap combined O4 + O7 at +4	False	Cap combined O4 + O7 at +4	2	2	0.5
TRAF7	520	N	Y	1	4	0.25	2	S:3|Y:1	3	1	3	mixed	True	Not met	0	False	Cap combined O4 + O7 at +4	False	Cap combined O4 + O7 at +4	2	2	0.5
TP53	120	K	*	1	9	0.1111	4	E:5|N:2|*:1|M:1	8	3	5	mixed	False	Not applicable (nonsense/stop-loss)	0	False	Cap combined O4 + O7 at +4	False	Cap combined O4 + O7 at +4	4	5	0.4444
TP53	120	K	M	1	9	0.1111	4	E:5|N:2|*:1|M:1	8	3	5	mixed	True	Not met	0	False	Cap combined O4 + O7 at +4	False	Cap combined O4 + O7 at +4	4	5	0.4444
MYD88	166	P	P	1	4	0.25	2	L:3|P:1	3	1	3	mixed	True	Not met	0	False	Cap combined O4 + O7 at +4	False	Cap combined O4 + O7 at +4	0	4	0.0
GNAQ	48	G	*	1	3	0.3333	3	*:1|L:1|V:1	2	2	1	position-specific	False	Not applicable (nonsense/stop-loss)	0	False	Cap combined O4 + O7 at +4	False	Cap combined O4 + O7 at +4	1	2	0.3333
GNAQ	48	G	L	1	3	0.3333	3	*:1|L:1|V:1	2	2	1	position-specific	True	Not met	0	False	Cap combined O4 + O7 at +4	False	Cap combined O4 + O7 at +4	1	2	0.3333
GNAQ	48	G	V	1	3	0.3333	3	*:1|L:1|V:1	2	2	1	position-specific	True	Not met	0	False	Cap combined O4 + O7 at +4	False	Cap combined O4 + O7 at +4	1	2	0.3333
ATM	2888	I	L	1	4	0.25	2	T:3|L:1	3	1	3	mixed	True	Not met	0	False	Cap combined O4 + O7 at +4	False	Cap combined O4 + O7 at +4	2	2	0.5
PTEN	61	H	N	1	6	0.1667	3	R:4|N:1|Y:1	5	2	4	mixed	True	Not met	0	False	Cap combined O4 + O7 at +4	False	Cap combined O4 + O7 at +4	4	2	0.6667
PTEN	61	H	Y	1	6	0.1667	3	R:4|N:1|Y:1	5	2	4	mixed	True	Not met	0	False	Cap combined O4 + O7 at +4	False	Cap combined O4 + O7 at +4	4	2	0.6667
CARD11	93	E	K	1	4	0.25	3	D:2|K:1|Q:1	3	2	2	mixed	True	Not met	0	False	Cap combined O4 + O7 at +4	False	Cap combined O4 + O7 at +4	1	3	0.25
CARD11	93	E	Q	1	4	0.25	3	D:2|K:1|Q:1	3	2	2	mixed	True	Not met	0	False	Cap combined O4 + O7 at +4	False	Cap combined O4 + O7 at +4	1	3	0.25
TP53	254	I	F	1	13	0.0769	6	S:7|V:2|F:1|L:1|M:1|N:1	12	5	7	mixed	True	Not met	0	True	O4 + O7 may be combined (max +8)	False	Cap combined O4 + O7 at +4	7	6	0.5385
TP53	254	I	L	1	13	0.0769	6	S:7|V:2|F:1|L:1|M:1|N:1	12	5	7	mixed	True	Not met	0	True	O4 + O7 may be combined (max +8)	False	Cap combined O4 + O7 at +4	7	6	0.5385
TP53	254	I	M	1	13	0.0769	6	S:7|V:2|F:1|L:1|M:1|N:1	12	5	7	mixed	True	Not met	0	True	O4 + O7 may be combined (max +8)	False	Cap combined O4 + O7 at +4	7	6	0.5385
TP53	254	I	N	1	13	0.0769	6	S:7|V:2|F:1|L:1|M:1|N:1	12	5	7	mixed	True	Not met	0	True	O4 + O7 may be combined (max +8)	False	Cap combined O4 + O7 at +4	7	6	0.5385
ERBB3	103	R	G	1	5	0.2	3	H:2|R:2|G:1	4	2	2	position-specific	True	Not met	0	False	Cap combined O4 + O7 at +4	False	Cap combined O4 + O7 at +4	3	2	0.6
CDH1	63	R	G	1	8	0.125	3	*:6|G:1|P:1	7	2	6	mixed	True	Not met	0	False	Cap combined O4 + O7 at +4	False	Cap combined O4 + O7 at +4	1	7	0.125
CDH1	63	R	P	1	8	0.125	3	*:6|G:1|P:1	7	2	6	mixed	True	Not met	0	False	Cap combined O4 + O7 at +4	False	Cap combined O4 + O7 at +4	1	7	0.125
EP300	1455	Q	Q	1	6	0.1667	3	H:4|Q:1|R:1	5	2	4	mixed	True	Not met	0	False	Cap combined O4 + O7 at +4	False	Cap combined O4 + O7 at +4	3	3	0.5
EP300	1455	Q	R	1	6	0.1667	3	H:4|Q:1|R:1	5	2	4	mixed	True	Not met	0	False	Cap combined O4 + O7 at +4	False	Cap combined O4 + O7 at +4	3	3	0.5
HNF1A	591	S	Y	1	3	0.3333	2	S:2|Y:1	2	1	2	mixed	True	Not met	0	False	Cap combined O4 + O7 at +4	False	Cap combined O4 + O7 at +4	0	3	0.0
AKT1	323	D	N	1	5	0.2	3	G:2|Y:2|N:1	4	2	2	position-specific	True	Not met	0	False	Cap combined O4 + O7 at +4	False	Cap combined O4 + O7 at +4	2	3	0.4
FBXW7	546	S	*	1	9	0.1111	3	L:7|*:1|P:1	8	2	7	mixed	False	Not applicable (nonsense/stop-loss)	0	False	Cap combined O4 + O7 at +4	False	Cap combined O4 + O7 at +4	4	5	0.4444
FBXW7	546	S	P	1	9	0.1111	3	L:7|*:1|P:1	8	2	7	mixed	True	Not met	0	False	Cap combined O4 + O7 at +4	False	Cap combined O4 + O7 at +4	4	5	0.4444
ERBB2	138	R	W	1	3	0.3333	2	Q:2|W:1	2	1	2	mixed	True	Not met	0	False	Cap combined O4 + O7 at +4	False	Cap combined O4 + O7 at +4	0	3	0.0
MTOR	1459	A	P	1	6	0.1667	3	D:4|P:1|V:1	5	2	4	mixed	True	Not met	0	False	Cap combined O4 + O7 at +4	False	Cap combined O4 + O7 at +4	5	1	0.8333
MTOR	1459	A	V	1	6	0.1667	3	D:4|P:1|V:1	5	2	4	mixed	True	Not met	0	False	Cap combined O4 + O7 at +4	False	Cap combined O4 + O7 at +4	5	1	0.8333
GTF2I	641	F	C	1	4	0.25	2	F:3|C:1	3	1	3	mixed	True	Not met	0	False	Cap combined O4 + O7 at +4	False	Cap combined O4 + O7 at +4	0	4	0.0
TGFBR1	375	T	I	1	3	0.3333	3	I:1|K:1|R:1	2	2	1	position-specific	True	Not met	0	False	Cap combined O4 + O7 at +4	False	Cap combined O4 + O7 at +4	3	0	1.0
TGFBR1	375	T	K	1	3	0.3333	3	I:1|K:1|R:1	2	2	1	position-specific	True	Not met	0	False	Cap combined O4 + O7 at +4	False	Cap combined O4 + O7 at +4	3	0	1.0
TGFBR1	375	T	R	1	3	0.3333	3	I:1|K:1|R:1	2	2	1	position-specific	True	Not met	0	False	Cap combined O4 + O7 at +4	False	Cap combined O4 + O7 at +4	3	0	1.0
ERRFI1	409	K	Q	1	3	0.3333	2	N:2|Q:1	2	1	2	mixed	True	Not met	0	False	Cap combined O4 + O7 at +4	False	Cap combined O4 + O7 at +4	1	2	0.3333
CBFB	1	M	I	1	4	0.25	3	T:2|I:1|K:1	3	2	2	mixed	True	Not met	0	False	Cap combined O4 + O7 at +4	False	Cap combined O4 + O7 at +4	2	2	0.5
CBFB	1	M	K	1	4	0.25	3	T:2|I:1|K:1	3	2	2	mixed	True	Not met	0	False	Cap combined O4 + O7 at +4	False	Cap combined O4 + O7 at +4	2	2	0.5
ETV6	369	R	L	1	9	0.1111	4	W:6|L:1|Q:1|R:1	8	3	6	mixed	True	Not met	0	False	Cap combined O4 + O7 at +4	False	Cap combined O4 + O7 at +4	4	5	0.4444
ETV6	369	R	Q	1	9	0.1111	4	W:6|L:1|Q:1|R:1	8	3	6	mixed	True	Not met	0	False	Cap combined O4 + O7 at +4	False	Cap combined O4 + O7 at +4	4	5	0.4444
ETV6	369	R	R	1	9	0.1111	4	W:6|L:1|Q:1|R:1	8	3	6	mixed	True	Not met	0	False	Cap combined O4 + O7 at +4	False	Cap combined O4 + O7 at +4	4	5	0.4444
TGFBR2	520	R	R	1	9	0.1111	2	*:8|R:1	8	1	8	mutation-specific	True	Not met	0	False	Cap combined O4 + O7 at +4	False	Cap combined O4 + O7 at +4	4	5	0.4444
PTPN11	468	T	T	1	7	0.1429	2	M:6|T:1	6	1	6	mutation-specific	True	Not met	0	False	Cap combined O4 + O7 at +4	False	Cap combined O4 + O7 at +4	2	5	0.2857
EIF1AX	4	N	I	1	4	0.25	3	S:2|I:1|Y:1	3	2	2	mixed	True	Not met	0	False	Cap combined O4 + O7 at +4	False	Cap combined O4 + O7 at +4	3	1	0.75
EIF1AX	4	N	Y	1	4	0.25	3	S:2|I:1|Y:1	3	2	2	mixed	True	Not met	0	False	Cap combined O4 + O7 at +4	False	Cap combined O4 + O7 at +4	3	1	0.75
PTEN	247	L	F	1	4	0.25	2	*:3|F:1	3	1	3	mixed	True	Not met	0	False	Cap combined O4 + O7 at +4	False	Cap combined O4 + O7 at +4	1	3	0.25
SMO	414	V	A	1	3	0.3333	3	A:1|G:1|V:1	2	2	1	position-specific	True	Not met	0	False	Cap combined O4 + O7 at +4	False	Cap combined O4 + O7 at +4	2	1	0.6667
SMO	414	V	G	1	3	0.3333	3	A:1|G:1|V:1	2	2	1	position-specific	True	Not met	0	False	Cap combined O4 + O7 at +4	False	Cap combined O4 + O7 at +4	2	1	0.6667
SMO	414	V	V	1	3	0.3333	3	A:1|G:1|V:1	2	2	1	position-specific	True	Not met	0	False	Cap combined O4 + O7 at +4	False	Cap combined O4 + O7 at +4	2	1	0.6667
LYN	364	I	L	1	2	0.5	2	L:1|N:1	1	1	1	mixed	True	Not met	0	False	Cap combined O4 + O7 at +4	False	Cap combined O4 + O7 at +4	0	2	0.0
LYN	364	I	N	1	2	0.5	2	L:1|N:1	1	1	1	mixed	True	Not met	0	False	Cap combined O4 + O7 at +4	False	Cap combined O4 + O7 at +4	0	2	0.0
MET	1094	H	R	1	4	0.25	2	Y:3|R:1	3	1	3	mixed	True	Not met	0	False	Cap combined O4 + O7 at +4	False	Cap combined O4 + O7 at +4	1	3	0.25
TP53	232	I	I	1	14	0.0714	5	S:4|F:3|N:3|T:3|I:1	13	4	4	position-specific	True	Not met	0	True	O4 + O7 may be combined (max +8)	False	Cap combined O4 + O7 at +4	4	10	0.2857
SMARCD1	183	R	*	1	7	0.1429	3	Q:5|*:1|L:1	6	2	5	mixed	False	Not applicable (nonsense/stop-loss)	0	False	Cap combined O4 + O7 at +4	False	Cap combined O4 + O7 at +4	3	4	0.4286
SMARCD1	183	R	L	1	7	0.1429	3	Q:5|*:1|L:1	6	2	5	mixed	True	Not met	0	False	Cap combined O4 + O7 at +4	False	Cap combined O4 + O7 at +4	3	4	0.4286
PIM1	2	L	V	1	6	0.1667	2	F:5|V:1	5	1	5	mutation-specific	True	Not met	0	False	Cap combined O4 + O7 at +4	False	Cap combined O4 + O7 at +4	2	4	0.3333
FOXA1	219	R	G	1	8	0.125	4	C:3|S:3|G:1|R:1	7	3	3	position-specific	True	Not met	0	False	Cap combined O4 + O7 at +4	False	Cap combined O4 + O7 at +4	6	2	0.75
FOXA1	219	R	R	1	8	0.125	4	C:3|S:3|G:1|R:1	7	3	3	position-specific	True	Not met	0	False	Cap combined O4 + O7 at +4	False	Cap combined O4 + O7 at +4	6	2	0.75
IL7R	206	R	Q	1	9	0.1111	2	*:8|Q:1	8	1	8	mutation-specific	True	Not met	0	False	Cap combined O4 + O7 at +4	False	Cap combined O4 + O7 at +4	5	4	0.5556
RAC1	34	P	H	1	5	0.2	3	R:3|H:1|S:1	4	2	3	mixed	True	Not met	0	False	Cap combined O4 + O7 at +4	False	Cap combined O4 + O7 at +4	1	4	0.2
RAC1	34	P	S	1	5	0.2	3	R:3|H:1|S:1	4	2	3	mixed	True	Not met	0	False	Cap combined O4 + O7 at +4	False	Cap combined O4 + O7 at +4	1	4	0.2
DICER1	1344	S	I	1	7	0.1429	2	L:6|I:1	6	1	6	mutation-specific	True	Not met	0	False	Cap combined O4 + O7 at +4	False	Cap combined O4 + O7 at +4	3	4	0.4286
CDKN2A	74	D	G	1	8	0.125	4	N:3|Y:3|G:1|V:1	7	3	3	position-specific	True	Not met	0	False	Cap combined O4 + O7 at +4	False	Cap combined O4 + O7 at +4	4	4	0.5
CDKN2A	74	D	V	1	8	0.125	4	N:3|Y:3|G:1|V:1	7	3	3	position-specific	True	Not met	0	False	Cap combined O4 + O7 at +4	False	Cap combined O4 + O7 at +4	4	4	0.5
MET	1003	Y	*	1	3	0.3333	3	*:1|C:1|F:1	2	2	1	position-specific	False	Not applicable (nonsense/stop-loss)	0	False	Cap combined O4 + O7 at +4	False	Cap combined O4 + O7 at +4	1	2	0.3333
MET	1003	Y	C	1	3	0.3333	3	*:1|C:1|F:1	2	2	1	position-specific	True	Not met	0	False	Cap combined O4 + O7 at +4	False	Cap combined O4 + O7 at +4	1	2	0.3333
MET	1003	Y	F	1	3	0.3333	3	*:1|C:1|F:1	2	2	1	position-specific	True	Not met	0	False	Cap combined O4 + O7 at +4	False	Cap combined O4 + O7 at +4	1	2	0.3333
KEAP1	155	V	A	1	5	0.2	2	F:4|A:1	4	1	4	mutation-specific	True	Not met	0	False	Cap combined O4 + O7 at +4	False	Cap combined O4 + O7 at +4	2	3	0.4
STK11	239	W	*	1	5	0.2	3	C:3|*:1|S:1	4	2	3	mixed	False	Not applicable (nonsense/stop-loss)	0	False	Cap combined O4 + O7 at +4	False	Cap combined O4 + O7 at +4	3	2	0.6
STK11	239	W	S	1	5	0.2	3	C:3|*:1|S:1	4	2	3	mixed	True	Not met	0	False	Cap combined O4 + O7 at +4	False	Cap combined O4 + O7 at +4	3	2	0.6
CARD11	626	E	*	1	6	0.1667	3	K:4|*:1|Q:1	5	2	4	mixed	False	Not applicable (nonsense/stop-loss)	0	False	Cap combined O4 + O7 at +4	False	Cap combined O4 + O7 at +4	2	4	0.3333
CARD11	626	E	Q	1	6	0.1667	3	K:4|*:1|Q:1	5	2	4	mixed	True	Not met	0	False	Cap combined O4 + O7 at +4	False	Cap combined O4 + O7 at +4	2	4	0.3333
PTPN11	61	D	N	1	4	0.25	2	Y:3|N:1	3	1	3	mixed	True	Not met	0	False	Cap combined O4 + O7 at +4	False	Cap combined O4 + O7 at +4	2	2	0.5
NOTCH1	440	C	R	1	5	0.2	4	F:2|R:1|S:1|W:1	4	3	2	position-specific	True	Not met	0	False	Cap combined O4 + O7 at +4	False	Cap combined O4 + O7 at +4	2	3	0.4
NOTCH1	440	C	S	1	5	0.2	4	F:2|R:1|S:1|W:1	4	3	2	position-specific	True	Not met	0	False	Cap combined O4 + O7 at +4	False	Cap combined O4 + O7 at +4	2	3	0.4
NOTCH1	440	C	W	1	5	0.2	4	F:2|R:1|S:1|W:1	4	3	2	position-specific	True	Not met	0	False	Cap combined O4 + O7 at +4	False	Cap combined O4 + O7 at +4	2	3	0.4
NOTCH1	310	G	E	1	7	0.1429	2	R:6|E:1	6	1	6	mutation-specific	True	Not met	0	False	Cap combined O4 + O7 at +4	False	Cap combined O4 + O7 at +4	3	4	0.4286
CDKN1B	72	G	A	1	6	0.1667	3	D:3|G:2|A:1	5	2	3	mixed	True	Not met	0	False	Cap combined O4 + O7 at +4	False	Cap combined O4 + O7 at +4	3	3	0.5
SMARCA4	821	E	D	1	8	0.125	2	K:7|D:1	7	1	7	mutation-specific	True	Not met	0	False	Cap combined O4 + O7 at +4	False	Cap combined O4 + O7 at +4	4	4	0.5
ALK	395	R	R	1	7	0.1429	2	H:6|R:1	6	1	6	mutation-specific	True	Not met	0	False	Cap combined O4 + O7 at +4	False	Cap combined O4 + O7 at +4	6	1	0.8571
NOTCH1	455	E	E	1	7	0.1429	2	K:6|E:1	6	1	6	mutation-specific	True	Not met	0	False	Cap combined O4 + O7 at +4	False	Cap combined O4 + O7 at +4	1	6	0.1429
TP53	165	Q	H	1	16	0.0625	2	*:15|H:1	15	1	15	mutation-specific	True	Not met	0	True	O4 + O7 may be combined (max +8)	True	O4 + O7 may be combined (max +8)	11	5	0.6875
PIK3CA	357	R	*	1	7	0.1429	4	Q:4|*:1|G:1|L:1	6	3	4	mixed	False	Not applicable (nonsense/stop-loss)	0	False	Cap combined O4 + O7 at +4	False	Cap combined O4 + O7 at +4	3	4	0.4286
PIK3CA	357	R	G	1	7	0.1429	4	Q:4|*:1|G:1|L:1	6	3	4	mixed	True	Not met	0	False	Cap combined O4 + O7 at +4	False	Cap combined O4 + O7 at +4	3	4	0.4286
PIK3CA	357	R	L	1	7	0.1429	4	Q:4|*:1|G:1|L:1	6	3	4	mixed	True	Not met	0	False	Cap combined O4 + O7 at +4	False	Cap combined O4 + O7 at +4	3	4	0.4286
STK11	251	G	R	1	6	0.1667	3	V:3|C:2|R:1	5	2	3	mixed	True	Not met	0	False	Cap combined O4 + O7 at +4	False	Cap combined O4 + O7 at +4	3	3	0.5
ARID1B	1179	Q	P	1	5	0.2	2	*:4|P:1	4	1	4	mutation-specific	True	Not met	0	False	Cap combined O4 + O7 at +4	False	Cap combined O4 + O7 at +4	1	4	0.2
SF3B1	623	Y	H	1	4	0.25	3	C:2|H:1|S:1	3	2	2	mixed	True	Not met	0	False	Cap combined O4 + O7 at +4	False	Cap combined O4 + O7 at +4	3	1	0.75
SF3B1	623	Y	S	1	4	0.25	3	C:2|H:1|S:1	3	2	2	mixed	True	Not met	0	False	Cap combined O4 + O7 at +4	False	Cap combined O4 + O7 at +4	3	1	0.75
BCL10	178	E	D	1	3	0.3333	2	E:2|D:1	2	1	2	mixed	True	Not met	0	False	Cap combined O4 + O7 at +4	False	Cap combined O4 + O7 at +4	0	3	0.0
PTPN11	461	A	G	1	5	0.2	2	T:4|G:1	4	1	4	mutation-specific	True	Not met	0	False	Cap combined O4 + O7 at +4	False	Cap combined O4 + O7 at +4	2	3	0.4
PTEN	251	G	A	1	6	0.1667	3	V:4|A:1|D:1	5	2	4	mixed	True	Not met	0	False	Cap combined O4 + O7 at +4	False	Cap combined O4 + O7 at +4	2	4	0.3333
PTEN	251	G	D	1	6	0.1667	3	V:4|A:1|D:1	5	2	4	mixed	True	Not met	0	False	Cap combined O4 + O7 at +4	False	Cap combined O4 + O7 at +4	2	4	0.3333
PTEN	277	T	*	1	6	0.1667	4	I:3|*:1|A:1|N:1	5	3	3	mixed	False	Not applicable (nonsense/stop-loss)	0	False	Cap combined O4 + O7 at +4	False	Cap combined O4 + O7 at +4	2	4	0.3333
PTEN	277	T	A	1	6	0.1667	4	I:3|*:1|A:1|N:1	5	3	3	mixed	True	Not met	0	False	Cap combined O4 + O7 at +4	False	Cap combined O4 + O7 at +4	2	4	0.3333
PTEN	277	T	N	1	6	0.1667	4	I:3|*:1|A:1|N:1	5	3	3	mixed	True	Not met	0	False	Cap combined O4 + O7 at +4	False	Cap combined O4 + O7 at +4	2	4	0.3333
FGFR2	276	F	I	1	3	0.3333	2	C:2|I:1	2	1	2	mixed	True	Not met	0	False	Cap combined O4 + O7 at +4	False	Cap combined O4 + O7 at +4	1	2	0.3333
NSD1	1710	C	*	1	3	0.3333	3	*:1|S:1|Y:1	2	2	1	position-specific	False	Not applicable (nonsense/stop-loss)	0	False	Cap combined O4 + O7 at +4	False	Cap combined O4 + O7 at +4	0	3	0.0
NSD1	1710	C	S	1	3	0.3333	3	*:1|S:1|Y:1	2	2	1	position-specific	True	Not met	0	False	Cap combined O4 + O7 at +4	False	Cap combined O4 + O7 at +4	0	3	0.0
NSD1	1710	C	Y	1	3	0.3333	3	*:1|S:1|Y:1	2	2	1	position-specific	True	Not met	0	False	Cap combined O4 + O7 at +4	False	Cap combined O4 + O7 at +4	0	3	0.0
CTCF	288	H	D	1	3	0.3333	3	D:1|R:1|Y:1	2	2	1	position-specific	True	Not met	0	False	Cap combined O4 + O7 at +4	False	Cap combined O4 + O7 at +4	2	1	0.6667
CTCF	288	H	R	1	3	0.3333	3	D:1|R:1|Y:1	2	2	1	position-specific	True	Not met	0	False	Cap combined O4 + O7 at +4	False	Cap combined O4 + O7 at +4	2	1	0.6667
CTCF	288	H	Y	1	3	0.3333	3	D:1|R:1|Y:1	2	2	1	position-specific	True	Not met	0	False	Cap combined O4 + O7 at +4	False	Cap combined O4 + O7 at +4	2	1	0.6667
KNSTRN	22	C	S	1	4	0.25	2	Y:3|S:1	3	1	3	mixed	True	Not met	0	False	Cap combined O4 + O7 at +4	False	Cap combined O4 + O7 at +4	0	4	0.0
PPP2R1A	182	R	R	1	7	0.1429	2	W:6|R:1	6	1	6	mutation-specific	True	Not met	0	False	Cap combined O4 + O7 at +4	False	Cap combined O4 + O7 at +4	5	2	0.7143
SMAD4	353	Y	C	1	4	0.25	3	N:2|C:1|D:1	3	2	2	mixed	True	Not met	0	False	Cap combined O4 + O7 at +4	False	Cap combined O4 + O7 at +4	3	1	0.75
SMAD4	353	Y	D	1	4	0.25	3	N:2|C:1|D:1	3	2	2	mixed	True	Not met	0	False	Cap combined O4 + O7 at +4	False	Cap combined O4 + O7 at +4	3	1	0.75
SMAD4	95	Y	*	1	4	0.25	3	C:2|*:1|H:1	3	2	2	mixed	False	Not applicable (nonsense/stop-loss)	0	False	Cap combined O4 + O7 at +4	False	Cap combined O4 + O7 at +4	3	1	0.75
SMAD4	95	Y	H	1	4	0.25	3	C:2|*:1|H:1	3	2	2	mixed	True	Not met	0	False	Cap combined O4 + O7 at +4	False	Cap combined O4 + O7 at +4	3	1	0.75
RPS6KA4	629	R	R	1	7	0.1429	3	C:4|H:2|R:1	6	2	4	mixed	True	Not met	0	False	Cap combined O4 + O7 at +4	False	Cap combined O4 + O7 at +4	4	3	0.5714
RPS6KA4	236	S	S	1	6	0.1667	2	L:5|S:1	5	1	5	mutation-specific	True	Not met	0	False	Cap combined O4 + O7 at +4	False	Cap combined O4 + O7 at +4	3	3	0.5
PTEN	320	L	S	1	4	0.25	3	*:2|S:1|V:1	3	2	2	mixed	True	Not met	0	False	Cap combined O4 + O7 at +4	False	Cap combined O4 + O7 at +4	2	2	0.5
PTEN	320	L	V	1	4	0.25	3	*:2|S:1|V:1	3	2	2	mixed	True	Not met	0	False	Cap combined O4 + O7 at +4	False	Cap combined O4 + O7 at +4	2	2	0.5
CREBBP	1472	W	G	1	6	0.1667	4	C:2|R:2|G:1|S:1	5	3	2	position-specific	True	Not met	0	False	Cap combined O4 + O7 at +4	False	Cap combined O4 + O7 at +4	2	4	0.3333
CREBBP	1472	W	S	1	6	0.1667	4	C:2|R:2|G:1|S:1	5	3	2	position-specific	True	Not met	0	False	Cap combined O4 + O7 at +4	False	Cap combined O4 + O7 at +4	2	4	0.3333
CREBBP	1482	Y	C	1	4	0.25	4	C:1|D:1|H:1|N:1	3	3	1	position-specific	True	Not met	0	False	Cap combined O4 + O7 at +4	False	Cap combined O4 + O7 at +4	3	1	0.75
CREBBP	1482	Y	D	1	4	0.25	4	C:1|D:1|H:1|N:1	3	3	1	position-specific	True	Not met	0	False	Cap combined O4 + O7 at +4	False	Cap combined O4 + O7 at +4	3	1	0.75
CREBBP	1482	Y	H	1	4	0.25	4	C:1|D:1|H:1|N:1	3	3	1	position-specific	True	Not met	0	False	Cap combined O4 + O7 at +4	False	Cap combined O4 + O7 at +4	3	1	0.75
CREBBP	1482	Y	N	1	4	0.25	4	C:1|D:1|H:1|N:1	3	3	1	position-specific	True	Not met	0	False	Cap combined O4 + O7 at +4	False	Cap combined O4 + O7 at +4	3	1	0.75
FH	336	M	I	1	2	0.5	2	I:1|L:1	1	1	1	mixed	True	Not met	0	False	Cap combined O4 + O7 at +4	False	Cap combined O4 + O7 at +4	0	2	0.0
FH	336	M	L	1	2	0.5	2	I:1|L:1	1	1	1	mixed	True	Not met	0	False	Cap combined O4 + O7 at +4	False	Cap combined O4 + O7 at +4	0	2	0.0
EIF1AX	8	G	E	1	6	0.1667	2	R:5|E:1	5	1	5	mutation-specific	True	Not met	0	False	Cap combined O4 + O7 at +4	False	Cap combined O4 + O7 at +4	2	4	0.3333
RAD52	396	R	H	1	2	0.5	2	H:1|R:1	1	1	1	mixed	True	Not met	0	False	Cap combined O4 + O7 at +4	False	Cap combined O4 + O7 at +4	1	1	0.5
RAD52	396	R	R	1	2	0.5	2	H:1|R:1	1	1	1	mixed	True	Not met	0	False	Cap combined O4 + O7 at +4	False	Cap combined O4 + O7 at +4	1	1	0.5
HNF1A	114	R	C	1	5	0.2	3	H:3|C:1|L:1	4	2	3	mixed	True	Not met	0	False	Cap combined O4 + O7 at +4	False	Cap combined O4 + O7 at +4	1	4	0.2
HNF1A	114	R	L	1	5	0.2	3	H:3|C:1|L:1	4	2	3	mixed	True	Not met	0	False	Cap combined O4 + O7 at +4	False	Cap combined O4 + O7 at +4	1	4	0.2
HGF	229	G	D	1	3	0.3333	2	A:2|D:1	2	1	2	mixed	True	Not met	0	False	Cap combined O4 + O7 at +4	False	Cap combined O4 + O7 at +4	1	2	0.3333
HNF1A	338	G	A	1	4	0.25	2	G:3|A:1	3	1	3	mixed	True	Not met	0	False	Cap combined O4 + O7 at +4	False	Cap combined O4 + O7 at +4	1	3	0.25
TP53	190	P	R	1	17	0.0588	4	L:12|T:3|R:1|S:1	16	3	12	mixed	True	Not met	0	True	O4 + O7 may be combined (max +8)	True	O4 + O7 may be combined (max +8)	10	7	0.5882
TP53	190	P	S	1	17	0.0588	4	L:12|T:3|R:1|S:1	16	3	12	mixed	True	Not met	0	True	O4 + O7 may be combined (max +8)	True	O4 + O7 may be combined (max +8)	10	7	0.5882
KEAP1	320	R	M	1	8	0.125	5	L:3|Q:2|M:1|P:1|W:1	7	4	3	position-specific	True	Not met	0	False	Cap combined O4 + O7 at +4	False	Cap combined O4 + O7 at +4	4	4	0.5
KEAP1	320	R	P	1	8	0.125	5	L:3|Q:2|M:1|P:1|W:1	7	4	3	position-specific	True	Not met	0	False	Cap combined O4 + O7 at +4	False	Cap combined O4 + O7 at +4	4	4	0.5
KEAP1	320	R	W	1	8	0.125	5	L:3|Q:2|M:1|P:1|W:1	7	4	3	position-specific	True	Not met	0	False	Cap combined O4 + O7 at +4	False	Cap combined O4 + O7 at +4	4	4	0.5
FBXW7	441	R	L	1	7	0.1429	4	W:3|G:2|L:1|Q:1	6	3	3	position-specific	True	Not met	0	False	Cap combined O4 + O7 at +4	False	Cap combined O4 + O7 at +4	1	6	0.1429
FBXW7	441	R	Q	1	7	0.1429	4	W:3|G:2|L:1|Q:1	6	3	3	position-specific	True	Not met	0	False	Cap combined O4 + O7 at +4	False	Cap combined O4 + O7 at +4	1	6	0.1429
CDKN1A	1	M	I	1	4	0.25	3	V:2|I:1|R:1	3	2	2	mixed	True	Not met	0	False	Cap combined O4 + O7 at +4	False	Cap combined O4 + O7 at +4	1	3	0.25
CDKN1A	1	M	R	1	4	0.25	3	V:2|I:1|R:1	3	2	2	mixed	True	Not met	0	False	Cap combined O4 + O7 at +4	False	Cap combined O4 + O7 at +4	1	3	0.25
IRF4	428	Y	*	1	2	0.5	2	*:1|H:1	1	1	1	mixed	False	Not applicable (nonsense/stop-loss)	0	False	Cap combined O4 + O7 at +4	False	Cap combined O4 + O7 at +4	1	1	0.5
IRF4	428	Y	H	1	2	0.5	2	*:1|H:1	1	1	1	mixed	True	Not met	0	False	Cap combined O4 + O7 at +4	False	Cap combined O4 + O7 at +4	1	1	0.5
TBX3	113	W	R	1	4	0.25	2	*:3|R:1	3	1	3	mixed	True	Not met	0	False	Cap combined O4 + O7 at +4	False	Cap combined O4 + O7 at +4	2	2	0.5
KDR	482	C	*	1	3	0.3333	2	R:2|*:1	2	1	2	mixed	False	Not applicable (nonsense/stop-loss)	0	False	Cap combined O4 + O7 at +4	False	Cap combined O4 + O7 at +4	0	3	0.0
ERBB3	126	N	I	1	4	0.25	2	K:3|I:1	3	1	3	mixed	True	Not met	0	False	Cap combined O4 + O7 at +4	False	Cap combined O4 + O7 at +4	2	2	0.5
TP53	197	V	G	1	17	0.0588	5	L:5|V:5|E:3|M:3|G:1	16	4	5	position-specific	True	Not met	0	True	O4 + O7 may be combined (max +8)	False	Cap combined O4 + O7 at +4	8	9	0.4706
SMAD4	510	G	A	1	6	0.1667	4	*:2|R:2|A:1|E:1	5	3	2	position-specific	True	Not met	0	False	Cap combined O4 + O7 at +4	False	Cap combined O4 + O7 at +4	4	2	0.6667
SMAD4	510	G	E	1	6	0.1667	4	*:2|R:2|A:1|E:1	5	3	2	position-specific	True	Not met	0	False	Cap combined O4 + O7 at +4	False	Cap combined O4 + O7 at +4	4	2	0.6667
PLK2	208	L	V	1	3	0.3333	2	P:2|V:1	2	1	2	mixed	True	Not met	0	False	Cap combined O4 + O7 at +4	False	Cap combined O4 + O7 at +4	0	3	0.0
STK11	308	W	*	1	6	0.1667	3	L:3|C:2|*:1	5	2	3	mixed	False	Not applicable (nonsense/stop-loss)	0	False	Cap combined O4 + O7 at +4	False	Cap combined O4 + O7 at +4	6	0	1.0
TP53	133	M	I	1	10	0.1	4	K:5|R:3|I:1|T:1	9	3	5	mixed	True	Not met	0	False	Cap combined O4 + O7 at +4	False	Cap combined O4 + O7 at +4	6	4	0.6
TP53	133	M	T	1	10	0.1	4	K:5|R:3|I:1|T:1	9	3	5	mixed	True	Not met	0	False	Cap combined O4 + O7 at +4	False	Cap combined O4 + O7 at +4	6	4	0.6
NF1	1870	R	W	1	8	0.125	2	Q:7|W:1	7	1	7	mutation-specific	True	Not met	0	False	Cap combined O4 + O7 at +4	False	Cap combined O4 + O7 at +4	2	6	0.25
EPHA7	656	G	R	1	11	0.0909	4	E:6|G:3|R:1|W:1	10	3	6	mixed	True	Not met	0	True	O4 + O7 may be combined (max +8)	False	Cap combined O4 + O7 at +4	3	8	0.2727
EPHA7	656	G	W	1	11	0.0909	4	E:6|G:3|R:1|W:1	10	3	6	mixed	True	Not met	0	True	O4 + O7 may be combined (max +8)	False	Cap combined O4 + O7 at +4	3	8	0.2727
HIST1H3H	37	K	E	1	4	0.25	2	M:3|E:1	3	1	3	mixed	True	Not met	0	False	Cap combined O4 + O7 at +4	False	Cap combined O4 + O7 at +4	1	3	0.25
RAD51C	21	P	A	1	4	0.25	3	S:2|A:1|T:1	3	2	2	mixed	True	Not met	0	False	Cap combined O4 + O7 at +4	False	Cap combined O4 + O7 at +4	2	2	0.5
RAD51C	21	P	T	1	4	0.25	3	S:2|A:1|T:1	3	2	2	mixed	True	Not met	0	False	Cap combined O4 + O7 at +4	False	Cap combined O4 + O7 at +4	2	2	0.5
BCL2L11	156	G	*	1	6	0.1667	3	R:3|E:2|*:1	5	2	3	mixed	False	Not applicable (nonsense/stop-loss)	0	False	Cap combined O4 + O7 at +4	False	Cap combined O4 + O7 at +4	2	4	0.3333
EZH2	665	K	E	1	2	0.5	2	E:1|R:1	1	1	1	mixed	True	Not met	0	False	Cap combined O4 + O7 at +4	False	Cap combined O4 + O7 at +4	0	2	0.0
EZH2	665	K	R	1	2	0.5	2	E:1|R:1	1	1	1	mixed	True	Not met	0	False	Cap combined O4 + O7 at +4	False	Cap combined O4 + O7 at +4	0	2	0.0
MAP2K4	110	R	L	1	8	0.125	4	*:4|Q:2|L:1|P:1	7	3	4	mixed	True	Not met	0	False	Cap combined O4 + O7 at +4	False	Cap combined O4 + O7 at +4	2	6	0.25
MAP2K4	110	R	P	1	8	0.125	4	*:4|Q:2|L:1|P:1	7	3	4	mixed	True	Not met	0	False	Cap combined O4 + O7 at +4	False	Cap combined O4 + O7 at +4	2	6	0.25
TP53	178	H	H	1	12	0.0833	5	D:5|P:3|Q:2|H:1|N:1	11	4	5	position-specific	True	Not met	0	True	O4 + O7 may be combined (max +8)	False	Cap combined O4 + O7 at +4	7	5	0.5833
TP53	178	H	N	1	12	0.0833	5	D:5|P:3|Q:2|H:1|N:1	11	4	5	position-specific	True	Not met	0	True	O4 + O7 may be combined (max +8)	False	Cap combined O4 + O7 at +4	7	5	0.5833
SPRED1	349	R	S	1	2	0.5	2	S:1|W:1	1	1	1	mixed	True	Not met	0	False	Cap combined O4 + O7 at +4	False	Cap combined O4 + O7 at +4	0	2	0.0
SPRED1	349	R	W	1	2	0.5	2	S:1|W:1	1	1	1	mixed	True	Not met	0	False	Cap combined O4 + O7 at +4	False	Cap combined O4 + O7 at +4	0	2	0.0
TP53	218	V	E	1	9	0.1111	5	G:5|E:1|L:1|M:1|V:1	8	4	5	mixed	True	Not met	0	False	Cap combined O4 + O7 at +4	False	Cap combined O4 + O7 at +4	4	5	0.4444
TP53	218	V	L	1	9	0.1111	5	G:5|E:1|L:1|M:1|V:1	8	4	5	mixed	True	Not met	0	False	Cap combined O4 + O7 at +4	False	Cap combined O4 + O7 at +4	4	5	0.4444
TP53	218	V	M	1	9	0.1111	5	G:5|E:1|L:1|M:1|V:1	8	4	5	mixed	True	Not met	0	False	Cap combined O4 + O7 at +4	False	Cap combined O4 + O7 at +4	4	5	0.4444
TP53	218	V	V	1	9	0.1111	5	G:5|E:1|L:1|M:1|V:1	8	4	5	mixed	True	Not met	0	False	Cap combined O4 + O7 at +4	False	Cap combined O4 + O7 at +4	4	5	0.4444
CIC	203	P	A	1	4	0.25	3	S:2|A:1|L:1	3	2	2	mixed	True	Not met	0	False	Cap combined O4 + O7 at +4	False	Cap combined O4 + O7 at +4	1	3	0.25
CIC	203	P	L	1	4	0.25	3	S:2|A:1|L:1	3	2	2	mixed	True	Not met	0	False	Cap combined O4 + O7 at +4	False	Cap combined O4 + O7 at +4	1	3	0.25
KMT2C	4549	R	H	1	9	0.1111	3	C:7|H:1|S:1	8	2	7	mixed	True	Not met	0	False	Cap combined O4 + O7 at +4	False	Cap combined O4 + O7 at +4	6	3	0.6667
KMT2C	4549	R	S	1	9	0.1111	3	C:7|H:1|S:1	8	2	7	mixed	True	Not met	0	False	Cap combined O4 + O7 at +4	False	Cap combined O4 + O7 at +4	6	3	0.6667
RIT1	77	A	P	1	5	0.2	3	T:3|P:1|S:1	4	2	3	mixed	True	Not met	0	False	Cap combined O4 + O7 at +4	False	Cap combined O4 + O7 at +4	3	2	0.6
RIT1	77	A	S	1	5	0.2	3	T:3|P:1|S:1	4	2	3	mixed	True	Not met	0	False	Cap combined O4 + O7 at +4	False	Cap combined O4 + O7 at +4	3	2	0.6
PTEN	67	I	K	1	4	0.25	3	T:2|K:1|V:1	3	2	2	mixed	True	Not met	0	False	Cap combined O4 + O7 at +4	False	Cap combined O4 + O7 at +4	2	2	0.5
PTEN	67	I	V	1	4	0.25	3	T:2|K:1|V:1	3	2	2	mixed	True	Not met	0	False	Cap combined O4 + O7 at +4	False	Cap combined O4 + O7 at +4	2	2	0.5
PPP4R2	418	*	L	1	2	0.5	2	L:1|Y:1	1	1	1	mixed	False	Not applicable (nonsense/stop-loss)	0	False	Cap combined O4 + O7 at +4	False	Cap combined O4 + O7 at +4	0	2	0.0
PPP4R2	418	*	Y	1	2	0.5	2	L:1|Y:1	1	1	1	mixed	False	Not applicable (nonsense/stop-loss)	0	False	Cap combined O4 + O7 at +4	False	Cap combined O4 + O7 at +4	0	2	0.0
PIK3CD	894	R	Q	1	5	0.2	2	R:4|Q:1	4	1	4	mutation-specific	True	Not met	0	False	Cap combined O4 + O7 at +4	False	Cap combined O4 + O7 at +4	1	4	0.2
ERBB4	1102	F	F	1	5	0.2	2	C:4|F:1	4	1	4	mutation-specific	True	Not met	0	False	Cap combined O4 + O7 at +4	False	Cap combined O4 + O7 at +4	2	3	0.4
ATM	2832	R	S	1	7	0.1429	2	C:6|S:1	6	1	6	mutation-specific	True	Not met	0	False	Cap combined O4 + O7 at +4	False	Cap combined O4 + O7 at +4	2	5	0.2857
SMAD2	182	R	R	1	8	0.125	2	*:7|R:1	7	1	7	mutation-specific	True	Not met	0	False	Cap combined O4 + O7 at +4	False	Cap combined O4 + O7 at +4	5	3	0.625
BCL2	172	N	Q	1	6	0.1667	3	S:3|N:2|Q:1	5	2	3	mixed	True	Not met	0	False	Cap combined O4 + O7 at +4	False	Cap combined O4 + O7 at +4	2	4	0.3333
PTEN	174	Y	D	1	4	0.25	3	*:2|D:1|H:1	3	2	2	mixed	True	Not met	0	False	Cap combined O4 + O7 at +4	False	Cap combined O4 + O7 at +4	3	1	0.75
PTEN	174	Y	H	1	4	0.25	3	*:2|D:1|H:1	3	2	2	mixed	True	Not met	0	False	Cap combined O4 + O7 at +4	False	Cap combined O4 + O7 at +4	3	1	0.75
TGFBR1	259	I	N	1	3	0.3333	2	I:2|N:1	2	1	2	mixed	True	Not met	0	False	Cap combined O4 + O7 at +4	False	Cap combined O4 + O7 at +4	0	3	0.0
ERBB4	774	S	N	1	4	0.25	3	G:2|N:1|R:1	3	2	2	mixed	True	Not met	0	False	Cap combined O4 + O7 at +4	False	Cap combined O4 + O7 at +4	0	4	0.0
ERBB4	774	S	R	1	4	0.25	3	G:2|N:1|R:1	3	2	2	mixed	True	Not met	0	False	Cap combined O4 + O7 at +4	False	Cap combined O4 + O7 at +4	0	4	0.0
CCND1	47	C	G	1	4	0.25	2	S:3|G:1	3	1	3	mixed	True	Not met	0	False	Cap combined O4 + O7 at +4	False	Cap combined O4 + O7 at +4	1	3	0.25
ERBB2	293	A	P	1	6	0.1667	3	T:4|P:1|V:1	5	2	4	mixed	True	Not met	0	False	Cap combined O4 + O7 at +4	False	Cap combined O4 + O7 at +4	5	1	0.8333
ERBB2	293	A	V	1	6	0.1667	3	T:4|P:1|V:1	5	2	4	mixed	True	Not met	0	False	Cap combined O4 + O7 at +4	False	Cap combined O4 + O7 at +4	5	1	0.8333
BRD4	1065	P	R	1	4	0.25	2	P:3|R:1	3	1	3	mixed	True	Not met	0	False	Cap combined O4 + O7 at +4	False	Cap combined O4 + O7 at +4	1	3	0.25
PGR	836	R	*	1	9	0.1111	2	Q:8|*:1	8	1	8	mutation-specific	False	Not applicable (nonsense/stop-loss)	0	False	Cap combined O4 + O7 at +4	False	Cap combined O4 + O7 at +4	3	6	0.3333
PTPRS	1492	R	R	1	8	0.125	3	W:4|Q:3|R:1	7	2	4	mixed	True	Not met	0	False	Cap combined O4 + O7 at +4	False	Cap combined O4 + O7 at +4	4	4	0.5
CBL	384	C	W	1	4	0.25	2	R:3|W:1	3	1	3	mixed	True	Not met	0	False	Cap combined O4 + O7 at +4	False	Cap combined O4 + O7 at +4	2	2	0.5
KDM6A	1003	Q	P	1	3	0.3333	2	*:2|P:1	2	1	2	mixed	True	Not met	0	False	Cap combined O4 + O7 at +4	False	Cap combined O4 + O7 at +4	2	1	0.6667
PDGFRA	235	C	R	1	4	0.25	3	Y:2|R:1|S:1	3	2	2	mixed	True	Not met	0	False	Cap combined O4 + O7 at +4	False	Cap combined O4 + O7 at +4	1	3	0.25
PDGFRA	235	C	S	1	4	0.25	3	Y:2|R:1|S:1	3	2	2	mixed	True	Not met	0	False	Cap combined O4 + O7 at +4	False	Cap combined O4 + O7 at +4	1	3	0.25
SMAD2	463	C	F	1	4	0.25	2	*:3|F:1	3	1	3	mixed	True	Not met	0	False	Cap combined O4 + O7 at +4	False	Cap combined O4 + O7 at +4	3	1	0.75
CARD11	423	R	R	1	6	0.1667	3	Q:3|W:2|R:1	5	2	3	mixed	True	Not met	0	False	Cap combined O4 + O7 at +4	False	Cap combined O4 + O7 at +4	3	3	0.5
TRAF7	189	R	L	1	4	0.25	4	L:1|P:1|R:1|W:1	3	3	1	position-specific	True	Not met	0	False	Cap combined O4 + O7 at +4	False	Cap combined O4 + O7 at +4	4	0	1.0
TRAF7	189	R	P	1	4	0.25	4	L:1|P:1|R:1|W:1	3	3	1	position-specific	True	Not met	0	False	Cap combined O4 + O7 at +4	False	Cap combined O4 + O7 at +4	4	0	1.0
TRAF7	189	R	R	1	4	0.25	4	L:1|P:1|R:1|W:1	3	3	1	position-specific	True	Not met	0	False	Cap combined O4 + O7 at +4	False	Cap combined O4 + O7 at +4	4	0	1.0
TRAF7	189	R	W	1	4	0.25	4	L:1|P:1|R:1|W:1	3	3	1	position-specific	True	Not met	0	False	Cap combined O4 + O7 at +4	False	Cap combined O4 + O7 at +4	4	0	1.0
KIT	888	R	R	1	7	0.1429	3	Q:3|W:3|R:1	6	2	3	position-specific	True	Not met	0	False	Cap combined O4 + O7 at +4	False	Cap combined O4 + O7 at +4	4	3	0.5714
IKZF1	304	E	Q	1	8	0.125	2	K:7|Q:1	7	1	7	mutation-specific	True	Not met	0	False	Cap combined O4 + O7 at +4	False	Cap combined O4 + O7 at +4	5	3	0.625
RHOA	69	L	M	1	5	0.2	3	P:2|R:2|M:1	4	2	2	position-specific	True	Not met	0	False	Cap combined O4 + O7 at +4	False	Cap combined O4 + O7 at +4	2	3	0.4
TNFRSF14	111	C	Y	1	3	0.3333	2	W:2|Y:1	2	1	2	mixed	True	Not met	0	False	Cap combined O4 + O7 at +4	False	Cap combined O4 + O7 at +4	2	1	0.6667
SDHAF2	10	S	*	1	5	0.2	3	L:3|*:1|A:1	4	2	3	mixed	False	Not applicable (nonsense/stop-loss)	0	False	Cap combined O4 + O7 at +4	False	Cap combined O4 + O7 at +4	3	2	0.6
SDHAF2	10	S	A	1	5	0.2	3	L:3|*:1|A:1	4	2	3	mixed	True	Not met	0	False	Cap combined O4 + O7 at +4	False	Cap combined O4 + O7 at +4	3	2	0.6
RAC1	135	K	N	1	2	0.5	2	N:1|R:1	1	1	1	mixed	True	Not met	0	False	Cap combined O4 + O7 at +4	False	Cap combined O4 + O7 at +4	0	2	0.0
RAC1	135	K	R	1	2	0.5	2	N:1|R:1	1	1	1	mixed	True	Not met	0	False	Cap combined O4 + O7 at +4	False	Cap combined O4 + O7 at +4	0	2	0.0
CCND1	9	E	D	1	5	0.2	3	E:3|D:1|K:1	4	2	3	mixed	True	Not met	0	False	Cap combined O4 + O7 at +4	False	Cap combined O4 + O7 at +4	3	2	0.6
CCND1	9	E	K	1	5	0.2	3	E:3|D:1|K:1	4	2	3	mixed	True	Not met	0	False	Cap combined O4 + O7 at +4	False	Cap combined O4 + O7 at +4	3	2	0.6
EIF4A2	1	M	I	1	4	0.25	4	I:1|K:1|R:1|V:1	3	3	1	position-specific	True	Not met	0	False	Cap combined O4 + O7 at +4	False	Cap combined O4 + O7 at +4	1	3	0.25
EIF4A2	1	M	K	1	4	0.25	4	I:1|K:1|R:1|V:1	3	3	1	position-specific	True	Not met	0	False	Cap combined O4 + O7 at +4	False	Cap combined O4 + O7 at +4	1	3	0.25
EIF4A2	1	M	R	1	4	0.25	4	I:1|K:1|R:1|V:1	3	3	1	position-specific	True	Not met	0	False	Cap combined O4 + O7 at +4	False	Cap combined O4 + O7 at +4	1	3	0.25
EIF4A2	1	M	V	1	4	0.25	4	I:1|K:1|R:1|V:1	3	3	1	position-specific	True	Not met	0	False	Cap combined O4 + O7 at +4	False	Cap combined O4 + O7 at +4	1	3	0.25
CREBBP	1431	I	I	1	4	0.25	4	I:1|N:1|S:1|V:1	3	3	1	position-specific	True	Not met	0	False	Cap combined O4 + O7 at +4	False	Cap combined O4 + O7 at +4	2	2	0.5
CREBBP	1431	I	N	1	4	0.25	4	I:1|N:1|S:1|V:1	3	3	1	position-specific	True	Not met	0	False	Cap combined O4 + O7 at +4	False	Cap combined O4 + O7 at +4	2	2	0.5
CREBBP	1431	I	S	1	4	0.25	4	I:1|N:1|S:1|V:1	3	3	1	position-specific	True	Not met	0	False	Cap combined O4 + O7 at +4	False	Cap combined O4 + O7 at +4	2	2	0.5
CREBBP	1431	I	V	1	4	0.25	4	I:1|N:1|S:1|V:1	3	3	1	position-specific	True	Not met	0	False	Cap combined O4 + O7 at +4	False	Cap combined O4 + O7 at +4	2	2	0.5
ARID1B	1652	T	A	1	5	0.2	3	M:3|A:1|T:1	4	2	3	mixed	True	Not met	0	False	Cap combined O4 + O7 at +4	False	Cap combined O4 + O7 at +4	3	2	0.6
ARID1B	1652	T	T	1	5	0.2	3	M:3|A:1|T:1	4	2	3	mixed	True	Not met	0	False	Cap combined O4 + O7 at +4	False	Cap combined O4 + O7 at +4	3	2	0.6
VHL	117	W	C	1	6	0.1667	3	L:3|*:2|C:1	5	2	3	mixed	True	Not met	0	False	Cap combined O4 + O7 at +4	False	Cap combined O4 + O7 at +4	3	3	0.5
VHL	112	Y	C	1	5	0.2	4	*:2|C:1|D:1|Y:1	4	3	2	position-specific	True	Not met	0	False	Cap combined O4 + O7 at +4	False	Cap combined O4 + O7 at +4	2	3	0.4
VHL	112	Y	D	1	5	0.2	4	*:2|C:1|D:1|Y:1	4	3	2	position-specific	True	Not met	0	False	Cap combined O4 + O7 at +4	False	Cap combined O4 + O7 at +4	2	3	0.4
VHL	112	Y	Y	1	5	0.2	4	*:2|C:1|D:1|Y:1	4	3	2	position-specific	True	Not met	0	False	Cap combined O4 + O7 at +4	False	Cap combined O4 + O7 at +4	2	3	0.4
SOS1	90	A	T	1	5	0.2	3	A:3|T:1|V:1	4	2	3	mixed	True	Not met	0	False	Cap combined O4 + O7 at +4	False	Cap combined O4 + O7 at +4	0	5	0.0
SOS1	90	A	V	1	5	0.2	3	A:3|T:1|V:1	4	2	3	mixed	True	Not met	0	False	Cap combined O4 + O7 at +4	False	Cap combined O4 + O7 at +4	0	5	0.0
SMAD2	303	T	I	1	3	0.3333	2	R:2|I:1	2	1	2	mixed	True	Not met	0	False	Cap combined O4 + O7 at +4	False	Cap combined O4 + O7 at +4	2	1	0.6667
PTEN	274	W	S	1	7	0.1429	2	*:6|S:1	6	1	6	mutation-specific	True	Not met	0	False	Cap combined O4 + O7 at +4	False	Cap combined O4 + O7 at +4	3	4	0.4286
SMAD2	305	P	Q	1	4	0.25	3	L:2|Q:1|T:1	3	2	2	mixed	True	Not met	0	False	Cap combined O4 + O7 at +4	False	Cap combined O4 + O7 at +4	2	2	0.5
SMAD2	305	P	T	1	4	0.25	3	L:2|Q:1|T:1	3	2	2	mixed	True	Not met	0	False	Cap combined O4 + O7 at +4	False	Cap combined O4 + O7 at +4	2	2	0.5
SF3B1	701	V	A	1	4	0.25	3	F:2|A:1|I:1	3	2	2	mixed	True	Not met	0	False	Cap combined O4 + O7 at +4	False	Cap combined O4 + O7 at +4	1	3	0.25
SF3B1	701	V	I	1	4	0.25	3	F:2|A:1|I:1	3	2	2	mixed	True	Not met	0	False	Cap combined O4 + O7 at +4	False	Cap combined O4 + O7 at +4	1	3	0.25
RAC1	18	C	F	1	4	0.25	3	Y:2|F:1|S:1	3	2	2	mixed	True	Not met	0	False	Cap combined O4 + O7 at +4	False	Cap combined O4 + O7 at +4	2	2	0.5
RAC1	18	C	S	1	4	0.25	3	Y:2|F:1|S:1	3	2	2	mixed	True	Not met	0	False	Cap combined O4 + O7 at +4	False	Cap combined O4 + O7 at +4	2	2	0.5
CTCF	1	M	I	1	4	0.25	3	V:2|I:1|T:1	3	2	2	mixed	True	Not met	0	False	Cap combined O4 + O7 at +4	False	Cap combined O4 + O7 at +4	0	4	0.0
CTCF	1	M	T	1	4	0.25	3	V:2|I:1|T:1	3	2	2	mixed	True	Not met	0	False	Cap combined O4 + O7 at +4	False	Cap combined O4 + O7 at +4	0	4	0.0
STK11	196	G	G	1	6	0.1667	3	V:4|G:1|R:1	5	2	4	mixed	True	Not met	0	False	Cap combined O4 + O7 at +4	False	Cap combined O4 + O7 at +4	5	1	0.8333
STK11	196	G	R	1	6	0.1667	3	V:4|G:1|R:1	5	2	4	mixed	True	Not met	0	False	Cap combined O4 + O7 at +4	False	Cap combined O4 + O7 at +4	5	1	0.8333
FBXW7	385	T	I	1	4	0.25	3	K:2|I:1|P:1	3	2	2	mixed	True	Not met	0	False	Cap combined O4 + O7 at +4	False	Cap combined O4 + O7 at +4	0	4	0.0
FBXW7	385	T	P	1	4	0.25	3	K:2|I:1|P:1	3	2	2	mixed	True	Not met	0	False	Cap combined O4 + O7 at +4	False	Cap combined O4 + O7 at +4	0	4	0.0
