hugo_symbol	amino_acid_position	reference_aa	variant_aa	change_count	position_total_count	n_unique_changes	cosmic_samples_mutated	cosmic_significance_tier	cosmic_onc_tsg	o7_strength	o7_points	o4_strength__genie_literal	o4_points__genie_literal	o4_o7_uncapped__genie_literal	o4_o7_capped__genie_literal	o4_strength__cosmic_adjusted	o4_points__cosmic_adjusted	o4_o7_uncapped__cosmic_adjusted	o4_o7_capped__cosmic_adjusted	independent_positional_evidence	recommended_o4_o7_handling	msk_fraction
BRAF	600	V	E	833	897	6	31899.0	1	oncogene, fusion	Strong	4	Strong	4	8	8	Strong	4	8	8	True	O4 + O7 may be combined (max +8)	0.32
KRAS	12	G	D	757	2175	10	17011.0	1	oncogene	Strong	4	Strong	4	8	8	Strong	4	8	8	True	O4 + O7 may be combined (max +8)	0.5793
KRAS	12	G	V	657	2175	10	11566.0	1	oncogene	Strong	4	Strong	4	8	8	Strong	4	8	8	True	O4 + O7 may be combined (max +8)	0.5793
PIK3CA	545	E	K	575	633	5	3319.0	1	oncogene	Strong	4	Strong	4	8	8	Strong	4	8	8	True	O4 + O7 may be combined (max +8)	0.4929
IDH1	132	R	H	570	766	6	5517.0	1	oncogene	Strong	4	Strong	4	8	8	Strong	4	8	8	True	O4 + O7 may be combined (max +8)	0.3225
PIK3CA	1047	H	R	537	647	4	3986.0	1	oncogene	Strong	4	Strong	4	8	8	Strong	4	8	8	True	O4 + O7 may be combined (max +8)	0.527
TP53	175	R	H	386	416	4	2561.0	1	oncogene, TSG, fusion	Strong	4	Strong	4	8	8	Strong	4	8	8	True	O4 + O7 may be combined (max +8)	0.5024
KRAS	12	G	C	384	2175	10	5699.0	1	oncogene	Strong	4	Strong	4	8	8	Strong	4	8	8	True	O4 + O7 may be combined (max +8)	0.5793
PIK3CA	542	E	K	356	372	5	2043.0	1	oncogene	Strong	4	Strong	4	8	8	Strong	4	8	8	True	O4 + O7 may be combined (max +8)	0.5565
TP53	248	R	Q	292	560	6	1709.0	1	oncogene, TSG, fusion	Strong	4	Strong	4	8	8	Strong	4	8	8	True	O4 + O7 may be combined (max +8)	0.4911
TP53	273	R	C	283	609	6	1471.0	1	oncogene, TSG, fusion	Strong	4	Strong	4	8	8	Strong	4	8	8	True	O4 + O7 may be combined (max +8)	0.4696
TP53	273	R	H	251	609	6	1525.0	1	oncogene, TSG, fusion	Strong	4	Strong	4	8	8	Strong	4	8	8	True	O4 + O7 may be combined (max +8)	0.4696
TP53	248	R	W	222	560	6	1291.0	1	oncogene, TSG, fusion	Strong	4	Strong	4	8	8	Strong	4	8	8	True	O4 + O7 may be combined (max +8)	0.4911
KRAS	13	G	D	214	264	7	6562.0	1	oncogene	Strong	4	Strong	4	8	8	Strong	4	8	8	True	O4 + O7 may be combined (max +8)	0.6098
TP53	213	R	*	208	256	5	984.0	1	oncogene, TSG, fusion	Not applicable (nonsense/stop-loss)	0	Strong	4	4	4	Strong	4	4	4	True	O4 + O7 may be combined (max +8)	0.4844
NRAS	61	Q	R	204	422	6	2190.0	1	oncogene	Strong	4	Strong	4	8	8	Strong	4	8	8	True	O4 + O7 may be combined (max +8)	0.391
TP53	282	R	W	201	219	6	1239.0	2	oncogene, TSG, fusion	Strong	4	Strong	4	8	8	Strong	4	8	8	True	O4 + O7 may be combined (max +8)	0.4795
KRAS	12	G	R	166	2175	10	1740.0	1	oncogene	Strong	4	Strong	4	8	8	Strong	4	8	8	True	O4 + O7 may be combined (max +8)	0.5793
AKT1	17	E	K	148	149	2	895.0	1	oncogene	Strong	4	Strong	4	8	4	Strong	4	8	4	False	Cap combined O4 + O7 at +4	0.6376
EGFR	858	L	R	144	144	1	2872.0	1	oncogene	Strong	4	Strong	4	8	4	Strong	4	8	4	False	Cap combined O4 + O7 at +4	0.7917
NRAS	61	Q	K	142	422	6	1706.0	1	oncogene	Strong	4	Strong	4	8	8	Strong	4	8	8	True	O4 + O7 may be combined (max +8)	0.391
IDH1	132	R	C	139	766	6	1377.0	1	oncogene	Strong	4	Strong	4	8	8	Strong	4	8	8	True	O4 + O7 may be combined (max +8)	0.3225
KRAS	12	G	A	134	2175	10	2649.0	1	oncogene	Strong	4	Strong	4	8	8	Strong	4	8	8	True	O4 + O7 may be combined (max +8)	0.5793
TP53	196	R	*	131	141	4	646.0	1	oncogene, TSG, fusion	Not applicable (nonsense/stop-loss)	0	Strong	4	4	4	Strong	4	4	4	True	O4 + O7 may be combined (max +8)	0.4397
TP53	342	R	*	129	137	2	601.0	1	oncogene, TSG, fusion	Not applicable (nonsense/stop-loss)	0	Strong	4	4	4	Strong	4	4	4	False	Cap combined O4 + O7 at +4	0.6496
TP53	245	G	S	128	242	7	840.0	2	oncogene, TSG, fusion	Strong	4	Strong	4	8	8	Strong	4	8	8	True	O4 + O7 may be combined (max +8)	0.5041
TP53	220	Y	C	127	152	6	741.0	2	oncogene, TSG, fusion	Strong	4	Strong	4	8	8	Strong	4	8	8	True	O4 + O7 may be combined (max +8)	0.4013
FGFR3	249	S	C	114	114	1	1582.0	1	oncogene, fusion	Strong	4	Strong	4	8	4	Strong	4	8	4	False	Cap combined O4 + O7 at +4	0.6404
KRAS	61	Q	H	108	190	7	636.0	2	oncogene	Strong	4	Strong	4	8	8	Strong	4	8	8	True	O4 + O7 may be combined (max +8)	0.5053
CDKN2A	80	R	*	97	99	2	443.0	1	TSG	Not applicable (nonsense/stop-loss)	0	Strong	4	4	4	Strong	4	4	4	False	Cap combined O4 + O7 at +4	0.4141
ERBB2	310	S	F	95	113	3	244.0	2	oncogene, fusion	Strong	4	Strong	4	8	8	Strong	4	8	8	True	O4 + O7 may be combined (max +8)	0.531
TP53	306	R	*	85	86	2	499.0	1	oncogene, TSG, fusion	Not applicable (nonsense/stop-loss)	0	Strong	4	4	4	Strong	4	4	4	False	Cap combined O4 + O7 at +4	0.407
PIK3CA	1047	H	L	85	647	4	610.0	1	oncogene	Strong	4	Strong	4	8	8	Strong	4	8	8	True	O4 + O7 may be combined (max +8)	0.527
U2AF1	34	S	F	81	85	2	340.0	2	oncogene	Strong	4	Strong	4	8	4	Strong	4	8	4	False	Cap combined O4 + O7 at +4	0.5059
PIK3CA	345	N	K	79	98	7	293.0	1	oncogene	Strong	4	Strong	4	8	8	Strong	4	8	8	True	O4 + O7 may be combined (max +8)	0.5204
PIK3CA	88	R	Q	75	75	1	357.0	1	oncogene	Strong	4	Strong	4	8	4	Strong	4	8	4	False	Cap combined O4 + O7 at +4	0.3867
PTEN	130	R	Q	72	168	7	270.0	2	TSG	Strong	4	Strong	4	8	8	Strong	4	8	8	True	O4 + O7 may be combined (max +8)	0.4048
GNAS	201	R	H	69	139	4				Strong	4	Absent/not counted	0	4	4	Absent/not counted	0	4	4	True	O4 + O7 may be combined (max +8)	0.6475
KRAS	12	G	S	68	2175	10	2200.0	1	oncogene	Strong	4	Strong	4	8	8	Strong	4	8	8	True	O4 + O7 may be combined (max +8)	0.5793
GTF2I	424	L	H	68	68	1	9.0	Other		Strong	4	Moderate	2	6	4	Not met	0	4	4	False	Cap combined O4 + O7 at +4	0.0
TP53	285	E	K	68	99	5	346.0	2	oncogene, TSG, fusion	Strong	4	Strong	4	8	8	Strong	4	8	8	True	O4 + O7 may be combined (max +8)	0.5253
TP53	157	V	F	67	77	6	378.0	2	oncogene, TSG, fusion	Strong	4	Strong	4	8	8	Strong	4	8	8	True	O4 + O7 may be combined (max +8)	0.4286
KRAS	146	A	T	65	86	3	411.0	2	oncogene	Strong	4	Strong	4	8	8	Strong	4	8	8	True	O4 + O7 may be combined (max +8)	0.6047
GNAS	201	R	C	65	139	4				Strong	4	Absent/not counted	0	4	4	Absent/not counted	0	4	4	True	O4 + O7 may be combined (max +8)	0.6475
FBXW7	465	R	C	64	128	6	353.0	2	TSG	Strong	4	Strong	4	8	8	Strong	4	8	8	True	O4 + O7 may be combined (max +8)	0.4609
TP53	179	H	R	63	149	7	345.0	2	oncogene, TSG, fusion	Strong	4	Strong	4	8	8	Strong	4	8	8	True	O4 + O7 may be combined (max +8)	0.3758
CDKN2A	58	R	*	61	62	2	319.0	1	TSG	Not applicable (nonsense/stop-loss)	0	Strong	4	4	4	Strong	4	4	4	False	Cap combined O4 + O7 at +4	0.5323
SMAD4	361	R	H	60	124	6	261.0	2	TSG	Strong	4	Strong	4	8	8	Strong	4	8	8	True	O4 + O7 may be combined (max +8)	0.5887
FBXW7	465	R	H	59	128	6	311.0	2	TSG	Strong	4	Strong	4	8	8	Strong	4	8	8	True	O4 + O7 may be combined (max +8)	0.4609
EGFR	790	T	M	59	60	2	472.0	1	oncogene	Strong	4	Strong	4	8	4	Strong	4	8	4	False	Cap combined O4 + O7 at +4	0.9667
GNA11	209	Q	L	57	59	3	446.0	1	oncogene	Strong	4	Strong	4	8	4	Strong	4	8	4	False	Cap combined O4 + O7 at +4	0.322
SF3B1	700	K	E	57	59	3	811.0	2	oncogene	Strong	4	Strong	4	8	4	Strong	4	8	4	False	Cap combined O4 + O7 at +4	0.339
TP53	273	R	L	56	609	6	305.0	1	oncogene, TSG, fusion	Strong	4	Strong	4	8	8	Strong	4	8	8	True	O4 + O7 may be combined (max +8)	0.4696
HRAS	61	Q	R	56	102	4	423.0	1	oncogene	Strong	4	Strong	4	8	8	Strong	4	8	8	True	O4 + O7 may be combined (max +8)	0.3725
CTNNB1	37	S	F	55	103	5	410.0	1	oncogene, fusion	Strong	4	Strong	4	8	8	Strong	4	8	8	True	O4 + O7 may be combined (max +8)	0.4272
TP53	237	M	I	55	64	3	348.0	2	oncogene, TSG, fusion	Strong	4	Strong	4	8	4	Strong	4	8	4	False	Cap combined O4 + O7 at +4	0.4375
TP53	163	Y	C	54	79	5	330.0	2	oncogene, TSG, fusion	Strong	4	Strong	4	8	8	Strong	4	8	8	True	O4 + O7 may be combined (max +8)	0.4304
TP53	176	C	F	54	115	8	344.0	2	oncogene, TSG, fusion	Strong	4	Strong	4	8	8	Strong	4	8	8	True	O4 + O7 may be combined (max +8)	0.4
TP53	193	H	R	54	123	7	216.0	2	oncogene, TSG, fusion	Strong	4	Strong	4	8	8	Strong	4	8	8	True	O4 + O7 may be combined (max +8)	0.4146
SMAD4	361	R	C	54	124	6	206.0	3	TSG	Strong	4	Strong	4	8	8	Strong	4	8	8	True	O4 + O7 may be combined (max +8)	0.5887
PIK3CA	726	E	K	53	55	2	167.0	2	oncogene	Strong	4	Strong	4	8	4	Strong	4	8	4	False	Cap combined O4 + O7 at +4	0.4909
APC	213	R	*	51	51	1	256.0	1	TSG	Not applicable (nonsense/stop-loss)	0	Strong	4	4	4	Strong	4	4	4	False	Cap combined O4 + O7 at +4	0.6078
TP53	241	S	F	51	97	7	283.0	2	oncogene, TSG, fusion	Strong	4	Strong	4	8	8	Strong	4	8	8	True	O4 + O7 may be combined (max +8)	0.4639
TP53	245	G	D	50	242	7	290.0	2	oncogene, TSG, fusion	Strong	4	Strong	4	8	8	Strong	4	8	8	True	O4 + O7 may be combined (max +8)	0.5041
CDKN2A	83	H	Y	48	62	5	174.0	2	TSG	Strong	4	Strong	4	8	8	Strong	4	8	8	True	O4 + O7 may be combined (max +8)	0.6129
NRAS	61	Q	L	46	422	6	432.0	1	oncogene	Strong	4	Strong	4	8	8	Strong	4	8	8	True	O4 + O7 may be combined (max +8)	0.391
PIK3CA	420	C	R	46	46	1	261.0	2	oncogene	Moderate	2	Strong	4	6	4	Strong	4	6	4	False	Cap combined O4 + O7 at +4	0.6087
ESR1	538	D	G	46	46	1	162.0	3	oncogene, TSG, fusion	Moderate	2	Strong	4	6	4	Strong	4	6	4	False	Cap combined O4 + O7 at +4	0.9783
TP53	249	R	S	45	102	7	644.0	2	oncogene, TSG, fusion	Strong	4	Strong	4	8	8	Strong	4	8	8	True	O4 + O7 may be combined (max +8)	0.4608
PTEN	233	R	*	45	46	2	228.0	1	TSG	Not applicable (nonsense/stop-loss)	0	Strong	4	4	4	Strong	4	4	4	False	Cap combined O4 + O7 at +4	0.3261
CDKN2A	110	W	*	45	45	1	177.0	1	TSG	Not applicable (nonsense/stop-loss)	0	Strong	4	4	4	Strong	4	4	4	False	Cap combined O4 + O7 at +4	0.3778
CTNNB1	41	T	A	45	66	3	1484.0	1	oncogene, fusion	Strong	4	Strong	4	8	8	Strong	4	8	8	True	O4 + O7 may be combined (max +8)	0.4394
PTEN	130	R	G	44	168	7	259.0	2	TSG	Strong	4	Strong	4	8	8	Strong	4	8	8	True	O4 + O7 may be combined (max +8)	0.4048
TP53	192	Q	*	43	45	3	267.0	1	oncogene, TSG, fusion	Not applicable (nonsense/stop-loss)	0	Strong	4	4	4	Strong	4	4	4	False	Cap combined O4 + O7 at +4	0.5111
RAC1	29	P	S	43	53	4	178.0	2	oncogene	Strong	4	Strong	4	8	8	Strong	4	8	8	True	O4 + O7 may be combined (max +8)	0.3774
GNAQ	209	Q	P	42	65	3	302.0	1	oncogene	Strong	4	Strong	4	8	8	Strong	4	8	8	True	O4 + O7 may be combined (max +8)	0.3846
TP53	234	Y	C	42	68	6	225.0	2	oncogene, TSG, fusion	Strong	4	Strong	4	8	8	Strong	4	8	8	True	O4 + O7 may be combined (max +8)	0.4853
TP53	173	V	L	42	78	5	197.0	3	oncogene, TSG, fusion	Strong	4	Strong	4	8	8	Strong	4	8	8	True	O4 + O7 may be combined (max +8)	0.4487
TP53	158	R	L	42	106	7	184.0	2	oncogene, TSG, fusion	Strong	4	Strong	4	8	8	Strong	4	8	8	True	O4 + O7 may be combined (max +8)	0.5094
TP53	195	I	T	42	79	7	240.0	2	oncogene, TSG, fusion	Strong	4	Strong	4	8	8	Strong	4	8	8	True	O4 + O7 may be combined (max +8)	0.3291
TP53	286	E	K	41	73	6	226.0	2	oncogene, TSG, fusion	Strong	4	Strong	4	8	8	Strong	4	8	8	True	O4 + O7 may be combined (max +8)	0.4795
FBXW7	505	R	C	41	83	6	255.0	2	TSG	Strong	4	Strong	4	8	8	Strong	4	8	8	True	O4 + O7 may be combined (max +8)	0.3855
NRAS	12	G	D	41	74	6	1303.0	1	oncogene	Strong	4	Strong	4	8	8	Strong	4	8	8	True	O4 + O7 may be combined (max +8)	0.473
TP53	179	H	Y	41	149	7	237.0	2	oncogene, TSG, fusion	Strong	4	Strong	4	8	8	Strong	4	8	8	True	O4 + O7 may be combined (max +8)	0.3758
PIK3CA	118	G	D	40	40	1	124.0	2	oncogene	Moderate	2	Strong	4	6	4	Strong	4	6	4	False	Cap combined O4 + O7 at +4	0.325
ERBB3	104	V	M	40	61	2	133.0	2	oncogene	Strong	4	Strong	4	8	8	Strong	4	8	8	True	O4 + O7 may be combined (max +8)	0.4754
TP53	266	G	R	40	117	6	176.0	2	oncogene, TSG, fusion	Strong	4	Strong	4	8	8	Strong	4	8	8	True	O4 + O7 may be combined (max +8)	0.5128
TP53	238	C	Y	40	77	6	208.0	2	oncogene, TSG, fusion	Strong	4	Strong	4	8	8	Strong	4	8	8	True	O4 + O7 may be combined (max +8)	0.4545
TP53	236	Y	C	40	59	6	181.0	2	oncogene, TSG, fusion	Strong	4	Strong	4	8	8	Strong	4	8	8	True	O4 + O7 may be combined (max +8)	0.5424
TP53	331	Q	*	39	47	2	160.0	1	oncogene, TSG, fusion	Not applicable (nonsense/stop-loss)	0	Strong	4	4	4	Strong	4	4	4	False	Cap combined O4 + O7 at +4	0.3191
PTEN	130	R	*	38	168	7	177.0	1	TSG	Not applicable (nonsense/stop-loss)	0	Strong	4	4	4	Strong	4	4	4	True	O4 + O7 may be combined (max +8)	0.4048
EGFR	289	A	V	37	59	5	88.0	2	oncogene	Strong	4	Strong	4	8	8	Strong	4	8	8	True	O4 + O7 may be combined (max +8)	0.4576
TP53	278	P	S	37	100	7	247.0	2	oncogene, TSG, fusion	Strong	4	Strong	4	8	8	Strong	4	8	8	True	O4 + O7 may be combined (max +8)	0.51
MYD88	265	L	P	37	37	1				Moderate	2	Absent/not counted	0	2	2	Absent/not counted	0	2	2	False	Cap combined O4 + O7 at +4	0.3514
KRAS	61	Q	R	37	190	7	210.0	3	oncogene	Strong	4	Strong	4	8	8	Strong	4	8	8	True	O4 + O7 may be combined (max +8)	0.5053
TP53	151	P	S	36	79	7	156.0	3	oncogene, TSG, fusion	Strong	4	Strong	4	8	8	Strong	4	8	8	True	O4 + O7 may be combined (max +8)	0.4684
TP53	158	R	H	36	106	7	187.0	3	oncogene, TSG, fusion	Strong	4	Strong	4	8	8	Strong	4	8	8	True	O4 + O7 may be combined (max +8)	0.5094
TP53	337	R	C	36	68	6	180.0	3	oncogene, TSG, fusion	Strong	4	Strong	4	8	8	Strong	4	8	8	True	O4 + O7 may be combined (max +8)	0.4265
TP53	280	R	K	36	109	6	154.0	3	oncogene, TSG, fusion	Strong	4	Strong	4	8	8	Strong	4	8	8	True	O4 + O7 may be combined (max +8)	0.4771
BCOR	1459	N	S	36	36	1	100.0	3	TSG, fusion	Moderate	2	Strong	4	6	4	Strong	4	6	4	False	Cap combined O4 + O7 at +4	0.6944
TP53	298	E	*	36	37	2	154.0	1	oncogene, TSG, fusion	Not applicable (nonsense/stop-loss)	0	Strong	4	4	4	Strong	4	4	4	False	Cap combined O4 + O7 at +4	0.4865
PIK3CA	546	Q	K	35	93	6	304.0	1	oncogene	Strong	4	Strong	4	8	8	Strong	4	8	8	True	O4 + O7 may be combined (max +8)	0.4301
TP53	266	G	E	35	117	6	165.0	3	oncogene, TSG, fusion	Strong	4	Strong	4	8	8	Strong	4	8	8	True	O4 + O7 may be combined (max +8)	0.5128
TP53	91	W	*	35	35	1	147.0	1	oncogene, TSG, fusion	Not applicable (nonsense/stop-loss)	0	Strong	4	4	4	Strong	4	4	4	False	Cap combined O4 + O7 at +4	0.5143
TP53	205	Y	C	35	61	7	175.0	2	oncogene, TSG, fusion	Strong	4	Strong	4	8	8	Strong	4	8	8	True	O4 + O7 may be combined (max +8)	0.3607
TP53	214	H	R	35	40	4	192.0	2	oncogene, TSG, fusion	Moderate	2	Strong	4	6	4	Strong	4	6	4	False	Cap combined O4 + O7 at +4	0.425
BRAF	469	G	A	34	61	7	139.0	3	oncogene, fusion	Strong	4	Strong	4	8	8	Strong	4	8	8	True	O4 + O7 may be combined (max +8)	0.6066
TP53	272	V	M	34	66	7	205.0	2	oncogene, TSG, fusion	Strong	4	Strong	4	8	8	Strong	4	8	8	True	O4 + O7 may be combined (max +8)	0.4697
TP53	280	R	T	34	109	6	170.0	2	oncogene, TSG, fusion	Strong	4	Strong	4	8	8	Strong	4	8	8	True	O4 + O7 may be combined (max +8)	0.4771
PPP2R1A	183	R	W	33	51	3	105.0	2	TSG	Strong	4	Strong	4	8	8	Strong	4	8	8	True	O4 + O7 may be combined (max +8)	0.6078
IDH2	172	R	K	33	63	7	468.0	1	oncogene	Strong	4	Strong	4	8	8	Strong	4	8	8	True	O4 + O7 may be combined (max +8)	0.4921
TP53	317	Q	*	32	32	1	136.0	1	oncogene, TSG, fusion	Not applicable (nonsense/stop-loss)	0	Strong	4	4	4	Strong	4	4	4	False	Cap combined O4 + O7 at +4	0.375
TP53	294	E	*	32	32	1	144.0	1	oncogene, TSG, fusion	Not applicable (nonsense/stop-loss)	0	Strong	4	4	4	Strong	4	4	4	False	Cap combined O4 + O7 at +4	0.4688
BRAF	601	K	E	32	38	3	208.0	2	oncogene, fusion	Moderate	2	Strong	4	6	4	Strong	4	6	4	False	Cap combined O4 + O7 at +4	0.5
H3F3A	28	K	M	32	33	2	493.0	2	oncogene	Moderate	2	Strong	4	6	4	Strong	4	6	4	False	Cap combined O4 + O7 at +4	0.1212
FGFR3	373	Y	C	32	32	1				Moderate	2	Absent/not counted	0	2	2	Absent/not counted	0	2	2	False	Cap combined O4 + O7 at +4	0.5312
SPOP	133	F	L	32	67	5	97.0	2	TSG	Strong	4	Strong	4	8	8	Strong	4	8	8	True	O4 + O7 may be combined (max +8)	0.4925
KRAS	13	G	C	32	264	7	458.0	1	oncogene	Strong	4	Strong	4	8	8	Strong	4	8	8	True	O4 + O7 may be combined (max +8)	0.6098
CTNNB1	33	S	C	32	96	6	332.0	2	oncogene, fusion	Strong	4	Strong	4	8	8	Strong	4	8	8	True	O4 + O7 may be combined (max +8)	0.3854
PIK3CA	546	Q	R	31	93	6	140.0	1	oncogene	Strong	4	Strong	4	8	8	Strong	4	8	8	True	O4 + O7 may be combined (max +8)	0.4301
PIK3CA	453	E	K	31	42	3	105.0	2	oncogene	Moderate	2	Strong	4	6	6	Strong	4	6	6	True	O4 + O7 may be combined (max +8)	0.4762
FBXW7	479	R	Q	31	57	6	206.0	3	TSG	Strong	4	Strong	4	8	8	Strong	4	8	8	True	O4 + O7 may be combined (max +8)	0.5088
CTNNB1	45	S	F	31	71	5	945.0	1	oncogene, fusion	Strong	4	Strong	4	8	8	Strong	4	8	8	True	O4 + O7 may be combined (max +8)	0.5634
FBXW7	505	R	G	31	83	6	66.0	2	TSG	Strong	4	Strong	4	8	8	Strong	4	8	8	True	O4 + O7 may be combined (max +8)	0.3855
TP53	193	H	Y	31	123	7	121.0	2	oncogene, TSG, fusion	Strong	4	Strong	4	8	8	Strong	4	8	8	True	O4 + O7 may be combined (max +8)	0.4146
TP53	245	G	V	31	242	7	168.0	2	oncogene, TSG, fusion	Strong	4	Strong	4	8	8	Strong	4	8	8	True	O4 + O7 may be combined (max +8)	0.5041
FGFR3	248	R	C	31	31	1	319.0	1	oncogene, fusion	Moderate	2	Strong	4	6	4	Strong	4	6	4	False	Cap combined O4 + O7 at +4	0.6774
ATM	337	R	C	31	40	2	80.0	Other	TSG	Moderate	2	Strong	4	6	4	Strong	4	6	4	False	Cap combined O4 + O7 at +4	0.5
ERBB2	755	L	S	31	44	6	173.0	2	oncogene, fusion	Moderate	2	Strong	4	6	6	Strong	4	6	6	True	O4 + O7 may be combined (max +8)	0.6364
ERBB2	678	R	Q	31	32	2	146.0	2	oncogene, fusion	Moderate	2	Strong	4	6	4	Strong	4	6	4	False	Cap combined O4 + O7 at +4	0.5625
TP53	127	S	F	31	48	6	151.0	3	oncogene, TSG, fusion	Moderate	2	Strong	4	6	6	Strong	4	6	6	True	O4 + O7 may be combined (max +8)	0.5
TP53	194	L	R	30	49	4	167.0	2	oncogene, TSG, fusion	Moderate	2	Strong	4	6	6	Strong	4	6	6	True	O4 + O7 may be combined (max +8)	0.449
TP53	132	K	N	30	83	7	151.0	3	oncogene, TSG, fusion	Strong	4	Strong	4	8	8	Strong	4	8	8	True	O4 + O7 may be combined (max +8)	0.4337
TP53	176	C	Y	30	115	8	178.0	2	oncogene, TSG, fusion	Strong	4	Strong	4	8	8	Strong	4	8	8	True	O4 + O7 may be combined (max +8)	0.4
CTNNB1	33	S	F	29	96	6	199.0	1	oncogene, fusion	Strong	4	Strong	4	8	8	Strong	4	8	8	True	O4 + O7 may be combined (max +8)	0.3854
BRAF	600	V	M	29	897	6	92.0	1	oncogene, fusion	Strong	4	Strong	4	8	8	Strong	4	8	8	True	O4 + O7 may be combined (max +8)	0.32
SF3B1	625	R	H	29	59	4	121.0	2	oncogene	Strong	4	Strong	4	8	8	Strong	4	8	8	True	O4 + O7 may be combined (max +8)	0.5932
PPP2R1A	179	P	R	29	30	2	92.0	2	TSG	Moderate	2	Strong	4	6	4	Strong	4	6	4	False	Cap combined O4 + O7 at +4	0.5333
CTNNB1	45	S	P	29	71	5	524.0	1	oncogene, fusion	Strong	4	Strong	4	8	8	Strong	4	8	8	True	O4 + O7 may be combined (max +8)	0.5634
ARID1A	1989	R	*	28	29	2	101.0	2	TSG, fusion	Not applicable (nonsense/stop-loss)	0	Strong	4	4	4	Strong	4	4	4	False	Cap combined O4 + O7 at +4	0.3103
TP53	152	P	L	28	38	7	177.0	3	oncogene, TSG, fusion	Moderate	2	Strong	4	6	6	Strong	4	6	6	True	O4 + O7 may be combined (max +8)	0.5789
DNMT3A	882	R	H	28	39	3	1090.0	2	TSG	Moderate	2	Strong	4	6	6	Strong	4	6	6	True	O4 + O7 may be combined (max +8)	0.2051
CTNNB1	34	G	R	28	53	6	180.0	2	oncogene, fusion	Strong	4	Strong	4	8	8	Strong	4	8	8	True	O4 + O7 may be combined (max +8)	0.3962
HRAS	61	Q	K	28	102	4	175.0	1	oncogene	Strong	4	Strong	4	8	8	Strong	4	8	8	True	O4 + O7 may be combined (max +8)	0.3725
IDH1	132	R	G	28	766	6	278.0	1	oncogene	Strong	4	Strong	4	8	8	Strong	4	8	8	True	O4 + O7 may be combined (max +8)	0.3225
APC	1367	Q	*	28	29	2	207.0	1	TSG	Not applicable (nonsense/stop-loss)	0	Strong	4	4	4	Strong	4	4	4	False	Cap combined O4 + O7 at +4	0.5862
NRAS	61	Q	H	27	422	6	319.0	1	oncogene	Strong	4	Strong	4	8	8	Strong	4	8	8	True	O4 + O7 may be combined (max +8)	0.391
CTNNB1	37	S	C	27	103	5	250.0	1	oncogene, fusion	Strong	4	Strong	4	8	8	Strong	4	8	8	True	O4 + O7 may be combined (max +8)	0.4272
TP53	173	V	M	27	78	5	150.0	2	oncogene, TSG, fusion	Strong	4	Strong	4	8	8	Strong	4	8	8	True	O4 + O7 may be combined (max +8)	0.4487
TP53	135	C	Y	27	74	7	142.0	3	oncogene, TSG, fusion	Strong	4	Strong	4	8	8	Strong	4	8	8	True	O4 + O7 may be combined (max +8)	0.5
TP53	132	K	R	27	83	7	131.0	3	oncogene, TSG, fusion	Strong	4	Strong	4	8	8	Strong	4	8	8	True	O4 + O7 may be combined (max +8)	0.4337
TP53	242	C	F	27	59	8	161.0	2	oncogene, TSG, fusion	Strong	4	Strong	4	8	8	Strong	4	8	8	True	O4 + O7 may be combined (max +8)	0.4068
TP53	159	A	V	27	52	4	107.0	2	oncogene, TSG, fusion	Strong	4	Strong	4	8	8	Strong	4	8	8	True	O4 + O7 may be combined (max +8)	0.3462
TP53	271	E	K	27	53	4	104.0	2	oncogene, TSG, fusion	Strong	4	Strong	4	8	8	Strong	4	8	8	True	O4 + O7 may be combined (max +8)	0.5472
EGFR	598	G	V	27	33	3	61.0	2	oncogene	Moderate	2	Strong	4	6	4	Strong	4	6	4	False	Cap combined O4 + O7 at +4	0.303
ERBB2	842	V	I	26	26	1	105.0	1	oncogene, fusion	Moderate	2	Strong	4	6	4	Strong	4	6	4	False	Cap combined O4 + O7 at +4	0.3462
SMARCA4	910	T	M	26	29	4	54.0	Other	TSG	Moderate	2	Strong	4	6	4	Strong	4	6	4	False	Cap combined O4 + O7 at +4	0.5172
TP53	198	E	*	26	26	1	107.0	1	oncogene, TSG, fusion	Not applicable (nonsense/stop-loss)	0	Strong	4	4	4	Strong	4	4	4	False	Cap combined O4 + O7 at +4	0.3462
TP53	266	G	V	26	117	6	110.0	2	oncogene, TSG, fusion	Strong	4	Strong	4	8	8	Strong	4	8	8	True	O4 + O7 may be combined (max +8)	0.5128
TP53	110	R	L	25	43	4	110.0	2	oncogene, TSG, fusion	Moderate	2	Strong	4	6	6	Strong	4	6	6	True	O4 + O7 may be combined (max +8)	0.4884
TP53	141	C	Y	25	47	7	182.0	2	oncogene, TSG, fusion	Moderate	2	Strong	4	6	6	Strong	4	6	6	True	O4 + O7 may be combined (max +8)	0.4043
ESR1	537	Y	S	25	47	4	101.0	3	oncogene, TSG, fusion	Moderate	2	Strong	4	6	6	Strong	4	6	6	True	O4 + O7 may be combined (max +8)	0.9149
PIK3CA	108	R	H	25	29	3	104.0	2	oncogene	Moderate	2	Strong	4	6	4	Strong	4	6	4	False	Cap combined O4 + O7 at +4	0.4138
TP53	213	R	Q	25	256	5	114.0	3	oncogene, TSG, fusion	Strong	4	Strong	4	8	8	Strong	4	8	8	True	O4 + O7 may be combined (max +8)	0.4844
PIK3CA	1043	M	I	25	58	4	186.0	2	oncogene	Strong	4	Strong	4	8	8	Strong	4	8	8	True	O4 + O7 may be combined (max +8)	0.4828
PIK3CA	1043	M	V	25	58	4	75.0	2	oncogene	Strong	4	Strong	4	8	8	Strong	4	8	8	True	O4 + O7 may be combined (max +8)	0.4828
SF3B1	625	R	C	25	59	4	106.0	2	oncogene	Strong	4	Strong	4	8	8	Strong	4	8	8	True	O4 + O7 may be combined (max +8)	0.5932
TP53	275	C	F	25	70	7	109.0	3	oncogene, TSG, fusion	Strong	4	Strong	4	8	8	Strong	4	8	8	True	O4 + O7 may be combined (max +8)	0.3857
XPO1	571	E	K	25	27	3	192.0	2	oncogene	Moderate	2	Strong	4	6	4	Strong	4	6	4	False	Cap combined O4 + O7 at +4	0.3704
PIK3CA	81	E	K	24	25	2	115.0	3	oncogene	Moderate	2	Strong	4	6	4	Strong	4	6	4	False	Cap combined O4 + O7 at +4	0.48
CDKN2A	114	P	L	24	31	6	101.0	2	TSG	Moderate	2	Strong	4	6	4	Strong	4	6	4	False	Cap combined O4 + O7 at +4	0.4839
BRAF	594	D	N	24	51	6	100.0	3	oncogene, fusion	Strong	4	Strong	4	8	8	Strong	4	8	8	True	O4 + O7 may be combined (max +8)	0.6863
TP53	275	C	Y	24	70	7	137.0	2	oncogene, TSG, fusion	Strong	4	Strong	4	8	8	Strong	4	8	8	True	O4 + O7 may be combined (max +8)	0.3857
TP53	135	C	F	24	74	7	139.0	3	oncogene, TSG, fusion	Strong	4	Strong	4	8	8	Strong	4	8	8	True	O4 + O7 may be combined (max +8)	0.5
MAPK1	322	E	K	24	26	3	62.0	2	oncogene	Moderate	2	Strong	4	6	4	Strong	4	6	4	False	Cap combined O4 + O7 at +4	0.3846
RAF1	257	S	L	24	25	2	45.0	1	oncogene, fusion	Moderate	2	Strong	4	6	4	Moderate	2	4	4	False	Cap combined O4 + O7 at +4	0.48
TP53	216	V	M	24	42	4	190.0	2	oncogene, TSG, fusion	Moderate	2	Strong	4	6	6	Strong	4	6	6	True	O4 + O7 may be combined (max +8)	0.5
BRAF	600	V	K	24	897	6	767.0	3	oncogene, fusion	Strong	4	Strong	4	8	8	Strong	4	8	8	True	O4 + O7 may be combined (max +8)	0.32
TP53	146	W	*	24	27	4	196.0	1	oncogene, TSG, fusion	Not applicable (nonsense/stop-loss)	0	Strong	4	4	4	Strong	4	4	4	False	Cap combined O4 + O7 at +4	0.4815
TP53	154	G	V	23	25	3	101.0	3	oncogene, TSG, fusion	Moderate	2	Strong	4	6	4	Strong	4	6	4	False	Cap combined O4 + O7 at +4	0.6
POLE	286	P	R	23	27	5	148.0	2	TSG	Moderate	2	Strong	4	6	4	Strong	4	6	4	False	Cap combined O4 + O7 at +4	0.2963
APC	1378	Q	*	23	23	1	137.0	1	TSG	Not applicable (nonsense/stop-loss)	0	Strong	4	4	4	Strong	4	4	4	False	Cap combined O4 + O7 at +4	0.3478
TP53	238	C	F	23	77	6	110.0	2	oncogene, TSG, fusion	Strong	4	Strong	4	8	8	Strong	4	8	8	True	O4 + O7 may be combined (max +8)	0.4545
TP53	159	A	P	23	52	4	88.0	2	oncogene, TSG, fusion	Strong	4	Strong	4	8	8	Strong	4	8	8	True	O4 + O7 may be combined (max +8)	0.3462
HRAS	13	G	R	22	50	7	466.0	1	oncogene	Strong	4	Strong	4	8	8	Strong	4	8	8	True	O4 + O7 may be combined (max +8)	0.3
CTNNB1	32	D	Y	22	81	6	220.0	1	oncogene, fusion	Strong	4	Strong	4	8	8	Strong	4	8	8	True	O4 + O7 may be combined (max +8)	0.3333
GNAQ	209	Q	L	22	65	3	358.0	1	oncogene	Strong	4	Strong	4	8	8	Strong	4	8	8	True	O4 + O7 may be combined (max +8)	0.3846
TP53	53	W	*	22	22	1	99.0	1	oncogene, TSG, fusion	Not applicable (nonsense/stop-loss)	0	Strong	4	4	4	Strong	4	4	4	False	Cap combined O4 + O7 at +4	0.4545
TP53	245	G	C	22	242	7	151.0	2	oncogene, TSG, fusion	Strong	4	Strong	4	8	8	Strong	4	8	8	True	O4 + O7 may be combined (max +8)	0.5041
APC	1429	Q	*	22	23	2	160.0	2	TSG	Not applicable (nonsense/stop-loss)	0	Strong	4	4	4	Strong	4	4	4	False	Cap combined O4 + O7 at +4	0.6957
PIK3CA	111	K	E	22	38	4	83.0	2	oncogene	Moderate	2	Strong	4	6	6	Strong	4	6	6	True	O4 + O7 may be combined (max +8)	0.3158
RXRA	427	S	F	22	26	2	33.0	2	TSG	Moderate	2	Strong	4	6	4	Moderate	2	4	4	False	Cap combined O4 + O7 at +4	0.0
TP53	250	P	L	22	24	3	120.0	2	oncogene, TSG, fusion	Moderate	2	Strong	4	6	4	Strong	4	6	4	False	Cap combined O4 + O7 at +4	0.4167
TP53	104	Q	*	22	23	2	76.0	1	oncogene, TSG, fusion	Not applicable (nonsense/stop-loss)	0	Strong	4	4	4	Strong	4	4	4	False	Cap combined O4 + O7 at +4	0.3913
BRAF	594	D	G	21	51	6	169.0	3	oncogene, fusion	Strong	4	Strong	4	8	8	Strong	4	8	8	True	O4 + O7 may be combined (max +8)	0.6863
SMAD2	464	S	*	21	21	1	57.0	2	TSG	Not applicable (nonsense/stop-loss)	0	Strong	4	4	4	Strong	4	4	4	False	Cap combined O4 + O7 at +4	0.381
PIK3CA	545	E	G	21	633	5	213.0	1	oncogene	Strong	4	Strong	4	8	8	Strong	4	8	8	True	O4 + O7 may be combined (max +8)	0.4929
KRAS	61	Q	L	21	190	7	189.0	3	oncogene	Strong	4	Strong	4	8	8	Strong	4	8	8	True	O4 + O7 may be combined (max +8)	0.5053
TP53	248	R	L	21	560	6	169.0	1	oncogene, TSG, fusion	Strong	4	Strong	4	8	8	Strong	4	8	8	True	O4 + O7 may be combined (max +8)	0.4911
ERBB3	104	V	L	21	61	2	68.0	2	oncogene	Strong	4	Strong	4	8	8	Strong	4	8	8	True	O4 + O7 may be combined (max +8)	0.4754
TP53	244	G	D	21	65	8	103.0	3	oncogene, TSG, fusion	Strong	4	Strong	4	8	8	Strong	4	8	8	True	O4 + O7 may be combined (max +8)	0.4923
EGFR	861	L	Q	21	21	1	126.0	2	oncogene	Moderate	2	Strong	4	6	4	Strong	4	6	4	False	Cap combined O4 + O7 at +4	0.6667
FGFR2	549	N	K	21	26	4				Moderate	2	Absent/not counted	0	2	2	Absent/not counted	0	2	2	False	Cap combined O4 + O7 at +4	0.4615
HIST1H1C	180	A	A	21	22	2				Moderate	2	Absent/not counted	0	2	2	Absent/not counted	0	2	2	False	Cap combined O4 + O7 at +4	0.3636
MAX	60	R	Q	21	23	3	75.0	3	TSG	Moderate	2	Strong	4	6	4	Strong	4	6	4	False	Cap combined O4 + O7 at +4	0.5652
EP300	1399	D	N	20	23	3	77.0	2	TSG, fusion	Moderate	2	Strong	4	6	4	Strong	4	6	4	False	Cap combined O4 + O7 at +4	0.2174
IDH2	140	R	Q	20	23	3	1037.0	1	oncogene	Moderate	2	Strong	4	6	4	Strong	4	6	4	False	Cap combined O4 + O7 at +4	0.0435
PIK3CA	545	E	Q	20	633	5	91.0	1	oncogene	Strong	4	Strong	4	8	8	Strong	4	8	8	True	O4 + O7 may be combined (max +8)	0.4929
TP53	277	C	F	20	28	5	95.0	Other	oncogene, TSG, fusion	Moderate	2	Strong	4	6	4	Strong	4	6	4	False	Cap combined O4 + O7 at +4	0.6071
TP53	337	R	L	20	68	6	71.0	2	oncogene, TSG, fusion	Strong	4	Strong	4	8	8	Strong	4	8	8	True	O4 + O7 may be combined (max +8)	0.4265
TP53	215	S	I	20	50	6	62.0	3	oncogene, TSG, fusion	Strong	4	Strong	4	8	8	Strong	4	8	8	True	O4 + O7 may be combined (max +8)	0.58
TP53	272	V	L	20	66	7	122.0	3	oncogene, TSG, fusion	Strong	4	Strong	4	8	8	Strong	4	8	8	True	O4 + O7 may be combined (max +8)	0.4697
KRAS	61	Q	K	20	190	7	108.0	2	oncogene	Strong	4	Strong	4	8	8	Strong	4	8	8	True	O4 + O7 may be combined (max +8)	0.5053
TP53	239	N	S	19	41	5	57.0	3	oncogene, TSG, fusion	Moderate	2	Strong	4	6	6	Strong	4	6	6	True	O4 + O7 may be combined (max +8)	0.4878
NFE2L2	29	D	H	19	30	4	56.0	2	oncogene, TSG	Moderate	2	Strong	4	6	6	Strong	4	6	6	True	O4 + O7 may be combined (max +8)	0.2333
KRAS	60	G	G	19	24	4				Moderate	2	Absent/not counted	0	2	2	Absent/not counted	0	2	2	False	Cap combined O4 + O7 at +4	0.5
PPP6C	264	R	C	19	19	1				Moderate	2	Absent/not counted	0	2	2	Absent/not counted	0	2	2	False	Cap combined O4 + O7 at +4	0.2632
TP53	259	D	Y	19	31	5	64.0	3	oncogene, TSG, fusion	Moderate	2	Strong	4	6	6	Strong	4	6	6	True	O4 + O7 may be combined (max +8)	0.5161
TP53	167	Q	*	19	19	1	72.0	1	oncogene, TSG, fusion	Not applicable (nonsense/stop-loss)	0	Strong	4	4	4	Strong	4	4	4	False	Cap combined O4 + O7 at +4	0.4737
APC	1397	E	*	19	19	1	99.0	2	TSG	Not applicable (nonsense/stop-loss)	0	Strong	4	4	4	Strong	4	4	4	False	Cap combined O4 + O7 at +4	0.5263
CDH1	23	Q	*	19	19	1	69.0	1	TSG	Not applicable (nonsense/stop-loss)	0	Strong	4	4	4	Strong	4	4	4	False	Cap combined O4 + O7 at +4	0.5263
GTF2I	440	N	S	19	19	1	14.0	3		Moderate	2	Strong	4	6	4	Not met	0	2	2	False	Cap combined O4 + O7 at +4	0.0
MYCN	44	P	L	19	20	2	159.0	2	oncogene	Moderate	2	Strong	4	6	4	Strong	4	6	4	False	Cap combined O4 + O7 at +4	0.5
PIK3CA	546	Q	P	19	93	6	53.0	1	oncogene	Strong	4	Strong	4	8	8	Strong	4	8	8	True	O4 + O7 may be combined (max +8)	0.4301
CTNNB1	41	T	I	19	66	3	182.0	1	oncogene, fusion	Strong	4	Strong	4	8	8	Strong	4	8	8	True	O4 + O7 may be combined (max +8)	0.4394
TP53	193	H	L	19	123	7	111.0	2	oncogene, TSG, fusion	Strong	4	Strong	4	8	8	Strong	4	8	8	True	O4 + O7 may be combined (max +8)	0.4146
TP53	195	I	F	19	79	7	67.0	3	oncogene, TSG, fusion	Strong	4	Strong	4	8	8	Strong	4	8	8	True	O4 + O7 may be combined (max +8)	0.3291
SPOP	133	F	V	19	67	5	50.0	2	TSG	Strong	4	Strong	4	8	8	Moderate	2	6	6	True	O4 + O7 may be combined (max +8)	0.4925
TP53	241	S	C	19	97	7	81.0	2	oncogene, TSG, fusion	Strong	4	Strong	4	8	8	Strong	4	8	8	True	O4 + O7 may be combined (max +8)	0.4639
TP53	244	G	C	19	65	8	113.0	3	oncogene, TSG, fusion	Strong	4	Strong	4	8	8	Strong	4	8	8	True	O4 + O7 may be combined (max +8)	0.4923
ERBB3	297	D	Y	18	22	5	48.0	2	oncogene	Moderate	2	Strong	4	6	4	Moderate	2	4	4	False	Cap combined O4 + O7 at +4	0.4545
POLE	411	V	L	18	18	1	81.0	2	TSG	Moderate	2	Strong	4	6	4	Strong	4	6	4	False	Cap combined O4 + O7 at +4	0.3333
TP53	239	N	D	18	41	5	99.0	2	oncogene, TSG, fusion	Moderate	2	Strong	4	6	6	Strong	4	6	6	True	O4 + O7 may be combined (max +8)	0.4878
PIK3CA	93	R	Q	18	31	3	60.0	3	oncogene	Moderate	2	Strong	4	6	6	Strong	4	6	6	True	O4 + O7 may be combined (max +8)	0.4194
APC	1406	Q	*	18	19	2	95.0	1	TSG	Not applicable (nonsense/stop-loss)	0	Strong	4	4	4	Strong	4	4	4	False	Cap combined O4 + O7 at +4	0.5789
CDKN2A	88	E	*	18	27	3	163.0	1	TSG	Not applicable (nonsense/stop-loss)	0	Strong	4	4	4	Strong	4	4	4	False	Cap combined O4 + O7 at +4	0.4815
NRAS	13	G	R	18	41	6	254.0	1	oncogene	Moderate	2	Strong	4	6	6	Strong	4	6	6	True	O4 + O7 may be combined (max +8)	0.4146
FGFR2	252	S	W	18	22	3	119.0	1	oncogene, fusion	Moderate	2	Strong	4	6	4	Strong	4	6	4	False	Cap combined O4 + O7 at +4	0.4545
EGFR	719	G	A	18	33	4	93.0	3	oncogene	Moderate	2	Strong	4	6	6	Strong	4	6	6	True	O4 + O7 may be combined (max +8)	0.697
PIK3R1	376	G	R	18	18	1	38.0	2	TSG	Moderate	2	Strong	4	6	4	Moderate	2	4	4	False	Cap combined O4 + O7 at +4	0.3889
CTNNB1	32	D	N	18	81	6	176.0	1	oncogene, fusion	Strong	4	Strong	4	8	8	Strong	4	8	8	True	O4 + O7 may be combined (max +8)	0.3333
PIK3CA	1047	H	Y	18	647	4	134.0	1	oncogene	Strong	4	Strong	4	8	8	Strong	4	8	8	True	O4 + O7 may be combined (max +8)	0.527
AR	702	L	H	18	19	2	83.0	2	oncogene	Moderate	2	Strong	4	6	4	Strong	4	6	4	False	Cap combined O4 + O7 at +4	0.5263
CIC	215	R	W	17	25	3	28.0	2	oncogene, TSG, fusion	Moderate	2	Strong	4	6	4	Moderate	2	4	4	False	Cap combined O4 + O7 at +4	0.44
EGFR	108	R	K	17	19	2	37.0	2	oncogene	Moderate	2	Strong	4	6	4	Moderate	2	4	4	False	Cap combined O4 + O7 at +4	0.5789
FGFR1	577	N	K	17	19	2	70.0	1	oncogene, fusion	Moderate	2	Strong	4	6	4	Strong	4	6	4	False	Cap combined O4 + O7 at +4	0.4737
KRAS	117	K	N	17	18	2	127.0	3	oncogene	Moderate	2	Strong	4	6	4	Strong	4	6	4	False	Cap combined O4 + O7 at +4	0.5
TP53	144	Q	*	17	23	4	90.0	1	oncogene, TSG, fusion	Not applicable (nonsense/stop-loss)	0	Strong	4	4	4	Strong	4	4	4	False	Cap combined O4 + O7 at +4	0.3478
PIK3R1	564	N	D	17	17	1	63.0	2	TSG	Moderate	2	Strong	4	6	4	Strong	4	6	4	False	Cap combined O4 + O7 at +4	0.5294
PTEN	173	R	H	17	32	3	82.0	3	TSG	Moderate	2	Strong	4	6	6	Strong	4	6	6	True	O4 + O7 may be combined (max +8)	0.6562
TP53	262	G	V	17	17	1	65.0	Other	oncogene, TSG, fusion	Moderate	2	Strong	4	6	4	Strong	4	6	4	False	Cap combined O4 + O7 at +4	0.4118
APC	1338	Q	*	17	17	1	109.0	1	TSG	Not applicable (nonsense/stop-loss)	0	Strong	4	4	4	Strong	4	4	4	False	Cap combined O4 + O7 at +4	0.6471
BRAF	466	G	V	17	34	3	53.0	2	oncogene, fusion	Moderate	2	Strong	4	6	6	Strong	4	6	6	True	O4 + O7 may be combined (max +8)	0.4412
NF1	440	R	*	17	19	2	52.0	1	TSG, fusion	Not applicable (nonsense/stop-loss)	0	Strong	4	4	4	Strong	4	4	4	False	Cap combined O4 + O7 at +4	0.5789
TP53	280	R	G	17	109	6	82.0	2	oncogene, TSG, fusion	Strong	4	Strong	4	8	8	Strong	4	8	8	True	O4 + O7 may be combined (max +8)	0.4771
TP53	278	P	L	17	100	7	155.0	3	oncogene, TSG, fusion	Strong	4	Strong	4	8	8	Strong	4	8	8	True	O4 + O7 may be combined (max +8)	0.51
PPP2R1A	183	R	Q	17	51	3	51.0	3	TSG	Strong	4	Strong	4	8	8	Strong	4	8	8	True	O4 + O7 may be combined (max +8)	0.6078
TP53	249	R	M	17	102	7	84.0	3	oncogene, TSG, fusion	Strong	4	Strong	4	8	8	Strong	4	8	8	True	O4 + O7 may be combined (max +8)	0.4608
ERBB2	310	S	Y	17	113	3	72.0	1	oncogene, fusion	Strong	4	Strong	4	8	8	Strong	4	8	8	True	O4 + O7 may be combined (max +8)	0.531
ERBB2	777	V	L	17	20	2	139.0	1	oncogene, fusion	Moderate	2	Strong	4	6	4	Strong	4	6	4	False	Cap combined O4 + O7 at +4	0.5
TP53	213	R	L	17	256	5	105.0	3	oncogene, TSG, fusion	Strong	4	Strong	4	8	8	Strong	4	8	8	True	O4 + O7 may be combined (max +8)	0.4844
NFE2L2	79	E	Q	17	34	6	57.0	2	oncogene, TSG	Moderate	2	Strong	4	6	6	Strong	4	6	6	True	O4 + O7 may be combined (max +8)	0.2941
CTNNB1	335	K	I	16	19	2	66.0	3	oncogene, fusion	Moderate	2	Strong	4	6	4	Strong	4	6	4	False	Cap combined O4 + O7 at +4	0.4211
PIK3R1	348	R	*	16	16	1	54.0	2	TSG	Not applicable (nonsense/stop-loss)	0	Strong	4	4	4	Strong	4	4	4	False	Cap combined O4 + O7 at +4	0.125
CDKN2A	120	E	*	16	18	3	57.0	2	TSG	Not applicable (nonsense/stop-loss)	0	Strong	4	4	4	Strong	4	4	4	False	Cap combined O4 + O7 at +4	0.3333
SMAD4	445	R	*	16	17	2	62.0	1	TSG	Not applicable (nonsense/stop-loss)	0	Strong	4	4	4	Strong	4	4	4	False	Cap combined O4 + O7 at +4	0.5882
NF1	2450	R	*	16	17	2	48.0	1	TSG, fusion	Not applicable (nonsense/stop-loss)	0	Strong	4	4	4	Moderate	2	2	2	False	Cap combined O4 + O7 at +4	0.3529
FBXW7	367	R	*	16	17	2	56.0	3	TSG	Not applicable (nonsense/stop-loss)	0	Strong	4	4	4	Strong	4	4	4	False	Cap combined O4 + O7 at +4	0.2353
KDM6A	555	Q	*	16	16	1	28.0	2	oncogene, TSG	Not applicable (nonsense/stop-loss)	0	Strong	4	4	4	Moderate	2	2	2	False	Cap combined O4 + O7 at +4	0.1875
ARID1A	693	R	*	16	16	1	44.0	3	TSG, fusion	Not applicable (nonsense/stop-loss)	0	Strong	4	4	4	Moderate	2	2	2	False	Cap combined O4 + O7 at +4	0.5
TP53	136	Q	*	16	31	5	107.0	3	oncogene, TSG, fusion	Not applicable (nonsense/stop-loss)	0	Strong	4	4	4	Strong	4	4	4	True	O4 + O7 may be combined (max +8)	0.3871
CDKN2A	50	Q	*	16	23	3	38.0	1	TSG	Not applicable (nonsense/stop-loss)	0	Strong	4	4	4	Moderate	2	2	2	False	Cap combined O4 + O7 at +4	0.2609
KRAS	146	A	V	16	86	3	121.0	3	oncogene	Strong	4	Strong	4	8	8	Strong	4	8	8	True	O4 + O7 may be combined (max +8)	0.6047
TP53	125	T	M	16	30	5	73.0	3	oncogene, TSG, fusion	Moderate	2	Strong	4	6	6	Strong	4	6	6	True	O4 + O7 may be combined (max +8)	0.5667
NUP93	14	E	K	16	16	1	40.0	Other		Moderate	2	Strong	4	6	4	Moderate	2	4	4	False	Cap combined O4 + O7 at +4	0.375
ARID2	297	S	F	16	20	2	41.0	Other	TSG	Moderate	2	Strong	4	6	4	Moderate	2	4	4	False	Cap combined O4 + O7 at +4	0.55
PIK3CA	1049	G	R	16	17	2	98.0	3	oncogene	Moderate	2	Strong	4	6	4	Strong	4	6	4	False	Cap combined O4 + O7 at +4	0.6471
TP53	246	M	V	16	37	6	107.0	3	oncogene, TSG, fusion	Moderate	2	Strong	4	6	6	Strong	4	6	6	True	O4 + O7 may be combined (max +8)	0.6216
ALK	1275	R	Q	16	18	3	145.0	1	oncogene, fusion	Moderate	2	Strong	4	6	4	Strong	4	6	4	False	Cap combined O4 + O7 at +4	0.3333
RHOA	17	G	V	16	36	3	313.0	3	oncogene, TSG	Moderate	2	Strong	4	6	6	Strong	4	6	6	True	O4 + O7 may be combined (max +8)	0.8611
IDH1	132	R	S	16	766	6	223.0	1	oncogene	Strong	4	Strong	4	8	8	Strong	4	8	8	True	O4 + O7 may be combined (max +8)	0.3225
HRAS	61	Q	L	16	102	4	219.0	1	oncogene	Strong	4	Strong	4	8	8	Strong	4	8	8	True	O4 + O7 may be combined (max +8)	0.3725
CTNNB1	32	D	G	16	81	6	134.0	1	oncogene, fusion	Strong	4	Strong	4	8	8	Strong	4	8	8	True	O4 + O7 may be combined (max +8)	0.3333
CTNNB1	32	D	V	16	81	6	87.0	2	oncogene, fusion	Strong	4	Strong	4	8	8	Strong	4	8	8	True	O4 + O7 may be combined (max +8)	0.3333
CTNNB1	33	S	P	16	96	6	105.0	2	oncogene, fusion	Strong	4	Strong	4	8	8	Strong	4	8	8	True	O4 + O7 may be combined (max +8)	0.3854
NRAS	13	G	D	16	41	6	658.0	1	oncogene	Moderate	2	Strong	4	6	6	Strong	4	6	6	True	O4 + O7 may be combined (max +8)	0.4146
STK19	89	D	N	16	18	2	61.0	2		Moderate	2	Strong	4	6	4	Strong	4	6	4	False	Cap combined O4 + O7 at +4	0.0
MAP2K1	57	K	N	16	29	3	51.0	1	oncogene	Moderate	2	Strong	4	6	6	Strong	4	6	6	True	O4 + O7 may be combined (max +8)	0.6207
NFE2L2	34	R	G	16	34	5	42.0	2	oncogene, TSG	Moderate	2	Strong	4	6	6	Moderate	2	4	4	True	O4 + O7 may be combined (max +8)	0.4412
AR	875	H	Y	16	16	1	101.0	1	oncogene	Moderate	2	Strong	4	6	4	Strong	4	6	4	False	Cap combined O4 + O7 at +4	0.625
MED12	1224	L	F	16	18	2	23.0	3	TSG	Moderate	2	Strong	4	6	4	Moderate	2	4	4	False	Cap combined O4 + O7 at +4	0.3889
ERCC2	238	N	S	16	16	1	23.0	3	TSG	Moderate	2	Strong	4	6	4	Moderate	2	4	4	False	Cap combined O4 + O7 at +4	0.25
TP53	244	G	S	15	65	8	91.0	2	oncogene, TSG, fusion	Strong	4	Strong	4	8	8	Strong	4	8	8	True	O4 + O7 may be combined (max +8)	0.4923
TP53	241	S	Y	15	97	7	56.0	3	oncogene, TSG, fusion	Strong	4	Strong	4	8	8	Strong	4	8	8	True	O4 + O7 may be combined (max +8)	0.4639
TP53	249	R	G	15	102	7	75.0	2	oncogene, TSG, fusion	Strong	4	Strong	4	8	8	Strong	4	8	8	True	O4 + O7 may be combined (max +8)	0.4608
HRAS	13	G	V	15	50	7	60.0	1	oncogene	Strong	4	Strong	4	8	8	Strong	4	8	8	True	O4 + O7 may be combined (max +8)	0.3
TP53	165	Q	*	15	16	2	91.0	1	oncogene, TSG, fusion	Not applicable (nonsense/stop-loss)	0	Strong	4	4	4	Strong	4	4	4	False	Cap combined O4 + O7 at +4	0.6875
TP53	285	E	*	15	99	5	49.0	3	oncogene, TSG, fusion	Not applicable (nonsense/stop-loss)	0	Strong	4	4	4	Moderate	2	2	2	True	O4 + O7 may be combined (max +8)	0.5253
NUP93	15	Q	*	15	16	2	34.0	3		Not applicable (nonsense/stop-loss)	0	Strong	4	4	4	Moderate	2	2	2	False	Cap combined O4 + O7 at +4	0.5625
FBXW7	658	R	*	15	20	3	57.0	3	TSG	Not applicable (nonsense/stop-loss)	0	Strong	4	4	4	Strong	4	4	4	False	Cap combined O4 + O7 at +4	0.3
RB1	251	R	*	15	16	2	42.0	1	TSG	Not applicable (nonsense/stop-loss)	0	Strong	4	4	4	Moderate	2	2	2	False	Cap combined O4 + O7 at +4	0.5625
APC	1353	E	*	15	15	1	99.0	1	TSG	Not applicable (nonsense/stop-loss)	0	Strong	4	4	4	Strong	4	4	4	False	Cap combined O4 + O7 at +4	0.6
EGFR	222	R	C	15	16	2	24.0	Other	oncogene	Moderate	2	Strong	4	6	4	Moderate	2	4	4	False	Cap combined O4 + O7 at +4	0.5625
PTPRD	431	S	L	15	17	3	25.0	Other	TSG	Moderate	2	Strong	4	6	4	Moderate	2	4	4	False	Cap combined O4 + O7 at +4	0.3529
RHOA	17	G	E	15	36	3	60.0	3	oncogene, TSG	Moderate	2	Strong	4	6	6	Strong	4	6	6	True	O4 + O7 may be combined (max +8)	0.8611
MAP2K1	124	P	S	15	25	6	59.0	1	oncogene	Moderate	2	Strong	4	6	6	Strong	4	6	6	True	O4 + O7 may be combined (max +8)	0.2
ERBB3	928	E	G	15	17	2	65.0	2	oncogene	Moderate	2	Strong	4	6	4	Strong	4	6	4	False	Cap combined O4 + O7 at +4	0.8235
TP53	267	R	W	15	36	6	80.0	3	oncogene, TSG, fusion	Moderate	2	Strong	4	6	6	Strong	4	6	6	True	O4 + O7 may be combined (max +8)	0.5
TP53	175	R	G	14	416	4	41.0	1	oncogene, TSG, fusion	Strong	4	Strong	4	8	8	Moderate	2	6	6	True	O4 + O7 may be combined (max +8)	0.5024
HRAS	12	G	D	14	38	6	117.0	1	oncogene	Moderate	2	Strong	4	6	6	Strong	4	6	6	True	O4 + O7 may be combined (max +8)	0.2895
PTEN	173	R	C	14	32	3	83.0	3	TSG	Moderate	2	Strong	4	6	6	Strong	4	6	6	True	O4 + O7 may be combined (max +8)	0.6562
ARID1A	1276	R	*	14	15	2	61.0	3	TSG, fusion	Not applicable (nonsense/stop-loss)	0	Strong	4	4	4	Strong	4	4	4	False	Cap combined O4 + O7 at +4	0.6667
RB1	320	R	*	14	14	1	34.0	1	TSG	Not applicable (nonsense/stop-loss)	0	Strong	4	4	4	Moderate	2	2	2	False	Cap combined O4 + O7 at +4	0.4286
ATM	250	R	*	14	15	2	29.0	1	TSG	Not applicable (nonsense/stop-loss)	0	Strong	4	4	4	Moderate	2	2	2	False	Cap combined O4 + O7 at +4	0.3333
TP53	271	E	*	14	53	4	51.0	1	oncogene, TSG, fusion	Not applicable (nonsense/stop-loss)	0	Strong	4	4	4	Strong	4	4	4	True	O4 + O7 may be combined (max +8)	0.5472
TP53	258	E	*	14	47	8	62.0	1	oncogene, TSG, fusion	Not applicable (nonsense/stop-loss)	0	Strong	4	4	4	Strong	4	4	4	True	O4 + O7 may be combined (max +8)	0.5957
PIK3CA	111	K	N	14	38	4	46.0	3	oncogene	Moderate	2	Strong	4	6	6	Moderate	2	4	4	True	O4 + O7 may be combined (max +8)	0.3158
TP53	286	E	*	14	73	6	52.0	1	oncogene, TSG, fusion	Not applicable (nonsense/stop-loss)	0	Strong	4	4	4	Strong	4	4	4	True	O4 + O7 may be combined (max +8)	0.4795
TP53	281	D	N	14	69	9	61.0	3	oncogene, TSG, fusion	Strong	4	Strong	4	8	8	Strong	4	8	8	True	O4 + O7 may be combined (max +8)	0.5217
TP53	281	D	E	14	69	9	72.0	3	oncogene, TSG, fusion	Strong	4	Strong	4	8	8	Strong	4	8	8	True	O4 + O7 may be combined (max +8)	0.5217
TP53	132	K	E	14	83	7	51.0	3	oncogene, TSG, fusion	Strong	4	Strong	4	8	8	Strong	4	8	8	True	O4 + O7 may be combined (max +8)	0.4337
CTNNB1	34	G	V	14	53	6	153.0	1	oncogene, fusion	Strong	4	Strong	4	8	8	Strong	4	8	8	True	O4 + O7 may be combined (max +8)	0.3962
HRAS	12	G	S	14	38	6	141.0	1	oncogene	Moderate	2	Strong	4	6	6	Strong	4	6	6	True	O4 + O7 may be combined (max +8)	0.2895
KIT	576	L	P	14	14	1	159.0	1	oncogene	Moderate	2	Strong	4	6	4	Strong	4	6	4	False	Cap combined O4 + O7 at +4	0.7143
KIT	822	N	K	14	21	3	152.0	1	oncogene	Moderate	2	Strong	4	6	4	Strong	4	6	4	False	Cap combined O4 + O7 at +4	0.619
FGFR2	382	C	R	14	15	2				Moderate	2	Absent/not counted	0	2	2	Absent/not counted	0	2	2	False	Cap combined O4 + O7 at +4	0.6
EGFR	289	A	T	14	59	5	38.0	2	oncogene	Strong	4	Strong	4	8	8	Moderate	2	6	6	True	O4 + O7 may be combined (max +8)	0.4576
ERBB3	232	A	V	14	15	2	61.0	3	oncogene	Moderate	2	Strong	4	6	4	Strong	4	6	4	False	Cap combined O4 + O7 at +4	0.6667
FBXW7	689	R	W	14	19	2	78.0	Other	TSG	Moderate	2	Strong	4	6	4	Strong	4	6	4	False	Cap combined O4 + O7 at +4	0.4211
MAP2K1	203	E	K	14	16	2	41.0	3	oncogene	Moderate	2	Strong	4	6	4	Moderate	2	4	4	False	Cap combined O4 + O7 at +4	0.625
TP63	379	R	C	14	17	3	25.0	3	oncogene, TSG	Moderate	2	Strong	4	6	4	Moderate	2	4	4	False	Cap combined O4 + O7 at +4	0.3529
TP53	266	G	*	14	117	6	46.0	1	oncogene, TSG, fusion	Not applicable (nonsense/stop-loss)	0	Strong	4	4	4	Moderate	2	2	2	True	O4 + O7 may be combined (max +8)	0.5128
BRAF	466	G	E	14	34	3	49.0	3	oncogene, fusion	Moderate	2	Strong	4	6	6	Moderate	2	4	4	True	O4 + O7 may be combined (max +8)	0.4412
ESR1	380	E	Q	14	14	1	50.0	2	oncogene, TSG, fusion	Moderate	2	Strong	4	6	4	Moderate	2	4	4	False	Cap combined O4 + O7 at +4	0.9286
CDKN2A	108	D	Y	14	29	5	45.0	3	TSG	Moderate	2	Strong	4	6	6	Moderate	2	4	4	True	O4 + O7 may be combined (max +8)	0.5172
TP53	179	H	L	14	149	7	90.0	3	oncogene, TSG, fusion	Strong	4	Strong	4	8	8	Strong	4	8	8	True	O4 + O7 may be combined (max +8)	0.3758
EGFR	768	S	I	14	15	2	74.0	3	oncogene	Moderate	2	Strong	4	6	4	Strong	4	6	4	False	Cap combined O4 + O7 at +4	0.6667
PIK3CA	106	G	V	14	22	4	62.0	3	oncogene	Moderate	2	Strong	4	6	4	Strong	4	6	4	False	Cap combined O4 + O7 at +4	0.5455
RHOA	42	Y	C	14	19	4	59.0	2	oncogene, TSG	Moderate	2	Strong	4	6	4	Strong	4	6	4	False	Cap combined O4 + O7 at +4	0.2105
TP53	274	V	F	14	46	5	73.0	3	oncogene, TSG, fusion	Moderate	2	Strong	4	6	6	Strong	4	6	6	True	O4 + O7 may be combined (max +8)	0.4783
CREBBP	1446	R	C	14	33	6	95.0	1	oncogene, TSG, fusion	Moderate	2	Strong	4	6	6	Strong	4	6	6	True	O4 + O7 may be combined (max +8)	0.3636
AR	878	T	A	14	15	2	82.0	1	oncogene	Moderate	2	Strong	4	6	4	Strong	4	6	4	False	Cap combined O4 + O7 at +4	0.2667
TP53	258	E	K	14	47	8	117.0	3	oncogene, TSG, fusion	Moderate	2	Strong	4	6	6	Strong	4	6	6	True	O4 + O7 may be combined (max +8)	0.5957
STK11	223	E	*	13	15	3	15.0	3	TSG	Not applicable (nonsense/stop-loss)	0	Strong	4	4	4	Not met	0	0	0	False	Cap combined O4 + O7 at +4	0.8
ARID1A	1721	R	*	13	13	1	46.0	3	TSG, fusion	Not applicable (nonsense/stop-loss)	0	Strong	4	4	4	Moderate	2	2	2	False	Cap combined O4 + O7 at +4	0.4615
APC	935	Y	*	13	13	1	91.0	1	TSG	Not applicable (nonsense/stop-loss)	0	Strong	4	4	4	Strong	4	4	4	False	Cap combined O4 + O7 at +4	0.5385
RB1	552	R	*	13	13	1	29.0	1	TSG	Not applicable (nonsense/stop-loss)	0	Strong	4	4	4	Moderate	2	2	2	False	Cap combined O4 + O7 at +4	0.3077
APC	1408	E	*	13	13	1	66.0	2	TSG	Not applicable (nonsense/stop-loss)	0	Strong	4	4	4	Strong	4	4	4	False	Cap combined O4 + O7 at +4	0.4615
PTEN	171	Q	*	13	16	3	49.0	1	TSG	Not applicable (nonsense/stop-loss)	0	Strong	4	4	4	Moderate	2	2	2	False	Cap combined O4 + O7 at +4	0.6875
ERBB3	284	G	R	13	13	1	54.0	2	oncogene	Moderate	2	Strong	4	6	4	Strong	4	6	4	False	Cap combined O4 + O7 at +4	0.5385
EGFR	709	E	K	13	16	3	40.0	Other	oncogene	Moderate	2	Strong	4	6	4	Moderate	2	4	4	False	Cap combined O4 + O7 at +4	0.75
ERBB3	332	E	K	13	14	2	39.0	3	oncogene	Moderate	2	Strong	4	6	4	Moderate	2	4	4	False	Cap combined O4 + O7 at +4	0.3571
TP53	130	L	V	13	30	5	39.0	Other	oncogene, TSG, fusion	Moderate	2	Strong	4	6	6	Moderate	2	4	4	True	O4 + O7 may be combined (max +8)	0.5333
KNSTRN	24	S	F	13	13	1	39.0	2	oncogene	Moderate	2	Strong	4	6	4	Moderate	2	4	4	False	Cap combined O4 + O7 at +4	0.0
PIK3CA	901	C	F	13	13	1	28.0	Other	oncogene	Moderate	2	Strong	4	6	4	Moderate	2	4	4	False	Cap combined O4 + O7 at +4	0.4615
SF3B1	902	E	K	13	17	3	20.0	3	oncogene	Moderate	2	Strong	4	6	4	Moderate	2	4	4	False	Cap combined O4 + O7 at +4	0.4706
PIK3CA	344	V	G	13	26	3	52.0	2	oncogene	Moderate	2	Strong	4	6	6	Strong	4	6	6	True	O4 + O7 may be combined (max +8)	0.5769
NFE2L2	82	E	D	13	21	4	35.0	2	oncogene, TSG	Moderate	2	Strong	4	6	4	Moderate	2	4	4	False	Cap combined O4 + O7 at +4	0.3333
BRAF	581	N	S	13	21	6	48.0	2	oncogene, fusion	Moderate	2	Strong	4	6	4	Moderate	2	4	4	False	Cap combined O4 + O7 at +4	0.4762
EZH2	646	Y	N	13	38	6	150.0	2	oncogene, TSG	Moderate	2	Strong	4	6	6	Strong	4	6	6	True	O4 + O7 may be combined (max +8)	0.3684
EZH2	646	Y	F	13	38	6	144.0	2	oncogene, TSG	Moderate	2	Strong	4	6	6	Strong	4	6	6	True	O4 + O7 may be combined (max +8)	0.3684
TP53	151	P	H	13	79	7	65.0	3	oncogene, TSG, fusion	Strong	4	Strong	4	8	8	Strong	4	8	8	True	O4 + O7 may be combined (max +8)	0.4684
TP53	278	P	A	13	100	7	55.0	2	oncogene, TSG, fusion	Strong	4	Strong	4	8	8	Strong	4	8	8	True	O4 + O7 may be combined (max +8)	0.51
TP53	215	S	R	13	50	6	61.0	3	oncogene, TSG, fusion	Strong	4	Strong	4	8	8	Strong	4	8	8	True	O4 + O7 may be combined (max +8)	0.58
TP53	281	D	Y	13	69	9	34.0	3	oncogene, TSG, fusion	Strong	4	Strong	4	8	8	Moderate	2	6	6	True	O4 + O7 may be combined (max +8)	0.5217
TP53	105	G	C	13	28	6	35.0	Other	oncogene, TSG, fusion	Moderate	2	Strong	4	6	6	Moderate	2	4	4	True	O4 + O7 may be combined (max +8)	0.5
PIK3CA	545	E	A	12	633	5	296.0	1	oncogene	Strong	4	Strong	4	8	8	Strong	4	8	8	True	O4 + O7 may be combined (max +8)	0.4929
IDH1	132	R	L	12	766	6	159.0	1	oncogene	Strong	4	Strong	4	8	8	Strong	4	8	8	True	O4 + O7 may be combined (max +8)	0.3225
TP53	273	R	S	12	609	6	44.0	1	oncogene, TSG, fusion	Strong	4	Strong	4	8	8	Moderate	2	6	6	True	O4 + O7 may be combined (max +8)	0.4696
TP53	179	H	Q	12	149	7	68.0	3	oncogene, TSG, fusion	Strong	4	Strong	4	8	8	Strong	4	8	8	True	O4 + O7 may be combined (max +8)	0.3758
TP53	278	P	R	12	100	7	82.0	3	oncogene, TSG, fusion	Strong	4	Strong	4	8	8	Strong	4	8	8	True	O4 + O7 may be combined (max +8)	0.51
TP53	278	P	T	12	100	7	67.0	3	oncogene, TSG, fusion	Strong	4	Strong	4	8	8	Strong	4	8	8	True	O4 + O7 may be combined (max +8)	0.51
TP53	280	R	I	12	109	6	50.0	3	oncogene, TSG, fusion	Strong	4	Strong	4	8	8	Moderate	2	6	6	True	O4 + O7 may be combined (max +8)	0.4771
TP53	242	C	Y	12	59	8	112.0	3	oncogene, TSG, fusion	Strong	4	Strong	4	8	8	Strong	4	8	8	True	O4 + O7 may be combined (max +8)	0.4068
ARID1A	2158	R	*	12	15	3	28.0	3	TSG, fusion	Not applicable (nonsense/stop-loss)	0	Strong	4	4	4	Moderate	2	2	2	False	Cap combined O4 + O7 at +4	0.4
ARID1A	1335	R	*	12	12	1	39.0	3	TSG, fusion	Not applicable (nonsense/stop-loss)	0	Strong	4	4	4	Moderate	2	2	2	False	Cap combined O4 + O7 at +4	0.25
TP53	172	V	F	12	18	3	72.0	3	oncogene, TSG, fusion	Moderate	2	Strong	4	6	4	Strong	4	6	4	False	Cap combined O4 + O7 at +4	0.4444
PTEN	335	R	*	12	14	3	70.0	1	TSG	Not applicable (nonsense/stop-loss)	0	Strong	4	4	4	Strong	4	4	4	False	Cap combined O4 + O7 at +4	0.2143
TP53	190	P	L	12	17	4	105.0	3	oncogene, TSG, fusion	Moderate	2	Strong	4	6	4	Strong	4	6	4	False	Cap combined O4 + O7 at +4	0.5882
ERBB4	1289	S	A	12	12	1	12.0	Other	oncogene, TSG	Moderate	2	Strong	4	6	4	Not met	0	2	2	False	Cap combined O4 + O7 at +4	0.0
SPOP	131	W	G	12	23	5	27.0	2	TSG	Moderate	2	Strong	4	6	6	Moderate	2	4	4	True	O4 + O7 may be combined (max +8)	0.3913
PAK7	173	M	I	12	12	1				Moderate	2	Absent/not counted	0	2	2	Absent/not counted	0	2	2	False	Cap combined O4 + O7 at +4	0.4167
KRAS	19	L	F	12	12	1	57.0	3	oncogene	Moderate	2	Strong	4	6	4	Strong	4	6	4	False	Cap combined O4 + O7 at +4	0.3333
TP53	161	A	T	12	26	5	111.0	3	oncogene, TSG, fusion	Moderate	2	Strong	4	6	6	Strong	4	6	6	True	O4 + O7 may be combined (max +8)	0.3462
TP53	168	H	R	12	19	4	48.0	3	oncogene, TSG, fusion	Moderate	2	Strong	4	6	4	Moderate	2	4	4	False	Cap combined O4 + O7 at +4	0.5263
ERBB3	91	M	I	12	12	1	21.0	Other	oncogene	Moderate	2	Strong	4	6	4	Moderate	2	4	4	False	Cap combined O4 + O7 at +4	0.3333
MTOR	1799	E	K	12	12	1	27.0	3	oncogene	Moderate	2	Strong	4	6	4	Moderate	2	4	4	False	Cap combined O4 + O7 at +4	0.3333
TGFBR1	241	S	L	12	15	3	21.0	Other		Moderate	2	Strong	4	6	4	Moderate	2	4	4	False	Cap combined O4 + O7 at +4	0.5333
RAC1	178	A	V	12	12	1	22.0	3	oncogene	Moderate	2	Strong	4	6	4	Moderate	2	4	4	False	Cap combined O4 + O7 at +4	0.1667
TP53	143	V	M	12	26	4	64.0	3	oncogene, TSG, fusion	Moderate	2	Strong	4	6	6	Strong	4	6	6	True	O4 + O7 may be combined (max +8)	0.4615
PIK3CA	93	R	W	12	31	3	76.0	Other	oncogene	Moderate	2	Strong	4	6	6	Strong	4	6	6	True	O4 + O7 may be combined (max +8)	0.4194
TP53	134	F	L	12	24	5	81.0	3	oncogene, TSG, fusion	Moderate	2	Strong	4	6	6	Strong	4	6	6	True	O4 + O7 may be combined (max +8)	0.625
ERBB2	769	D	Y	12	18	2	50.0	1	oncogene, fusion	Moderate	2	Strong	4	6	4	Moderate	2	4	4	False	Cap combined O4 + O7 at +4	0.4444
MTOR	2215	S	Y	12	22	3	33.0	1	oncogene	Moderate	2	Strong	4	6	6	Moderate	2	4	4	True	O4 + O7 may be combined (max +8)	0.3182
KIT	642	K	E	12	14	3	77.0	2	oncogene	Moderate	2	Strong	4	6	4	Strong	4	6	4	False	Cap combined O4 + O7 at +4	0.4286
FOXL2	134	C	W	12	12	1	901.0	3	oncogene, TSG	Moderate	2	Strong	4	6	4	Strong	4	6	4	False	Cap combined O4 + O7 at +4	1.0
CDKN2A	84	D	N	12	26	6	51.0	2	TSG	Moderate	2	Strong	4	6	6	Strong	4	6	6	True	O4 + O7 may be combined (max +8)	0.5385
MAP2K1	53	F	L	12	17	4	26.0	1	oncogene	Moderate	2	Strong	4	6	4	Moderate	2	4	4	False	Cap combined O4 + O7 at +4	0.2353
TP53	255	I	F	12	32	5	66.0	3	oncogene, TSG, fusion	Moderate	2	Strong	4	6	6	Strong	4	6	6	True	O4 + O7 may be combined (max +8)	0.5625
TP53	274	V	A	12	46	5	51.0	3	oncogene, TSG, fusion	Moderate	2	Strong	4	6	6	Strong	4	6	6	True	O4 + O7 may be combined (max +8)	0.4783
TP53	194	L	F	12	49	4	58.0	3	oncogene, TSG, fusion	Moderate	2	Strong	4	6	6	Strong	4	6	6	True	O4 + O7 may be combined (max +8)	0.449
SPOP	102	F	C	12	24	5	40.0	2	TSG	Moderate	2	Strong	4	6	6	Moderate	2	4	4	True	O4 + O7 may be combined (max +8)	0.4583
PIK3CA	1044	N	K	12	14	2	53.0	3	oncogene	Moderate	2	Strong	4	6	4	Strong	4	6	4	False	Cap combined O4 + O7 at +4	0.5
PIK3R1	567	K	E	12	12	1	47.0	3	TSG	Moderate	2	Strong	4	6	4	Moderate	2	4	4	False	Cap combined O4 + O7 at +4	0.5833
EPHA3	136	R	*	11	11	1	32.0	Other		Not applicable (nonsense/stop-loss)	0	Strong	4	4	4	Moderate	2	2	2	False	Cap combined O4 + O7 at +4	0.4545
STAG2	216	R	*	11	14	3	43.0	3	TSG	Not applicable (nonsense/stop-loss)	0	Strong	4	4	4	Moderate	2	2	2	False	Cap combined O4 + O7 at +4	0.3571
PBRM1	1160	R	*	11	13	3	33.0	3	TSG	Not applicable (nonsense/stop-loss)	0	Strong	4	4	4	Moderate	2	2	2	False	Cap combined O4 + O7 at +4	0.3846
RB1	579	R	*	11	11	1	39.0	1	TSG	Not applicable (nonsense/stop-loss)	0	Strong	4	4	4	Moderate	2	2	2	False	Cap combined O4 + O7 at +4	0.5455
ATRX	1426	R	*	11	12	2	21.0	3	TSG	Not applicable (nonsense/stop-loss)	0	Strong	4	4	4	Moderate	2	2	2	False	Cap combined O4 + O7 at +4	0.25
APC	1379	E	*	11	11	1	96.0	1	TSG	Not applicable (nonsense/stop-loss)	0	Strong	4	4	4	Strong	4	4	4	False	Cap combined O4 + O7 at +4	0.8182
RNF43	132	R	*	11	11	1	38.0	1	TSG	Not applicable (nonsense/stop-loss)	0	Strong	4	4	4	Moderate	2	2	2	False	Cap combined O4 + O7 at +4	0.4545
KIT	816	D	V	11	22	4	1023.0	1	oncogene	Moderate	2	Strong	4	6	6	Strong	4	6	6	True	O4 + O7 may be combined (max +8)	0.2727
HIST1H3B	28	K	M	11	12	2	70.0	3	oncogene	Moderate	2	Strong	4	6	4	Strong	4	6	4	False	Cap combined O4 + O7 at +4	0.0
INPPL1	1185	A	D	11	11	1	11.0	Other		Moderate	2	Strong	4	6	4	Not met	0	2	2	False	Cap combined O4 + O7 at +4	0.0
PIK3CA	38	R	H	11	22	5	45.0	3	oncogene	Moderate	2	Strong	4	6	6	Moderate	2	4	4	True	O4 + O7 may be combined (max +8)	0.3182
PPP2R1A	256	S	F	11	14	2	41.0	3	TSG	Moderate	2	Strong	4	6	4	Moderate	2	4	4	False	Cap combined O4 + O7 at +4	0.5714
RET	918	M	T	11	11	1	516.0	1	oncogene, fusion	Moderate	2	Strong	4	6	4	Strong	4	6	4	False	Cap combined O4 + O7 at +4	0.6364
CIC	202	R	W	11	13	2	16.0	3	oncogene, TSG, fusion	Moderate	2	Strong	4	6	4	Not met	0	2	2	False	Cap combined O4 + O7 at +4	0.4615
SMARCB1	377	R	H	11	17	3	43.0	3	TSG	Moderate	2	Strong	4	6	4	Moderate	2	4	4	False	Cap combined O4 + O7 at +4	0.7647
SMARCA4	1232	G	S	11	17	4	31.0	Other	TSG	Moderate	2	Strong	4	6	4	Moderate	2	4	4	False	Cap combined O4 + O7 at +4	0.2941
TP53	110	R	P	11	43	4	59.0	3	oncogene, TSG, fusion	Moderate	2	Strong	4	6	6	Strong	4	6	6	True	O4 + O7 may be combined (max +8)	0.4884
FGFR3	380	G	R	11	11	1				Moderate	2	Absent/not counted	0	2	2	Absent/not counted	0	2	2	False	Cap combined O4 + O7 at +4	0.6364
TP53	126	Y	C	11	33	6	54.0	3	oncogene, TSG, fusion	Moderate	2	Strong	4	6	6	Strong	4	6	6	True	O4 + O7 may be combined (max +8)	0.4242
FUBP1	430	R	C	11	12	2	20.0	3	oncogene	Moderate	2	Strong	4	6	4	Moderate	2	4	4	False	Cap combined O4 + O7 at +4	0.3333
PIK3CA	365	E	K	11	13	2	34.0	3	oncogene	Moderate	2	Strong	4	6	4	Moderate	2	4	4	False	Cap combined O4 + O7 at +4	0.4615
PTPRT	548	E	K	11	12	2	12.0	Other	TSG	Moderate	2	Strong	4	6	4	Not met	0	2	2	False	Cap combined O4 + O7 at +4	0.3333
RHOA	47	E	K	11	11	1	18.0	Other	oncogene, TSG	Moderate	2	Strong	4	6	4	Not met	0	2	2	False	Cap combined O4 + O7 at +4	0.7273
STK11	216	S	F	11	12	2	22.0	3	TSG	Moderate	2	Strong	4	6	4	Moderate	2	4	4	False	Cap combined O4 + O7 at +4	0.6667
MYC	161	S	L	11	11	1	40.0	Other	oncogene, fusion	Moderate	2	Strong	4	6	4	Moderate	2	4	4	False	Cap combined O4 + O7 at +4	0.4545
TP63	609	E	K	11	11	1	25.0	Other	oncogene, TSG	Moderate	2	Strong	4	6	4	Moderate	2	4	4	False	Cap combined O4 + O7 at +4	0.4545
PIK3CA	1021	Y	C	11	14	2	77.0	2	oncogene	Moderate	2	Strong	4	6	4	Strong	4	6	4	False	Cap combined O4 + O7 at +4	0.3571
RIT1	90	M	I	11	11	1				Moderate	2	Absent/not counted	0	2	2	Absent/not counted	0	2	2	False	Cap combined O4 + O7 at +4	0.4545
SMAD4	118	A	V	11	11	1	56.0	Other	TSG	Moderate	2	Strong	4	6	4	Strong	4	6	4	False	Cap combined O4 + O7 at +4	0.8182
TP53	248	R	P	11	560	6	45.0	1	oncogene, TSG, fusion	Strong	4	Strong	4	8	8	Moderate	2	6	6	True	O4 + O7 may be combined (max +8)	0.4911
TP53	151	P	A	11	79	7	42.0	3	oncogene, TSG, fusion	Strong	4	Strong	4	8	8	Moderate	2	6	6	True	O4 + O7 may be combined (max +8)	0.4684
TP53	249	R	W	11	102	7	68.0	3	oncogene, TSG, fusion	Strong	4	Strong	4	8	8	Strong	4	8	8	True	O4 + O7 may be combined (max +8)	0.4608
TP53	249	R	T	11	102	7	53.0	3	oncogene, TSG, fusion	Strong	4	Strong	4	8	8	Strong	4	8	8	True	O4 + O7 may be combined (max +8)	0.4608
BRAF	469	G	V	11	61	7	42.0	2	oncogene, fusion	Strong	4	Strong	4	8	8	Moderate	2	6	6	True	O4 + O7 may be combined (max +8)	0.6066
TP53	163	Y	H	11	79	5	61.0	2	oncogene, TSG, fusion	Strong	4	Strong	4	8	8	Strong	4	8	8	True	O4 + O7 may be combined (max +8)	0.4304
NRAS	12	G	C	11	74	6	274.0	1	oncogene	Strong	4	Strong	4	8	8	Strong	4	8	8	True	O4 + O7 may be combined (max +8)	0.473
CTNNB1	33	S	Y	11	96	6	104.0	1	oncogene, fusion	Strong	4	Strong	4	8	8	Strong	4	8	8	True	O4 + O7 may be combined (max +8)	0.3854
ESR1	537	Y	C	11	47	4	43.0	3	oncogene, TSG, fusion	Moderate	2	Strong	4	6	6	Moderate	2	4	4	True	O4 + O7 may be combined (max +8)	0.9149
ALK	1174	F	L	11	14	3	171.0	1	oncogene, fusion	Moderate	2	Strong	4	6	4	Strong	4	6	4	False	Cap combined O4 + O7 at +4	0.2857
B2M	1	M	I	11	41	6				Moderate	2	Absent/not counted	0	2	2	Absent/not counted	0	2	2	True	O4 + O7 may be combined (max +8)	0.3659
B2M	1	M	L	11	41	6				Moderate	2	Absent/not counted	0	2	2	Absent/not counted	0	2	2	True	O4 + O7 may be combined (max +8)	0.3659
NFE2L2	34	R	Q	11	34	5	46.0	2	oncogene, TSG	Moderate	2	Strong	4	6	6	Moderate	2	4	4	True	O4 + O7 may be combined (max +8)	0.4412
FLT3	835	D	Y	11	17	4	461.0	1	oncogene	Moderate	2	Strong	4	6	4	Strong	4	6	4	False	Cap combined O4 + O7 at +4	0.0
NFE2L2	79	E	K	11	34	6	41.0	1	oncogene, TSG	Moderate	2	Strong	4	6	6	Moderate	2	4	4	True	O4 + O7 may be combined (max +8)	0.2941
PIK3CA	344	V	M	11	26	3	49.0	2	oncogene	Moderate	2	Strong	4	6	6	Moderate	2	4	4	True	O4 + O7 may be combined (max +8)	0.5769
TP53	158	R	P	11	106	7	51.0	3	oncogene, TSG, fusion	Strong	4	Strong	4	8	8	Strong	4	8	8	True	O4 + O7 may be combined (max +8)	0.5094
ESR1	537	Y	N	10	47	4	32.0	3	oncogene, TSG, fusion	Moderate	2	Strong	4	6	6	Moderate	2	4	4	True	O4 + O7 may be combined (max +8)	0.9149
TP53	195	I	N	10	79	7	50.0	3	oncogene, TSG, fusion	Strong	4	Strong	4	8	8	Moderate	2	6	6	True	O4 + O7 may be combined (max +8)	0.3291
TGFBR2	471	D	N	10	12	3	21.0	Other	TSG	Moderate	2	Strong	4	6	4	Moderate	2	4	4	False	Cap combined O4 + O7 at +4	0.3333
PIK3CA	104	P	L	10	11	2	30.0	3	oncogene	Moderate	2	Strong	4	6	4	Moderate	2	4	4	False	Cap combined O4 + O7 at +4	0.4545
ARID1A	1722	R	*	10	10	1	38.0	3	TSG, fusion	Not applicable (nonsense/stop-loss)	0	Strong	4	4	4	Moderate	2	2	2	False	Cap combined O4 + O7 at +4	0.2
FBXW7	278	R	*	10	10	1	63.0	3	TSG	Not applicable (nonsense/stop-loss)	0	Strong	4	4	4	Strong	4	4	4	False	Cap combined O4 + O7 at +4	0.6
APC	1303	Q	*	10	10	1	65.0	1	TSG	Not applicable (nonsense/stop-loss)	0	Strong	4	4	4	Strong	4	4	4	False	Cap combined O4 + O7 at +4	0.7
RB1	445	R	*	10	10	1	20.0	1	TSG	Not applicable (nonsense/stop-loss)	0	Strong	4	4	4	Moderate	2	2	2	False	Cap combined O4 + O7 at +4	0.3
DICER1	1709	D	N	10	10	1	87.0	Other	TSG	Moderate	2	Strong	4	6	4	Strong	4	6	4	False	Cap combined O4 + O7 at +4	0.3
CDKN2A	48	P	L	10	12	2	38.0	Other	TSG	Moderate	2	Strong	4	6	4	Moderate	2	4	4	False	Cap combined O4 + O7 at +4	0.4167
DNMT3A	882	R	C	10	39	3	471.0	3	TSG	Moderate	2	Strong	4	6	6	Strong	4	6	6	True	O4 + O7 may be combined (max +8)	0.2051
XPO1	749	R	Q	10	11	2	19.0	3	oncogene	Moderate	2	Strong	4	6	4	Not met	0	2	2	False	Cap combined O4 + O7 at +4	0.3636
ARID1A	2087	G	R	10	13	2	42.0	Other	TSG, fusion	Moderate	2	Strong	4	6	4	Moderate	2	4	4	False	Cap combined O4 + O7 at +4	0.3077
BCL6	594	R	Q	10	12	2	15.0	3	oncogene, fusion	Moderate	2	Strong	4	6	4	Not met	0	2	2	False	Cap combined O4 + O7 at +4	0.4167
FBXW7	582	S	L	10	12	3	85.0	Other	TSG	Moderate	2	Strong	4	6	4	Strong	4	6	4	False	Cap combined O4 + O7 at +4	0.5
TP53	130	L	F	10	30	5	36.0	Other	oncogene, TSG, fusion	Moderate	2	Strong	4	6	6	Moderate	2	4	4	True	O4 + O7 may be combined (max +8)	0.5333
EGFR	62	L	R	10	10	1	28.0	3	oncogene	Moderate	2	Strong	4	6	4	Moderate	2	4	4	False	Cap combined O4 + O7 at +4	0.3
TP53	136	Q	E	10	31	5	29.0	3	oncogene, TSG, fusion	Moderate	2	Strong	4	6	6	Moderate	2	4	4	True	O4 + O7 may be combined (max +8)	0.3871
TP53	127	S	Y	10	48	6	44.0	3	oncogene, TSG, fusion	Moderate	2	Strong	4	6	6	Moderate	2	4	4	True	O4 + O7 may be combined (max +8)	0.5
NOTCH2	235	T	S	10	10	1	9.0	Other	oncogene, TSG	Moderate	2	Moderate	2	4	4	Not met	0	2	2	False	Cap combined O4 + O7 at +4	0.0
ERBB3	846	S	I	10	10	1	22.0	Other	oncogene	Moderate	2	Strong	4	6	4	Moderate	2	4	4	False	Cap combined O4 + O7 at +4	0.7
SMAD4	356	P	L	10	16	4	40.0	Other	TSG	Moderate	2	Strong	4	6	4	Moderate	2	4	4	False	Cap combined O4 + O7 at +4	0.5
TP53	246	M	I	10	37	6	75.0	3	oncogene, TSG, fusion	Moderate	2	Strong	4	6	6	Strong	4	6	6	True	O4 + O7 may be combined (max +8)	0.6216
TGFBR2	553	R	H	10	23	4	72.0	3	TSG	Moderate	2	Strong	4	6	6	Strong	4	6	6	True	O4 + O7 may be combined (max +8)	0.5217
SMAD4	537	D	G	10	30	6	26.0	3	TSG	Moderate	2	Strong	4	6	6	Moderate	2	4	4	True	O4 + O7 may be combined (max +8)	0.7
CREBBP	1446	R	H	10	33	6	80.0	2	oncogene, TSG, fusion	Moderate	2	Strong	4	6	6	Strong	4	6	6	True	O4 + O7 may be combined (max +8)	0.3636
CDK4	24	R	L	10	23	4	16.0	2	oncogene	Moderate	2	Strong	4	6	6	Not met	0	2	2	True	O4 + O7 may be combined (max +8)	0.5217
PIK3CA	453	E	Q	10	42	3	22.0	3	oncogene	Moderate	2	Strong	4	6	6	Moderate	2	4	4	True	O4 + O7 may be combined (max +8)	0.4762
PBRM1	710	R	*	10	11	2	47.0	3	TSG	Not applicable (nonsense/stop-loss)	0	Strong	4	4	4	Moderate	2	2	2	False	Cap combined O4 + O7 at +4	0.5455
ALK	401	R	*	9	11	3	17.0	Other	oncogene, fusion	Not applicable (nonsense/stop-loss)	0	Strong	4	4	4	Not met	0	0	0	False	Cap combined O4 + O7 at +4	0.2727
STK11	220	Q	*	9	10	2	15.0	1	TSG	Not applicable (nonsense/stop-loss)	0	Strong	4	4	4	Not met	0	0	0	False	Cap combined O4 + O7 at +4	0.5
SMAD4	534	Q	*	9	10	2	14.0	3	TSG	Not applicable (nonsense/stop-loss)	0	Strong	4	4	4	Not met	0	0	0	False	Cap combined O4 + O7 at +4	0.9
ARID1A	1461	R	*	9	10	2	24.0	3	TSG, fusion	Not applicable (nonsense/stop-loss)	0	Strong	4	4	4	Moderate	2	2	2	False	Cap combined O4 + O7 at +4	0.5
RB1	467	R	*	9	9	1	20.0	1	TSG	Not applicable (nonsense/stop-loss)	0	Strong	4	4	4	Moderate	2	2	2	False	Cap combined O4 + O7 at +4	0.7778
MGA	1242	R	*	9	9	1	14.0	Other		Not applicable (nonsense/stop-loss)	0	Strong	4	4	4	Not met	0	0	0	False	Cap combined O4 + O7 at +4	0.3333
CASP8	491	R	*	9	10	2	23.0	3	TSG	Not applicable (nonsense/stop-loss)	0	Strong	4	4	4	Moderate	2	2	2	False	Cap combined O4 + O7 at +4	0.4
RB1	787	R	*	9	11	2	37.0	1	TSG	Not applicable (nonsense/stop-loss)	0	Strong	4	4	4	Moderate	2	2	2	False	Cap combined O4 + O7 at +4	0.4545
RNF43	371	R	*	9	9	1	20.0	3	TSG	Not applicable (nonsense/stop-loss)	0	Strong	4	4	4	Moderate	2	2	2	False	Cap combined O4 + O7 at +4	0.6667
ASXL2	357	R	*	9	9	1	20.0	3	TSG	Not applicable (nonsense/stop-loss)	0	Strong	4	4	4	Moderate	2	2	2	False	Cap combined O4 + O7 at +4	0.4444
RNF43	145	R	*	9	9	1	31.0	3	TSG	Not applicable (nonsense/stop-loss)	0	Strong	4	4	4	Moderate	2	2	2	False	Cap combined O4 + O7 at +4	0.3333
SMAD4	178	S	*	9	9	1	15.0	1	TSG	Not applicable (nonsense/stop-loss)	0	Strong	4	4	4	Not met	0	0	0	False	Cap combined O4 + O7 at +4	0.3333
RB1	455	R	*	9	9	1	27.0	1	TSG	Not applicable (nonsense/stop-loss)	0	Strong	4	4	4	Moderate	2	2	2	False	Cap combined O4 + O7 at +4	0.4444
SMAD4	386	G	D	9	22	6	28.0	3	TSG	Supporting	1	Strong	4	5	5	Moderate	2	3	3	True	O4 + O7 may be combined (max +8)	0.3636
PIK3R2	373	G	R	9	9	1	27.0	2	oncogene	Supporting	1	Strong	4	5	4	Moderate	2	3	3	False	Cap combined O4 + O7 at +4	0.4444
PIK3CA	1007	G	R	9	10	2	25.0	Other	oncogene	Supporting	1	Strong	4	5	4	Moderate	2	3	3	False	Cap combined O4 + O7 at +4	0.4
MTOR	2215	S	F	9	22	3	33.0	1	oncogene	Supporting	1	Strong	4	5	5	Moderate	2	3	3	True	O4 + O7 may be combined (max +8)	0.3182
TGFBR2	553	R	C	9	23	4	24.0	Other	TSG	Supporting	1	Strong	4	5	5	Moderate	2	3	3	True	O4 + O7 may be combined (max +8)	0.5217
H3F3A	35	G	R	9	12	3	85.0	3	oncogene	Supporting	1	Strong	4	5	4	Strong	4	5	4	False	Cap combined O4 + O7 at +4	0.5
CTNNB1	387	N	K	9	11	3	49.0	Other	oncogene, fusion	Supporting	1	Strong	4	5	4	Moderate	2	3	3	False	Cap combined O4 + O7 at +4	0.4545
EGFR	252	R	C	9	16	3	12.0	Other	oncogene	Supporting	1	Strong	4	5	4	Not met	0	1	1	False	Cap combined O4 + O7 at +4	0.375
PTEN	136	C	R	9	14	4	31.0	2	TSG	Supporting	1	Strong	4	5	4	Moderate	2	3	3	False	Cap combined O4 + O7 at +4	0.2857
ERBB2	767	I	M	9	9	1	32.0	Other	oncogene, fusion	Supporting	1	Strong	4	5	4	Moderate	2	3	3	False	Cap combined O4 + O7 at +4	0.3333
PIK3CB	321	R	Q	9	9	1	16.0	3	oncogene	Supporting	1	Strong	4	5	4	Not met	0	1	1	False	Cap combined O4 + O7 at +4	0.5556
PIK3CA	970	E	K	9	9	1	23.0	2	oncogene	Supporting	1	Strong	4	5	4	Moderate	2	3	3	False	Cap combined O4 + O7 at +4	0.4444
TP53	181	R	H	9	26	3	62.0	3	oncogene, TSG, fusion	Supporting	1	Strong	4	5	5	Strong	4	5	5	True	O4 + O7 may be combined (max +8)	0.4615
TP53	181	R	C	9	26	3	50.0	3	oncogene, TSG, fusion	Supporting	1	Strong	4	5	5	Moderate	2	3	3	True	O4 + O7 may be combined (max +8)	0.4615
MAP2K4	134	R	W	9	11	3	39.0	3	oncogene, TSG	Supporting	1	Strong	4	5	4	Moderate	2	3	3	False	Cap combined O4 + O7 at +4	0.2727
AKT3	17	E	K	9	10	2	16.0	Other	oncogene	Supporting	1	Strong	4	5	4	Not met	0	1	1	False	Cap combined O4 + O7 at +4	0.5
CTCF	354	S	F	9	10	2	18.0	Other	TSG	Supporting	1	Strong	4	5	4	Not met	0	1	1	False	Cap combined O4 + O7 at +4	0.1
RICTOR	1101	S	L	9	10	2	11.0	Other	oncogene	Supporting	1	Strong	4	5	4	Not met	0	1	1	False	Cap combined O4 + O7 at +4	0.3
RHOA	40	E	Q	9	14	5	19.0	2	oncogene, TSG	Supporting	1	Strong	4	5	4	Not met	0	1	1	False	Cap combined O4 + O7 at +4	0.3571
SMARCA4	1243	R	W	9	12	4	35.0	Other	TSG	Supporting	1	Strong	4	5	4	Moderate	2	3	3	False	Cap combined O4 + O7 at +4	0.5833
TP53	164	K	E	9	13	2	34.0	Other	oncogene, TSG, fusion	Supporting	1	Strong	4	5	4	Moderate	2	3	3	False	Cap combined O4 + O7 at +4	0.6154
SMARCA4	1192	R	C	9	17	3	29.0	Other	TSG	Supporting	1	Strong	4	5	4	Moderate	2	3	3	False	Cap combined O4 + O7 at +4	0.2941
CASP8	292	R	W	9	13	2	26.0	Other	TSG	Supporting	1	Strong	4	5	4	Moderate	2	3	3	False	Cap combined O4 + O7 at +4	0.4615
PTPN11	69	E	K	9	11	2	78.0	3	oncogene	Supporting	1	Strong	4	5	4	Strong	4	5	4	False	Cap combined O4 + O7 at +4	0.6364
SDHA	445	S	S	9	10	2				Supporting	1	Absent/not counted	0	1	1	Absent/not counted	0	1	1	False	Cap combined O4 + O7 at +4	0.1
VHL	89	L	H	9	15	3	37.0	2	TSG	Supporting	1	Strong	4	5	4	Moderate	2	3	3	False	Cap combined O4 + O7 at +4	0.3333
PAX5	26	V	G	9	9	1	36.0	3	oncogene, TSG, fusion	Supporting	1	Strong	4	5	4	Moderate	2	3	3	False	Cap combined O4 + O7 at +4	0.4444
CDK6	65	L	L	9	9	1				Supporting	1	Absent/not counted	0	1	1	Absent/not counted	0	1	1	False	Cap combined O4 + O7 at +4	0.6667
CTCF	377	R	C	9	12	2	21.0	Other	TSG	Supporting	1	Strong	4	5	4	Moderate	2	3	3	False	Cap combined O4 + O7 at +4	0.5833
PIK3CB	1051	E	K	9	11	2	20.0	3	oncogene	Supporting	1	Strong	4	5	4	Moderate	2	3	3	False	Cap combined O4 + O7 at +4	0.3636
CDKN2A	108	D	N	9	29	5	35.0	Other	TSG	Supporting	1	Strong	4	5	5	Moderate	2	3	3	True	O4 + O7 may be combined (max +8)	0.5172
ERBB3	329	K	E	9	12	3	18.0	Other	oncogene	Supporting	1	Strong	4	5	4	Not met	0	1	1	False	Cap combined O4 + O7 at +4	0.6667
PDGFRA	842	D	V	9	12	4	211.0	1	oncogene, fusion	Supporting	1	Strong	4	5	4	Strong	4	5	4	False	Cap combined O4 + O7 at +4	0.9167
B2M	1	M	V	9	41	6				Supporting	1	Absent/not counted	0	1	1	Absent/not counted	0	1	1	True	O4 + O7 may be combined (max +8)	0.3659
TP53	282	R	G	9	219	6	85.0	3	oncogene, TSG, fusion	Supporting	1	Strong	4	5	5	Strong	4	5	5	True	O4 + O7 may be combined (max +8)	0.4795
CTNNB1	37	S	A	9	103	5	93.0	2	oncogene, fusion	Supporting	1	Strong	4	5	5	Strong	4	5	5	True	O4 + O7 may be combined (max +8)	0.4272
IDH2	172	R	G	9	63	7	48.0	2	oncogene	Supporting	1	Strong	4	5	5	Moderate	2	3	3	True	O4 + O7 may be combined (max +8)	0.4921
TP53	176	C	S	9	115	8	71.0	3	oncogene, TSG, fusion	Supporting	1	Strong	4	5	5	Strong	4	5	5	True	O4 + O7 may be combined (max +8)	0.4
TP53	216	V	L	9	42	4	33.0	3	oncogene, TSG, fusion	Supporting	1	Strong	4	5	5	Moderate	2	3	3	True	O4 + O7 may be combined (max +8)	0.5
TP53	234	Y	H	9	68	6	63.0	3	oncogene, TSG, fusion	Supporting	1	Strong	4	5	5	Strong	4	5	5	True	O4 + O7 may be combined (max +8)	0.4853
TP53	151	P	R	9	79	7	31.0	3	oncogene, TSG, fusion	Supporting	1	Strong	4	5	5	Moderate	2	3	3	True	O4 + O7 may be combined (max +8)	0.4684
TP53	158	R	G	9	106	7	33.0	3	oncogene, TSG, fusion	Supporting	1	Strong	4	5	5	Moderate	2	3	3	True	O4 + O7 may be combined (max +8)	0.5094
TP53	163	Y	N	9	79	5	43.0	3	oncogene, TSG, fusion	Supporting	1	Strong	4	5	5	Moderate	2	3	3	True	O4 + O7 may be combined (max +8)	0.4304
TP53	135	C	R	9	74	7	36.0	3	oncogene, TSG, fusion	Supporting	1	Strong	4	5	5	Moderate	2	3	3	True	O4 + O7 may be combined (max +8)	0.5
TP53	141	C	W	9	47	7	42.0	3	oncogene, TSG, fusion	Supporting	1	Strong	4	5	5	Moderate	2	3	3	True	O4 + O7 may be combined (max +8)	0.4043
ATM	337	R	H	9	40	2	42.0	Other	TSG	Supporting	1	Strong	4	5	5	Moderate	2	3	3	True	O4 + O7 may be combined (max +8)	0.5
TP53	281	D	V	9	69	9	25.0	3	oncogene, TSG, fusion	Supporting	1	Strong	4	5	5	Moderate	2	3	3	True	O4 + O7 may be combined (max +8)	0.5217
TP53	281	D	H	9	69	9	72.0	2	oncogene, TSG, fusion	Supporting	1	Strong	4	5	5	Strong	4	5	5	True	O4 + O7 may be combined (max +8)	0.5217
GNAQ	96	T	S	9	9	1	141.0	2	oncogene	Supporting	1	Strong	4	5	4	Strong	4	5	4	False	Cap combined O4 + O7 at +4	0.0
NFE2L2	31	G	A	9	21	4	29.0	2	oncogene, TSG	Supporting	1	Strong	4	5	5	Moderate	2	3	3	True	O4 + O7 may be combined (max +8)	0.5238
TP53	285	E	V	9	99	5	35.0	3	oncogene, TSG, fusion	Supporting	1	Strong	4	5	5	Moderate	2	3	3	True	O4 + O7 may be combined (max +8)	0.5253
TP53	242	C	S	9	59	8	62.0	3	oncogene, TSG, fusion	Supporting	1	Strong	4	5	5	Strong	4	5	5	True	O4 + O7 may be combined (max +8)	0.4068
FBXW7	479	R	*	8	57	6	48.0	3	TSG	Not applicable (nonsense/stop-loss)	0	Strong	4	4	4	Moderate	2	2	2	True	O4 + O7 may be combined (max +8)	0.5088
APC	1328	Q	*	8	8	1	57.0	1	TSG	Not applicable (nonsense/stop-loss)	0	Strong	4	4	4	Strong	4	4	4	False	Cap combined O4 + O7 at +4	0.5
CDKN2A	12	S	*	8	12	2	28.0	1	TSG	Not applicable (nonsense/stop-loss)	0	Strong	4	4	4	Moderate	2	2	2	False	Cap combined O4 + O7 at +4	0.75
TP53	107	Y	*	8	15	3	38.0	1	oncogene, TSG, fusion	Not applicable (nonsense/stop-loss)	0	Strong	4	4	4	Moderate	2	2	2	False	Cap combined O4 + O7 at +4	0.5333
TGFBR2	520	R	*	8	9	2	17.0	1	TSG	Not applicable (nonsense/stop-loss)	0	Strong	4	4	4	Not met	0	0	0	False	Cap combined O4 + O7 at +4	0.4444
IL7R	206	R	*	8	9	2	19.0	Other	oncogene	Not applicable (nonsense/stop-loss)	0	Strong	4	4	4	Not met	0	0	0	False	Cap combined O4 + O7 at +4	0.5556
PPM1D	525	E	*	8	8	1	13.0	Other	oncogene	Not applicable (nonsense/stop-loss)	0	Strong	4	4	4	Not met	0	0	0	False	Cap combined O4 + O7 at +4	0.25
APC	1315	S	*	8	8	1	55.0	1	TSG	Not applicable (nonsense/stop-loss)	0	Strong	4	4	4	Strong	4	4	4	False	Cap combined O4 + O7 at +4	0.625
CTCF	448	R	*	8	8	1	21.0	2	TSG	Not applicable (nonsense/stop-loss)	0	Strong	4	4	4	Moderate	2	2	2	False	Cap combined O4 + O7 at +4	0.0
RHOA	5	R	Q	8	17	3	36.0	3	oncogene, TSG	Supporting	1	Strong	4	5	4	Moderate	2	3	3	False	Cap combined O4 + O7 at +4	0.1765
RHOA	5	R	W	8	17	3	27.0	3	oncogene, TSG	Supporting	1	Strong	4	5	4	Moderate	2	3	3	False	Cap combined O4 + O7 at +4	0.1765
CCND1	286	T	I	8	9	2	16.0	3	oncogene, fusion	Supporting	1	Strong	4	5	4	Not met	0	1	1	False	Cap combined O4 + O7 at +4	0.6667
TP53	274	V	G	8	46	5	20.0	3	oncogene, TSG, fusion	Supporting	1	Strong	4	5	5	Moderate	2	3	3	True	O4 + O7 may be combined (max +8)	0.4783
TP53	126	Y	D	8	33	6	31.0	3	oncogene, TSG, fusion	Supporting	1	Strong	4	5	5	Moderate	2	3	3	True	O4 + O7 may be combined (max +8)	0.4242
PIK3CA	38	R	C	8	22	5	39.0	2	oncogene	Supporting	1	Strong	4	5	5	Moderate	2	3	3	True	O4 + O7 may be combined (max +8)	0.3182
TCF7L2	471	R	C	8	14	3	34.0	3	oncogene, fusion	Supporting	1	Strong	4	5	4	Moderate	2	3	3	False	Cap combined O4 + O7 at +4	0.3571
CDKN2A	88	E	K	8	27	3	27.0	Other	TSG	Supporting	1	Strong	4	5	5	Moderate	2	3	3	True	O4 + O7 may be combined (max +8)	0.4815
TET1	1752	P	P	8	10	2				Supporting	1	Absent/not counted	0	1	1	Absent/not counted	0	1	1	False	Cap combined O4 + O7 at +4	0.4
HRAS	117	K	N	8	9	2	17.0	Other	oncogene	Supporting	1	Strong	4	5	4	Not met	0	1	1	False	Cap combined O4 + O7 at +4	0.2222
PTEN	132	G	D	8	17	4	28.0	2	TSG	Supporting	1	Strong	4	5	4	Moderate	2	3	3	False	Cap combined O4 + O7 at +4	0.4706
TP53	215	S	G	8	50	6	49.0	3	oncogene, TSG, fusion	Supporting	1	Strong	4	5	5	Moderate	2	3	3	True	O4 + O7 may be combined (max +8)	0.58
SOX17	403	S	I	8	8	1	16.0	3		Supporting	1	Strong	4	5	4	Not met	0	1	1	False	Cap combined O4 + O7 at +4	0.5
FGFR1	687	K	E	8	11	4	39.0	1	oncogene, fusion	Supporting	1	Strong	4	5	4	Moderate	2	3	3	False	Cap combined O4 + O7 at +4	0.3636
FGFR3	370	G	C	8	8	1				Supporting	1	Absent/not counted	0	1	1	Absent/not counted	0	1	1	False	Cap combined O4 + O7 at +4	0.25
PIK3CB	1067	D	V	8	13	4	16.0	3	oncogene	Supporting	1	Strong	4	5	4	Not met	0	1	1	False	Cap combined O4 + O7 at +4	0.4615
SPOP	87	Y	N	8	14	4	10.0	3	TSG	Supporting	1	Moderate	2	3	3	Not met	0	1	1	False	Cap combined O4 + O7 at +4	0.3571
GATA3	293	M	K	8	9	2				Supporting	1	Absent/not counted	0	1	1	Absent/not counted	0	1	1	False	Cap combined O4 + O7 at +4	0.5556
TP53	270	F	V	8	30	5	21.0	3	oncogene, TSG, fusion	Supporting	1	Strong	4	5	5	Moderate	2	3	3	True	O4 + O7 may be combined (max +8)	0.4333
MED12	44	G	S	8	25	5	450.0	Other	TSG	Supporting	1	Strong	4	5	5	Strong	4	5	5	True	O4 + O7 may be combined (max +8)	0.8
TP53	280	R	S	8	109	6	44.0	3	oncogene, TSG, fusion	Supporting	1	Strong	4	5	5	Moderate	2	3	3	True	O4 + O7 may be combined (max +8)	0.4771
KIT	654	V	A	8	8	1	60.0	3	oncogene	Supporting	1	Strong	4	5	4	Strong	4	5	4	False	Cap combined O4 + O7 at +4	1.0
TP53	193	H	P	8	123	7	64.0	3	oncogene, TSG, fusion	Supporting	1	Strong	4	5	5	Strong	4	5	5	True	O4 + O7 may be combined (max +8)	0.4146
TP53	175	R	C	8	416	4	43.0	2	oncogene, TSG, fusion	Supporting	1	Strong	4	5	5	Moderate	2	3	3	True	O4 + O7 may be combined (max +8)	0.5024
TP53	175	R	L	8	416	4	39.0	1	oncogene, TSG, fusion	Supporting	1	Strong	4	5	5	Moderate	2	3	3	True	O4 + O7 may be combined (max +8)	0.5024
TP53	248	R	G	8	560	6	42.0	2	oncogene, TSG, fusion	Supporting	1	Strong	4	5	5	Moderate	2	3	3	True	O4 + O7 may be combined (max +8)	0.4911
TP53	220	Y	S	8	152	6	39.0	3	oncogene, TSG, fusion	Supporting	1	Strong	4	5	5	Moderate	2	3	3	True	O4 + O7 may be combined (max +8)	0.4013
TP53	179	H	D	8	149	7	40.0	3	oncogene, TSG, fusion	Supporting	1	Strong	4	5	5	Moderate	2	3	3	True	O4 + O7 may be combined (max +8)	0.3758
TP53	179	H	N	8	149	7	43.0	3	oncogene, TSG, fusion	Supporting	1	Strong	4	5	5	Moderate	2	3	3	True	O4 + O7 may be combined (max +8)	0.3758
NRAS	12	G	S	8	74	6	403.0	1	oncogene	Supporting	1	Strong	4	5	5	Strong	4	5	5	True	O4 + O7 may be combined (max +8)	0.473
IDH2	172	R	S	8	63	7	94.0	1	oncogene	Supporting	1	Strong	4	5	5	Strong	4	5	5	True	O4 + O7 may be combined (max +8)	0.4921
SPOP	133	F	C	8	67	5	12.0	2	TSG	Supporting	1	Strong	4	5	5	Not met	0	1	1	True	O4 + O7 may be combined (max +8)	0.4925
TP53	342	R	P	8	137	2	49.0	3	oncogene, TSG, fusion	Supporting	1	Strong	4	5	5	Moderate	2	3	3	True	O4 + O7 may be combined (max +8)	0.6496
TP53	196	R	P	8	141	4	45.0	3	oncogene, TSG, fusion	Supporting	1	Strong	4	5	5	Moderate	2	3	3	True	O4 + O7 may be combined (max +8)	0.4397
BRAF	469	G	R	8	61	7	44.0	3	oncogene, fusion	Supporting	1	Strong	4	5	5	Moderate	2	3	3	True	O4 + O7 may be combined (max +8)	0.6066
CTNNB1	34	G	E	8	53	6	155.0	1	oncogene, fusion	Supporting	1	Strong	4	5	5	Strong	4	5	5	True	O4 + O7 may be combined (max +8)	0.3962
FBXW7	479	R	G	8	57	6	34.0	3	TSG	Supporting	1	Strong	4	5	5	Moderate	2	3	3	True	O4 + O7 may be combined (max +8)	0.5088
TP53	205	Y	H	8	61	7	40.0	3	oncogene, TSG, fusion	Supporting	1	Strong	4	5	5	Moderate	2	3	3	True	O4 + O7 may be combined (max +8)	0.3607
TP53	151	P	T	8	79	7	37.0	3	oncogene, TSG, fusion	Supporting	1	Strong	4	5	5	Moderate	2	3	3	True	O4 + O7 may be combined (max +8)	0.4684
CASP8	494	R	*	8	8	1	22.0	1	TSG	Not applicable (nonsense/stop-loss)	0	Strong	4	4	4	Moderate	2	2	2	False	Cap combined O4 + O7 at +4	0.125
TP53	270	F	L	8	30	5	59.0	3	oncogene, TSG, fusion	Supporting	1	Strong	4	5	5	Strong	4	5	5	True	O4 + O7 may be combined (max +8)	0.4333
FOXP1	448	S	L	8	10	2				Supporting	1	Absent/not counted	0	1	1	Absent/not counted	0	1	1	False	Cap combined O4 + O7 at +4	0.2
PIK3CA	1004	M	I	8	9	2	25.0	Other	oncogene	Supporting	1	Strong	4	5	4	Moderate	2	3	3	False	Cap combined O4 + O7 at +4	0.5556
PGR	836	R	Q	8	9	2	11.0	Other		Supporting	1	Strong	4	5	4	Not met	0	1	1	False	Cap combined O4 + O7 at +4	0.3333
RPTOR	139	R	H	8	8	1	6.0	Other		Supporting	1	Moderate	2	3	3	Not met	0	1	1	False	Cap combined O4 + O7 at +4	0.75
ERBB3	475	R	W	8	8	1	25.0	Other	oncogene	Supporting	1	Strong	4	5	4	Moderate	2	3	3	False	Cap combined O4 + O7 at +4	0.375
TP53	181	R	P	8	26	3	38.0	3	oncogene, TSG, fusion	Supporting	1	Strong	4	5	5	Moderate	2	3	3	True	O4 + O7 may be combined (max +8)	0.4615
TP53	247	N	I	8	15	2	26.0	3	oncogene, TSG, fusion	Supporting	1	Strong	4	5	4	Moderate	2	3	3	False	Cap combined O4 + O7 at +4	0.2667
HIST1H3B	106	E	K	8	14	3	9.0	Other	oncogene	Supporting	1	Moderate	2	3	3	Not met	0	1	1	False	Cap combined O4 + O7 at +4	0.7143
DIS3	382	R	Q	8	9	2	13.0	Other		Supporting	1	Strong	4	5	4	Not met	0	1	1	False	Cap combined O4 + O7 at +4	0.3333
DIS3	689	R	Q	8	9	2	15.0	Other		Supporting	1	Strong	4	5	4	Not met	0	1	1	False	Cap combined O4 + O7 at +4	0.3333
KDR	1032	R	Q	8	12	2	43.0	3	oncogene	Supporting	1	Strong	4	5	4	Moderate	2	3	3	False	Cap combined O4 + O7 at +4	0.3333
TP53	265	L	P	8	19	4	43.0	3	oncogene, TSG, fusion	Supporting	1	Strong	4	5	5	Moderate	2	3	3	True	O4 + O7 may be combined (max +8)	0.3684
TP53	131	N	I	8	13	4	30.0	3	oncogene, TSG, fusion	Supporting	1	Strong	4	5	4	Moderate	2	3	3	False	Cap combined O4 + O7 at +4	0.7692
ARID2	314	R	C	8	9	2	42.0	Other	TSG	Supporting	1	Strong	4	5	4	Moderate	2	3	3	False	Cap combined O4 + O7 at +4	0.2222
BCL2	22	K	K	8	10	3				Supporting	1	Absent/not counted	0	1	1	Absent/not counted	0	1	1	False	Cap combined O4 + O7 at +4	0.4
PIK3CD	1021	E	K	8	8	1	36.0	Other		Supporting	1	Strong	4	5	4	Moderate	2	3	3	False	Cap combined O4 + O7 at +4	0.75
SF3B1	742	G	D	8	8	1	105.0	2	oncogene	Supporting	1	Strong	4	5	4	Strong	4	5	4	False	Cap combined O4 + O7 at +4	0.25
FBXW7	423	G	V	8	10	3	43.0	3	TSG	Supporting	1	Strong	4	5	4	Moderate	2	3	3	False	Cap combined O4 + O7 at +4	0.4
ACVR1	206	R	H	8	8	1	27.0	3	oncogene	Supporting	1	Strong	4	5	4	Moderate	2	3	3	False	Cap combined O4 + O7 at +4	0.5
MAP3K1	1330	S	L	8	10	2	12.0	Other	oncogene, TSG	Supporting	1	Strong	4	5	4	Not met	0	1	1	False	Cap combined O4 + O7 at +4	0.4
EZH2	515	K	R	8	8	1	5.0	Other	oncogene, TSG	Supporting	1	Moderate	2	3	3	Not met	0	1	1	False	Cap combined O4 + O7 at +4	0.0
PTPN11	503	G	V	8	9	2	62.0	2	oncogene	Supporting	1	Strong	4	5	4	Strong	4	5	4	False	Cap combined O4 + O7 at +4	0.1111
TP53	267	R	P	8	36	6	54.0	3	oncogene, TSG, fusion	Supporting	1	Strong	4	5	5	Strong	4	5	5	True	O4 + O7 may be combined (max +8)	0.5
TP53	155	T	N	8	18	4	53.0	2	oncogene, TSG, fusion	Supporting	1	Strong	4	5	5	Strong	4	5	5	True	O4 + O7 may be combined (max +8)	0.3889
CASP8	127	R	Q	8	13	2	24.0	Other	TSG	Supporting	1	Strong	4	5	4	Moderate	2	3	3	False	Cap combined O4 + O7 at +4	0.3077
TP53	331	Q	H	8	47	2	34.0	Other	oncogene, TSG, fusion	Supporting	1	Strong	4	5	5	Moderate	2	3	3	True	O4 + O7 may be combined (max +8)	0.3191
TP53	255	I	N	7	32	5	26.0	3	oncogene, TSG, fusion	Supporting	1	Strong	4	5	5	Moderate	2	3	3	True	O4 + O7 may be combined (max +8)	0.5625
TP53	143	V	A	7	26	4	32.0	3	oncogene, TSG, fusion	Supporting	1	Strong	4	5	5	Moderate	2	3	3	True	O4 + O7 may be combined (max +8)	0.4615
SPOP	102	F	V	7	24	5	20.0	2	TSG	Supporting	1	Strong	4	5	5	Moderate	2	3	3	True	O4 + O7 may be combined (max +8)	0.4583
MTOR	1977	T	K	7	14	4	20.0	3	oncogene	Supporting	1	Strong	4	5	4	Moderate	2	3	3	False	Cap combined O4 + O7 at +4	0.6429
RRAS2	72	Q	L	7	9	2	12.0	1	oncogene	Supporting	1	Strong	4	5	4	Not met	0	1	1	False	Cap combined O4 + O7 at +4	0.0
FGFR3	650	K	E	7	10	4				Supporting	1	Absent/not counted	0	1	1	Absent/not counted	0	1	1	False	Cap combined O4 + O7 at +4	0.3
SMARCA4	1192	R	H	7	17	3	28.0	Other	TSG	Supporting	1	Strong	4	5	5	Moderate	2	3	3	True	O4 + O7 may be combined (max +8)	0.2941
STK11	194	D	Y	7	14	5	19.0	3	TSG	Supporting	1	Strong	4	5	4	Not met	0	1	1	False	Cap combined O4 + O7 at +4	0.6429
KMT2C	4549	R	C	7	9	3	15.0	Other	TSG	Supporting	1	Strong	4	5	4	Not met	0	1	1	False	Cap combined O4 + O7 at +4	0.6667
FOXA1	176	I	V	7	11	2	15.0	Other	oncogene	Supporting	1	Strong	4	5	4	Not met	0	1	1	False	Cap combined O4 + O7 at +4	0.3636
PTPN11	76	E	K	7	13	4	184.0	1	oncogene	Supporting	1	Strong	4	5	4	Strong	4	5	4	False	Cap combined O4 + O7 at +4	0.4615
NFE2L2	30	L	F	7	12	4	25.0	3	oncogene, TSG	Supporting	1	Strong	4	5	4	Moderate	2	3	3	False	Cap combined O4 + O7 at +4	0.25
CTNNB1	36	H	P	7	8	2	68.0	3	oncogene, fusion	Supporting	1	Strong	4	5	4	Strong	4	5	4	False	Cap combined O4 + O7 at +4	0.25
NFE2L2	24	W	R	7	11	3	18.0	3	oncogene, TSG	Supporting	1	Strong	4	5	4	Not met	0	1	1	False	Cap combined O4 + O7 at +4	0.3636
ATM	3008	R	H	7	15	3	43.0	3	TSG	Supporting	1	Strong	4	5	4	Moderate	2	3	3	False	Cap combined O4 + O7 at +4	0.6
PTEN	92	D	E	7	18	6	23.0	Other	TSG	Supporting	1	Strong	4	5	5	Moderate	2	3	3	True	O4 + O7 may be combined (max +8)	0.5
TP53	286	E	Q	7	73	6	19.0	3	oncogene, TSG, fusion	Supporting	1	Strong	4	5	5	Not met	0	1	1	True	O4 + O7 may be combined (max +8)	0.4795
NFE2L2	31	G	E	7	21	4	18.0	3	oncogene, TSG	Supporting	1	Strong	4	5	5	Not met	0	1	1	True	O4 + O7 may be combined (max +8)	0.5238
CTNNB1	37	S	P	7	103	5	53.0	2	oncogene, fusion	Supporting	1	Strong	4	5	5	Strong	4	5	5	True	O4 + O7 may be combined (max +8)	0.4272
NFE2L2	29	D	Y	7	30	4	13.0	2	oncogene, TSG	Supporting	1	Strong	4	5	5	Not met	0	1	1	True	O4 + O7 may be combined (max +8)	0.2333
TP53	274	V	D	7	46	5	20.0	3	oncogene, TSG, fusion	Supporting	1	Strong	4	5	5	Moderate	2	3	3	True	O4 + O7 may be combined (max +8)	0.4783
PIK3CA	1047	H	Q	7	647	4	26.0	2	oncogene	Supporting	1	Strong	4	5	5	Moderate	2	3	3	True	O4 + O7 may be combined (max +8)	0.527
PIK3CA	345	N	I	7	98	7	18.0	2	oncogene	Supporting	1	Strong	4	5	5	Not met	0	1	1	True	O4 + O7 may be combined (max +8)	0.5204
TP53	245	G	R	7	242	7	35.0	3	oncogene, TSG, fusion	Supporting	1	Strong	4	5	5	Moderate	2	3	3	True	O4 + O7 may be combined (max +8)	0.5041
DIS3	488	D	N	7	11	5	21.0	Other		Supporting	1	Strong	4	5	4	Moderate	2	3	3	False	Cap combined O4 + O7 at +4	0.1818
CTNNB1	33	S	A	7	96	6	48.0	2	oncogene, fusion	Supporting	1	Strong	4	5	5	Moderate	2	3	3	True	O4 + O7 may be combined (max +8)	0.3854
IDH2	172	R	W	7	63	7	50.0	2	oncogene	Supporting	1	Strong	4	5	5	Moderate	2	3	3	True	O4 + O7 may be combined (max +8)	0.4921
TP53	176	C	W	7	115	8	40.0	3	oncogene, TSG, fusion	Supporting	1	Strong	4	5	5	Moderate	2	3	3	True	O4 + O7 may be combined (max +8)	0.4
RAC1	29	P	L	7	53	4	11.0	2	oncogene	Supporting	1	Strong	4	5	5	Not met	0	1	1	True	O4 + O7 may be combined (max +8)	0.3774
FBXW7	479	R	P	7	57	6	23.0	3	TSG	Supporting	1	Strong	4	5	5	Moderate	2	3	3	True	O4 + O7 may be combined (max +8)	0.5088
TP53	275	C	R	7	70	7	33.0	3	oncogene, TSG, fusion	Supporting	1	Strong	4	5	5	Moderate	2	3	3	True	O4 + O7 may be combined (max +8)	0.3857
EGFR	719	G	C	7	33	4	53.0	3	oncogene	Supporting	1	Strong	4	5	5	Strong	4	5	5	True	O4 + O7 may be combined (max +8)	0.697
MAP2K1	57	K	T	7	29	3	14.0	2	oncogene	Supporting	1	Strong	4	5	5	Not met	0	1	1	True	O4 + O7 may be combined (max +8)	0.6207
CIC	215	R	Q	7	25	3	16.0	3	oncogene, TSG, fusion	Supporting	1	Strong	4	5	5	Not met	0	1	1	True	O4 + O7 may be combined (max +8)	0.44
TP53	215	S	N	7	50	6	35.0	3	oncogene, TSG, fusion	Supporting	1	Strong	4	5	5	Moderate	2	3	3	True	O4 + O7 may be combined (max +8)	0.58
CDK4	24	R	H	7	23	4	9.0	1	oncogene	Supporting	1	Moderate	2	3	3	Not met	0	1	1	True	O4 + O7 may be combined (max +8)	0.5217
FGFR4	550	V	L	7	11	2	27.0	3	oncogene	Supporting	1	Strong	4	5	4	Moderate	2	3	3	False	Cap combined O4 + O7 at +4	0.6364
MYD88	243	S	N	7	7	1				Supporting	1	Absent/not counted	0	1	1	Absent/not counted	0	1	1	False	Cap combined O4 + O7 at +4	0.2857
MET	222	T	T	7	7	1				Supporting	1	Absent/not counted	0	1	1	Absent/not counted	0	1	1	False	Cap combined O4 + O7 at +4	0.4286
NSD1	392	F	F	7	7	1				Supporting	1	Absent/not counted	0	1	1	Absent/not counted	0	1	1	False	Cap combined O4 + O7 at +4	0.4286
TP53	247	N	N	7	15	2				Supporting	1	Absent/not counted	0	1	1	Absent/not counted	0	1	1	False	Cap combined O4 + O7 at +4	0.2667
TP53	254	I	S	7	13	6	22.0	Other	oncogene, TSG, fusion	Supporting	1	Strong	4	5	4	Moderate	2	3	3	False	Cap combined O4 + O7 at +4	0.5385
SDHA	639	L	V	7	7	1	3.0	Other	TSG	Supporting	1	Not met	0	1	1	Not met	0	1	1	False	Cap combined O4 + O7 at +4	0.1429
DNMT1	432	E	K	7	7	1				Supporting	1	Absent/not counted	0	1	1	Absent/not counted	0	1	1	False	Cap combined O4 + O7 at +4	0.1429
POLE	18	E	K	7	7	1	14.0	Other	TSG	Supporting	1	Strong	4	5	4	Not met	0	1	1	False	Cap combined O4 + O7 at +4	1.0
SMAD3	268	R	C	7	11	2	14.0	Other	TSG	Supporting	1	Strong	4	5	4	Not met	0	1	1	False	Cap combined O4 + O7 at +4	0.4545
SMARCA4	821	E	K	7	8	2	14.0	Other	TSG	Supporting	1	Strong	4	5	4	Not met	0	1	1	False	Cap combined O4 + O7 at +4	0.5
TP53	126	Y	*	7	33	6	36.0	2	oncogene, TSG, fusion	Not applicable (nonsense/stop-loss)	0	Strong	4	4	4	Moderate	2	2	2	True	O4 + O7 may be combined (max +8)	0.4242
VHL	65	S	*	7	17	5	30.0	1	TSG	Not applicable (nonsense/stop-loss)	0	Strong	4	4	4	Moderate	2	2	2	True	O4 + O7 may be combined (max +8)	0.2941
VHL	68	S	*	7	8	2	29.0	1	TSG	Not applicable (nonsense/stop-loss)	0	Strong	4	4	4	Moderate	2	2	2	False	Cap combined O4 + O7 at +4	0.25
VHL	161	R	*	7	10	3	42.0	1	TSG	Not applicable (nonsense/stop-loss)	0	Strong	4	4	4	Moderate	2	2	2	False	Cap combined O4 + O7 at +4	0.6
FAT1	1627	R	*	7	12	2	13.0	3	TSG	Not applicable (nonsense/stop-loss)	0	Strong	4	4	4	Not met	0	0	0	False	Cap combined O4 + O7 at +4	0.3333
NF1	1241	R	*	7	7	1	23.0	1	TSG, fusion	Not applicable (nonsense/stop-loss)	0	Strong	4	4	4	Moderate	2	2	2	False	Cap combined O4 + O7 at +4	0.7143
PTEN	336	Y	*	7	7	1	26.0	1	TSG	Not applicable (nonsense/stop-loss)	0	Strong	4	4	4	Moderate	2	2	2	False	Cap combined O4 + O7 at +4	0.4286
KMT2D	2685	R	*	7	8	2	16.0	3	oncogene, TSG	Not applicable (nonsense/stop-loss)	0	Strong	4	4	4	Not met	0	0	0	False	Cap combined O4 + O7 at +4	0.625
APC	1294	Q	*	7	7	1	51.0	1	TSG	Not applicable (nonsense/stop-loss)	0	Strong	4	4	4	Strong	4	4	4	False	Cap combined O4 + O7 at +4	0.4286
RBM10	153	R	*	7	8	2				Not applicable (nonsense/stop-loss)	0	Absent/not counted	0	0	0	Absent/not counted	0	0	0	False	Cap combined O4 + O7 at +4	0.625
NF1	461	R	*	7	9	2	16.0	1	TSG, fusion	Not applicable (nonsense/stop-loss)	0	Strong	4	4	4	Not met	0	0	0	False	Cap combined O4 + O7 at +4	0.2222
TET2	550	R	*	7	7	1	65.0	3	TSG	Not applicable (nonsense/stop-loss)	0	Strong	4	4	4	Strong	4	4	4	False	Cap combined O4 + O7 at +4	0.5714
SMAD2	182	R	*	7	8	2	22.0	3	TSG	Not applicable (nonsense/stop-loss)	0	Strong	4	4	4	Moderate	2	2	2	False	Cap combined O4 + O7 at +4	0.625
PBRM1	921	R	*	7	7	1	12.0	3	TSG	Not applicable (nonsense/stop-loss)	0	Strong	4	4	4	Not met	0	0	0	False	Cap combined O4 + O7 at +4	0.4286
NF1	1870	R	Q	7	8	2	8.0	3	TSG, fusion	Supporting	1	Moderate	2	3	3	Not met	0	1	1	False	Cap combined O4 + O7 at +4	0.25
IKZF1	304	E	K	7	8	2				Supporting	1	Absent/not counted	0	1	1	Absent/not counted	0	1	1	False	Cap combined O4 + O7 at +4	0.625
TP53	208	D	V	7	12	4	36.0	Other	oncogene, TSG, fusion	Supporting	1	Strong	4	5	4	Moderate	2	3	3	False	Cap combined O4 + O7 at +4	0.6667
FBXW7	546	S	L	7	9	3	7.0	Other	TSG	Supporting	1	Moderate	2	3	3	Not met	0	1	1	False	Cap combined O4 + O7 at +4	0.4444
HLA-A	180	L	L	7	7	1				Supporting	1	Absent/not counted	0	1	1	Absent/not counted	0	1	1	False	Cap combined O4 + O7 at +4	0.0
SF3B1	740	G	E	7	9	2	38.0	Other	oncogene	Supporting	1	Strong	4	5	4	Moderate	2	3	3	False	Cap combined O4 + O7 at +4	0.2222
PIK3CA	1025	T	A	7	8	2	61.0	2	oncogene	Supporting	1	Strong	4	5	4	Strong	4	5	4	False	Cap combined O4 + O7 at +4	0.375
SOS1	233	N	Y	7	7	1	19.0	2	oncogene, fusion	Supporting	1	Strong	4	5	4	Not met	0	1	1	False	Cap combined O4 + O7 at +4	0.0
RAF1	259	S	F	7	12	4	11.0	3	oncogene, fusion	Supporting	1	Strong	4	5	4	Not met	0	1	1	False	Cap combined O4 + O7 at +4	0.6667
ERBB4	798	L	R	7	11	4	14.0	Other	oncogene, TSG	Supporting	1	Strong	4	5	4	Not met	0	1	1	False	Cap combined O4 + O7 at +4	0.1818
SMARCA4	1189	R	Q	7	12	4	25.0	Other	TSG	Supporting	1	Strong	4	5	4	Moderate	2	3	3	False	Cap combined O4 + O7 at +4	0.75
SPOP	117	M	V	7	7	1	16.0	3	TSG	Supporting	1	Strong	4	5	4	Not met	0	1	1	False	Cap combined O4 + O7 at +4	0.2857
TP63	365	S	L	7	12	3	17.0	Other	oncogene, TSG	Supporting	1	Strong	4	5	4	Not met	0	1	1	False	Cap combined O4 + O7 at +4	0.3333
CTNNB1	35	I	S	7	8	2	65.0	3	oncogene, fusion	Supporting	1	Strong	4	5	4	Strong	4	5	4	False	Cap combined O4 + O7 at +4	0.75
PIK3CA	115	R	L	7	11	3	14.0	Other	oncogene	Supporting	1	Strong	4	5	4	Not met	0	1	1	False	Cap combined O4 + O7 at +4	0.4545
TP53	271	E	Q	7	53	4	18.0	Other	oncogene, TSG, fusion	Supporting	1	Strong	4	5	5	Not met	0	1	1	True	O4 + O7 may be combined (max +8)	0.5472
ASXL2	330	E	K	7	10	3	9.0	Other	TSG	Supporting	1	Moderate	2	3	3	Not met	0	1	1	False	Cap combined O4 + O7 at +4	0.3
TP53	161	A	D	7	26	5	38.0	3	oncogene, TSG, fusion	Supporting	1	Strong	4	5	5	Moderate	2	3	3	True	O4 + O7 may be combined (max +8)	0.3462
TP53	155	T	P	7	18	4	36.0	3	oncogene, TSG, fusion	Supporting	1	Strong	4	5	5	Moderate	2	3	3	True	O4 + O7 may be combined (max +8)	0.3889
TP53	257	L	Q	7	17	5	27.0	2	oncogene, TSG, fusion	Supporting	1	Strong	4	5	5	Moderate	2	3	3	True	O4 + O7 may be combined (max +8)	0.6471
KEAP1	470	R	C	7	10	3	23.0	Other	TSG	Supporting	1	Strong	4	5	4	Moderate	2	3	3	False	Cap combined O4 + O7 at +4	0.2
GNAS	160	R	C	7	9	3				Supporting	1	Absent/not counted	0	1	1	Absent/not counted	0	1	1	False	Cap combined O4 + O7 at +4	0.4444
PPP6C	270	S	L	7	7	1				Supporting	1	Absent/not counted	0	1	1	Absent/not counted	0	1	1	False	Cap combined O4 + O7 at +4	0.2857
KEAP1	480	G	W	7	9	3	13.0	Other	TSG	Supporting	1	Strong	4	5	4	Not met	0	1	1	False	Cap combined O4 + O7 at +4	0.5556
TP53	111	L	P	7	18	4	19.0	3	oncogene, TSG, fusion	Supporting	1	Strong	4	5	5	Not met	0	1	1	True	O4 + O7 may be combined (max +8)	0.2778
MAP2K4	184	S	L	7	9	3	28.0	3	oncogene, TSG	Supporting	1	Strong	4	5	4	Moderate	2	3	3	False	Cap combined O4 + O7 at +4	0.5556
PTEN	38	P	S	7	11	3	20.0	3	TSG	Supporting	1	Strong	4	5	4	Moderate	2	3	3	False	Cap combined O4 + O7 at +4	0.3636
TP53	259	D	V	7	31	5	32.0	3	oncogene, TSG, fusion	Supporting	1	Strong	4	5	5	Moderate	2	3	3	True	O4 + O7 may be combined (max +8)	0.5161
BCL2	131	A	D	7	10	3	18.0	Other	oncogene, fusion	Supporting	1	Strong	4	5	4	Not met	0	1	1	False	Cap combined O4 + O7 at +4	0.9
MSH2	580	E	*	6	6	1	24.0	1	TSG	Not applicable (nonsense/stop-loss)	0	Strong	4	4	4	Moderate	2	2	2	False	Cap combined O4 + O7 at +4	0.3333
PTEN	274	W	*	6	7	2	21.0	1	TSG	Not applicable (nonsense/stop-loss)	0	Strong	4	4	4	Moderate	2	2	2	False	Cap combined O4 + O7 at +4	0.4286
ATRX	907	R	*	6	6	1	9.0	3	TSG	Not applicable (nonsense/stop-loss)	0	Moderate	2	2	2	Not met	0	0	0	False	Cap combined O4 + O7 at +4	0.5
ARID1A	1142	Q	*	6	6	1	11.0	3	TSG, fusion	Not applicable (nonsense/stop-loss)	0	Strong	4	4	4	Not met	0	0	0	False	Cap combined O4 + O7 at +4	0.5
NOTCH2	2400	R	*	6	6	1	63.0	3	oncogene, TSG	Not applicable (nonsense/stop-loss)	0	Strong	4	4	4	Strong	4	4	4	False	Cap combined O4 + O7 at +4	0.3333
CDH1	63	R	*	6	8	3	14.0	1	TSG	Not applicable (nonsense/stop-loss)	0	Strong	4	4	4	Not met	0	0	0	False	Cap combined O4 + O7 at +4	0.125
PTEN	111	W	*	6	9	4	28.0	1	TSG	Not applicable (nonsense/stop-loss)	0	Strong	4	4	4	Moderate	2	2	2	False	Cap combined O4 + O7 at +4	0.6667
STK11	165	E	*	6	9	3	18.0	3	TSG	Not applicable (nonsense/stop-loss)	0	Strong	4	4	4	Not met	0	0	0	False	Cap combined O4 + O7 at +4	0.8889
CDH1	335	R	*	6	7	2	17.0	1	TSG	Not applicable (nonsense/stop-loss)	0	Strong	4	4	4	Not met	0	0	0	False	Cap combined O4 + O7 at +4	0.4286
CDKN2A	129	Y	*	6	9	2	33.0	3	TSG	Not applicable (nonsense/stop-loss)	0	Strong	4	4	4	Moderate	2	2	2	False	Cap combined O4 + O7 at +4	0.5556
TP53	234	Y	*	6	68	6	40.0	1	oncogene, TSG, fusion	Not applicable (nonsense/stop-loss)	0	Strong	4	4	4	Moderate	2	2	2	True	O4 + O7 may be combined (max +8)	0.4853
VHL	121	D	Y	6	9	3	15.0	Other	TSG	Supporting	1	Strong	4	5	4	Not met	0	1	1	False	Cap combined O4 + O7 at +4	0.2222
ATM	2832	R	C	6	7	2	19.0	3	TSG	Supporting	1	Strong	4	5	4	Not met	0	1	1	False	Cap combined O4 + O7 at +4	0.2857
KIT	559	V	A	6	14	3	33.0	1	oncogene	Supporting	1	Strong	4	5	4	Moderate	2	3	3	False	Cap combined O4 + O7 at +4	0.7143
NFE2L2	81	G	S	6	19	6	18.0	3	oncogene, TSG	Supporting	1	Strong	4	5	5	Not met	0	1	1	True	O4 + O7 may be combined (max +8)	0.3158
TCEB1	79	Y	C	6	10	5				Supporting	1	Absent/not counted	0	1	1	Absent/not counted	0	1	1	False	Cap combined O4 + O7 at +4	0.2
SMAD4	386	G	V	6	22	6	19.0	3	TSG	Supporting	1	Strong	4	5	5	Not met	0	1	1	True	O4 + O7 may be combined (max +8)	0.3636
PTPN11	72	A	T	6	18	5	81.0	1	oncogene	Supporting	1	Strong	4	5	5	Strong	4	5	5	True	O4 + O7 may be combined (max +8)	0.5556
PTPN11	72	A	V	6	18	5	109.0	2	oncogene	Supporting	1	Strong	4	5	5	Strong	4	5	5	True	O4 + O7 may be combined (max +8)	0.5556
ESR1	536	L	H	6	14	5	12.0	Other	oncogene, TSG, fusion	Supporting	1	Strong	4	5	4	Not met	0	1	1	False	Cap combined O4 + O7 at +4	1.0
TP53	255	I	S	6	32	5	30.0	3	oncogene, TSG, fusion	Supporting	1	Strong	4	5	5	Moderate	2	3	3	True	O4 + O7 may be combined (max +8)	0.5625
TP53	255	I	T	6	32	5	26.0	3	oncogene, TSG, fusion	Supporting	1	Strong	4	5	5	Moderate	2	3	3	True	O4 + O7 may be combined (max +8)	0.5625
MET	1010	D	H	6	14	3				Supporting	1	Absent/not counted	0	1	1	Absent/not counted	0	1	1	False	Cap combined O4 + O7 at +4	1.0
MET	1010	D	N	6	14	3				Supporting	1	Absent/not counted	0	1	1	Absent/not counted	0	1	1	False	Cap combined O4 + O7 at +4	1.0
SMAD4	351	D	Y	6	20	6	16.0	Other	TSG	Supporting	1	Strong	4	5	5	Not met	0	1	1	True	O4 + O7 may be combined (max +8)	0.6
CDKN2A	84	D	Y	6	26	6	32.0	3	TSG	Supporting	1	Strong	4	5	5	Moderate	2	3	3	True	O4 + O7 may be combined (max +8)	0.5385
PIK3CA	106	G	R	6	22	4	18.0	3	oncogene	Supporting	1	Strong	4	5	5	Not met	0	1	1	True	O4 + O7 may be combined (max +8)	0.5455
TP53	270	F	S	6	30	5	33.0	2	oncogene, TSG, fusion	Supporting	1	Strong	4	5	5	Moderate	2	3	3	True	O4 + O7 may be combined (max +8)	0.4333
ERBB4	707	Q	E	6	11	2	6.0	Other	oncogene, TSG	Supporting	1	Moderate	2	3	3	Not met	0	1	1	False	Cap combined O4 + O7 at +4	0.0
VHL	65	S	L	6	17	5	26.0	3	TSG	Supporting	1	Strong	4	5	5	Moderate	2	3	3	True	O4 + O7 may be combined (max +8)	0.2941
KIT	557	W	R	6	12	4	53.0	1	oncogene	Supporting	1	Strong	4	5	4	Strong	4	5	4	False	Cap combined O4 + O7 at +4	0.6667
ERBB2	769	D	H	6	18	2	18.0	1	oncogene, fusion	Supporting	1	Strong	4	5	5	Not met	0	1	1	True	O4 + O7 may be combined (max +8)	0.4444
TP53	110	R	C	6	43	4	39.0	Other	oncogene, TSG, fusion	Supporting	1	Strong	4	5	5	Moderate	2	3	3	True	O4 + O7 may be combined (max +8)	0.4884
AR	742	W	C	6	7	2	22.0	Other	oncogene	Supporting	1	Strong	4	5	4	Moderate	2	3	3	False	Cap combined O4 + O7 at +4	0.7143
DICER1	1813	E	G	6	11	4	47.0	Other	TSG	Supporting	1	Strong	4	5	4	Moderate	2	3	3	False	Cap combined O4 + O7 at +4	0.4545
KMT2C	56	R	Q	6	10	2	10.0	Other	TSG	Supporting	1	Moderate	2	3	3	Not met	0	1	1	False	Cap combined O4 + O7 at +4	0.5
ERG	354	R	R	6	6	1				Supporting	1	Absent/not counted	0	1	1	Absent/not counted	0	1	1	False	Cap combined O4 + O7 at +4	0.0
PARP1	500	G	G	6	6	1				Supporting	1	Absent/not counted	0	1	1	Absent/not counted	0	1	1	False	Cap combined O4 + O7 at +4	0.0
TP53	286	E	G	6	73	6	37.0	3	oncogene, TSG, fusion	Supporting	1	Strong	4	5	5	Moderate	2	3	3	True	O4 + O7 may be combined (max +8)	0.4795
SMAD4	537	D	H	6	30	6	12.0	3	TSG	Supporting	1	Strong	4	5	5	Not met	0	1	1	True	O4 + O7 may be combined (max +8)	0.7
PTEN	68	Y	H	6	11	4	28.0	3	TSG	Supporting	1	Strong	4	5	4	Moderate	2	3	3	False	Cap combined O4 + O7 at +4	0.6364
CDKN2A	83	H	D	6	62	5	9.0	3	TSG	Supporting	1	Moderate	2	3	3	Not met	0	1	1	True	O4 + O7 may be combined (max +8)	0.6129
KRAS	13	G	G	6	264	7				Supporting	1	Absent/not counted	0	1	1	Absent/not counted	0	1	1	True	O4 + O7 may be combined (max +8)	0.6098
KRAS	13	G	V	6	264	7	56.0	1	oncogene	Supporting	1	Strong	4	5	5	Strong	4	5	5	True	O4 + O7 may be combined (max +8)	0.6098
TP53	248	R	R	6	560	6				Supporting	1	Absent/not counted	0	1	1	Absent/not counted	0	1	1	True	O4 + O7 may be combined (max +8)	0.4911
KRAS	12	G	F	6	2175	10	67.0	3	oncogene	Supporting	1	Strong	4	5	5	Strong	4	5	5	True	O4 + O7 may be combined (max +8)	0.5793
PIK3CA	542	E	A	6	372	5	12.0	1	oncogene	Supporting	1	Strong	4	5	5	Not met	0	1	1	True	O4 + O7 may be combined (max +8)	0.5565
PTEN	130	R	P	6	168	7	18.0	2	TSG	Supporting	1	Strong	4	5	5	Not met	0	1	1	True	O4 + O7 may be combined (max +8)	0.4048
TP53	220	Y	H	6	152	6	33.0	3	oncogene, TSG, fusion	Supporting	1	Strong	4	5	5	Moderate	2	3	3	True	O4 + O7 may be combined (max +8)	0.4013
CTNNB1	32	D	H	6	81	6	81.0	2	oncogene, fusion	Supporting	1	Strong	4	5	5	Strong	4	5	5	True	O4 + O7 may be combined (max +8)	0.3333
NRAS	12	G	A	6	74	6	197.0	1	oncogene	Supporting	1	Strong	4	5	5	Strong	4	5	5	True	O4 + O7 may be combined (max +8)	0.473
EGFR	289	A	D	6	59	5	16.0	2	oncogene	Supporting	1	Strong	4	5	5	Not met	0	1	1	True	O4 + O7 may be combined (max +8)	0.4576
HRAS	13	G	D	6	50	7	57.0	1	oncogene	Supporting	1	Strong	4	5	5	Strong	4	5	5	True	O4 + O7 may be combined (max +8)	0.3
EZH2	646	Y	H	6	38	6	53.0	2	oncogene, TSG	Supporting	1	Strong	4	5	5	Strong	4	5	5	True	O4 + O7 may be combined (max +8)	0.3684
MAP2K1	124	P	L	6	25	6	31.0	1	oncogene	Supporting	1	Strong	4	5	5	Moderate	2	3	3	True	O4 + O7 may be combined (max +8)	0.2
TP53	234	Y	N	6	68	6	36.0	3	oncogene, TSG, fusion	Supporting	1	Strong	4	5	5	Moderate	2	3	3	True	O4 + O7 may be combined (max +8)	0.4853
TP53	205	Y	F	6	61	7	21.0	3	oncogene, TSG, fusion	Supporting	1	Strong	4	5	5	Moderate	2	3	3	True	O4 + O7 may be combined (max +8)	0.3607
TP53	205	Y	S	6	61	7	25.0	3	oncogene, TSG, fusion	Supporting	1	Strong	4	5	5	Moderate	2	3	3	True	O4 + O7 may be combined (max +8)	0.3607
TP53	275	C	S	6	70	7	14.0	3	oncogene, TSG, fusion	Supporting	1	Strong	4	5	5	Not met	0	1	1	True	O4 + O7 may be combined (max +8)	0.3857
TP53	278	P	H	6	100	7	41.0	3	oncogene, TSG, fusion	Supporting	1	Strong	4	5	5	Moderate	2	3	3	True	O4 + O7 may be combined (max +8)	0.51
TP53	241	S	P	6	97	7	31.0	3	oncogene, TSG, fusion	Supporting	1	Strong	4	5	5	Moderate	2	3	3	True	O4 + O7 may be combined (max +8)	0.4639
MAP2K1	57	K	E	6	29	3	17.0	1	oncogene	Supporting	1	Strong	4	5	5	Not met	0	1	1	True	O4 + O7 may be combined (max +8)	0.6207
KIT	822	N	Y	6	21	3	24.0	3	oncogene	Supporting	1	Strong	4	5	5	Moderate	2	3	3	True	O4 + O7 may be combined (max +8)	0.619
CREBBP	1446	R	L	6	33	6	12.0	2	oncogene, TSG, fusion	Supporting	1	Strong	4	5	5	Not met	0	1	1	True	O4 + O7 may be combined (max +8)	0.3636
MED12	44	G	D	6	25	5	859.0	Other	TSG	Supporting	1	Strong	4	5	5	Strong	4	5	5	True	O4 + O7 may be combined (max +8)	0.8
TP53	244	G	V	6	65	8	41.0	3	oncogene, TSG, fusion	Supporting	1	Strong	4	5	5	Moderate	2	3	3	True	O4 + O7 may be combined (max +8)	0.4923
ATM	3008	R	C	6	15	3	45.0	3	TSG	Supporting	1	Strong	4	5	4	Moderate	2	3	3	False	Cap combined O4 + O7 at +4	0.6
ERBB3	228	H	Q	6	8	2	6.0	Other	oncogene	Supporting	1	Moderate	2	3	3	Not met	0	1	1	False	Cap combined O4 + O7 at +4	0.0
STK11	221	P	L	6	8	3	10.0	Other	TSG	Supporting	1	Moderate	2	3	3	Not met	0	1	1	False	Cap combined O4 + O7 at +4	0.625
PIK3CA	539	P	R	6	6	1	38.0	2	oncogene	Supporting	1	Strong	4	5	4	Moderate	2	3	3	False	Cap combined O4 + O7 at +4	0.5
TP53	113	F	C	6	17	6	23.0	3	oncogene, TSG, fusion	Supporting	1	Strong	4	5	5	Moderate	2	3	3	True	O4 + O7 may be combined (max +8)	0.5882
TP53	113	F	V	6	17	6	20.0	Other	oncogene, TSG, fusion	Supporting	1	Strong	4	5	5	Moderate	2	3	3	True	O4 + O7 may be combined (max +8)	0.5882
SETD2	1625	R	C	6	13	4	16.0	Other	TSG	Supporting	1	Strong	4	5	4	Not met	0	1	1	False	Cap combined O4 + O7 at +4	0.4615
TP53	111	L	R	6	18	4	18.0	3	oncogene, TSG, fusion	Supporting	1	Strong	4	5	5	Not met	0	1	1	True	O4 + O7 may be combined (max +8)	0.2778
ERBB2	103	R	Q	6	6	1	7.0	Other	oncogene, fusion	Supporting	1	Moderate	2	3	3	Not met	0	1	1	False	Cap combined O4 + O7 at +4	0.5
KDR	1037	S	S	6	11	3				Supporting	1	Absent/not counted	0	1	1	Absent/not counted	0	1	1	False	Cap combined O4 + O7 at +4	0.3636
GLI1	380	R	Q	6	8	3	11.0	Other	oncogene, fusion	Supporting	1	Strong	4	5	4	Not met	0	1	1	False	Cap combined O4 + O7 at +4	0.5
BCL6	618	R	C	6	7	2	6.0	Other	oncogene, fusion	Supporting	1	Moderate	2	3	3	Not met	0	1	1	False	Cap combined O4 + O7 at +4	0.4286
FOXL2	118	E	K	6	7	2	10.0	Other	oncogene, TSG	Supporting	1	Moderate	2	3	3	Not met	0	1	1	False	Cap combined O4 + O7 at +4	0.2857
SDHA	644	V	M	6	7	2	1.0	Other	TSG	Supporting	1	Not met	0	1	1	Not met	0	1	1	False	Cap combined O4 + O7 at +4	0.0
FBXW7	14	R	Q	6	9	2	11.0	Other	TSG	Supporting	1	Strong	4	5	4	Not met	0	1	1	False	Cap combined O4 + O7 at +4	0.1111
TP53	107	Y	D	6	15	3	16.0	Other	oncogene, TSG, fusion	Supporting	1	Strong	4	5	4	Not met	0	1	1	False	Cap combined O4 + O7 at +4	0.5333
FOXP1	514	R	H	6	9	2				Supporting	1	Absent/not counted	0	1	1	Absent/not counted	0	1	1	False	Cap combined O4 + O7 at +4	0.5556
ETV6	369	R	W	6	9	4	11.0	Other	TSG, fusion	Supporting	1	Strong	4	5	4	Not met	0	1	1	False	Cap combined O4 + O7 at +4	0.4444
PTPN11	468	T	M	6	7	2	23.0	Other	oncogene	Supporting	1	Strong	4	5	4	Moderate	2	3	3	False	Cap combined O4 + O7 at +4	0.2857
DICER1	1344	S	L	6	7	2	11.0	3	TSG	Supporting	1	Strong	4	5	4	Not met	0	1	1	False	Cap combined O4 + O7 at +4	0.4286
NOTCH1	365	R	C	6	8	2	22.0	Other	oncogene, TSG, fusion	Supporting	1	Strong	4	5	4	Moderate	2	3	3	False	Cap combined O4 + O7 at +4	0.5
NOTCH1	310	G	R	6	7	2	33.0	Other	oncogene, TSG, fusion	Supporting	1	Strong	4	5	4	Moderate	2	3	3	False	Cap combined O4 + O7 at +4	0.4286
SMAD3	287	R	W	6	8	2	11.0	Other	TSG	Supporting	1	Strong	4	5	4	Not met	0	1	1	False	Cap combined O4 + O7 at +4	0.625
ALK	395	R	H	6	7	2	19.0	Other	oncogene, fusion	Supporting	1	Strong	4	5	4	Not met	0	1	1	False	Cap combined O4 + O7 at +4	0.8571
NOTCH1	455	E	K	6	7	2	24.0	Other	oncogene, TSG, fusion	Supporting	1	Strong	4	5	4	Moderate	2	3	3	False	Cap combined O4 + O7 at +4	0.1429
PTPRT	364	R	Q	6	12	3	16.0	Other	TSG	Supporting	1	Strong	4	5	4	Not met	0	1	1	False	Cap combined O4 + O7 at +4	0.4167
PPP2R1A	182	R	W	6	7	2	23.0	Other	TSG	Supporting	1	Strong	4	5	4	Moderate	2	3	3	False	Cap combined O4 + O7 at +4	0.7143
EPHA7	656	G	E	6	11	4	5.0	Other		Supporting	1	Moderate	2	3	3	Not met	0	1	1	False	Cap combined O4 + O7 at +4	0.2727
PTPRT	695	L	F	6	9	3	10.0	Other	TSG	Supporting	1	Moderate	2	3	3	Not met	0	1	1	False	Cap combined O4 + O7 at +4	0.2222
PTEN	170	S	N	6	8	3	11.0	3	TSG	Supporting	1	Strong	4	5	4	Not met	0	1	1	False	Cap combined O4 + O7 at +4	0.375
TP53	265	L	L	6	19	4				Supporting	1	Absent/not counted	0	1	1	Absent/not counted	0	1	1	True	O4 + O7 may be combined (max +8)	0.3684
SMAD4	330	E	K	6	11	4	24.0	Other	TSG	Supporting	1	Strong	4	5	4	Moderate	2	3	3	False	Cap combined O4 + O7 at +4	0.6364
EIF1AX	9	G	D	6	11	3	6.0	Other		Supporting	1	Moderate	2	3	3	Not met	0	1	1	False	Cap combined O4 + O7 at +4	0.4545
PIK3CA	350	D	N	6	12	3	19.0	Other	oncogene	Supporting	1	Strong	4	5	4	Not met	0	1	1	False	Cap combined O4 + O7 at +4	0.4167
PTEN	93	H	R	6	12	4	26.0	3	TSG	Supporting	1	Strong	4	5	4	Moderate	2	3	3	False	Cap combined O4 + O7 at +4	0.3333
MAX	28	H	R	6	6	1	31.0	3	TSG	Supporting	1	Strong	4	5	4	Moderate	2	3	3	False	Cap combined O4 + O7 at +4	0.3333
EP300	1414	Y	C	6	7	2	59.0	Other	TSG, fusion	Supporting	1	Strong	4	5	4	Strong	4	5	4	False	Cap combined O4 + O7 at +4	0.2857
MET	1250	M	T	6	6	1				Supporting	1	Absent/not counted	0	1	1	Absent/not counted	0	1	1	False	Cap combined O4 + O7 at +4	0.3333
PIK3CA	1	M	V	6	6	1				Supporting	1	Absent/not counted	0	1	1	Absent/not counted	0	1	1	False	Cap combined O4 + O7 at +4	0.3333
SMARCA4	781	M	I	6	9	3	8.0	Other	TSG	Supporting	1	Moderate	2	3	3	Not met	0	1	1	False	Cap combined O4 + O7 at +4	0.5556
FBXW7	545	Y	C	6	7	2	25.0	3	TSG	Supporting	1	Strong	4	5	4	Moderate	2	3	3	False	Cap combined O4 + O7 at +4	0.2857
VHL	111	S	N	6	10	4	14.0	2	TSG	Supporting	1	Strong	4	5	4	Not met	0	1	1	False	Cap combined O4 + O7 at +4	0.3
TP53	105	G	V	6	28	6	25.0	3	oncogene, TSG, fusion	Supporting	1	Strong	4	5	5	Moderate	2	3	3	True	O4 + O7 may be combined (max +8)	0.5
TP53	109	F	S	6	16	5	24.0	Other	oncogene, TSG, fusion	Supporting	1	Strong	4	5	5	Moderate	2	3	3	True	O4 + O7 may be combined (max +8)	0.3125
TP53	125	T	R	6	30	5	21.0	3	oncogene, TSG, fusion	Supporting	1	Strong	4	5	5	Moderate	2	3	3	True	O4 + O7 may be combined (max +8)	0.5667
RHOA	57	L	V	6	6	1	17.0	Other	oncogene, TSG	Supporting	1	Strong	4	5	4	Not met	0	1	1	False	Cap combined O4 + O7 at +4	0.1667
FBXW7	520	D	N	6	11	5	14.0	Other	TSG	Supporting	1	Strong	4	5	4	Not met	0	1	1	False	Cap combined O4 + O7 at +4	0.5455
PIM1	28	G	D	6	8	3	54.0	Other	oncogene, fusion	Supporting	1	Strong	4	5	4	Strong	4	5	4	False	Cap combined O4 + O7 at +4	0.5
CIC	201	R	W	6	7	2	15.0	Other	oncogene, TSG, fusion	Supporting	1	Strong	4	5	4	Not met	0	1	1	False	Cap combined O4 + O7 at +4	0.1429
MST1	673	G	S	6	6	1	5.0	Other		Supporting	1	Moderate	2	3	3	Not met	0	1	1	False	Cap combined O4 + O7 at +4	0.1667
SMAD4	524	W	C	6	9	4	26.0	Other	TSG	Supporting	1	Strong	4	5	4	Moderate	2	3	3	False	Cap combined O4 + O7 at +4	0.2222
GNAQ	183	R	Q	6	10	2	59.0	3	oncogene	Supporting	1	Strong	4	5	4	Strong	4	5	4	False	Cap combined O4 + O7 at +4	0.4
PTEN	165	G	E	6	12	3	19.0	Other	TSG	Supporting	1	Strong	4	5	4	Not met	0	1	1	False	Cap combined O4 + O7 at +4	0.25
KRAS	11	A	A	6	8	2				Supporting	1	Absent/not counted	0	1	1	Absent/not counted	0	1	1	False	Cap combined O4 + O7 at +4	0.75
AKT1	79	Q	K	6	6	1	23.0	3	oncogene	Supporting	1	Strong	4	5	4	Moderate	2	3	3	False	Cap combined O4 + O7 at +4	0.5
FBXW7	224	R	*	5	10	2	18.0	3	TSG	Not applicable (nonsense/stop-loss)	0	Strong	4	4	4	Not met	0	0	0	False	Cap combined O4 + O7 at +4	0.3
SMAD2	321	R	Q	5	9	2	25.0	Other	TSG	Supporting	1	Strong	4	5	4	Moderate	2	3	3	False	Cap combined O4 + O7 at +4	0.2222
PTEN	65	Y	*	5	5	1	18.0	1	TSG	Not applicable (nonsense/stop-loss)	0	Strong	4	4	4	Not met	0	0	0	False	Cap combined O4 + O7 at +4	0.6
KMT2A	1264	R	*	5	5	1	5.0	Other	oncogene, fusion	Not applicable (nonsense/stop-loss)	0	Moderate	2	2	2	Not met	0	0	0	False	Cap combined O4 + O7 at +4	0.4
CTNNB1	535	R	*	5	7	2	6.0	Other	oncogene, fusion	Not applicable (nonsense/stop-loss)	0	Moderate	2	2	2	Not met	0	0	0	False	Cap combined O4 + O7 at +4	0.0
TP53	178	H	D	5	12	5	14.0	3	oncogene, TSG, fusion	Supporting	1	Strong	4	5	4	Not met	0	1	1	False	Cap combined O4 + O7 at +4	0.5833
CASP8	127	R	*	5	13	2	15.0	1	TSG	Not applicable (nonsense/stop-loss)	0	Strong	4	4	4	Not met	0	0	0	False	Cap combined O4 + O7 at +4	0.3077
SUZ12	101	R	*	5	6	2	3.0	3	oncogene, TSG, fusion	Not applicable (nonsense/stop-loss)	0	Not met	0	0	0	Not met	0	0	0	False	Cap combined O4 + O7 at +4	0.0
VHL	88	W	*	5	9	3	24.0	1	TSG	Not applicable (nonsense/stop-loss)	0	Strong	4	4	4	Moderate	2	2	2	False	Cap combined O4 + O7 at +4	0.2222
TP53	236	Y	*	5	59	6	34.0	3	oncogene, TSG, fusion	Not applicable (nonsense/stop-loss)	0	Strong	4	4	4	Moderate	2	2	2	True	O4 + O7 may be combined (max +8)	0.5424
TP53	218	V	G	5	9	5	25.0	Other	oncogene, TSG, fusion	Supporting	1	Strong	4	5	4	Moderate	2	3	3	False	Cap combined O4 + O7 at +4	0.4444
MAP2K1	56	Q	P	5	5	1	38.0	1	oncogene	Supporting	1	Strong	4	5	4	Moderate	2	3	3	False	Cap combined O4 + O7 at +4	0.8
TP53	133	M	K	5	10	4	29.0	Other	oncogene, TSG, fusion	Supporting	1	Strong	4	5	4	Moderate	2	3	3	False	Cap combined O4 + O7 at +4	0.6
FBXW7	689	R	Q	5	19	2	14.0	Other	TSG	Supporting	1	Strong	4	5	5	Not met	0	1	1	True	O4 + O7 may be combined (max +8)	0.4211
SMAD4	351	D	N	5	20	6	9.0	3	TSG	Supporting	1	Moderate	2	3	3	Not met	0	1	1	True	O4 + O7 may be combined (max +8)	0.6
KIT	559	V	D	5	14	3	96.0	1	oncogene	Supporting	1	Strong	4	5	4	Strong	4	5	4	False	Cap combined O4 + O7 at +4	0.7143
RHEB	35	Y	N	5	12	5	6.0	3		Supporting	1	Moderate	2	3	3	Not met	0	1	1	False	Cap combined O4 + O7 at +4	0.25
TP53	258	E	D	5	47	8	34.0	Other	oncogene, TSG, fusion	Supporting	1	Strong	4	5	5	Moderate	2	3	3	True	O4 + O7 may be combined (max +8)	0.5957
ERBB4	707	Q	Q	5	11	2				Supporting	1	Absent/not counted	0	1	1	Absent/not counted	0	1	1	False	Cap combined O4 + O7 at +4	0.0
FOXA1	266	F	L	5	11	6	25.0	3	oncogene	Supporting	1	Strong	4	5	4	Moderate	2	3	3	False	Cap combined O4 + O7 at +4	0.5455
MTOR	2500	I	F	5	10	3	10.0	2	oncogene	Supporting	1	Moderate	2	3	3	Not met	0	1	1	False	Cap combined O4 + O7 at +4	0.4
SMARCB1	377	R	C	5	17	3	21.0	Other	TSG	Supporting	1	Strong	4	5	5	Moderate	2	3	3	True	O4 + O7 may be combined (max +8)	0.7647
SF3B1	666	K	T	5	13	5	54.0	2	oncogene	Supporting	1	Strong	4	5	4	Strong	4	5	4	False	Cap combined O4 + O7 at +4	0.3077
CDK4	22	K	M	5	7	2	8.0	2	oncogene	Supporting	1	Moderate	2	3	3	Not met	0	1	1	False	Cap combined O4 + O7 at +4	0.1429
TP53	134	F	V	5	24	5	20.0	3	oncogene, TSG, fusion	Supporting	1	Strong	4	5	5	Moderate	2	3	3	True	O4 + O7 may be combined (max +8)	0.625
TP53	143	V	G	5	26	4	14.0	Other	oncogene, TSG, fusion	Supporting	1	Strong	4	5	5	Not met	0	1	1	True	O4 + O7 may be combined (max +8)	0.4615
CCND1	287	P	S	5	12	5	10.0	3	oncogene, fusion	Supporting	1	Moderate	2	3	3	Not met	0	1	1	False	Cap combined O4 + O7 at +4	0.4167
CIC	1512	R	H	5	11	4	4.0	Other	oncogene, TSG, fusion	Supporting	1	Not met	0	1	1	Not met	0	1	1	False	Cap combined O4 + O7 at +4	0.1818
ACVR1	328	G	E	5	7	2	21.0	1	oncogene	Supporting	1	Strong	4	5	4	Moderate	2	3	3	False	Cap combined O4 + O7 at +4	0.1429
RHOA	161	A	V	5	7	2	14.0	Other	oncogene, TSG	Supporting	1	Strong	4	5	4	Not met	0	1	1	False	Cap combined O4 + O7 at +4	0.4286
VHL	89	L	P	5	15	3	12.0	3	TSG	Supporting	1	Strong	4	5	5	Not met	0	1	1	True	O4 + O7 may be combined (max +8)	0.3333
CIC	1515	R	C	5	10	2	6.0	3	oncogene, TSG, fusion	Supporting	1	Moderate	2	3	3	Not met	0	1	1	False	Cap combined O4 + O7 at +4	0.3
CIC	1515	R	H	5	10	2	10.0	3	oncogene, TSG, fusion	Supporting	1	Moderate	2	3	3	Not met	0	1	1	False	Cap combined O4 + O7 at +4	0.3
MYOD1	122	L	R	5	7	3	43.0	3	oncogene	Supporting	1	Strong	4	5	4	Moderate	2	3	3	False	Cap combined O4 + O7 at +4	0.7143
KRAS	59	A	T	5	12	4	57.0	3	oncogene	Supporting	1	Strong	4	5	4	Strong	4	5	4	False	Cap combined O4 + O7 at +4	0.5
CDH1	254	D	N	5	11	3	9.0	3	TSG	Supporting	1	Moderate	2	3	3	Not met	0	1	1	False	Cap combined O4 + O7 at +4	0.3636
SETD2	1625	R	H	5	13	4	13.0	Other	TSG	Supporting	1	Strong	4	5	4	Not met	0	1	1	False	Cap combined O4 + O7 at +4	0.4615
PIK3CA	350	D	G	5	12	3	18.0	Other	oncogene	Supporting	1	Strong	4	5	4	Not met	0	1	1	False	Cap combined O4 + O7 at +4	0.4167
MAP2K1	128	G	D	5	10	3	19.0	3	oncogene	Supporting	1	Strong	4	5	4	Not met	0	1	1	False	Cap combined O4 + O7 at +4	0.5
SF3B1	741	K	N	5	10	5	15.0	Other	oncogene	Supporting	1	Strong	4	5	4	Not met	0	1	1	False	Cap combined O4 + O7 at +4	0.5
VHL	80	S	R	5	11	4	33.0	3	TSG	Supporting	1	Strong	4	5	4	Moderate	2	3	3	False	Cap combined O4 + O7 at +4	0.5455
ACVR1	258	R	G	5	6	2	7.0	3	oncogene	Supporting	1	Moderate	2	3	3	Not met	0	1	1	False	Cap combined O4 + O7 at +4	0.1667
ERCC2	24	Y	C	5	5	1	6.0	Other	TSG	Supporting	1	Moderate	2	3	3	Not met	0	1	1	False	Cap combined O4 + O7 at +4	0.6
PTPN11	510	Q	L	5	9	3	12.0	Other	oncogene	Supporting	1	Strong	4	5	4	Not met	0	1	1	False	Cap combined O4 + O7 at +4	0.1111
NFE2L2	80	T	R	5	15	5	7.0	Other	oncogene, TSG	Supporting	1	Moderate	2	3	3	Not met	0	1	1	True	O4 + O7 may be combined (max +8)	0.2667
TP53	216	V	G	5	42	4	16.0	3	oncogene, TSG, fusion	Supporting	1	Strong	4	5	5	Not met	0	1	1	True	O4 + O7 may be combined (max +8)	0.5
TP53	141	C	R	5	47	7	32.0	3	oncogene, TSG, fusion	Supporting	1	Strong	4	5	5	Moderate	2	3	3	True	O4 + O7 may be combined (max +8)	0.4043
SMAD4	537	D	V	5	30	6	14.0	Other	TSG	Supporting	1	Strong	4	5	5	Not met	0	1	1	True	O4 + O7 may be combined (max +8)	0.7
PIK3CA	542	E	Q	5	372	5	32.0	1	oncogene	Supporting	1	Strong	4	5	5	Moderate	2	3	3	True	O4 + O7 may be combined (max +8)	0.5565
PTEN	130	R	L	5	168	7	36.0	2	TSG	Supporting	1	Strong	4	5	5	Moderate	2	3	3	True	O4 + O7 may be combined (max +8)	0.4048
PIK3CA	546	Q	H	5	93	6	37.0	2	oncogene	Supporting	1	Strong	4	5	5	Moderate	2	3	3	True	O4 + O7 may be combined (max +8)	0.4301
KRAS	146	A	P	5	86	3	33.0	3	oncogene	Supporting	1	Strong	4	5	5	Moderate	2	3	3	True	O4 + O7 may be combined (max +8)	0.6047
NRAS	12	G	V	5	74	6	183.0	1	oncogene	Supporting	1	Strong	4	5	5	Strong	4	5	5	True	O4 + O7 may be combined (max +8)	0.473
TP53	193	H	D	5	123	7	19.0	3	oncogene, TSG, fusion	Supporting	1	Strong	4	5	5	Not met	0	1	1	True	O4 + O7 may be combined (max +8)	0.4146
TP53	193	H	N	5	123	7	24.0	3	oncogene, TSG, fusion	Supporting	1	Strong	4	5	5	Moderate	2	3	3	True	O4 + O7 may be combined (max +8)	0.4146
CTNNB1	45	S	C	5	71	5	58.0	2	oncogene, fusion	Supporting	1	Strong	4	5	5	Strong	4	5	5	True	O4 + O7 may be combined (max +8)	0.5634
TP53	176	C	G	5	115	8	26.0	3	oncogene, TSG, fusion	Supporting	1	Strong	4	5	5	Moderate	2	3	3	True	O4 + O7 may be combined (max +8)	0.4
TP53	176	C	R	5	115	8	34.0	3	oncogene, TSG, fusion	Supporting	1	Strong	4	5	5	Moderate	2	3	3	True	O4 + O7 may be combined (max +8)	0.4
ERBB2	755	L	P	5	44	6	10.0	3	oncogene, fusion	Supporting	1	Moderate	2	3	3	Not met	0	1	1	True	O4 + O7 may be combined (max +8)	0.6364
BRAF	601	K	N	5	38	3	34.0	3	oncogene, fusion	Supporting	1	Strong	4	5	5	Moderate	2	3	3	True	O4 + O7 may be combined (max +8)	0.5
TP53	238	C	R	5	77	6	36.0	3	oncogene, TSG, fusion	Supporting	1	Strong	4	5	5	Moderate	2	3	3	True	O4 + O7 may be combined (max +8)	0.4545
EGFR	598	G	A	5	33	3	5.0	3	oncogene	Supporting	1	Moderate	2	3	3	Not met	0	1	1	True	O4 + O7 may be combined (max +8)	0.303
TP53	158	R	C	5	106	7	46.0	3	oncogene, TSG, fusion	Supporting	1	Strong	4	5	5	Moderate	2	3	3	True	O4 + O7 may be combined (max +8)	0.5094
TP53	236	Y	D	5	59	6	20.0	3	oncogene, TSG, fusion	Supporting	1	Strong	4	5	5	Moderate	2	3	3	True	O4 + O7 may be combined (max +8)	0.5424
TP53	236	Y	N	5	59	6	33.0	3	oncogene, TSG, fusion	Supporting	1	Strong	4	5	5	Moderate	2	3	3	True	O4 + O7 may be combined (max +8)	0.5424
SPOP	133	F	S	5	67	5	16.0	3	TSG	Supporting	1	Strong	4	5	5	Not met	0	1	1	True	O4 + O7 may be combined (max +8)	0.4925
EGFR	719	G	S	5	33	4	76.0	3	oncogene	Supporting	1	Strong	4	5	5	Strong	4	5	5	True	O4 + O7 may be combined (max +8)	0.697
TP53	237	M	K	5	64	3	33.0	3	oncogene, TSG, fusion	Supporting	1	Strong	4	5	5	Moderate	2	3	3	True	O4 + O7 may be combined (max +8)	0.4375
NFE2L2	34	R	P	5	34	5	27.0	2	oncogene, TSG	Supporting	1	Strong	4	5	5	Moderate	2	3	3	True	O4 + O7 may be combined (max +8)	0.4412
TP53	272	V	G	5	66	7	18.0	3	oncogene, TSG, fusion	Supporting	1	Strong	4	5	5	Not met	0	1	1	True	O4 + O7 may be combined (max +8)	0.4697
TP53	132	K	M	5	83	7	25.0	3	oncogene, TSG, fusion	Supporting	1	Strong	4	5	5	Moderate	2	3	3	True	O4 + O7 may be combined (max +8)	0.4337
RHOA	17	G	A	5	36	3	6.0	3	oncogene, TSG	Supporting	1	Moderate	2	3	3	Not met	0	1	1	True	O4 + O7 may be combined (max +8)	0.8611
CD79B	197	Y	H	5	16	7	77.0	3	oncogene	Supporting	1	Strong	4	5	5	Strong	4	5	5	True	O4 + O7 may be combined (max +8)	0.1875
MED12	44	G	C	5	25	5	249.0	Other	TSG	Supporting	1	Strong	4	5	5	Strong	4	5	5	True	O4 + O7 may be combined (max +8)	0.8
TP53	274	V	L	5	46	5	25.0	3	oncogene, TSG, fusion	Supporting	1	Strong	4	5	5	Moderate	2	3	3	True	O4 + O7 may be combined (max +8)	0.4783
KIT	816	D	H	5	22	4	93.0	1	oncogene	Supporting	1	Strong	4	5	5	Strong	4	5	5	True	O4 + O7 may be combined (max +8)	0.2727
KIT	816	D	Y	5	22	4	100.0	1	oncogene	Supporting	1	Strong	4	5	5	Strong	4	5	5	True	O4 + O7 may be combined (max +8)	0.2727
FGFR3	371	S	C	5	5	1				Supporting	1	Absent/not counted	0	1	1	Absent/not counted	0	1	1	False	Cap combined O4 + O7 at +4	0.4
KIT	823	Y	D	5	6	2	32.0	3	oncogene	Supporting	1	Strong	4	5	4	Moderate	2	3	3	False	Cap combined O4 + O7 at +4	1.0
PIK3CA	545	E	D	5	633	5	49.0	1	oncogene	Supporting	1	Strong	4	5	5	Moderate	2	3	3	True	O4 + O7 may be combined (max +8)	0.4929
BCL2	33	G	R	5	6	2	12.0	Other	oncogene, fusion	Supporting	1	Strong	4	5	4	Not met	0	1	1	False	Cap combined O4 + O7 at +4	0.3333
PIK3CA	1052	T	K	5	5	1	12.0	Other	oncogene	Supporting	1	Strong	4	5	4	Not met	0	1	1	False	Cap combined O4 + O7 at +4	0.2
JUN	112	E	K	5	7	2	8.0	3	oncogene	Supporting	1	Moderate	2	3	3	Not met	0	1	1	False	Cap combined O4 + O7 at +4	0.1429
KLF4	409	K	Q	5	7	2	118.0	2	oncogene, TSG	Supporting	1	Strong	4	5	4	Strong	4	5	4	False	Cap combined O4 + O7 at +4	0.2857
SMARCA4	973	R	Q	5	10	2	11.0	Other	TSG	Supporting	1	Strong	4	5	4	Not met	0	1	1	False	Cap combined O4 + O7 at +4	0.3
SMARCA4	973	R	W	5	10	2	15.0	Other	TSG	Supporting	1	Strong	4	5	4	Not met	0	1	1	False	Cap combined O4 + O7 at +4	0.3
FOXA1	226	D	N	5	9	2	15.0	Other	oncogene	Supporting	1	Strong	4	5	4	Not met	0	1	1	False	Cap combined O4 + O7 at +4	0.2222
GNA11	183	R	C	5	7	3	39.0	1	oncogene	Supporting	1	Strong	4	5	4	Moderate	2	3	3	False	Cap combined O4 + O7 at +4	0.1429
TP53	251	I	F	5	15	5	14.0	Other	oncogene, TSG, fusion	Supporting	1	Strong	4	5	5	Not met	0	1	1	True	O4 + O7 may be combined (max +8)	0.6
TP53	251	I	N	5	15	5	48.0	Other	oncogene, TSG, fusion	Supporting	1	Strong	4	5	5	Moderate	2	3	3	True	O4 + O7 may be combined (max +8)	0.6
PIK3CA	364	G	R	5	6	2	17.0	Other	oncogene	Supporting	1	Strong	4	5	4	Not met	0	1	1	False	Cap combined O4 + O7 at +4	0.6667
PTEN	71	C	Y	5	7	3	8.0	3	TSG	Supporting	1	Moderate	2	3	3	Not met	0	1	1	False	Cap combined O4 + O7 at +4	0.4286
HIST1H3B	106	E	Q	5	14	3	12.0	Other	oncogene	Supporting	1	Strong	4	5	4	Not met	0	1	1	False	Cap combined O4 + O7 at +4	0.7143
PRDM14	204	F	F	5	6	2				Supporting	1	Absent/not counted	0	1	1	Absent/not counted	0	1	1	False	Cap combined O4 + O7 at +4	0.0
ERBB4	1002	K	T	5	6	2	7.0	Other	oncogene, TSG	Supporting	1	Moderate	2	3	3	Not met	0	1	1	False	Cap combined O4 + O7 at +4	0.0
TGFBR2	544	E	K	5	5	1	6.0	3	TSG	Supporting	1	Moderate	2	3	3	Not met	0	1	1	False	Cap combined O4 + O7 at +4	0.0
ATM	2875	N	S	5	8	3	11.0	Other	TSG	Supporting	1	Strong	4	5	4	Not met	0	1	1	False	Cap combined O4 + O7 at +4	0.125
TP53	120	K	E	5	9	4	24.0	3	oncogene, TSG, fusion	Supporting	1	Strong	4	5	4	Moderate	2	3	3	False	Cap combined O4 + O7 at +4	0.4444
ANKRD11	369	K	R	5	5	1	2.0	Other		Supporting	1	Not met	0	1	1	Not met	0	1	1	False	Cap combined O4 + O7 at +4	0.0
CDK12	890	R	H	5	5	1	7.0	Other	TSG	Supporting	1	Moderate	2	3	3	Not met	0	1	1	False	Cap combined O4 + O7 at +4	0.2
CTLA4	17	T	A	5	5	1	12.0	Other		Supporting	1	Strong	4	5	4	Not met	0	1	1	False	Cap combined O4 + O7 at +4	0.0
SMARCD1	183	R	Q	5	7	3	8.0	Other	TSG	Supporting	1	Moderate	2	3	3	Not met	0	1	1	False	Cap combined O4 + O7 at +4	0.4286
PIM1	2	L	F	5	6	2	38.0	Other	oncogene, fusion	Supporting	1	Strong	4	5	4	Moderate	2	3	3	False	Cap combined O4 + O7 at +4	0.3333
SMARCB1	374	R	Q	5	8	2	16.0	Other	TSG	Supporting	1	Strong	4	5	4	Not met	0	1	1	False	Cap combined O4 + O7 at +4	0.5
CUL3	20	A	A	5	5	1				Supporting	1	Absent/not counted	0	1	1	Absent/not counted	0	1	1	False	Cap combined O4 + O7 at +4	0.6
TGFBR1	487	R	Q	5	8	2	9.0	Other		Supporting	1	Moderate	2	3	3	Not met	0	1	1	False	Cap combined O4 + O7 at +4	0.5
VHL	169	L	P	5	5	1	20.0	3	TSG	Supporting	1	Strong	4	5	4	Moderate	2	3	3	False	Cap combined O4 + O7 at +4	0.4
RPS6KA4	236	S	L	5	6	2	7.0	Other		Supporting	1	Moderate	2	3	3	Not met	0	1	1	False	Cap combined O4 + O7 at +4	0.5
EIF1AX	8	G	R	5	6	2	8.0	Other		Supporting	1	Moderate	2	3	3	Not met	0	1	1	False	Cap combined O4 + O7 at +4	0.3333
TP53	197	V	L	5	17	5	14.0	Other	oncogene, TSG, fusion	Supporting	1	Strong	4	5	5	Not met	0	1	1	True	O4 + O7 may be combined (max +8)	0.4706
TP53	197	V	V	5	17	5				Supporting	1	Absent/not counted	0	1	1	Absent/not counted	0	1	1	True	O4 + O7 may be combined (max +8)	0.4706
SMARCA4	1135	R	W	5	9	2	15.0	Other	TSG	Supporting	1	Strong	4	5	4	Not met	0	1	1	False	Cap combined O4 + O7 at +4	0.3333
PIK3CA	471	P	L	5	7	2	20.0	Other	oncogene	Supporting	1	Strong	4	5	4	Moderate	2	3	3	False	Cap combined O4 + O7 at +4	0.2857
KRAS	22	Q	K	5	6	2	39.0	3	oncogene	Supporting	1	Strong	4	5	4	Moderate	2	3	3	False	Cap combined O4 + O7 at +4	0.3333
PIK3CA	604	C	R	5	5	1	15.0	Other	oncogene	Supporting	1	Strong	4	5	4	Not met	0	1	1	False	Cap combined O4 + O7 at +4	0.0
KMT2D	5179	R	H	5	10	4	6.0	3	oncogene, TSG	Supporting	1	Moderate	2	3	3	Not met	0	1	1	False	Cap combined O4 + O7 at +4	0.4
TP53	267	R	L	5	36	6	14.0	Other	oncogene, TSG, fusion	Supporting	1	Strong	4	5	5	Not met	0	1	1	True	O4 + O7 may be combined (max +8)	0.5
SMO	412	L	F	5	6	2	65.0	3	oncogene	Supporting	1	Strong	4	5	4	Strong	4	5	4	False	Cap combined O4 + O7 at +4	0.3333
PRKCI	480	R	C	5	10	3	18.0	3	oncogene	Supporting	1	Strong	4	5	4	Not met	0	1	1	False	Cap combined O4 + O7 at +4	0.0
PIK3R2	557	D	Y	5	9	4	9.0	3	oncogene	Supporting	1	Moderate	2	3	3	Not met	0	1	1	False	Cap combined O4 + O7 at +4	0.8889
TP53	109	F	C	5	16	5	15.0	3	oncogene, TSG, fusion	Supporting	1	Strong	4	5	5	Not met	0	1	1	True	O4 + O7 may be combined (max +8)	0.3125
PTEN	127	G	E	5	14	4	17.0	3	TSG	Supporting	1	Strong	4	5	4	Not met	0	1	1	False	Cap combined O4 + O7 at +4	0.5
PTEN	127	G	R	5	14	4	9.0	2	TSG	Supporting	1	Moderate	2	3	3	Not met	0	1	1	False	Cap combined O4 + O7 at +4	0.5
PREX2	50	L	V	5	9	2	13.0	Other	oncogene	Supporting	1	Strong	4	5	4	Not met	0	1	1	False	Cap combined O4 + O7 at +4	0.0
HIST1H3C	37	K	M	5	6	2	6.0	3		Supporting	1	Moderate	2	3	3	Not met	0	1	1	False	Cap combined O4 + O7 at +4	0.1667
RHOA	34	Y	C	5	6	2	15.0	Other	oncogene, TSG	Supporting	1	Strong	4	5	4	Not met	0	1	1	False	Cap combined O4 + O7 at +4	0.3333
EGFR	304	H	Y	5	5	1	9.0	3	oncogene	Supporting	1	Moderate	2	3	3	Not met	0	1	1	False	Cap combined O4 + O7 at +4	0.4
TP53	271	E	V	5	53	4	21.0	Other	oncogene, TSG, fusion	Supporting	1	Strong	4	5	5	Moderate	2	3	3	True	O4 + O7 may be combined (max +8)	0.5472
VHL	74	V	D	5	7	3	18.0	2	TSG	Supporting	1	Strong	4	5	4	Not met	0	1	1	False	Cap combined O4 + O7 at +4	0.1429
NRAS	60	G	G	5	7	3				Supporting	1	Absent/not counted	0	1	1	Absent/not counted	0	1	1	False	Cap combined O4 + O7 at +4	0.7143
TP53	172	V	D	5	18	3	24.0	Other	oncogene, TSG, fusion	Supporting	1	Strong	4	5	5	Moderate	2	3	3	True	O4 + O7 may be combined (max +8)	0.4444
STAT3	614	S	R	5	5	1	44.0	3	oncogene	Supporting	1	Strong	4	5	4	Moderate	2	3	3	False	Cap combined O4 + O7 at +4	0.4
PDGFRA	229	E	K	5	7	3	12.0	Other	oncogene, fusion	Supporting	1	Strong	4	5	4	Not met	0	1	1	False	Cap combined O4 + O7 at +4	0.2857
MAP2K1	121	C	S	5	6	2	31.0	3	oncogene	Supporting	1	Strong	4	5	4	Moderate	2	3	3	False	Cap combined O4 + O7 at +4	0.3333
MTOR	2327	M	I	5	6	2	12.0	Other	oncogene	Supporting	1	Strong	4	5	4	Not met	0	1	1	False	Cap combined O4 + O7 at +4	0.5
DNMT1	51	E	K	5	5	1	5.0	Other		Supporting	1	Moderate	2	3	3	Not met	0	1	1	False	Cap combined O4 + O7 at +4	0.4
EP300	1164	C	Y	5	6	2	8.0	Other	TSG, fusion	Supporting	1	Moderate	2	3	3	Not met	0	1	1	False	Cap combined O4 + O7 at +4	0.5
FGFR2	375	Y	C	5	5	1				Supporting	1	Absent/not counted	0	1	1	Absent/not counted	0	1	1	False	Cap combined O4 + O7 at +4	0.2
FOXA1	250	S	F	5	6	2	24.0	3	oncogene	Supporting	1	Strong	4	5	4	Moderate	2	3	3	False	Cap combined O4 + O7 at +4	0.5
PTEN	165	G	R	5	12	3	23.0	2	TSG	Supporting	1	Strong	4	5	4	Moderate	2	3	3	False	Cap combined O4 + O7 at +4	0.25
FAT1	1627	R	Q	5	12	2	10.0	Other	TSG	Supporting	1	Moderate	2	3	3	Not met	0	1	1	False	Cap combined O4 + O7 at +4	0.3333
ASXL2	1	M	T	5	6	2				Supporting	1	Absent/not counted	0	1	1	Absent/not counted	0	1	1	False	Cap combined O4 + O7 at +4	0.6667
FBXW7	224	R	Q	5	10	2	7.0	Other	TSG	Supporting	1	Moderate	2	3	3	Not met	0	1	1	False	Cap combined O4 + O7 at +4	0.3
PIK3CA	39	E	K	5	6	2	17.0	3	oncogene	Supporting	1	Strong	4	5	4	Not met	0	1	1	False	Cap combined O4 + O7 at +4	0.1667
TP53	273	R	P	5	609	6	59.0	1	oncogene, TSG, fusion	Supporting	1	Strong	4	5	5	Strong	4	5	5	True	O4 + O7 may be combined (max +8)	0.4696
CTNNB1	37	S	Y	5	103	5	66.0	1	oncogene, fusion	Supporting	1	Strong	4	5	5	Strong	4	5	5	True	O4 + O7 may be combined (max +8)	0.4272
U2AF1	24	I	T	4	5	2	7.0	Other	oncogene	Supporting	1	Moderate	2	3	3	Not met	0	1	1	False	Cap combined O4 + O7 at +4	0.2
SMAD4	537	D	Y	4	30	6	30.0	3	TSG	Supporting	1	Strong	4	5	5	Moderate	2	3	3	True	O4 + O7 may be combined (max +8)	0.7
CCND1	287	P	L	4	12	5	7.0	3	oncogene, fusion	Supporting	1	Moderate	2	3	3	Not met	0	1	1	False	Cap combined O4 + O7 at +4	0.4167
PTEN	155	Y	C	4	5	2	26.0	3	TSG	Supporting	1	Strong	4	5	4	Moderate	2	3	3	False	Cap combined O4 + O7 at +4	0.4
ARID2	297	S	S	4	20	2				Supporting	1	Absent/not counted	0	1	1	Absent/not counted	0	1	1	True	O4 + O7 may be combined (max +8)	0.55
EGFR	252	R	H	4	16	3	12.0	Other	oncogene	Supporting	1	Strong	4	5	5	Not met	0	1	1	True	O4 + O7 may be combined (max +8)	0.375
TP53	134	F	C	4	24	5	27.0	3	oncogene, TSG, fusion	Supporting	1	Strong	4	5	5	Moderate	2	3	3	True	O4 + O7 may be combined (max +8)	0.625
MTOR	2500	I	M	4	10	3	6.0	2	oncogene	Supporting	1	Moderate	2	3	3	Not met	0	1	1	False	Cap combined O4 + O7 at +4	0.4
SPOP	131	W	C	4	23	5	12.0	3	TSG	Supporting	1	Strong	4	5	5	Not met	0	1	1	True	O4 + O7 may be combined (max +8)	0.3913
CDKN2A	50	Q	H	4	23	3	5.0	3	TSG	Supporting	1	Moderate	2	3	3	Not met	0	1	1	True	O4 + O7 may be combined (max +8)	0.2609
TP53	258	E	Q	4	47	8	20.0	Other	oncogene, TSG, fusion	Supporting	1	Strong	4	5	5	Moderate	2	3	3	True	O4 + O7 may be combined (max +8)	0.5957
TP53	258	E	G	4	47	8	24.0	Other	oncogene, TSG, fusion	Supporting	1	Strong	4	5	5	Moderate	2	3	3	True	O4 + O7 may be combined (max +8)	0.5957
TP53	258	E	A	4	47	8	13.0	Other	oncogene, TSG, fusion	Supporting	1	Strong	4	5	5	Not met	0	1	1	True	O4 + O7 may be combined (max +8)	0.5957
CREBBP	1503	Y	H	4	9	5	10.0	3	oncogene, TSG, fusion	Supporting	1	Moderate	2	3	3	Not met	0	1	1	False	Cap combined O4 + O7 at +4	0.4444
TP53	270	F	I	4	30	5	13.0	3	oncogene, TSG, fusion	Supporting	1	Strong	4	5	5	Not met	0	1	1	True	O4 + O7 may be combined (max +8)	0.4333
TP53	270	F	C	4	30	5	32.0	3	oncogene, TSG, fusion	Supporting	1	Strong	4	5	5	Moderate	2	3	3	True	O4 + O7 may be combined (max +8)	0.4333
CDKN2A	108	D	H	4	29	5	18.0	Other	TSG	Supporting	1	Strong	4	5	5	Not met	0	1	1	True	O4 + O7 may be combined (max +8)	0.5172
TP53	194	L	H	4	49	4	23.0	3	oncogene, TSG, fusion	Supporting	1	Strong	4	5	5	Moderate	2	3	3	True	O4 + O7 may be combined (max +8)	0.449
NFE2L2	80	T	K	4	15	5	7.0	Other	oncogene, TSG	Supporting	1	Moderate	2	3	3	Not met	0	1	1	True	O4 + O7 may be combined (max +8)	0.2667
TP53	337	R	S	4	68	6	7.0	Other	oncogene, TSG, fusion	Supporting	1	Moderate	2	3	3	Not met	0	1	1	True	O4 + O7 may be combined (max +8)	0.4265
TP53	337	R	H	4	68	6	24.0	3	oncogene, TSG, fusion	Supporting	1	Strong	4	5	5	Moderate	2	3	3	True	O4 + O7 may be combined (max +8)	0.4265
TP53	216	V	E	4	42	4	8.0	3	oncogene, TSG, fusion	Supporting	1	Moderate	2	3	3	Not met	0	1	1	True	O4 + O7 may be combined (max +8)	0.5
TP53	281	D	G	4	69	9	33.0	3	oncogene, TSG, fusion	Supporting	1	Strong	4	5	5	Moderate	2	3	3	True	O4 + O7 may be combined (max +8)	0.5217
TP53	281	D	D	4	69	9				Supporting	1	Absent/not counted	0	1	1	Absent/not counted	0	1	1	True	O4 + O7 may be combined (max +8)	0.5217
TP53	141	C	G	4	47	7	14.0	2	oncogene, TSG, fusion	Supporting	1	Strong	4	5	5	Not met	0	1	1	True	O4 + O7 may be combined (max +8)	0.4043
NFE2L2	81	G	V	4	19	6	9.0	3	oncogene, TSG	Supporting	1	Moderate	2	3	3	Not met	0	1	1	True	O4 + O7 may be combined (max +8)	0.3158
NFE2L2	31	G	R	4	21	4	13.0	1	oncogene, TSG	Supporting	1	Strong	4	5	5	Not met	0	1	1	True	O4 + O7 may be combined (max +8)	0.5238
FOXA1	176	I	M	4	11	2	6.0	Other	oncogene	Supporting	1	Moderate	2	3	3	Not met	0	1	1	False	Cap combined O4 + O7 at +4	0.3636
TP53	127	S	P	4	48	6	25.0	3	oncogene, TSG, fusion	Supporting	1	Strong	4	5	5	Moderate	2	3	3	True	O4 + O7 may be combined (max +8)	0.5
SF3B1	626	N	Y	4	8	3	15.0	Other	oncogene	Supporting	1	Strong	4	5	4	Not met	0	1	1	False	Cap combined O4 + O7 at +4	0.125
MAP2K1	128	G	V	4	10	3	10.0	Other	oncogene	Supporting	1	Moderate	2	3	3	Not met	0	1	1	False	Cap combined O4 + O7 at +4	0.5
MTOR	2427	L	Q	4	7	2	15.0	3	oncogene	Supporting	1	Strong	4	5	4	Not met	0	1	1	False	Cap combined O4 + O7 at +4	0.5714
MTOR	1888	F	I	4	8	3	4.0	Other	oncogene	Supporting	1	Not met	0	1	1	Not met	0	1	1	False	Cap combined O4 + O7 at +4	0.375
FOXA1	261	R	G	4	9	4	7.0	Other	oncogene	Supporting	1	Moderate	2	3	3	Not met	0	1	1	False	Cap combined O4 + O7 at +4	0.6667
SMAD4	419	G	W	4	8	3	11.0	Other	TSG	Supporting	1	Strong	4	5	4	Not met	0	1	1	False	Cap combined O4 + O7 at +4	0.75
STAT3	410	H	R	4	6	2	5.0	Other	oncogene	Supporting	1	Moderate	2	3	3	Not met	0	1	1	False	Cap combined O4 + O7 at +4	0.1667
TP53	130	L	R	4	30	5	15.0	Other	oncogene, TSG, fusion	Supporting	1	Strong	4	5	5	Not met	0	1	1	True	O4 + O7 may be combined (max +8)	0.5333
MYC	74	P	S	4	12	5	19.0	3	oncogene, fusion	Supporting	1	Strong	4	5	4	Not met	0	1	1	False	Cap combined O4 + O7 at +4	0.4167
MYC	74	P	L	4	12	5	32.0	3	oncogene, fusion	Supporting	1	Strong	4	5	4	Moderate	2	3	3	False	Cap combined O4 + O7 at +4	0.4167
ARAF	214	S	F	4	12	6	13.0	2	oncogene	Supporting	1	Strong	4	5	4	Not met	0	1	1	False	Cap combined O4 + O7 at +4	0.4167
VHL	80	S	N	4	11	4	17.0	3	TSG	Supporting	1	Strong	4	5	4	Not met	0	1	1	False	Cap combined O4 + O7 at +4	0.5455
PTEN	93	H	Y	4	12	4	11.0	3	TSG	Supporting	1	Strong	4	5	4	Not met	0	1	1	False	Cap combined O4 + O7 at +4	0.3333
TCF7L2	471	R	H	4	14	3	7.0	3	oncogene, fusion	Supporting	1	Moderate	2	3	3	Not met	0	1	1	True	O4 + O7 may be combined (max +8)	0.3571
ERCC2	484	T	A	4	8	2	7.0	Other	TSG	Supporting	1	Moderate	2	3	3	Not met	0	1	1	False	Cap combined O4 + O7 at +4	0.5
FOXA1	253	M	K	4	7	3	8.0	3	oncogene	Supporting	1	Moderate	2	3	3	Not met	0	1	1	False	Cap combined O4 + O7 at +4	0.4286
PIK3CA	378	C	F	4	9	3	11.0	Other	oncogene	Supporting	1	Strong	4	5	4	Not met	0	1	1	False	Cap combined O4 + O7 at +4	0.2222
CDH1	254	D	Y	4	11	3	15.0	3	TSG	Supporting	1	Strong	4	5	4	Not met	0	1	1	False	Cap combined O4 + O7 at +4	0.3636
KRAS	59	A	G	4	12	4	26.0	Other	oncogene	Supporting	1	Strong	4	5	4	Moderate	2	3	3	False	Cap combined O4 + O7 at +4	0.5
FGFR4	550	V	M	4	11	2	9.0	3	oncogene	Supporting	1	Moderate	2	3	3	Not met	0	1	1	False	Cap combined O4 + O7 at +4	0.6364
NFE2L2	26	Q	K	4	9	5	10.0	Other	oncogene, TSG	Supporting	1	Moderate	2	3	3	Not met	0	1	1	False	Cap combined O4 + O7 at +4	0.2222
KIT	820	D	Y	4	11	5	18.0	3	oncogene	Supporting	1	Strong	4	5	4	Not met	0	1	1	False	Cap combined O4 + O7 at +4	1.0
GNAS	227	Q	L	4	11	3				Supporting	1	Absent/not counted	0	1	1	Absent/not counted	0	1	1	False	Cap combined O4 + O7 at +4	0.7273
GNAS	227	Q	H	4	11	3				Supporting	1	Absent/not counted	0	1	1	Absent/not counted	0	1	1	False	Cap combined O4 + O7 at +4	0.7273
FOXA1	247	H	Y	4	10	4	6.0	Other	oncogene	Supporting	1	Moderate	2	3	3	Not met	0	1	1	False	Cap combined O4 + O7 at +4	0.6
ERCC2	484	T	M	4	8	2	14.0	Other	TSG	Supporting	1	Strong	4	5	4	Not met	0	1	1	False	Cap combined O4 + O7 at +4	0.5
TP53	285	E	E	4	99	5				Supporting	1	Absent/not counted	0	1	1	Absent/not counted	0	1	1	True	O4 + O7 may be combined (max +8)	0.5253
SMAD4	537	D	E	4	30	6	8.0	Other	TSG	Supporting	1	Moderate	2	3	3	Not met	0	1	1	True	O4 + O7 may be combined (max +8)	0.7
VHL	78	N	S	4	9	4	17.0	3	TSG	Supporting	1	Strong	4	5	4	Not met	0	1	1	False	Cap combined O4 + O7 at +4	0.3333
MED12	44	G	A	4	25	5	152.0	Other	TSG	Supporting	1	Strong	4	5	5	Strong	4	5	5	True	O4 + O7 may be combined (max +8)	0.8
TP53	213	R	G	4	256	5	11.0	3	oncogene, TSG, fusion	Supporting	1	Strong	4	5	5	Not met	0	1	1	True	O4 + O7 may be combined (max +8)	0.4844
TP53	220	Y	D	4	152	6	12.0	3	oncogene, TSG, fusion	Supporting	1	Strong	4	5	5	Not met	0	1	1	True	O4 + O7 may be combined (max +8)	0.4013
PIK3CA	345	N	T	4	98	7	12.0	1	oncogene	Supporting	1	Strong	4	5	5	Not met	0	1	1	True	O4 + O7 may be combined (max +8)	0.5204
BRAF	600	V	V	4	897	6				Supporting	1	Absent/not counted	0	1	1	Absent/not counted	0	1	1	True	O4 + O7 may be combined (max +8)	0.32
TP53	220	Y	*	4	152	6	27.0	1	oncogene, TSG, fusion	Not applicable (nonsense/stop-loss)	0	Strong	4	4	4	Moderate	2	2	2	True	O4 + O7 may be combined (max +8)	0.4013
TP53	176	C	*	4	115	8	25.0	3	oncogene, TSG, fusion	Not applicable (nonsense/stop-loss)	0	Strong	4	4	4	Moderate	2	2	2	True	O4 + O7 may be combined (max +8)	0.4
TP53	135	C	*	4	74	7	21.0	3	oncogene, TSG, fusion	Not applicable (nonsense/stop-loss)	0	Strong	4	4	4	Moderate	2	2	2	True	O4 + O7 may be combined (max +8)	0.5
TP53	164	K	*	4	13	2	27.0	1	oncogene, TSG, fusion	Not applicable (nonsense/stop-loss)	0	Strong	4	4	4	Moderate	2	2	2	False	Cap combined O4 + O7 at +4	0.6154
RUNX1	201	R	*	4	7	3	30.0	1	oncogene, TSG, fusion	Not applicable (nonsense/stop-loss)	0	Strong	4	4	4	Moderate	2	2	2	False	Cap combined O4 + O7 at +4	0.0
GNAQ	183	R	*	4	10	2	7.0	Other	oncogene	Not applicable (nonsense/stop-loss)	0	Moderate	2	2	2	Not met	0	0	0	False	Cap combined O4 + O7 at +4	0.4
KMT2D	1903	R	*	4	5	2	12.0	3	oncogene, TSG	Not applicable (nonsense/stop-loss)	0	Strong	4	4	4	Not met	0	0	0	False	Cap combined O4 + O7 at +4	0.6
KDR	1032	R	*	4	12	2	7.0	Other	oncogene	Not applicable (nonsense/stop-loss)	0	Moderate	2	2	2	Not met	0	0	0	False	Cap combined O4 + O7 at +4	0.3333
STK11	84	K	*	4	4	1	14.0	1	TSG	Not applicable (nonsense/stop-loss)	0	Strong	4	4	4	Not met	0	0	0	False	Cap combined O4 + O7 at +4	0.5
ATM	1466	R	*	4	9	3	8.0	1	TSG	Not applicable (nonsense/stop-loss)	0	Moderate	2	2	2	Not met	0	0	0	False	Cap combined O4 + O7 at +4	0.4444
GATA3	366	R	*	4	5	2				Not applicable (nonsense/stop-loss)	0	Absent/not counted	0	0	0	Absent/not counted	0	0	0	False	Cap combined O4 + O7 at +4	1.0
PTEN	146	L	*	4	4	1	13.0	1	TSG	Not applicable (nonsense/stop-loss)	0	Strong	4	4	4	Not met	0	0	0	False	Cap combined O4 + O7 at +4	0.5
ARID1B	1179	Q	*	4	5	2	7.0	3	TSG	Not applicable (nonsense/stop-loss)	0	Moderate	2	2	2	Not met	0	0	0	False	Cap combined O4 + O7 at +4	0.2
PTPRT	364	R	*	4	12	3	7.0	3	TSG	Not applicable (nonsense/stop-loss)	0	Moderate	2	2	2	Not met	0	0	0	False	Cap combined O4 + O7 at +4	0.4167
CCND3	276	Q	*	4	4	1	25.0	Other	oncogene, fusion	Not applicable (nonsense/stop-loss)	0	Strong	4	4	4	Moderate	2	2	2	False	Cap combined O4 + O7 at +4	0.25
CBFB	73	W	*	4	4	1	6.0	3	TSG, fusion	Not applicable (nonsense/stop-loss)	0	Moderate	2	2	2	Not met	0	0	0	False	Cap combined O4 + O7 at +4	0.5
MAP2K4	110	R	*	4	8	4	8.0	3	oncogene, TSG	Not applicable (nonsense/stop-loss)	0	Moderate	2	2	2	Not met	0	0	0	False	Cap combined O4 + O7 at +4	0.25
KMT2C	56	R	*	4	10	2	8.0	3	TSG	Not applicable (nonsense/stop-loss)	0	Moderate	2	2	2	Not met	0	0	0	False	Cap combined O4 + O7 at +4	0.5
SMAD2	321	R	*	4	9	2	12.0	3	TSG	Not applicable (nonsense/stop-loss)	0	Strong	4	4	4	Not met	0	0	0	False	Cap combined O4 + O7 at +4	0.2222
FBXW7	393	R	*	4	7	2	31.0	3	TSG	Not applicable (nonsense/stop-loss)	0	Strong	4	4	4	Moderate	2	2	2	False	Cap combined O4 + O7 at +4	0.1429
BRAF	600	V	R	4	897	6	116.0	3	oncogene, fusion	Supporting	1	Strong	4	5	5	Strong	4	5	5	True	O4 + O7 may be combined (max +8)	0.32
TP53	282	R	P	4	219	6	36.0	3	oncogene, TSG, fusion	Supporting	1	Strong	4	5	5	Moderate	2	3	3	True	O4 + O7 may be combined (max +8)	0.4795
SMAD4	361	R	S	4	124	6	16.0	3	TSG	Supporting	1	Strong	4	5	5	Not met	0	1	1	True	O4 + O7 may be combined (max +8)	0.5887
FBXW7	505	R	H	4	83	6	36.0	3	TSG	Supporting	1	Strong	4	5	5	Moderate	2	3	3	True	O4 + O7 may be combined (max +8)	0.3855
TP53	238	C	G	4	77	6	11.0	3	oncogene, TSG, fusion	Supporting	1	Strong	4	5	5	Not met	0	1	1	True	O4 + O7 may be combined (max +8)	0.4545
TP53	242	C	W	4	59	8	14.0	3	oncogene, TSG, fusion	Supporting	1	Strong	4	5	5	Not met	0	1	1	True	O4 + O7 may be combined (max +8)	0.4068
CDK4	24	R	C	4	23	4	6.0	1	oncogene	Supporting	1	Moderate	2	3	3	Not met	0	1	1	True	O4 + O7 may be combined (max +8)	0.5217
TP53	132	K	T	4	83	7	14.0	3	oncogene, TSG, fusion	Supporting	1	Strong	4	5	5	Not met	0	1	1	True	O4 + O7 may be combined (max +8)	0.4337
TP53	157	V	G	4	77	6	32.0	Other	oncogene, TSG, fusion	Supporting	1	Strong	4	5	5	Moderate	2	3	3	True	O4 + O7 may be combined (max +8)	0.4286
RXRA	427	S	Y	4	26	2	7.0	3	TSG	Supporting	1	Moderate	2	3	3	Not met	0	1	1	True	O4 + O7 may be combined (max +8)	0.0
TP53	237	M	V	4	64	3	21.0	3	oncogene, TSG, fusion	Supporting	1	Strong	4	5	5	Moderate	2	3	3	True	O4 + O7 may be combined (max +8)	0.4375
TP53	135	C	W	4	74	7	46.0	3	oncogene, TSG, fusion	Supporting	1	Strong	4	5	5	Moderate	2	3	3	True	O4 + O7 may be combined (max +8)	0.5
TP53	135	C	S	4	74	7	20.0	3	oncogene, TSG, fusion	Supporting	1	Strong	4	5	5	Moderate	2	3	3	True	O4 + O7 may be combined (max +8)	0.5
HRAS	12	G	C	4	38	6	44.0	1	oncogene	Supporting	1	Strong	4	5	5	Moderate	2	3	3	True	O4 + O7 may be combined (max +8)	0.2895
B2M	1	M	T	4	41	6				Supporting	1	Absent/not counted	0	1	1	Absent/not counted	0	1	1	True	O4 + O7 may be combined (max +8)	0.3659
TP53	238	C	S	4	77	6	50.0	3	oncogene, TSG, fusion	Supporting	1	Strong	4	5	5	Moderate	2	3	3	True	O4 + O7 may be combined (max +8)	0.4545
TP53	173	V	G	4	78	5	28.0	3	oncogene, TSG, fusion	Supporting	1	Strong	4	5	5	Moderate	2	3	3	True	O4 + O7 may be combined (max +8)	0.4487
FBXW7	505	R	L	4	83	6	36.0	3	TSG	Supporting	1	Strong	4	5	5	Moderate	2	3	3	True	O4 + O7 may be combined (max +8)	0.3855
TP53	173	V	A	4	78	5	25.0	3	oncogene, TSG, fusion	Supporting	1	Strong	4	5	5	Moderate	2	3	3	True	O4 + O7 may be combined (max +8)	0.4487
EZH2	646	Y	S	4	38	6	68.0	2	oncogene, TSG	Supporting	1	Strong	4	5	5	Strong	4	5	5	True	O4 + O7 may be combined (max +8)	0.3684
SF3B1	625	R	L	4	59	4	40.0	3	oncogene	Supporting	1	Strong	4	5	5	Moderate	2	3	3	True	O4 + O7 may be combined (max +8)	0.5932
CDKN2A	83	H	R	4	62	5	17.0	3	TSG	Supporting	1	Strong	4	5	5	Not met	0	1	1	True	O4 + O7 may be combined (max +8)	0.6129
TP53	195	I	S	4	79	7	23.0	3	oncogene, TSG, fusion	Supporting	1	Strong	4	5	5	Moderate	2	3	3	True	O4 + O7 may be combined (max +8)	0.3291
BRAF	469	G	E	4	61	7	36.0	3	oncogene, fusion	Supporting	1	Strong	4	5	5	Moderate	2	3	3	True	O4 + O7 may be combined (max +8)	0.6066
PIK3CA	1043	M	T	4	58	4	10.0	3	oncogene	Supporting	1	Moderate	2	3	3	Not met	0	1	1	True	O4 + O7 may be combined (max +8)	0.4828
PIK3CA	1043	M	L	4	58	4	8.0	3	oncogene	Supporting	1	Moderate	2	3	3	Not met	0	1	1	True	O4 + O7 may be combined (max +8)	0.4828
CTNNB1	45	S	Y	4	71	5	55.0	1	oncogene, fusion	Supporting	1	Strong	4	5	5	Strong	4	5	5	True	O4 + O7 may be combined (max +8)	0.5634
U2AF1	34	S	Y	4	85	2	78.0	2	oncogene	Supporting	1	Strong	4	5	5	Strong	4	5	5	True	O4 + O7 may be combined (max +8)	0.5059
IDH2	172	R	M	4	63	7	62.0	1	oncogene	Supporting	1	Strong	4	5	5	Strong	4	5	5	True	O4 + O7 may be combined (max +8)	0.4921
PTEN	27	Y	D	4	10	5	6.0	Other	TSG	Supporting	1	Moderate	2	3	3	Not met	0	1	1	False	Cap combined O4 + O7 at +4	0.6
FBXW7	658	R	Q	4	20	3	13.0	3	TSG	Supporting	1	Strong	4	5	5	Not met	0	1	1	True	O4 + O7 may be combined (max +8)	0.3
AKT1	52	L	R	4	5	2	25.0	Other	oncogene	Supporting	1	Strong	4	5	4	Moderate	2	3	3	False	Cap combined O4 + O7 at +4	0.4
RPS6KA4	629	R	C	4	7	3	7.0	Other		Supporting	1	Moderate	2	3	3	Not met	0	1	1	False	Cap combined O4 + O7 at +4	0.5714
CDKN2A	12	S	L	4	12	2	6.0	Other	TSG	Supporting	1	Moderate	2	3	3	Not met	0	1	1	False	Cap combined O4 + O7 at +4	0.75
ERBB3	219	F	L	4	5	2	11.0	Other	oncogene	Supporting	1	Strong	4	5	4	Not met	0	1	1	False	Cap combined O4 + O7 at +4	0.6
MTOR	1460	L	P	4	4	1	13.0	3	oncogene	Supporting	1	Strong	4	5	4	Not met	0	1	1	False	Cap combined O4 + O7 at +4	0.5
CRLF2	128	S	L	4	7	2	16.0	Other	oncogene, fusion	Supporting	1	Strong	4	5	4	Not met	0	1	1	False	Cap combined O4 + O7 at +4	0.5714
KEAP1	333	G	C	4	7	3	8.0	Other	TSG	Supporting	1	Moderate	2	3	3	Not met	0	1	1	False	Cap combined O4 + O7 at +4	0.5714
KMT2D	5432	R	W	4	8	3	13.0	3	oncogene, TSG	Supporting	1	Strong	4	5	4	Not met	0	1	1	False	Cap combined O4 + O7 at +4	0.625
KEAP1	417	G	V	4	7	4	6.0	Other	TSG	Supporting	1	Moderate	2	3	3	Not met	0	1	1	False	Cap combined O4 + O7 at +4	0.2857
MYC	7	V	M	4	4	1	27.0	Other	oncogene, fusion	Supporting	1	Strong	4	5	4	Moderate	2	3	3	False	Cap combined O4 + O7 at +4	0.25
PTEN	61	H	R	4	6	3	18.0	3	TSG	Supporting	1	Strong	4	5	4	Not met	0	1	1	False	Cap combined O4 + O7 at +4	0.6667
EP300	1455	Q	H	4	6	3	5.0	Other	TSG, fusion	Supporting	1	Moderate	2	3	3	Not met	0	1	1	False	Cap combined O4 + O7 at +4	0.5
MTOR	1459	A	D	4	6	3	10.0	Other	oncogene	Supporting	1	Moderate	2	3	3	Not met	0	1	1	False	Cap combined O4 + O7 at +4	0.8333
INPPL1	70	R	H	4	4	1	6.0	Other		Supporting	1	Moderate	2	3	3	Not met	0	1	1	False	Cap combined O4 + O7 at +4	0.0
ARID1B	966	G	D	4	4	1	2.0	Other	TSG	Supporting	1	Not met	0	1	1	Not met	0	1	1	False	Cap combined O4 + O7 at +4	0.0
ERBB2	733	T	I	4	4	1	17.0	Other	oncogene, fusion	Supporting	1	Strong	4	5	4	Not met	0	1	1	False	Cap combined O4 + O7 at +4	0.5
TP53	232	I	S	4	14	5	14.0	3	oncogene, TSG, fusion	Supporting	1	Strong	4	5	5	Not met	0	1	1	True	O4 + O7 may be combined (max +8)	0.2857
PIM1	79	E	D	4	6	2	28.0	Other	oncogene, fusion	Supporting	1	Strong	4	5	4	Moderate	2	3	3	False	Cap combined O4 + O7 at +4	0.5
KEAP1	155	V	F	4	5	2	7.0	Other	TSG	Supporting	1	Moderate	2	3	3	Not met	0	1	1	False	Cap combined O4 + O7 at +4	0.4
FGFR3	8	L	L	4	4	1				Supporting	1	Absent/not counted	0	1	1	Absent/not counted	0	1	1	False	Cap combined O4 + O7 at +4	1.0
CARD11	626	E	K	4	6	3	32.0	Other	oncogene	Supporting	1	Strong	4	5	4	Moderate	2	3	3	False	Cap combined O4 + O7 at +4	0.3333
SMAD3	268	R	H	4	11	2	14.0	Other	TSG	Supporting	1	Strong	4	5	4	Not met	0	1	1	False	Cap combined O4 + O7 at +4	0.4545
HNF1A	27	I	L	4	4	1	67.0	Other	TSG	Supporting	1	Strong	4	5	4	Strong	4	5	4	False	Cap combined O4 + O7 at +4	0.0
PRDM14	505	R	H	4	6	2	8.0	Other		Supporting	1	Moderate	2	3	3	Not met	0	1	1	False	Cap combined O4 + O7 at +4	0.0
ETV6	284	S	S	4	6	2				Supporting	1	Absent/not counted	0	1	1	Absent/not counted	0	1	1	False	Cap combined O4 + O7 at +4	0.3333
PIK3CA	357	R	Q	4	7	4	15.0	Other	oncogene	Supporting	1	Strong	4	5	4	Not met	0	1	1	False	Cap combined O4 + O7 at +4	0.4286
PTPN11	461	A	T	4	5	2	12.0	Other	oncogene	Supporting	1	Strong	4	5	4	Not met	0	1	1	False	Cap combined O4 + O7 at +4	0.4
MTOR	1971	A	T	4	6	3	7.0	Other	oncogene	Supporting	1	Moderate	2	3	3	Not met	0	1	1	False	Cap combined O4 + O7 at +4	0.5
ERBB2	862	T	A	4	4	1	27.0	Other	oncogene, fusion	Supporting	1	Strong	4	5	4	Moderate	2	3	3	False	Cap combined O4 + O7 at +4	0.25
EPHB1	743	R	W	4	9	3	6.0	Other		Supporting	1	Moderate	2	3	3	Not met	0	1	1	False	Cap combined O4 + O7 at +4	0.5556
ERCC2	606	E	Q	4	6	2	10.0	Other	TSG	Supporting	1	Moderate	2	3	3	Not met	0	1	1	False	Cap combined O4 + O7 at +4	0.5
TP53	265	L	R	4	19	4	16.0	Other	oncogene, TSG, fusion	Supporting	1	Strong	4	5	5	Not met	0	1	1	True	O4 + O7 may be combined (max +8)	0.3684
CUL3	299	M	R	4	5	2	15.0	3	TSG	Supporting	1	Strong	4	5	4	Not met	0	1	1	False	Cap combined O4 + O7 at +4	1.0
PTEN	35	M	I	4	8	3	8.0	3	TSG	Supporting	1	Moderate	2	3	3	Not met	0	1	1	False	Cap combined O4 + O7 at +4	0.75
CDH1	288	D	V	4	5	2	5.0	Other	TSG	Supporting	1	Moderate	2	3	3	Not met	0	1	1	False	Cap combined O4 + O7 at +4	0.0
EIF1AX	6	G	D	4	7	4	4.0	Other		Supporting	1	Not met	0	1	1	Not met	0	1	1	False	Cap combined O4 + O7 at +4	0.5714
DNAJB1	190	L	L	4	4	1				Supporting	1	Absent/not counted	0	1	1	Absent/not counted	0	1	1	False	Cap combined O4 + O7 at +4	0.0
RAD50	69	D	Y	4	6	2	5.0	Other	TSG	Supporting	1	Moderate	2	3	3	Not met	0	1	1	False	Cap combined O4 + O7 at +4	0.3333
ERCC2	463	P	L	4	6	3	4.0	Other	TSG	Supporting	1	Not met	0	1	1	Not met	0	1	1	False	Cap combined O4 + O7 at +4	0.3333
SMARCA4	1135	R	Q	4	9	2	12.0	Other	TSG	Supporting	1	Strong	4	5	4	Not met	0	1	1	False	Cap combined O4 + O7 at +4	0.3333
VHL	114	G	A	4	7	3	10.0	Other	TSG	Supporting	1	Moderate	2	3	3	Not met	0	1	1	False	Cap combined O4 + O7 at +4	0.1429
PDGFRA	659	N	K	4	6	3	24.0	3	oncogene, fusion	Supporting	1	Strong	4	5	4	Moderate	2	3	3	False	Cap combined O4 + O7 at +4	0.6667
PIK3CA	939	D	G	4	4	1	10.0	3	oncogene	Supporting	1	Moderate	2	3	3	Not met	0	1	1	False	Cap combined O4 + O7 at +4	0.0
ERBB2	277	D	Y	4	8	4	20.0	Other	oncogene, fusion	Supporting	1	Strong	4	5	4	Moderate	2	3	3	False	Cap combined O4 + O7 at +4	0.625
SOX17	96	A	G	4	4	1	5.0	3		Supporting	1	Moderate	2	3	3	Not met	0	1	1	False	Cap combined O4 + O7 at +4	0.25
TP53	111	L	Q	4	18	4	29.0	3	oncogene, TSG, fusion	Supporting	1	Strong	4	5	5	Moderate	2	3	3	True	O4 + O7 may be combined (max +8)	0.2778
FOXA1	226	D	G	4	9	2	7.0	Other	oncogene	Supporting	1	Moderate	2	3	3	Not met	0	1	1	False	Cap combined O4 + O7 at +4	0.2222
PIM1	24	K	N	4	7	2	34.0	Other	oncogene, fusion	Supporting	1	Strong	4	5	4	Moderate	2	3	3	False	Cap combined O4 + O7 at +4	0.4286
KRAS	33	D	E	4	4	1	15.0	Other	oncogene	Supporting	1	Strong	4	5	4	Not met	0	1	1	False	Cap combined O4 + O7 at +4	0.75
KDR	1037	S	L	4	11	3	9.0	Other	oncogene	Supporting	1	Moderate	2	3	3	Not met	0	1	1	False	Cap combined O4 + O7 at +4	0.3636
PIK3CA	1065	H	Y	4	5	2	11.0	Other	oncogene	Supporting	1	Strong	4	5	4	Not met	0	1	1	False	Cap combined O4 + O7 at +4	0.8
DIS3	767	L	F	4	4	1	7.0	Other		Supporting	1	Moderate	2	3	3	Not met	0	1	1	False	Cap combined O4 + O7 at +4	0.25
HIST1H3B	51	E	K	4	12	4	5.0	Other	oncogene	Supporting	1	Moderate	2	3	3	Not met	0	1	1	False	Cap combined O4 + O7 at +4	0.4167
EIF1AX	2	P	L	4	7	3	8.0	Other		Supporting	1	Moderate	2	3	3	Not met	0	1	1	False	Cap combined O4 + O7 at +4	0.7143
IL7R	395	K	R	4	12	5	7.0	Other	oncogene	Supporting	1	Moderate	2	3	3	Not met	0	1	1	False	Cap combined O4 + O7 at +4	0.25
PTEN	251	G	V	4	6	3	10.0	Other	TSG	Supporting	1	Moderate	2	3	3	Not met	0	1	1	False	Cap combined O4 + O7 at +4	0.3333
VHL	115	H	N	4	7	3	20.0	Other	TSG	Supporting	1	Strong	4	5	4	Moderate	2	3	3	False	Cap combined O4 + O7 at +4	0.2857
ERBB2	697	V	L	4	4	1	9.0	Other	oncogene, fusion	Supporting	1	Moderate	2	3	3	Not met	0	1	1	False	Cap combined O4 + O7 at +4	0.75
ERBB2	776	G	V	4	6	2	15.0	Other	oncogene, fusion	Supporting	1	Strong	4	5	4	Not met	0	1	1	False	Cap combined O4 + O7 at +4	0.1667
EIF1AX	13	R	H	4	12	5	17.0	Other		Supporting	1	Strong	4	5	4	Not met	0	1	1	False	Cap combined O4 + O7 at +4	0.75
ERBB3	355	T	I	4	6	3	15.0	Other	oncogene	Supporting	1	Strong	4	5	4	Not met	0	1	1	False	Cap combined O4 + O7 at +4	0.1667
MTOR	2006	V	F	4	7	4	16.0	3	oncogene	Supporting	1	Strong	4	5	4	Not met	0	1	1	False	Cap combined O4 + O7 at +4	0.5714
EIF1AX	15	G	D	4	7	3	5.0	Other		Supporting	1	Moderate	2	3	3	Not met	0	1	1	False	Cap combined O4 + O7 at +4	0.2857
EGFR	596	P	L	4	8	4	15.0	Other	oncogene	Supporting	1	Strong	4	5	4	Not met	0	1	1	False	Cap combined O4 + O7 at +4	0.125
KEAP1	260	R	Q	4	10	3	4.0	Other	TSG	Supporting	1	Not met	0	1	1	Not met	0	1	1	False	Cap combined O4 + O7 at +4	0.4
KEAP1	260	R	L	4	10	3	3.0	Other	TSG	Supporting	1	Not met	0	1	1	Not met	0	1	1	False	Cap combined O4 + O7 at +4	0.4
B2M	12	L	P	4	7	3	26.0	Other	TSG	Supporting	1	Strong	4	5	4	Moderate	2	3	3	False	Cap combined O4 + O7 at +4	0.4286
PIM1	97	S	N	4	10	4	42.0	Other	oncogene, fusion	Supporting	1	Strong	4	5	4	Moderate	2	3	3	False	Cap combined O4 + O7 at +4	0.5
MAP2K2	57	F	L	4	6	2	7.0	3	oncogene	Supporting	1	Moderate	2	3	3	Not met	0	1	1	False	Cap combined O4 + O7 at +4	0.1667
VHL	86	P	S	4	9	4	12.0	3	TSG	Supporting	1	Strong	4	5	4	Not met	0	1	1	False	Cap combined O4 + O7 at +4	0.6667
VHL	158	L	V	4	9	4	30.0	3	TSG	Supporting	1	Strong	4	5	4	Moderate	2	3	3	False	Cap combined O4 + O7 at +4	0.1111
EGFR	363	T	I	4	7	3	8.0	3	oncogene	Supporting	1	Moderate	2	3	3	Not met	0	1	1	False	Cap combined O4 + O7 at +4	0.2857
PTEN	129	G	E	4	12	5	18.0	3	TSG	Supporting	1	Strong	4	5	4	Not met	0	1	1	False	Cap combined O4 + O7 at +4	0.5
PREX2	50	L	L	4	9	2				Supporting	1	Absent/not counted	0	1	1	Absent/not counted	0	1	1	False	Cap combined O4 + O7 at +4	0.0
STK11	242	G	V	4	9	4	8.0	Other	TSG	Supporting	1	Moderate	2	3	3	Not met	0	1	1	False	Cap combined O4 + O7 at +4	0.6667
TP53	105	G	D	4	28	6	7.0	Other	oncogene, TSG, fusion	Supporting	1	Moderate	2	3	3	Not met	0	1	1	True	O4 + O7 may be combined (max +8)	0.5
ERBB2	869	L	R	4	4	1	23.0	3	oncogene, fusion	Supporting	1	Strong	4	5	4	Moderate	2	3	3	False	Cap combined O4 + O7 at +4	0.75
CTCF	226	Y	C	4	4	1	6.0	Other	TSG	Supporting	1	Moderate	2	3	3	Not met	0	1	1	False	Cap combined O4 + O7 at +4	0.5
ERCC2	72	Y	C	4	4	1	6.0	3	TSG	Supporting	1	Moderate	2	3	3	Not met	0	1	1	False	Cap combined O4 + O7 at +4	0.25
TP53	161	A	S	4	26	5	18.0	Other	oncogene, TSG, fusion	Supporting	1	Strong	4	5	5	Not met	0	1	1	True	O4 + O7 may be combined (max +8)	0.3462
TP53	267	R	Q	4	36	6	26.0	Other	oncogene, TSG, fusion	Supporting	1	Strong	4	5	5	Moderate	2	3	3	True	O4 + O7 may be combined (max +8)	0.5
TP53	168	H	L	4	19	4	17.0	Other	oncogene, TSG, fusion	Supporting	1	Strong	4	5	5	Not met	0	1	1	True	O4 + O7 may be combined (max +8)	0.5263
PTPRS	398	Y	Y	4	4	1				Supporting	1	Absent/not counted	0	1	1	Absent/not counted	0	1	1	False	Cap combined O4 + O7 at +4	0.5
CASP8	292	R	Q	4	13	2	10.0	Other	TSG	Supporting	1	Moderate	2	3	3	Not met	0	1	1	False	Cap combined O4 + O7 at +4	0.4615
EIF1AX	13	R	L	4	12	5	7.0	Other		Supporting	1	Moderate	2	3	3	Not met	0	1	1	False	Cap combined O4 + O7 at +4	0.75
CDKN2A	130	L	Q	4	8	3	9.0	Other	TSG	Supporting	1	Moderate	2	3	3	Not met	0	1	1	False	Cap combined O4 + O7 at +4	0.25
CTCF	284	H	Y	4	6	3	9.0	Other	TSG	Supporting	1	Moderate	2	3	3	Not met	0	1	1	False	Cap combined O4 + O7 at +4	0.5
KEAP1	601	R	L	4	6	2	5.0	Other	TSG	Supporting	1	Moderate	2	3	3	Not met	0	1	1	False	Cap combined O4 + O7 at +4	0.8333
MEF2B	4	K	E	4	4	1	7.0	Other		Supporting	1	Moderate	2	3	3	Not met	0	1	1	False	Cap combined O4 + O7 at +4	0.75
SMAD4	355	D	G	4	7	3	19.0	Other	TSG	Supporting	1	Strong	4	5	4	Not met	0	1	1	False	Cap combined O4 + O7 at +4	0.1429
PIK3CD	894	R	R	4	5	2				Supporting	1	Absent/not counted	0	1	1	Absent/not counted	0	1	1	False	Cap combined O4 + O7 at +4	0.2
ERBB4	1102	F	C	4	5	2	7.0	Other	oncogene, TSG	Supporting	1	Moderate	2	3	3	Not met	0	1	1	False	Cap combined O4 + O7 at +4	0.4
FGFR2	253	P	R	4	6	2	22.0	3	oncogene, fusion	Supporting	1	Strong	4	5	4	Moderate	2	3	3	False	Cap combined O4 + O7 at +4	0.3333
ERBB2	293	A	T	4	6	3	7.0	Other	oncogene, fusion	Supporting	1	Moderate	2	3	3	Not met	0	1	1	False	Cap combined O4 + O7 at +4	0.8333
HIST1H1C	115	E	K	4	4	1	6.0	Other		Supporting	1	Moderate	2	3	3	Not met	0	1	1	False	Cap combined O4 + O7 at +4	0.75
PTEN	101	I	T	4	4	1	19.0	3	TSG	Supporting	1	Strong	4	5	4	Not met	0	1	1	False	Cap combined O4 + O7 at +4	0.5
PIM1	7	N	N	4	4	1				Supporting	1	Absent/not counted	0	1	1	Absent/not counted	0	1	1	False	Cap combined O4 + O7 at +4	0.25
PMS2	651	K	R	4	4	1	1.0	Other	TSG	Supporting	1	Not met	0	1	1	Not met	0	1	1	False	Cap combined O4 + O7 at +4	0.0
SMARCA4	1157	R	W	4	7	2	14.0	Other	TSG	Supporting	1	Strong	4	5	4	Not met	0	1	1	False	Cap combined O4 + O7 at +4	0.4286
PTPRS	1492	R	W	4	8	3	5.0	Other		Supporting	1	Moderate	2	3	3	Not met	0	1	1	False	Cap combined O4 + O7 at +4	0.5
NOTCH1	471	I	T	4	4	1	6.0	Other	oncogene, TSG, fusion	Supporting	1	Moderate	2	3	3	Not met	0	1	1	False	Cap combined O4 + O7 at +4	0.75
SETD2	1666	Y	C	4	6	3	6.0	Other	TSG	Supporting	1	Moderate	2	3	3	Not met	0	1	1	False	Cap combined O4 + O7 at +4	0.5
IRF4	99	C	R	4	7	3	10.0	Other	oncogene, TSG, fusion	Supporting	1	Moderate	2	3	3	Not met	0	1	1	False	Cap combined O4 + O7 at +4	0.5714
FGFR2	203	R	H	4	6	2	5.0	Other	oncogene, fusion	Supporting	1	Moderate	2	3	3	Not met	0	1	1	False	Cap combined O4 + O7 at +4	0.6667
STK11	196	G	V	4	6	3	6.0	3	TSG	Supporting	1	Moderate	2	3	3	Not met	0	1	1	False	Cap combined O4 + O7 at +4	0.8333
PTEN	126	A	S	4	11	4	10.0	Other	TSG	Supporting	1	Moderate	2	3	3	Not met	0	1	1	False	Cap combined O4 + O7 at +4	0.5455
PTEN	124	C	S	4	8	4	27.0	3	TSG	Supporting	1	Strong	4	5	4	Moderate	2	3	3	False	Cap combined O4 + O7 at +4	0.625
BRAF	596	G	R	4	8	5	19.0	3	oncogene, fusion	Supporting	1	Strong	4	5	4	Not met	0	1	1	False	Cap combined O4 + O7 at +4	0.375
TP53	257	L	P	4	17	5	26.0	Other	oncogene, TSG, fusion	Supporting	1	Strong	4	5	5	Moderate	2	3	3	True	O4 + O7 may be combined (max +8)	0.6471
TP53	257	L	R	4	17	5	15.0	3	oncogene, TSG, fusion	Supporting	1	Strong	4	5	5	Not met	0	1	1	True	O4 + O7 may be combined (max +8)	0.6471
RHOA	37	T	I	4	6	3	7.0	Other	oncogene, TSG	Supporting	1	Moderate	2	3	3	Not met	0	1	1	False	Cap combined O4 + O7 at +4	0.6667
FBXW7	441	R	W	3	7	4	10.0	Other	TSG	Supporting	1	Moderate	2	3	3	Not met	0	1	1	False	Cap combined O4 + O7 at +4	0.1429
ERBB3	126	N	K	3	4	2	10.0	Other	oncogene	Supporting	1	Moderate	2	3	3	Not met	0	1	1	False	Cap combined O4 + O7 at +4	0.5
KRAS	5	K	E	3	3	1	7.0	Other	oncogene	Supporting	1	Moderate	2	3	3	Not met	0	1	1	False	Cap combined O4 + O7 at +4	0.3333
TP53	197	V	E	3	17	5	19.0	3	oncogene, TSG, fusion	Supporting	1	Strong	4	5	5	Not met	0	1	1	True	O4 + O7 may be combined (max +8)	0.4706
TP53	197	V	M	3	17	5	27.0	Other	oncogene, TSG, fusion	Supporting	1	Strong	4	5	5	Moderate	2	3	3	True	O4 + O7 may be combined (max +8)	0.4706
STK11	308	W	L	3	6	3	9.0	3	TSG	Supporting	1	Moderate	2	3	3	Not met	0	1	1	False	Cap combined O4 + O7 at +4	1.0
TP53	133	M	R	3	10	4	17.0	Other	oncogene, TSG, fusion	Supporting	1	Strong	4	5	4	Not met	0	1	1	False	Cap combined O4 + O7 at +4	0.6
BCL2L11	156	G	R	3	6	3	8.0	Other		Supporting	1	Moderate	2	3	3	Not met	0	1	1	False	Cap combined O4 + O7 at +4	0.3333
EPHA7	656	G	G	3	11	4				Supporting	1	Absent/not counted	0	1	1	Absent/not counted	0	1	1	False	Cap combined O4 + O7 at +4	0.2727
HIST1H3H	37	K	M	3	4	2	3.0	Other		Supporting	1	Not met	0	1	1	Not met	0	1	1	False	Cap combined O4 + O7 at +4	0.25
TP53	178	H	P	3	12	5	16.0	3	oncogene, TSG, fusion	Supporting	1	Strong	4	5	4	Not met	0	1	1	False	Cap combined O4 + O7 at +4	0.5833
RIT1	77	A	T	3	5	3				Supporting	1	Absent/not counted	0	1	1	Absent/not counted	0	1	1	False	Cap combined O4 + O7 at +4	0.6
BCL2	172	N	S	3	6	3	5.0	Other	oncogene, fusion	Supporting	1	Moderate	2	3	3	Not met	0	1	1	False	Cap combined O4 + O7 at +4	0.3333
TP53	190	P	T	3	17	4	21.0	Other	oncogene, TSG, fusion	Supporting	1	Strong	4	5	5	Moderate	2	3	3	True	O4 + O7 may be combined (max +8)	0.5882
KEAP1	320	R	L	3	8	5	9.0	Other	TSG	Supporting	1	Moderate	2	3	3	Not met	0	1	1	False	Cap combined O4 + O7 at +4	0.5
PTPN11	61	D	Y	3	4	2	65.0	1	oncogene	Supporting	1	Strong	4	5	4	Strong	4	5	4	False	Cap combined O4 + O7 at +4	0.5
HNF1A	338	G	G	3	4	2				Supporting	1	Absent/not counted	0	1	1	Absent/not counted	0	1	1	False	Cap combined O4 + O7 at +4	0.25
HNF1A	114	R	H	3	5	3	10.0	Other	TSG	Supporting	1	Moderate	2	3	3	Not met	0	1	1	False	Cap combined O4 + O7 at +4	0.2
KNSTRN	22	C	Y	3	4	2	3.0	Other	oncogene	Supporting	1	Not met	0	1	1	Not met	0	1	1	False	Cap combined O4 + O7 at +4	0.0
PTEN	277	T	I	3	6	4	4.0	3	TSG	Supporting	1	Not met	0	1	1	Not met	0	1	1	False	Cap combined O4 + O7 at +4	0.3333
TGFBR1	487	R	W	3	8	2	10.0	3		Supporting	1	Moderate	2	3	3	Not met	0	1	1	False	Cap combined O4 + O7 at +4	0.5
SMARCB1	374	R	W	3	8	2	6.0	Other	TSG	Supporting	1	Moderate	2	3	3	Not met	0	1	1	False	Cap combined O4 + O7 at +4	0.5
SETD2	1603	H	R	3	5	2	5.0	Other	TSG	Supporting	1	Moderate	2	3	3	Not met	0	1	1	False	Cap combined O4 + O7 at +4	0.2
BRCA2	2303	S	S	3	5	2				Supporting	1	Absent/not counted	0	1	1	Absent/not counted	0	1	1	False	Cap combined O4 + O7 at +4	0.8
STK11	251	G	V	3	6	3	4.0	Other	TSG	Supporting	1	Not met	0	1	1	Not met	0	1	1	False	Cap combined O4 + O7 at +4	0.5
CDKN1B	72	G	D	3	6	3	6.0	Other	TSG	Supporting	1	Moderate	2	3	3	Not met	0	1	1	False	Cap combined O4 + O7 at +4	0.5
PTPN11	507	T	K	3	3	1	16.0	Other	oncogene	Supporting	1	Strong	4	5	4	Not met	0	1	1	False	Cap combined O4 + O7 at +4	0.3333
CARD11	337	R	Q	3	5	2	10.0	Other	oncogene	Supporting	1	Moderate	2	3	3	Not met	0	1	1	False	Cap combined O4 + O7 at +4	0.8
STK11	239	W	C	3	5	3	6.0	Other	TSG	Supporting	1	Moderate	2	3	3	Not met	0	1	1	False	Cap combined O4 + O7 at +4	0.6
BRD4	1065	P	P	3	4	2				Supporting	1	Absent/not counted	0	1	1	Absent/not counted	0	1	1	False	Cap combined O4 + O7 at +4	0.25
CDKN2A	74	D	Y	3	8	4	9.0	Other	TSG	Supporting	1	Moderate	2	3	3	Not met	0	1	1	False	Cap combined O4 + O7 at +4	0.5
CCND1	47	C	S	3	4	2	6.0	Other	oncogene, fusion	Supporting	1	Moderate	2	3	3	Not met	0	1	1	False	Cap combined O4 + O7 at +4	0.25
PTEN	16	Y	*	3	5	3	25.0	1	TSG	Not applicable (nonsense/stop-loss)	0	Strong	4	4	4	Moderate	2	2	2	False	Cap combined O4 + O7 at +4	0.6
PTPRS	1492	R	Q	3	8	3	3.0	Other		Supporting	1	Not met	0	1	1	Not met	0	1	1	False	Cap combined O4 + O7 at +4	0.5
CBL	384	C	R	3	4	2	16.0	1	oncogene, TSG, fusion	Supporting	1	Strong	4	5	4	Not met	0	1	1	False	Cap combined O4 + O7 at +4	0.5
RAC1	34	P	R	3	5	3	2.0	Other	oncogene	Supporting	1	Not met	0	1	1	Not met	0	1	1	False	Cap combined O4 + O7 at +4	0.2
TP53	275	C	*	3	70	7	8.0	1	oncogene, TSG, fusion	Not applicable (nonsense/stop-loss)	0	Moderate	2	2	2	Not met	0	0	0	True	O4 + O7 may be combined (max +8)	0.3857
TP53	277	C	*	3	28	5	13.0	1	oncogene, TSG, fusion	Not applicable (nonsense/stop-loss)	0	Strong	4	4	4	Not met	0	0	0	True	O4 + O7 may be combined (max +8)	0.6071
SMAD4	526	E	*	3	11	6	8.0	3	TSG	Not applicable (nonsense/stop-loss)	0	Moderate	2	2	2	Not met	0	0	0	False	Cap combined O4 + O7 at +4	0.6364
BCL10	174	L	*	3	3	1	10.0	3	TSG, fusion	Not applicable (nonsense/stop-loss)	0	Moderate	2	2	2	Not met	0	0	0	False	Cap combined O4 + O7 at +4	0.6667
PTEN	178	Y	*	3	5	3	6.0	3	TSG	Not applicable (nonsense/stop-loss)	0	Moderate	2	2	2	Not met	0	0	0	False	Cap combined O4 + O7 at +4	0.6
B2M	7	L	*	3	5	2	17.0	3	TSG	Not applicable (nonsense/stop-loss)	0	Strong	4	4	4	Not met	0	0	0	False	Cap combined O4 + O7 at +4	0.8
FBXW7	14	R	*	3	9	2	8.0	3	TSG	Not applicable (nonsense/stop-loss)	0	Moderate	2	2	2	Not met	0	0	0	False	Cap combined O4 + O7 at +4	0.1111
PTEN	140	L	*	3	4	2	7.0	2	TSG	Not applicable (nonsense/stop-loss)	0	Moderate	2	2	2	Not met	0	0	0	False	Cap combined O4 + O7 at +4	0.25
PTEN	247	L	*	3	4	2	10.0	1	TSG	Not applicable (nonsense/stop-loss)	0	Moderate	2	2	2	Not met	0	0	0	False	Cap combined O4 + O7 at +4	0.25
TBX3	113	W	*	3	4	2	6.0	3	oncogene, TSG	Not applicable (nonsense/stop-loss)	0	Moderate	2	2	2	Not met	0	0	0	False	Cap combined O4 + O7 at +4	0.5
SMAD2	463	C	*	3	4	2	8.0	3	TSG	Not applicable (nonsense/stop-loss)	0	Moderate	2	2	2	Not met	0	0	0	False	Cap combined O4 + O7 at +4	0.75
FBXW7	393	R	Q	3	7	2	10.0	Other	TSG	Supporting	1	Moderate	2	3	3	Not met	0	1	1	False	Cap combined O4 + O7 at +4	0.1429
SMARCA4	1157	R	Q	3	7	2	5.0	Other	TSG	Supporting	1	Moderate	2	3	3	Not met	0	1	1	False	Cap combined O4 + O7 at +4	0.4286
EP300	415	L	P	3	3	1	13.0	Other	TSG, fusion	Supporting	1	Strong	4	5	4	Not met	0	1	1	False	Cap combined O4 + O7 at +4	0.6667
SOS1	90	A	A	3	5	3				Supporting	1	Absent/not counted	0	1	1	Absent/not counted	0	1	1	False	Cap combined O4 + O7 at +4	0.0
WHSC1	1150	T	A	3	3	1				Supporting	1	Absent/not counted	0	1	1	Absent/not counted	0	1	1	False	Cap combined O4 + O7 at +4	0.0
VHL	117	W	L	3	6	3	10.0	Other	TSG	Supporting	1	Moderate	2	3	3	Not met	0	1	1	False	Cap combined O4 + O7 at +4	0.5
ARID1B	1652	T	M	3	5	3	5.0	Other	TSG	Supporting	1	Moderate	2	3	3	Not met	0	1	1	False	Cap combined O4 + O7 at +4	0.6
CCND1	9	E	E	3	5	3				Supporting	1	Absent/not counted	0	1	1	Absent/not counted	0	1	1	False	Cap combined O4 + O7 at +4	0.6
SDHAF2	10	S	L	3	5	3	5.0	Other	TSG	Supporting	1	Moderate	2	3	3	Not met	0	1	1	False	Cap combined O4 + O7 at +4	0.6
MAP2K1	122	N	D	3	3	1	3.0	Other	oncogene	Supporting	1	Not met	0	1	1	Not met	0	1	1	False	Cap combined O4 + O7 at +4	0.3333
KIT	888	R	W	3	7	3	3.0	Other	oncogene	Supporting	1	Not met	0	1	1	Not met	0	1	1	False	Cap combined O4 + O7 at +4	0.5714
KIT	888	R	Q	3	7	3	7.0	Other	oncogene	Supporting	1	Moderate	2	3	3	Not met	0	1	1	False	Cap combined O4 + O7 at +4	0.5714
CARD11	423	R	Q	3	6	3	4.0	Other	oncogene	Supporting	1	Not met	0	1	1	Not met	0	1	1	False	Cap combined O4 + O7 at +4	0.5
SPOP	129	K	E	3	3	1	5.0	Other	TSG	Supporting	1	Moderate	2	3	3	Not met	0	1	1	False	Cap combined O4 + O7 at +4	0.6667
IRS2	1057	G	D	3	3	1	11.0	Other		Supporting	1	Strong	4	5	4	Not met	0	1	1	False	Cap combined O4 + O7 at +4	0.0
CDH1	190	Y	C	3	3	1	5.0	Other	TSG	Supporting	1	Moderate	2	3	3	Not met	0	1	1	False	Cap combined O4 + O7 at +4	0.3333
NFE2L2	28	I	T	3	3	1	15.0	Other	oncogene, TSG	Supporting	1	Strong	4	5	4	Not met	0	1	1	False	Cap combined O4 + O7 at +4	0.3333
CDKN2A	74	D	N	3	8	4	16.0	Other	TSG	Supporting	1	Strong	4	5	4	Not met	0	1	1	False	Cap combined O4 + O7 at +4	0.5
HIST1H3B	51	E	E	3	12	4				Supporting	1	Absent/not counted	0	1	1	Absent/not counted	0	1	1	False	Cap combined O4 + O7 at +4	0.4167
FOXA1	219	R	S	3	8	4	6.0	Other	oncogene	Supporting	1	Moderate	2	3	3	Not met	0	1	1	False	Cap combined O4 + O7 at +4	0.75
TP53	246	M	T	3	37	6	22.0	3	oncogene, TSG, fusion	Supporting	1	Strong	4	5	5	Moderate	2	3	3	True	O4 + O7 may be combined (max +8)	0.6216
TP53	136	Q	P	3	31	5	13.0	Other	oncogene, TSG, fusion	Supporting	1	Strong	4	5	5	Not met	0	1	1	True	O4 + O7 may be combined (max +8)	0.3871
EGFR	747	L	P	3	8	4	14.0	3	oncogene	Supporting	1	Strong	4	5	4	Not met	0	1	1	False	Cap combined O4 + O7 at +4	1.0
EGFR	747	L	L	3	8	4				Supporting	1	Absent/not counted	0	1	1	Absent/not counted	0	1	1	False	Cap combined O4 + O7 at +4	1.0
PTPN11	76	E	G	3	13	4	67.0	1	oncogene	Supporting	1	Strong	4	5	5	Strong	4	5	5	True	O4 + O7 may be combined (max +8)	0.4615
DICER1	1813	E	Q	3	11	4	21.0	Other	TSG	Supporting	1	Strong	4	5	4	Moderate	2	3	3	False	Cap combined O4 + O7 at +4	0.4545
CIC	1512	R	L	3	11	4	3.0	Other	oncogene, TSG, fusion	Supporting	1	Not met	0	1	1	Not met	0	1	1	False	Cap combined O4 + O7 at +4	0.1818
STK11	194	D	N	3	14	5	14.0	3	TSG	Supporting	1	Strong	4	5	5	Not met	0	1	1	True	O4 + O7 may be combined (max +8)	0.6429
SMAD4	356	P	S	3	16	4	11.0	Other	TSG	Supporting	1	Strong	4	5	5	Not met	0	1	1	True	O4 + O7 may be combined (max +8)	0.5
CCND1	44	Y	D	3	8	6	5.0	Other	oncogene, fusion	Supporting	1	Moderate	2	3	3	Not met	0	1	1	False	Cap combined O4 + O7 at +4	0.125
PTEN	132	G	V	3	17	4	12.0	3	TSG	Supporting	1	Strong	4	5	5	Not met	0	1	1	True	O4 + O7 may be combined (max +8)	0.4706
PTEN	132	G	S	3	17	4	12.0	3	TSG	Supporting	1	Strong	4	5	5	Not met	0	1	1	True	O4 + O7 may be combined (max +8)	0.4706
PTEN	132	G	A	3	17	4	4.0	Other	TSG	Supporting	1	Not met	0	1	1	Not met	0	1	1	True	O4 + O7 may be combined (max +8)	0.4706
TP53	246	M	L	3	37	6	21.0	3	oncogene, TSG, fusion	Supporting	1	Strong	4	5	5	Moderate	2	3	3	True	O4 + O7 may be combined (max +8)	0.6216
FOXA1	247	H	R	3	10	4	6.0	Other	oncogene	Supporting	1	Moderate	2	3	3	Not met	0	1	1	False	Cap combined O4 + O7 at +4	0.6
TP53	246	M	K	3	37	6	27.0	3	oncogene, TSG, fusion	Supporting	1	Strong	4	5	5	Moderate	2	3	3	True	O4 + O7 may be combined (max +8)	0.6216
EGFR	252	R	P	3	16	3	3.0	3	oncogene	Supporting	1	Not met	0	1	1	Not met	0	1	1	True	O4 + O7 may be combined (max +8)	0.375
KIT	557	W	G	3	12	4	32.0	2	oncogene	Supporting	1	Strong	4	5	4	Moderate	2	3	3	False	Cap combined O4 + O7 at +4	0.6667
SF3B1	666	K	N	3	13	5	124.0	1	oncogene	Supporting	1	Strong	4	5	5	Strong	4	5	5	True	O4 + O7 may be combined (max +8)	0.3077
PIK3CB	1067	D	Y	3	13	4	7.0	3	oncogene	Supporting	1	Moderate	2	3	3	Not met	0	1	1	True	O4 + O7 may be combined (max +8)	0.4615
SPOP	87	Y	S	3	14	4	5.0	3	TSG	Supporting	1	Moderate	2	3	3	Not met	0	1	1	True	O4 + O7 may be combined (max +8)	0.3571
SPOP	131	W	S	3	23	5	3.0	3	TSG	Supporting	1	Not met	0	1	1	Not met	0	1	1	True	O4 + O7 may be combined (max +8)	0.3913
SPOP	131	W	L	3	23	5	3.0	Other	TSG	Supporting	1	Not met	0	1	1	Not met	0	1	1	True	O4 + O7 may be combined (max +8)	0.3913
CDKN2A	50	Q	R	3	23	3	4.0	3	TSG	Supporting	1	Not met	0	1	1	Not met	0	1	1	True	O4 + O7 may be combined (max +8)	0.2609
MTOR	1977	T	R	3	14	4	11.0	2	oncogene	Supporting	1	Strong	4	5	5	Not met	0	1	1	True	O4 + O7 may be combined (max +8)	0.6429
FOXA1	219	R	C	3	8	4	3.0	Other	oncogene	Supporting	1	Not met	0	1	1	Not met	0	1	1	False	Cap combined O4 + O7 at +4	0.75
TGFBR2	553	R	L	3	23	4	5.0	Other	TSG	Supporting	1	Moderate	2	3	3	Not met	0	1	1	True	O4 + O7 may be combined (max +8)	0.5217
TP53	277	C	Y	3	28	5	31.0	3	oncogene, TSG, fusion	Supporting	1	Strong	4	5	5	Moderate	2	3	3	True	O4 + O7 may be combined (max +8)	0.6071
GNAS	227	Q	K	3	11	3				Supporting	1	Absent/not counted	0	1	1	Absent/not counted	0	1	1	False	Cap combined O4 + O7 at +4	0.7273
KIT	560	V	D	3	7	4	66.0	1	oncogene	Supporting	1	Strong	4	5	4	Strong	4	5	4	False	Cap combined O4 + O7 at +4	0.5714
MTOR	1888	F	L	3	8	3	9.0	Other	oncogene	Supporting	1	Moderate	2	3	3	Not met	0	1	1	False	Cap combined O4 + O7 at +4	0.375
TP53	144	Q	P	3	23	4	17.0	3	oncogene, TSG, fusion	Supporting	1	Strong	4	5	5	Not met	0	1	1	True	O4 + O7 may be combined (max +8)	0.3478
KNSTRN	12	V	G	3	5	2	6.0	Other	oncogene	Supporting	1	Moderate	2	3	3	Not met	0	1	1	False	Cap combined O4 + O7 at +4	0.0
MET	1200	F	I	3	4	2				Supporting	1	Absent/not counted	0	1	1	Absent/not counted	0	1	1	False	Cap combined O4 + O7 at +4	0.0
SMAD4	352	G	R	3	11	6	30.0	3	TSG	Supporting	1	Strong	4	5	4	Moderate	2	3	3	False	Cap combined O4 + O7 at +4	0.7273
SMAD4	352	G	E	3	11	6	12.0	Other	TSG	Supporting	1	Strong	4	5	4	Not met	0	1	1	False	Cap combined O4 + O7 at +4	0.7273
PRKCI	480	R	S	3	10	3	4.0	3	oncogene	Supporting	1	Not met	0	1	1	Not met	0	1	1	False	Cap combined O4 + O7 at +4	0.0
TP53	267	R	G	3	36	6	10.0	Other	oncogene, TSG, fusion	Supporting	1	Moderate	2	3	3	Not met	0	1	1	True	O4 + O7 may be combined (max +8)	0.5
CCND3	290	I	K	3	4	2	23.0	3	oncogene, fusion	Supporting	1	Strong	4	5	4	Moderate	2	3	3	False	Cap combined O4 + O7 at +4	0.75
ARID1A	2087	G	E	3	13	2	11.0	Other	TSG, fusion	Supporting	1	Strong	4	5	5	Not met	0	1	1	True	O4 + O7 may be combined (max +8)	0.3077
SMARCA4	1189	R	G	3	12	4	3.0	Other	TSG	Supporting	1	Not met	0	1	1	Not met	0	1	1	False	Cap combined O4 + O7 at +4	0.75
IL7R	395	K	T	3	12	5	5.0	Other	oncogene	Supporting	1	Moderate	2	3	3	Not met	0	1	1	False	Cap combined O4 + O7 at +4	0.25
MTOR	2427	L	R	3	7	2	14.0	3	oncogene	Supporting	1	Strong	4	5	4	Not met	0	1	1	False	Cap combined O4 + O7 at +4	0.5714
FOXA1	261	R	C	3	9	4	7.0	Other	oncogene	Supporting	1	Moderate	2	3	3	Not met	0	1	1	False	Cap combined O4 + O7 at +4	0.6667
NFE2L2	24	W	C	3	11	3	20.0	3	oncogene, TSG	Supporting	1	Strong	4	5	4	Moderate	2	3	3	False	Cap combined O4 + O7 at +4	0.3636
SMAD4	419	G	V	3	8	3	9.0	Other	TSG	Supporting	1	Moderate	2	3	3	Not met	0	1	1	False	Cap combined O4 + O7 at +4	0.75
EP300	1466	W	L	3	8	5	4.0	Other	TSG, fusion	Supporting	1	Not met	0	1	1	Not met	0	1	1	False	Cap combined O4 + O7 at +4	0.5
CTCF	377	R	H	3	12	2	22.0	Other	TSG	Supporting	1	Strong	4	5	4	Moderate	2	3	3	False	Cap combined O4 + O7 at +4	0.5833
ARAF	214	S	A	3	12	6	3.0	2	oncogene	Supporting	1	Not met	0	1	1	Not met	0	1	1	False	Cap combined O4 + O7 at +4	0.4167
RAF1	259	S	P	3	12	4	6.0	3	oncogene, fusion	Supporting	1	Moderate	2	3	3	Not met	0	1	1	False	Cap combined O4 + O7 at +4	0.6667
PTPN11	510	Q	H	3	9	3	14.0	Other	oncogene	Supporting	1	Strong	4	5	4	Not met	0	1	1	False	Cap combined O4 + O7 at +4	0.1111
BRAF	597	L	R	3	10	5	37.0	3	oncogene, fusion	Supporting	1	Strong	4	5	4	Moderate	2	3	3	False	Cap combined O4 + O7 at +4	0.6
BRAF	597	L	Q	3	10	5	32.0	3	oncogene, fusion	Supporting	1	Strong	4	5	4	Moderate	2	3	3	False	Cap combined O4 + O7 at +4	0.6
EIF1AX	9	G	R	3	11	3	4.0	Other		Supporting	1	Not met	0	1	1	Not met	0	1	1	False	Cap combined O4 + O7 at +4	0.4545
PIK3CA	378	C	R	3	9	3	19.0	Other	oncogene	Supporting	1	Strong	4	5	4	Not met	0	1	1	False	Cap combined O4 + O7 at +4	0.2222
PTEN	92	D	G	3	18	6	10.0	3	TSG	Supporting	1	Moderate	2	3	3	Not met	0	1	1	True	O4 + O7 may be combined (max +8)	0.5
KIT	820	D	V	3	11	5	7.0	Other	oncogene	Supporting	1	Moderate	2	3	3	Not met	0	1	1	False	Cap combined O4 + O7 at +4	1.0
CDKN2A	84	D	V	3	26	6	6.0	Other	TSG	Supporting	1	Moderate	2	3	3	Not met	0	1	1	True	O4 + O7 may be combined (max +8)	0.5385
CDKN2A	84	D	G	3	26	6	16.0	Other	TSG	Supporting	1	Strong	4	5	5	Not met	0	1	1	True	O4 + O7 may be combined (max +8)	0.5385
KIT	559	V	G	3	14	3	16.0	1	oncogene	Supporting	1	Strong	4	5	5	Not met	0	1	1	True	O4 + O7 may be combined (max +8)	0.7143
TP53	163	Y	D	3	79	5	17.0	3	oncogene, TSG, fusion	Supporting	1	Strong	4	5	5	Not met	0	1	1	True	O4 + O7 may be combined (max +8)	0.4304
TP53	241	S	S	3	97	7				Supporting	1	Absent/not counted	0	1	1	Absent/not counted	0	1	1	True	O4 + O7 may be combined (max +8)	0.4639
SPOP	133	F	I	3	67	5	6.0	3	TSG	Supporting	1	Moderate	2	3	3	Not met	0	1	1	True	O4 + O7 may be combined (max +8)	0.4925
TP53	278	P	F	3	100	7	16.0	Other	oncogene, TSG, fusion	Supporting	1	Strong	4	5	5	Not met	0	1	1	True	O4 + O7 may be combined (max +8)	0.51
TP53	275	C	W	3	70	7	24.0	3	oncogene, TSG, fusion	Supporting	1	Strong	4	5	5	Moderate	2	3	3	True	O4 + O7 may be combined (max +8)	0.3857
HRAS	12	G	V	3	38	6	265.0	1	oncogene	Supporting	1	Strong	4	5	5	Strong	4	5	5	True	O4 + O7 may be combined (max +8)	0.2895
B2M	1	M	R	3	41	6				Supporting	1	Absent/not counted	0	1	1	Absent/not counted	0	1	1	True	O4 + O7 may be combined (max +8)	0.3659
B2M	1	M	K	3	41	6				Supporting	1	Absent/not counted	0	1	1	Absent/not counted	0	1	1	True	O4 + O7 may be combined (max +8)	0.3659
TP53	205	Y	D	3	61	7	38.0	3	oncogene, TSG, fusion	Supporting	1	Strong	4	5	5	Moderate	2	3	3	True	O4 + O7 may be combined (max +8)	0.3607
NRAS	13	G	S	3	41	6	22.0	2	oncogene	Supporting	1	Strong	4	5	5	Moderate	2	3	3	True	O4 + O7 may be combined (max +8)	0.4146
TP53	234	Y	S	3	68	6	11.0	3	oncogene, TSG, fusion	Supporting	1	Strong	4	5	5	Not met	0	1	1	True	O4 + O7 may be combined (max +8)	0.4853
HRAS	13	G	C	3	50	7	14.0	1	oncogene	Supporting	1	Strong	4	5	5	Not met	0	1	1	True	O4 + O7 may be combined (max +8)	0.3
ERBB2	755	L	M	3	44	6	5.0	2	oncogene, fusion	Supporting	1	Moderate	2	3	3	Not met	0	1	1	True	O4 + O7 may be combined (max +8)	0.6364
NRAS	12	G	R	3	74	6	75.0	1	oncogene	Supporting	1	Strong	4	5	5	Strong	4	5	5	True	O4 + O7 may be combined (max +8)	0.473
SMAD4	351	D	H	3	20	6	25.0	3	TSG	Supporting	1	Strong	4	5	5	Moderate	2	3	3	True	O4 + O7 may be combined (max +8)	0.6
TP53	179	H	P	3	149	7	17.0	3	oncogene, TSG, fusion	Supporting	1	Strong	4	5	5	Not met	0	1	1	True	O4 + O7 may be combined (max +8)	0.3758
SMAD4	361	R	G	3	124	6	15.0	3	TSG	Supporting	1	Strong	4	5	5	Not met	0	1	1	True	O4 + O7 may be combined (max +8)	0.5887
CTNNB1	32	D	A	3	81	6	34.0	2	oncogene, fusion	Supporting	1	Strong	4	5	5	Moderate	2	3	3	True	O4 + O7 may be combined (max +8)	0.3333
TP53	282	R	Q	3	219	6	46.0	3	oncogene, TSG, fusion	Supporting	1	Strong	4	5	5	Moderate	2	3	3	True	O4 + O7 may be combined (max +8)	0.4795
TP53	245	G	A	3	242	7	23.0	3	oncogene, TSG, fusion	Supporting	1	Strong	4	5	5	Moderate	2	3	3	True	O4 + O7 may be combined (max +8)	0.5041
TP53	220	Y	N	3	152	6	34.0	3	oncogene, TSG, fusion	Supporting	1	Strong	4	5	5	Moderate	2	3	3	True	O4 + O7 may be combined (max +8)	0.4013
PIK3CA	345	N	Y	3	98	7	5.0	3	oncogene	Supporting	1	Moderate	2	3	3	Not met	0	1	1	True	O4 + O7 may be combined (max +8)	0.5204
PIK3CA	345	N	H	3	98	7	6.0	2	oncogene	Supporting	1	Moderate	2	3	3	Not met	0	1	1	True	O4 + O7 may be combined (max +8)	0.5204
GNAS	201	R	S	3	139	4				Supporting	1	Absent/not counted	0	1	1	Absent/not counted	0	1	1	True	O4 + O7 may be combined (max +8)	0.6475
PIK3CA	542	E	V	3	372	5	26.0	2	oncogene	Supporting	1	Strong	4	5	5	Moderate	2	3	3	True	O4 + O7 may be combined (max +8)	0.5565
KRAS	13	G	E	3	264	7	7.0	3	oncogene	Supporting	1	Moderate	2	3	3	Not met	0	1	1	True	O4 + O7 may be combined (max +8)	0.6098
BRAF	600	V	G	3	897	6	27.0	1	oncogene, fusion	Supporting	1	Strong	4	5	5	Moderate	2	3	3	True	O4 + O7 may be combined (max +8)	0.32
EGFR	719	G	D	3	33	4	13.0	3	oncogene	Supporting	1	Strong	4	5	5	Not met	0	1	1	True	O4 + O7 may be combined (max +8)	0.697
FGFR2	549	N	H	3	26	4				Supporting	1	Absent/not counted	0	1	1	Absent/not counted	0	1	1	True	O4 + O7 may be combined (max +8)	0.4615
TP53	157	V	L	3	77	6	12.0	Other	oncogene, TSG, fusion	Supporting	1	Strong	4	5	5	Not met	0	1	1	True	O4 + O7 may be combined (max +8)	0.4286
TP53	272	V	E	3	66	7	15.0	3	oncogene, TSG, fusion	Supporting	1	Strong	4	5	5	Not met	0	1	1	True	O4 + O7 may be combined (max +8)	0.4697
SMAD4	351	D	G	3	20	6	14.0	Other	TSG	Supporting	1	Strong	4	5	5	Not met	0	1	1	True	O4 + O7 may be combined (max +8)	0.6
PPP2R1A	256	S	Y	3	14	2	13.0	3	TSG	Supporting	1	Strong	4	5	5	Not met	0	1	1	True	O4 + O7 may be combined (max +8)	0.5714
TP53	194	L	P	3	49	4	18.0	3	oncogene, TSG, fusion	Supporting	1	Strong	4	5	5	Not met	0	1	1	True	O4 + O7 may be combined (max +8)	0.449
PIK3CA	1021	Y	H	3	14	2	14.0	Other	oncogene	Supporting	1	Strong	4	5	5	Not met	0	1	1	True	O4 + O7 may be combined (max +8)	0.3571
SF3B1	902	E	Q	3	17	3	6.0	Other	oncogene	Supporting	1	Moderate	2	3	3	Not met	0	1	1	True	O4 + O7 may be combined (max +8)	0.4706
ESR1	536	L	P	3	14	5	13.0	Other	oncogene, TSG, fusion	Supporting	1	Strong	4	5	5	Not met	0	1	1	True	O4 + O7 may be combined (max +8)	1.0
NFE2L2	80	T	A	3	15	5	9.0	Other	oncogene, TSG	Supporting	1	Moderate	2	3	3	Not met	0	1	1	True	O4 + O7 may be combined (max +8)	0.2667
TP53	126	Y	S	3	33	6	8.0	Other	oncogene, TSG, fusion	Supporting	1	Moderate	2	3	3	Not met	0	1	1	True	O4 + O7 may be combined (max +8)	0.4242
PTPN11	72	A	D	3	18	5	23.0	2	oncogene	Supporting	1	Strong	4	5	5	Moderate	2	3	3	True	O4 + O7 may be combined (max +8)	0.5556
TP53	337	R	P	3	68	6	6.0	3	oncogene, TSG, fusion	Supporting	1	Moderate	2	3	3	Not met	0	1	1	True	O4 + O7 may be combined (max +8)	0.4265
SMAD4	386	G	S	3	22	6	11.0	3	TSG	Supporting	1	Strong	4	5	5	Not met	0	1	1	True	O4 + O7 may be combined (max +8)	0.3636
NFE2L2	81	G	R	3	19	6	6.0	3	oncogene, TSG	Supporting	1	Moderate	2	3	3	Not met	0	1	1	True	O4 + O7 may be combined (max +8)	0.3158
NFE2L2	81	G	D	3	19	6	14.0	3	oncogene, TSG	Supporting	1	Strong	4	5	5	Not met	0	1	1	True	O4 + O7 may be combined (max +8)	0.3158
TP53	286	E	V	3	73	6	27.0	3	oncogene, TSG, fusion	Supporting	1	Strong	4	5	5	Moderate	2	3	3	True	O4 + O7 may be combined (max +8)	0.4795
TP53	285	E	Q	3	99	5	10.0	Other	oncogene, TSG, fusion	Supporting	1	Moderate	2	3	3	Not met	0	1	1	True	O4 + O7 may be combined (max +8)	0.5253
CTNNB1	335	K	T	3	19	2	23.0	Other	oncogene, fusion	Supporting	1	Strong	4	5	5	Moderate	2	3	3	True	O4 + O7 may be combined (max +8)	0.4211
ERBB2	777	V	M	3	20	2	8.0	2	oncogene, fusion	Supporting	1	Moderate	2	3	3	Not met	0	1	1	True	O4 + O7 may be combined (max +8)	0.5
RHOA	42	Y	S	3	19	4	10.0	3	oncogene, TSG	Supporting	1	Moderate	2	3	3	Not met	0	1	1	True	O4 + O7 may be combined (max +8)	0.2105
PIK3CA	108	R	L	3	29	3	2.0	Other	oncogene	Supporting	1	Not met	0	1	1	Not met	0	1	1	True	O4 + O7 may be combined (max +8)	0.4138
NFE2L2	82	E	G	3	21	4	12.0	3	oncogene, TSG	Supporting	1	Strong	4	5	5	Not met	0	1	1	True	O4 + O7 may be combined (max +8)	0.3333
NFE2L2	82	E	A	3	21	4	2.0	3	oncogene, TSG	Supporting	1	Not met	0	1	1	Not met	0	1	1	True	O4 + O7 may be combined (max +8)	0.3333
TP53	242	C	G	3	59	8	20.0	3	oncogene, TSG, fusion	Supporting	1	Strong	4	5	5	Moderate	2	3	3	True	O4 + O7 may be combined (max +8)	0.4068
BRAF	466	G	A	3	34	3	14.0	3	oncogene, fusion	Supporting	1	Strong	4	5	5	Not met	0	1	1	True	O4 + O7 may be combined (max +8)	0.4412
BRAF	581	N	I	3	21	6	21.0	Other	oncogene, fusion	Supporting	1	Strong	4	5	5	Moderate	2	3	3	True	O4 + O7 may be combined (max +8)	0.4762
FLT3	835	D	E	3	17	4	78.0	1	oncogene	Supporting	1	Strong	4	5	5	Strong	4	5	5	True	O4 + O7 may be combined (max +8)	0.0
TP53	109	F	V	3	16	5	16.0	Other	oncogene, TSG, fusion	Supporting	1	Strong	4	5	5	Not met	0	1	1	True	O4 + O7 may be combined (max +8)	0.3125
MTOR	1977	T	I	3	14	4	9.0	3	oncogene	Supporting	1	Moderate	2	3	3	Not met	0	1	1	True	O4 + O7 may be combined (max +8)	0.6429
TP53	125	T	K	3	30	5	24.0	3	oncogene, TSG, fusion	Supporting	1	Strong	4	5	5	Moderate	2	3	3	True	O4 + O7 may be combined (max +8)	0.5667
PTEN	38	P	L	3	11	3	5.0	Other	TSG	Supporting	1	Moderate	2	3	3	Not met	0	1	1	False	Cap combined O4 + O7 at +4	0.3636
HLA-B	69	E	A	3	5	2	21.0	Other		Supporting	1	Strong	4	5	4	Moderate	2	3	3	False	Cap combined O4 + O7 at +4	0.0
SMAD4	493	D	N	3	7	4	13.0	Other	TSG	Supporting	1	Strong	4	5	4	Not met	0	1	1	False	Cap combined O4 + O7 at +4	0.4286
PIM1	37	Q	H	3	5	2	26.0	Other	oncogene, fusion	Supporting	1	Strong	4	5	4	Moderate	2	3	3	False	Cap combined O4 + O7 at +4	0.6
PTPN11	285	F	S	3	4	2	15.0	3	oncogene	Supporting	1	Strong	4	5	4	Not met	0	1	1	False	Cap combined O4 + O7 at +4	0.5
EPHB1	743	R	Q	3	9	3	9.0	Other		Supporting	1	Moderate	2	3	3	Not met	0	1	1	False	Cap combined O4 + O7 at +4	0.5556
TP63	365	S	S	3	12	3				Supporting	1	Absent/not counted	0	1	1	Absent/not counted	0	1	1	False	Cap combined O4 + O7 at +4	0.3333
HIST1H3B	51	E	Q	3	12	4	5.0	Other	oncogene	Supporting	1	Moderate	2	3	3	Not met	0	1	1	False	Cap combined O4 + O7 at +4	0.4167
TP53	251	I	S	3	15	5	32.0	Other	oncogene, TSG, fusion	Supporting	1	Strong	4	5	5	Moderate	2	3	3	True	O4 + O7 may be combined (max +8)	0.6
PIK3R1	560	D	G	3	8	4	9.0	Other	TSG	Supporting	1	Moderate	2	3	3	Not met	0	1	1	False	Cap combined O4 + O7 at +4	0.375
AXL	273	A	V	3	4	2	6.0	Other		Supporting	1	Moderate	2	3	3	Not met	0	1	1	False	Cap combined O4 + O7 at +4	0.75
PTEN	24	D	G	3	10	5	15.0	3	TSG	Supporting	1	Strong	4	5	4	Not met	0	1	1	False	Cap combined O4 + O7 at +4	0.5
CTNNB1	292	K	E	3	4	2	4.0	Other	oncogene, fusion	Supporting	1	Not met	0	1	1	Not met	0	1	1	False	Cap combined O4 + O7 at +4	0.5
PIM1	24	K	K	3	7	2				Supporting	1	Absent/not counted	0	1	1	Absent/not counted	0	1	1	False	Cap combined O4 + O7 at +4	0.4286
ERBB2	660	G	D	3	5	3	10.0	Other	oncogene, fusion	Supporting	1	Moderate	2	3	3	Not met	0	1	1	False	Cap combined O4 + O7 at +4	0.8
CARD11	251	L	P	3	3	1	14.0	Other	oncogene	Supporting	1	Strong	4	5	4	Not met	0	1	1	False	Cap combined O4 + O7 at +4	0.6667
KEAP1	272	R	C	3	8	4	8.0	Other	TSG	Supporting	1	Moderate	2	3	3	Not met	0	1	1	False	Cap combined O4 + O7 at +4	0.625
KEAP1	110	M	V	3	6	2	4.0	Other	TSG	Supporting	1	Not met	0	1	1	Not met	0	1	1	False	Cap combined O4 + O7 at +4	0.6667
KEAP1	110	M	I	3	6	2	3.0	Other	TSG	Supporting	1	Not met	0	1	1	Not met	0	1	1	False	Cap combined O4 + O7 at +4	0.6667
CIC	205	N	S	3	3	1	4.0	Other	oncogene, TSG, fusion	Supporting	1	Not met	0	1	1	Not met	0	1	1	False	Cap combined O4 + O7 at +4	0.6667
MAP3K1	380	L	S	3	3	1	4.0	Other	oncogene, TSG	Supporting	1	Not met	0	1	1	Not met	0	1	1	False	Cap combined O4 + O7 at +4	1.0
CYSLTR2	129	L	Q	3	3	1	6.0	Other	oncogene	Supporting	1	Moderate	2	3	3	Not met	0	1	1	False	Cap combined O4 + O7 at +4	0.0
FGFR4	535	N	K	3	3	1	19.0	2	oncogene	Supporting	1	Strong	4	5	4	Not met	0	1	1	False	Cap combined O4 + O7 at +4	1.0
CREBBP	1502	W	C	3	6	4	14.0	3	oncogene, TSG, fusion	Supporting	1	Strong	4	5	4	Not met	0	1	1	False	Cap combined O4 + O7 at +4	0.6667
ATM	1466	R	Q	3	9	3	6.0	Other	TSG	Supporting	1	Moderate	2	3	3	Not met	0	1	1	False	Cap combined O4 + O7 at +4	0.4444
FOXP1	514	R	C	3	9	2				Supporting	1	Absent/not counted	0	1	1	Absent/not counted	0	1	1	False	Cap combined O4 + O7 at +4	0.5556
ERBB3	60	M	K	3	4	2	10.0	Other	oncogene	Supporting	1	Moderate	2	3	3	Not met	0	1	1	False	Cap combined O4 + O7 at +4	0.0
TP53	232	I	T	3	14	5	26.0	3	oncogene, TSG, fusion	Supporting	1	Strong	4	5	5	Moderate	2	3	3	True	O4 + O7 may be combined (max +8)	0.2857
TP53	125	T	P	3	30	5	9.0	3	oncogene, TSG, fusion	Supporting	1	Moderate	2	3	3	Not met	0	1	1	True	O4 + O7 may be combined (max +8)	0.5667
TP53	232	I	F	3	14	5	23.0	Other	oncogene, TSG, fusion	Supporting	1	Strong	4	5	5	Moderate	2	3	3	True	O4 + O7 may be combined (max +8)	0.2857
MET	1094	H	Y	3	4	2				Supporting	1	Absent/not counted	0	1	1	Absent/not counted	0	1	1	False	Cap combined O4 + O7 at +4	0.25
GTF2I	641	F	F	3	4	2				Supporting	1	Absent/not counted	0	1	1	Absent/not counted	0	1	1	False	Cap combined O4 + O7 at +4	0.0
ATM	2888	I	T	3	4	2	9.0	Other	TSG	Supporting	1	Moderate	2	3	3	Not met	0	1	1	False	Cap combined O4 + O7 at +4	0.5
MYD88	166	P	L	3	4	2	4.0	Other	oncogene	Supporting	1	Not met	0	1	1	Not met	0	1	1	False	Cap combined O4 + O7 at +4	0.0
CARD11	401	D	N	3	3	1	27.0	3	oncogene	Supporting	1	Strong	4	5	4	Moderate	2	3	3	False	Cap combined O4 + O7 at +4	0.6667
TRAF7	520	N	S	3	4	2	20.0	Other	TSG	Supporting	1	Strong	4	5	4	Moderate	2	3	3	False	Cap combined O4 + O7 at +4	0.5
KMT2D	5432	R	Q	3	8	3	10.0	3	oncogene, TSG	Supporting	1	Moderate	2	3	3	Not met	0	1	1	False	Cap combined O4 + O7 at +4	0.625
EIF1AX	10	K	E	3	4	2	6.0	Other		Supporting	1	Moderate	2	3	3	Not met	0	1	1	False	Cap combined O4 + O7 at +4	0.5
CARD11	357	D	V	3	4	2	22.0	3	oncogene	Supporting	1	Strong	4	5	4	Moderate	2	3	3	False	Cap combined O4 + O7 at +4	0.5
KNSTRN	28	P	L	3	5	2	4.0	Other	oncogene	Supporting	1	Not met	0	1	1	Not met	0	1	1	False	Cap combined O4 + O7 at +4	0.0
STAT3	661	D	V	3	5	2	10.0	3	oncogene	Supporting	1	Moderate	2	3	3	Not met	0	1	1	False	Cap combined O4 + O7 at +4	0.0
STK11	179	P	L	3	7	3	9.0	Other	TSG	Supporting	1	Moderate	2	3	3	Not met	0	1	1	False	Cap combined O4 + O7 at +4	0.7143
RHOA	22	L	R	3	5	3	8.0	Other	oncogene, TSG	Supporting	1	Moderate	2	3	3	Not met	0	1	1	False	Cap combined O4 + O7 at +4	0.2
MYD88	232	M	T	3	3	1				Supporting	1	Absent/not counted	0	1	1	Absent/not counted	0	1	1	False	Cap combined O4 + O7 at +4	0.0
RIT1	82	F	L	3	4	2				Supporting	1	Absent/not counted	0	1	1	Absent/not counted	0	1	1	False	Cap combined O4 + O7 at +4	0.75
CRLF2	128	S	S	3	7	2				Supporting	1	Absent/not counted	0	1	1	Absent/not counted	0	1	1	False	Cap combined O4 + O7 at +4	0.5714
FBXW7	437	G	V	3	6	4	10.0	Other	TSG	Supporting	1	Moderate	2	3	3	Not met	0	1	1	False	Cap combined O4 + O7 at +4	0.3333
SMO	535	W	L	3	3	1	36.0	1	oncogene	Supporting	1	Strong	4	5	4	Moderate	2	3	3	False	Cap combined O4 + O7 at +4	0.3333
ERBB4	1223	K	T	3	6	3	8.0	Other	oncogene, TSG	Supporting	1	Moderate	2	3	3	Not met	0	1	1	False	Cap combined O4 + O7 at +4	0.3333
FOXA1	242	S	C	3	5	3	1.0	Other	oncogene	Supporting	1	Not met	0	1	1	Not met	0	1	1	False	Cap combined O4 + O7 at +4	1.0
TP53	232	I	N	3	14	5	12.0	3	oncogene, TSG, fusion	Supporting	1	Strong	4	5	5	Not met	0	1	1	True	O4 + O7 may be combined (max +8)	0.2857
IRF4	123	K	R	3	3	1	14.0	Other	oncogene, TSG, fusion	Supporting	1	Strong	4	5	4	Not met	0	1	1	False	Cap combined O4 + O7 at +4	0.0
HNF1A	288	G	G	3	3	1				Supporting	1	Absent/not counted	0	1	1	Absent/not counted	0	1	1	False	Cap combined O4 + O7 at +4	0.0
RAC1	12	G	V	3	6	2	3.0	Other	oncogene	Supporting	1	Not met	0	1	1	Not met	0	1	1	False	Cap combined O4 + O7 at +4	0.8333
RAC1	12	G	R	3	6	2	2.0	Other	oncogene	Supporting	1	Not met	0	1	1	Not met	0	1	1	False	Cap combined O4 + O7 at +4	0.8333
ARAF	216	P	L	3	4	2	2.0	Other	oncogene	Supporting	1	Not met	0	1	1	Not met	0	1	1	False	Cap combined O4 + O7 at +4	0.5
MAP2K1	386	T	T	3	3	1				Supporting	1	Absent/not counted	0	1	1	Absent/not counted	0	1	1	False	Cap combined O4 + O7 at +4	0.0
RHOA	62	G	R	3	7	3	2.0	Other	oncogene, TSG	Supporting	1	Not met	0	1	1	Not met	0	1	1	False	Cap combined O4 + O7 at +4	0.4286
EGFR	263	T	P	3	4	2	15.0	2	oncogene	Supporting	1	Strong	4	5	4	Not met	0	1	1	False	Cap combined O4 + O7 at +4	0.25
NFE2L2	77	D	G	3	7	4	22.0	3	oncogene, TSG	Supporting	1	Strong	4	5	4	Moderate	2	3	3	False	Cap combined O4 + O7 at +4	0.7143
MAP2K1	130	Y	C	3	5	3	5.0	Other	oncogene	Supporting	1	Moderate	2	3	3	Not met	0	1	1	False	Cap combined O4 + O7 at +4	0.6
RAC1	111	N	K	3	5	3	5.0	Other	oncogene	Supporting	1	Moderate	2	3	3	Not met	0	1	1	False	Cap combined O4 + O7 at +4	0.6
PTPRT	668	L	V	3	5	2	3.0	Other	TSG	Supporting	1	Not met	0	1	1	Not met	0	1	1	False	Cap combined O4 + O7 at +4	0.2
PTEN	126	A	V	3	11	4	9.0	3	TSG	Supporting	1	Moderate	2	3	3	Not met	0	1	1	False	Cap combined O4 + O7 at +4	0.5455
PTEN	126	A	D	3	11	4	9.0	Other	TSG	Supporting	1	Moderate	2	3	3	Not met	0	1	1	False	Cap combined O4 + O7 at +4	0.5455
CTNNB1	383	W	R	3	6	4	16.0	Other	oncogene, fusion	Supporting	1	Strong	4	5	4	Not met	0	1	1	False	Cap combined O4 + O7 at +4	0.3333
BRAF	485	L	W	3	6	4	4.0	Other	oncogene, fusion	Supporting	1	Not met	0	1	1	Not met	0	1	1	False	Cap combined O4 + O7 at +4	0.5
FOXO1	22	S	W	3	7	3	10.0	3	oncogene, TSG, fusion	Supporting	1	Moderate	2	3	3	Not met	0	1	1	False	Cap combined O4 + O7 at +4	0.8571
FOXO1	22	S	P	3	7	3	13.0	3	oncogene, TSG, fusion	Supporting	1	Strong	4	5	4	Not met	0	1	1	False	Cap combined O4 + O7 at +4	0.8571
ERCC2	246	S	Y	3	7	3	3.0	Other	TSG	Supporting	1	Not met	0	1	1	Not met	0	1	1	False	Cap combined O4 + O7 at +4	0.7143
SMAD4	526	E	K	3	11	6	6.0	Other	TSG	Supporting	1	Moderate	2	3	3	Not met	0	1	1	False	Cap combined O4 + O7 at +4	0.6364
SPOP	125	F	L	3	6	4	5.0	Other	TSG	Supporting	1	Moderate	2	3	3	Not met	0	1	1	False	Cap combined O4 + O7 at +4	0.5
PIM1	97	S	S	3	10	4				Supporting	1	Absent/not counted	0	1	1	Absent/not counted	0	1	1	False	Cap combined O4 + O7 at +4	0.5
PIK3CA	107	N	S	3	6	3	5.0	Other	oncogene	Supporting	1	Moderate	2	3	3	Not met	0	1	1	False	Cap combined O4 + O7 at +4	0.5
DICER1	1810	D	N	3	9	5	13.0	Other	TSG	Supporting	1	Strong	4	5	4	Not met	0	1	1	False	Cap combined O4 + O7 at +4	0.5556
VHL	158	L	P	3	9	4	12.0	3	TSG	Supporting	1	Strong	4	5	4	Not met	0	1	1	False	Cap combined O4 + O7 at +4	0.1111
CDKN2A	129	Y	C	3	9	2	5.0	Other	TSG	Supporting	1	Moderate	2	3	3	Not met	0	1	1	False	Cap combined O4 + O7 at +4	0.5556
CDKN2A	130	L	R	3	8	3	6.0	Other	TSG	Supporting	1	Moderate	2	3	3	Not met	0	1	1	False	Cap combined O4 + O7 at +4	0.25
PTEN	129	G	R	3	12	5	24.0	3	TSG	Supporting	1	Strong	4	5	4	Moderate	2	3	3	False	Cap combined O4 + O7 at +4	0.5
PIK3CA	115	R	P	3	11	3	9.0	Other	oncogene	Supporting	1	Moderate	2	3	3	Not met	0	1	1	False	Cap combined O4 + O7 at +4	0.4545
STK11	242	G	W	3	9	4	6.0	Other	TSG	Supporting	1	Moderate	2	3	3	Not met	0	1	1	False	Cap combined O4 + O7 at +4	0.6667
PTEN	127	G	V	3	14	4	15.0	3	TSG	Supporting	1	Strong	4	5	5	Not met	0	1	1	True	O4 + O7 may be combined (max +8)	0.5
SOCS1	3	A	T	3	6	4	13.0	Other	TSG	Supporting	1	Strong	4	5	4	Not met	0	1	1	False	Cap combined O4 + O7 at +4	0.6667
RHOA	62	G	E	3	7	3	14.0	Other	oncogene, TSG	Supporting	1	Strong	4	5	4	Not met	0	1	1	False	Cap combined O4 + O7 at +4	0.4286
TP53	131	N	S	3	13	4	11.0	Other	oncogene, TSG, fusion	Supporting	1	Strong	4	5	5	Not met	0	1	1	True	O4 + O7 may be combined (max +8)	0.7692
PDPK1	499	P	S	3	5	2	5.0	Other		Supporting	1	Moderate	2	3	3	Not met	0	1	1	False	Cap combined O4 + O7 at +4	0.2
CHEK2	346	R	C	3	8	4				Supporting	1	Absent/not counted	0	1	1	Absent/not counted	0	1	1	False	Cap combined O4 + O7 at +4	0.5
ERCC2	14	Y	C	3	3	1	3.0	3	TSG	Supporting	1	Not met	0	1	1	Not met	0	1	1	False	Cap combined O4 + O7 at +4	0.0
DNMT3B	229	V	V	3	7	3				Supporting	1	Absent/not counted	0	1	1	Absent/not counted	0	1	1	False	Cap combined O4 + O7 at +4	0.5714
DNMT3B	229	V	M	3	7	3	4.0	Other		Supporting	1	Not met	0	1	1	Not met	0	1	1	False	Cap combined O4 + O7 at +4	0.5714
PTEN	35	M	V	3	8	3	18.0	3	TSG	Supporting	1	Strong	4	5	4	Not met	0	1	1	False	Cap combined O4 + O7 at +4	0.75
MYC	73	T	I	3	6	3	33.0	2	oncogene, fusion	Supporting	1	Strong	4	5	4	Moderate	2	3	3	False	Cap combined O4 + O7 at +4	0.3333
CARD11	215	K	T	3	5	3	6.0	Other	oncogene	Supporting	1	Moderate	2	3	3	Not met	0	1	1	False	Cap combined O4 + O7 at +4	0.2
VHL	162	C	Y	3	8	5	13.0	3	TSG	Supporting	1	Strong	4	5	4	Not met	0	1	1	False	Cap combined O4 + O7 at +4	0.375
SRSF2	95	P	L	3	6	3	276.0	3	oncogene	Supporting	1	Strong	4	5	4	Strong	4	5	4	False	Cap combined O4 + O7 at +4	0.3333
CREBBP	1435	D	G	3	9	4	9.0	3	oncogene, TSG, fusion	Supporting	1	Moderate	2	3	3	Not met	0	1	1	False	Cap combined O4 + O7 at +4	0.3333
CDKN1B	72	G	G	2	6	3				Supporting	1	Absent/not counted	0	1	1	Absent/not counted	0	1	1	False	Cap combined O4 + O7 at +4	0.5
PIK3CD	416	C	R	2	2	1	4.0	Other		Supporting	1	Not met	0	1	1	Not met	0	1	1	False	Cap combined O4 + O7 at +4	0.0
ETV6	284	S	F	2	6	2	3.0	Other	TSG, fusion	Supporting	1	Not met	0	1	1	Not met	0	1	1	False	Cap combined O4 + O7 at +4	0.3333
STK11	251	G	C	2	6	3	4.0	Other	TSG	Supporting	1	Not met	0	1	1	Not met	0	1	1	False	Cap combined O4 + O7 at +4	0.5
ERBB3	103	R	H	2	5	3	3.0	Other	oncogene	Supporting	1	Not met	0	1	1	Not met	0	1	1	False	Cap combined O4 + O7 at +4	0.6
TP53	254	I	V	2	13	6	8.0	Other	oncogene, TSG, fusion	Supporting	1	Moderate	2	3	3	Not met	0	1	1	True	O4 + O7 may be combined (max +8)	0.5385
CARD11	93	E	D	2	4	3				Supporting	1	Absent/not counted	0	1	1	Absent/not counted	0	1	1	False	Cap combined O4 + O7 at +4	0.25
STAT3	384	F	L	2	4	3	1.0	Other	oncogene	Supporting	1	Not met	0	1	1	Not met	0	1	1	False	Cap combined O4 + O7 at +4	0.25
TP53	120	K	N	2	9	4	3.0	Other	oncogene, TSG, fusion	Supporting	1	Not met	0	1	1	Not met	0	1	1	False	Cap combined O4 + O7 at +4	0.4444
CREBBP	1499	L	P	2	4	3	3.0	Other	oncogene, TSG, fusion	Supporting	1	Not met	0	1	1	Not met	0	1	1	False	Cap combined O4 + O7 at +4	0.5
KNSTRN	28	P	S	2	5	2	5.0	Other	oncogene	Supporting	1	Moderate	2	3	3	Not met	0	1	1	False	Cap combined O4 + O7 at +4	0.0
STAT3	661	D	Y	2	5	2	84.0	3	oncogene	Supporting	1	Strong	4	5	4	Strong	4	5	4	False	Cap combined O4 + O7 at +4	0.0
SMAD3	287	R	Q	2	8	2	7.0	Other	TSG	Supporting	1	Moderate	2	3	3	Not met	0	1	1	False	Cap combined O4 + O7 at +4	0.625
STK11	179	P	R	2	7	3	1.0	Other	TSG	Supporting	1	Not met	0	1	1	Not met	0	1	1	False	Cap combined O4 + O7 at +4	0.7143
STK11	179	P	Q	2	7	3	2.0	Other	TSG	Supporting	1	Not met	0	1	1	Not met	0	1	1	False	Cap combined O4 + O7 at +4	0.7143
PRDM14	505	R	C	2	6	2	4.0	Other		Supporting	1	Not met	0	1	1	Not met	0	1	1	False	Cap combined O4 + O7 at +4	0.0
CTNNB1	535	R	Q	2	7	2	5.0	Other	oncogene, fusion	Supporting	1	Moderate	2	3	3	Not met	0	1	1	False	Cap combined O4 + O7 at +4	0.0
NOTCH1	440	C	F	2	5	4	5.0	Other	oncogene, TSG, fusion	Supporting	1	Moderate	2	3	3	Not met	0	1	1	False	Cap combined O4 + O7 at +4	0.4
EPAS1	532	Y	C	2	2	1	8.0	Other	oncogene, TSG	Supporting	1	Moderate	2	3	3	Not met	0	1	1	False	Cap combined O4 + O7 at +4	0.0
NOTCH1	365	R	S	2	8	2	1.0	Other	oncogene, TSG, fusion	Supporting	1	Not met	0	1	1	Not met	0	1	1	False	Cap combined O4 + O7 at +4	0.5
PIM1	79	E	E	2	6	2				Supporting	1	Absent/not counted	0	1	1	Absent/not counted	0	1	1	False	Cap combined O4 + O7 at +4	0.5
ERBB3	103	R	R	2	5	3				Supporting	1	Absent/not counted	0	1	1	Absent/not counted	0	1	1	False	Cap combined O4 + O7 at +4	0.6
BCL10	173	N	H	2	2	1	2.0	Other	TSG, fusion	Supporting	1	Not met	0	1	1	Not met	0	1	1	False	Cap combined O4 + O7 at +4	0.0
HNF1A	591	S	S	2	3	2				Supporting	1	Absent/not counted	0	1	1	Absent/not counted	0	1	1	False	Cap combined O4 + O7 at +4	0.0
EIF1AX	4	N	S	2	4	3	3.0	Other		Supporting	1	Not met	0	1	1	Not met	0	1	1	False	Cap combined O4 + O7 at +4	0.75
NF1	461	R	Q	2	9	2	5.0	Other	TSG, fusion	Supporting	1	Moderate	2	3	3	Not met	0	1	1	False	Cap combined O4 + O7 at +4	0.2222
CBFB	1	M	T	2	4	3				Supporting	1	Absent/not counted	0	1	1	Absent/not counted	0	1	1	False	Cap combined O4 + O7 at +4	0.5
ERRFI1	409	K	N	2	3	2	5.0	Other		Supporting	1	Moderate	2	3	3	Not met	0	1	1	False	Cap combined O4 + O7 at +4	0.3333
ERBB2	138	R	Q	2	3	2	4.0	Other	oncogene, fusion	Supporting	1	Not met	0	1	1	Not met	0	1	1	False	Cap combined O4 + O7 at +4	0.0
AKT1	323	D	Y	2	5	3	3.0	Other	oncogene	Supporting	1	Not met	0	1	1	Not met	0	1	1	False	Cap combined O4 + O7 at +4	0.4
AKT1	323	D	G	2	5	3	8.0	Other	oncogene	Supporting	1	Moderate	2	3	3	Not met	0	1	1	False	Cap combined O4 + O7 at +4	0.4
PIK3R1	452	Y	C	2	4	3	3.0	Other	TSG	Supporting	1	Not met	0	1	1	Not met	0	1	1	False	Cap combined O4 + O7 at +4	0.0
KEAP1	333	G	S	2	7	3	3.0	Other	TSG	Supporting	1	Not met	0	1	1	Not met	0	1	1	False	Cap combined O4 + O7 at +4	0.5714
PTEN	68	Y	*	2	11	4	8.0	1	TSG	Not applicable (nonsense/stop-loss)	0	Moderate	2	2	2	Not met	0	0	0	False	Cap combined O4 + O7 at +4	0.6364
TP53	208	D	N	2	12	4	7.0	Other	oncogene, TSG, fusion	Supporting	1	Moderate	2	3	3	Not met	0	1	1	True	O4 + O7 may be combined (max +8)	0.6667
VHL	115	H	Y	2	7	3	23.0	Other	TSG	Supporting	1	Strong	4	5	4	Moderate	2	3	3	False	Cap combined O4 + O7 at +4	0.2857
FBXW7	287	E	V	2	7	4	3.0	Other	TSG	Supporting	1	Not met	0	1	1	Not met	0	1	1	False	Cap combined O4 + O7 at +4	0.4286
FBXW7	287	E	Q	2	7	4	1.0	Other	TSG	Supporting	1	Not met	0	1	1	Not met	0	1	1	False	Cap combined O4 + O7 at +4	0.4286
FBXW7	287	E	D	2	7	4	2.0	Other	TSG	Supporting	1	Not met	0	1	1	Not met	0	1	1	False	Cap combined O4 + O7 at +4	0.4286
B2M	7	L	S	2	5	2	4.0	Other	TSG	Supporting	1	Not met	0	1	1	Not met	0	1	1	False	Cap combined O4 + O7 at +4	0.8
PTEN	346	Y	D	2	6	4	2.0	Other	TSG	Supporting	1	Not met	0	1	1	Not met	0	1	1	False	Cap combined O4 + O7 at +4	0.5
ERBB2	277	D	H	2	8	4	5.0	Other	oncogene, fusion	Supporting	1	Moderate	2	3	3	Not met	0	1	1	False	Cap combined O4 + O7 at +4	0.625
EIF1AX	2	P	S	2	7	3	3.0	Other		Supporting	1	Not met	0	1	1	Not met	0	1	1	False	Cap combined O4 + O7 at +4	0.7143
TP53	208	D	G	2	12	4	8.0	Other	oncogene, TSG, fusion	Supporting	1	Moderate	2	3	3	Not met	0	1	1	True	O4 + O7 may be combined (max +8)	0.6667
RAC1	61	Q	R	2	4	2	2.0	Other	oncogene	Supporting	1	Not met	0	1	1	Not met	0	1	1	False	Cap combined O4 + O7 at +4	0.75
RAC1	61	Q	K	2	4	2	2.0	Other	oncogene	Supporting	1	Not met	0	1	1	Not met	0	1	1	False	Cap combined O4 + O7 at +4	0.75
EGFR	838	L	M	2	3	2	2.0	Other	oncogene	Supporting	1	Not met	0	1	1	Not met	0	1	1	False	Cap combined O4 + O7 at +4	0.0
ATM	2890	L	P	2	5	4	3.0	Other	TSG	Supporting	1	Not met	0	1	1	Not met	0	1	1	False	Cap combined O4 + O7 at +4	0.6
HIST1H3B	51	E	D	2	12	4	5.0	Other	oncogene	Supporting	1	Moderate	2	3	3	Not met	0	1	1	True	O4 + O7 may be combined (max +8)	0.4167
CDKN2A	42	N	H	2	5	4	4.0	Other	TSG	Supporting	1	Not met	0	1	1	Not met	0	1	1	False	Cap combined O4 + O7 at +4	0.4
EPHB1	743	R	R	2	9	3				Supporting	1	Absent/not counted	0	1	1	Absent/not counted	0	1	1	False	Cap combined O4 + O7 at +4	0.5556
PTPN11	308	N	D	2	3	2	12.0	3	oncogene	Supporting	1	Strong	4	5	4	Not met	0	1	1	False	Cap combined O4 + O7 at +4	0.3333
SF3B1	894	D	G	2	6	4	9.0	Other	oncogene	Supporting	1	Moderate	2	3	3	Not met	0	1	1	False	Cap combined O4 + O7 at +4	0.1667
SF3B1	894	D	N	2	6	4	8.0	Other	oncogene	Supporting	1	Moderate	2	3	3	Not met	0	1	1	False	Cap combined O4 + O7 at +4	0.1667
RB1	787	R	Q	2	11	2	4.0	Other	TSG	Supporting	1	Not met	0	1	1	Not met	0	1	1	False	Cap combined O4 + O7 at +4	0.4545
BRCA2	2303	S	F	2	5	2	6.0	Other	TSG	Supporting	1	Moderate	2	3	3	Not met	0	1	1	False	Cap combined O4 + O7 at +4	0.8
PIM1	37	Q	Q	2	5	2				Supporting	1	Absent/not counted	0	1	1	Absent/not counted	0	1	1	False	Cap combined O4 + O7 at +4	0.6
SMAD4	493	D	G	2	7	4	3.0	Other	TSG	Supporting	1	Not met	0	1	1	Not met	0	1	1	False	Cap combined O4 + O7 at +4	0.4286
HLA-B	69	E	K	2	5	2	15.0	Other		Supporting	1	Strong	4	5	4	Not met	0	1	1	False	Cap combined O4 + O7 at +4	0.0
TNFRSF14	1	M	I	2	4	3				Supporting	1	Absent/not counted	0	1	1	Absent/not counted	0	1	1	False	Cap combined O4 + O7 at +4	0.5
EGFR	833	L	F	2	5	3	3.0	Other	oncogene	Supporting	1	Not met	0	1	1	Not met	0	1	1	False	Cap combined O4 + O7 at +4	0.6
EGFR	833	L	V	2	5	3	26.0	Other	oncogene	Supporting	1	Strong	4	5	4	Moderate	2	3	3	False	Cap combined O4 + O7 at +4	0.6
FOXO1	24	T	I	2	3	2	22.0	3	oncogene, TSG, fusion	Supporting	1	Strong	4	5	4	Moderate	2	3	3	False	Cap combined O4 + O7 at +4	0.6667
FOXP1	448	S	S	2	10	2				Supporting	1	Absent/not counted	0	1	1	Absent/not counted	0	1	1	False	Cap combined O4 + O7 at +4	0.2
ATM	1466	R	P	2	9	3	4.0	Other	TSG	Supporting	1	Not met	0	1	1	Not met	0	1	1	False	Cap combined O4 + O7 at +4	0.4444
ERBB4	1223	K	R	2	6	3	2.0	Other	oncogene, TSG	Supporting	1	Not met	0	1	1	Not met	0	1	1	False	Cap combined O4 + O7 at +4	0.3333
RARA	286	F	S	2	4	3	3.0	Other	oncogene, fusion	Supporting	1	Not met	0	1	1	Not met	0	1	1	False	Cap combined O4 + O7 at +4	0.0
SF3B1	623	Y	C	2	4	3	22.0	Other	oncogene	Supporting	1	Strong	4	5	4	Moderate	2	3	3	False	Cap combined O4 + O7 at +4	0.75
STK11	308	W	C	2	6	3	4.0	Other	TSG	Supporting	1	Not met	0	1	1	Not met	0	1	1	False	Cap combined O4 + O7 at +4	1.0
PTPRT	364	R	R	2	12	3				Supporting	1	Absent/not counted	0	1	1	Absent/not counted	0	1	1	True	O4 + O7 may be combined (max +8)	0.4167
NFE2L2	79	E	*	2	34	6	2.0	3	oncogene, TSG	Not applicable (nonsense/stop-loss)	0	Not met	0	0	0	Not met	0	0	0	True	O4 + O7 may be combined (max +8)	0.2941
ERCC3	713	L	L	2	2	1				Supporting	1	Absent/not counted	0	1	1	Absent/not counted	0	1	1	False	Cap combined O4 + O7 at +4	0.0
CARD11	423	R	W	2	6	3	13.0	Other	oncogene	Supporting	1	Strong	4	5	4	Not met	0	1	1	False	Cap combined O4 + O7 at +4	0.5
RHOA	69	L	P	2	5	3	8.0	Other	oncogene, TSG	Supporting	1	Moderate	2	3	3	Not met	0	1	1	False	Cap combined O4 + O7 at +4	0.4
RHOA	69	L	R	2	5	3	7.0	Other	oncogene, TSG	Supporting	1	Moderate	2	3	3	Not met	0	1	1	False	Cap combined O4 + O7 at +4	0.4
TNFRSF14	111	C	W	2	3	2	1.0	Other	TSG	Supporting	1	Not met	0	1	1	Not met	0	1	1	False	Cap combined O4 + O7 at +4	0.6667
SMAD2	303	T	R	2	3	2	9.0	Other	TSG	Supporting	1	Moderate	2	3	3	Not met	0	1	1	False	Cap combined O4 + O7 at +4	0.6667
SMAD2	305	P	L	2	4	3	4.0	Other	TSG	Supporting	1	Not met	0	1	1	Not met	0	1	1	False	Cap combined O4 + O7 at +4	0.5
SF3B1	701	V	F	2	4	3	9.0	Other	oncogene	Supporting	1	Moderate	2	3	3	Not met	0	1	1	False	Cap combined O4 + O7 at +4	0.25
RAC1	18	C	Y	2	4	3	2.0	Other	oncogene	Supporting	1	Not met	0	1	1	Not met	0	1	1	False	Cap combined O4 + O7 at +4	0.5
CTCF	1	M	V	2	4	3				Supporting	1	Absent/not counted	0	1	1	Absent/not counted	0	1	1	False	Cap combined O4 + O7 at +4	0.0
FBXW7	385	T	K	2	4	3	3.0	Other	TSG	Supporting	1	Not met	0	1	1	Not met	0	1	1	False	Cap combined O4 + O7 at +4	0.0
PIK3R1	560	D	H	2	8	4	5.0	Other	TSG	Supporting	1	Moderate	2	3	3	Not met	0	1	1	False	Cap combined O4 + O7 at +4	0.375
TP53	163	Y	*	2	79	5	31.0	3	oncogene, TSG, fusion	Not applicable (nonsense/stop-loss)	0	Strong	4	4	4	Moderate	2	2	2	True	O4 + O7 may be combined (max +8)	0.4304
TP53	280	R	*	2	109	6	33.0	3	oncogene, TSG, fusion	Not applicable (nonsense/stop-loss)	0	Strong	4	4	4	Moderate	2	2	2	True	O4 + O7 may be combined (max +8)	0.4771
TP53	141	C	*	2	47	7	20.0	3	oncogene, TSG, fusion	Not applicable (nonsense/stop-loss)	0	Strong	4	4	4	Moderate	2	2	2	True	O4 + O7 may be combined (max +8)	0.4043
ERBB4	774	S	G	2	4	3	3.0	Other	oncogene, TSG	Supporting	1	Not met	0	1	1	Not met	0	1	1	False	Cap combined O4 + O7 at +4	0.0
VHL	112	Y	*	2	5	4	13.0	1	TSG	Not applicable (nonsense/stop-loss)	0	Strong	4	4	4	Not met	0	0	0	False	Cap combined O4 + O7 at +4	0.4
VHL	117	W	*	2	6	3	18.0	1	TSG	Not applicable (nonsense/stop-loss)	0	Strong	4	4	4	Not met	0	0	0	False	Cap combined O4 + O7 at +4	0.5
KDM6A	1003	Q	*	2	3	2	3.0	3	oncogene, TSG	Not applicable (nonsense/stop-loss)	0	Not met	0	0	0	Not met	0	0	0	False	Cap combined O4 + O7 at +4	0.6667
PTEN	174	Y	*	2	4	3	4.0	1	TSG	Not applicable (nonsense/stop-loss)	0	Not met	0	0	0	Not met	0	0	0	False	Cap combined O4 + O7 at +4	0.75
SMAD4	510	G	*	2	6	4	2.0	3	TSG	Not applicable (nonsense/stop-loss)	0	Not met	0	0	0	Not met	0	0	0	False	Cap combined O4 + O7 at +4	0.6667
VHL	135	L	*	2	4	2	9.0	3	TSG	Not applicable (nonsense/stop-loss)	0	Moderate	2	2	2	Not met	0	0	0	False	Cap combined O4 + O7 at +4	0.5
PTEN	320	L	*	2	4	3	12.0	1	TSG	Not applicable (nonsense/stop-loss)	0	Strong	4	4	4	Not met	0	0	0	False	Cap combined O4 + O7 at +4	0.5
ERRFI1	116	K	*	2	2	1	2.0	Other		Not applicable (nonsense/stop-loss)	0	Not met	0	0	0	Not met	0	0	0	False	Cap combined O4 + O7 at +4	0.0
RB1	606	Y	*	2	4	2	4.0	1	TSG	Not applicable (nonsense/stop-loss)	0	Not met	0	0	0	Not met	0	0	0	False	Cap combined O4 + O7 at +4	0.5
CARD11	337	R	*	2	5	2	3.0	Other	oncogene	Not applicable (nonsense/stop-loss)	0	Not met	0	0	0	Not met	0	0	0	False	Cap combined O4 + O7 at +4	0.8
CIC	238	W	*	2	3	2	2.0	3	oncogene, TSG, fusion	Not applicable (nonsense/stop-loss)	0	Not met	0	0	0	Not met	0	0	0	False	Cap combined O4 + O7 at +4	0.3333
TP63	365	S	*	2	12	3	1.0	3	oncogene, TSG	Not applicable (nonsense/stop-loss)	0	Not met	0	0	0	Not met	0	0	0	True	O4 + O7 may be combined (max +8)	0.3333
PTEN	177	Y	*	2	5	4	13.0	1	TSG	Not applicable (nonsense/stop-loss)	0	Strong	4	4	4	Not met	0	0	0	False	Cap combined O4 + O7 at +4	0.4
PTEN	346	Y	*	2	6	4	9.0	3	TSG	Not applicable (nonsense/stop-loss)	0	Moderate	2	2	2	Not met	0	0	0	False	Cap combined O4 + O7 at +4	0.5
PDGFRA	235	C	Y	2	4	3	10.0	Other	oncogene, fusion	Supporting	1	Moderate	2	3	3	Not met	0	1	1	False	Cap combined O4 + O7 at +4	0.25
TGFBR1	259	I	I	2	3	2				Supporting	1	Absent/not counted	0	1	1	Absent/not counted	0	1	1	False	Cap combined O4 + O7 at +4	0.0
SETD2	1603	H	Y	2	5	2	4.0	Other	TSG	Supporting	1	Not met	0	1	1	Not met	0	1	1	False	Cap combined O4 + O7 at +4	0.2
KEAP1	320	R	Q	2	8	5	6.0	Other	TSG	Supporting	1	Moderate	2	3	3	Not met	0	1	1	False	Cap combined O4 + O7 at +4	0.5
MAX	36	R	W	2	2	1	5.0	Other	TSG	Supporting	1	Moderate	2	3	3	Not met	0	1	1	False	Cap combined O4 + O7 at +4	0.0
AXL	443	T	T	2	2	1				Supporting	1	Absent/not counted	0	1	1	Absent/not counted	0	1	1	False	Cap combined O4 + O7 at +4	0.0
RB1	606	Y	C	2	4	2	3.0	Other	TSG	Supporting	1	Not met	0	1	1	Not met	0	1	1	False	Cap combined O4 + O7 at +4	0.5
BCL10	178	E	E	2	3	2				Supporting	1	Absent/not counted	0	1	1	Absent/not counted	0	1	1	False	Cap combined O4 + O7 at +4	0.0
FGFR2	276	F	C	2	3	2	5.0	Other	oncogene, fusion	Supporting	1	Moderate	2	3	3	Not met	0	1	1	False	Cap combined O4 + O7 at +4	0.3333
SMAD4	353	Y	N	2	4	3	4.0	Other	TSG	Supporting	1	Not met	0	1	1	Not met	0	1	1	False	Cap combined O4 + O7 at +4	0.75
SMAD4	95	Y	C	2	4	3	7.0	Other	TSG	Supporting	1	Moderate	2	3	3	Not met	0	1	1	False	Cap combined O4 + O7 at +4	0.75
TCF3	551	N	K	2	2	1				Supporting	1	Absent/not counted	0	1	1	Absent/not counted	0	1	1	False	Cap combined O4 + O7 at +4	1.0
RPS6KA4	629	R	H	2	7	3	4.0	Other		Supporting	1	Not met	0	1	1	Not met	0	1	1	False	Cap combined O4 + O7 at +4	0.5714
CREBBP	1472	W	C	2	6	4	11.0	Other	oncogene, TSG, fusion	Supporting	1	Strong	4	5	4	Not met	0	1	1	False	Cap combined O4 + O7 at +4	0.3333
CREBBP	1472	W	R	2	6	4	6.0	Other	oncogene, TSG, fusion	Supporting	1	Moderate	2	3	3	Not met	0	1	1	False	Cap combined O4 + O7 at +4	0.3333
NUP93	733	A	A	2	2	1				Supporting	1	Absent/not counted	0	1	1	Absent/not counted	0	1	1	False	Cap combined O4 + O7 at +4	0.0
VHL	135	L	F	2	4	2	3.0	3	TSG	Supporting	1	Not met	0	1	1	Not met	0	1	1	False	Cap combined O4 + O7 at +4	0.5
HGF	229	G	A	2	3	2	2.0	3	oncogene, fusion	Supporting	1	Not met	0	1	1	Not met	0	1	1	False	Cap combined O4 + O7 at +4	0.3333
FBXW7	441	R	G	2	7	4	3.0	Other	TSG	Supporting	1	Not met	0	1	1	Not met	0	1	1	False	Cap combined O4 + O7 at +4	0.1429
FGFR2	253	P	L	2	6	2	2.0	Other	oncogene, fusion	Supporting	1	Not met	0	1	1	Not met	0	1	1	False	Cap combined O4 + O7 at +4	0.3333
CDKN1A	1	M	V	2	4	3				Supporting	1	Absent/not counted	0	1	1	Absent/not counted	0	1	1	False	Cap combined O4 + O7 at +4	0.25
KDR	482	C	R	2	3	2	9.0	Other	oncogene	Supporting	1	Moderate	2	3	3	Not met	0	1	1	False	Cap combined O4 + O7 at +4	0.0
SMAD4	510	G	R	2	6	4	6.0	Other	TSG	Supporting	1	Moderate	2	3	3	Not met	0	1	1	False	Cap combined O4 + O7 at +4	0.6667
PLK2	208	L	P	2	3	2	3.0	Other		Supporting	1	Not met	0	1	1	Not met	0	1	1	False	Cap combined O4 + O7 at +4	0.0
KEAP1	260	R	*	2	10	3	4.0	3	TSG	Not applicable (nonsense/stop-loss)	0	Not met	0	0	0	Not met	0	0	0	False	Cap combined O4 + O7 at +4	0.4
KEAP1	601	R	W	2	6	2	6.0	Other	TSG	Supporting	1	Moderate	2	3	3	Not met	0	1	1	False	Cap combined O4 + O7 at +4	0.8333
RAD51C	224	Y	H	2	2	1	2.0	Other	TSG	Supporting	1	Not met	0	1	1	Not met	0	1	1	False	Cap combined O4 + O7 at +4	0.0
RAD51C	21	P	S	2	4	3	4.0	Other	TSG	Supporting	1	Not met	0	1	1	Not met	0	1	1	False	Cap combined O4 + O7 at +4	0.5
BCL2L11	156	G	E	2	6	3	2.0	Other		Supporting	1	Not met	0	1	1	Not met	0	1	1	False	Cap combined O4 + O7 at +4	0.3333
MAP2K4	110	R	Q	2	8	4	5.0	Other	oncogene, TSG	Supporting	1	Moderate	2	3	3	Not met	0	1	1	False	Cap combined O4 + O7 at +4	0.25
TP53	178	H	Q	2	12	5	10.0	3	oncogene, TSG, fusion	Supporting	1	Moderate	2	3	3	Not met	0	1	1	True	O4 + O7 may be combined (max +8)	0.5833
CIC	203	P	S	2	4	3	2.0	Other	oncogene, TSG, fusion	Supporting	1	Not met	0	1	1	Not met	0	1	1	False	Cap combined O4 + O7 at +4	0.25
PTEN	67	I	T	2	4	3	2.0	Other	TSG	Supporting	1	Not met	0	1	1	Not met	0	1	1	False	Cap combined O4 + O7 at +4	0.5
BCL2	172	N	N	2	6	3				Supporting	1	Absent/not counted	0	1	1	Absent/not counted	0	1	1	False	Cap combined O4 + O7 at +4	0.3333
PIK3R1	560	D	Y	2	8	4	11.0	3	TSG	Supporting	1	Strong	4	5	4	Not met	0	1	1	False	Cap combined O4 + O7 at +4	0.375
FOXA1	253	M	R	2	7	3	5.0	3	oncogene	Supporting	1	Moderate	2	3	3	Not met	0	1	1	False	Cap combined O4 + O7 at +4	0.4286
DIS3	479	D	Y	2	5	4	2.0	Other		Supporting	1	Not met	0	1	1	Not met	0	1	1	False	Cap combined O4 + O7 at +4	1.0
RHEB	35	Y	S	2	12	5	2.0	Other		Supporting	1	Not met	0	1	1	Not met	0	1	1	True	O4 + O7 may be combined (max +8)	0.25
RRAS2	72	Q	H	2	9	2	3.0	3	oncogene	Supporting	1	Not met	0	1	1	Not met	0	1	1	False	Cap combined O4 + O7 at +4	0.0
CREBBP	1503	Y	N	2	9	5	10.0	3	oncogene, TSG, fusion	Supporting	1	Moderate	2	3	3	Not met	0	1	1	False	Cap combined O4 + O7 at +4	0.4444
CIC	202	R	Q	2	13	2	6.0	3	oncogene, TSG, fusion	Supporting	1	Moderate	2	3	3	Not met	0	1	1	True	O4 + O7 may be combined (max +8)	0.4615
FOXA1	266	F	C	2	11	6	6.0	3	oncogene	Supporting	1	Moderate	2	3	3	Not met	0	1	1	False	Cap combined O4 + O7 at +4	0.5455
SPOP	87	Y	C	2	14	4	27.0	3	TSG	Supporting	1	Strong	4	5	5	Moderate	2	3	3	True	O4 + O7 may be combined (max +8)	0.3571
SF3B1	666	K	E	2	13	5	42.0	2	oncogene	Supporting	1	Strong	4	5	5	Moderate	2	3	3	True	O4 + O7 may be combined (max +8)	0.3077
SF3B1	666	K	M	2	13	5	20.0	3	oncogene	Supporting	1	Strong	4	5	5	Moderate	2	3	3	True	O4 + O7 may be combined (max +8)	0.3077
VHL	65	S	P	2	17	5	5.0	3	TSG	Supporting	1	Moderate	2	3	3	Not met	0	1	1	True	O4 + O7 may be combined (max +8)	0.2941
CDK4	22	K	Q	2	7	2	5.0	3	oncogene	Supporting	1	Moderate	2	3	3	Not met	0	1	1	False	Cap combined O4 + O7 at +4	0.1429
TP53	134	F	I	2	24	5	8.0	Other	oncogene, TSG, fusion	Supporting	1	Moderate	2	3	3	Not met	0	1	1	True	O4 + O7 may be combined (max +8)	0.625
KIT	557	W	S	2	12	4	7.0	3	oncogene	Supporting	1	Moderate	2	3	3	Not met	0	1	1	True	O4 + O7 may be combined (max +8)	0.6667
SMARCA4	1232	G	C	2	17	4	3.0	Other	TSG	Supporting	1	Not met	0	1	1	Not met	0	1	1	True	O4 + O7 may be combined (max +8)	0.2941
SMARCA4	1232	G	D	2	17	4	2.0	Other	TSG	Supporting	1	Not met	0	1	1	Not met	0	1	1	True	O4 + O7 may be combined (max +8)	0.2941
SMARCA4	1232	G	V	2	17	4	3.0	Other	TSG	Supporting	1	Not met	0	1	1	Not met	0	1	1	True	O4 + O7 may be combined (max +8)	0.2941
TP53	246	M	R	2	37	6	23.0	3	oncogene, TSG, fusion	Supporting	1	Strong	4	5	5	Moderate	2	3	3	True	O4 + O7 may be combined (max +8)	0.6216
H3F3A	35	G	V	2	12	3	21.0	3	oncogene	Supporting	1	Strong	4	5	5	Moderate	2	3	3	True	O4 + O7 may be combined (max +8)	0.5
RHEB	35	Y	H	2	12	5	1.0	Other		Supporting	1	Not met	0	1	1	Not met	0	1	1	True	O4 + O7 may be combined (max +8)	0.25
PTEN	136	C	Y	2	14	4	19.0	3	TSG	Supporting	1	Strong	4	5	5	Not met	0	1	1	True	O4 + O7 may be combined (max +8)	0.2857
RHEB	35	Y	C	2	12	5	7.0	3		Supporting	1	Moderate	2	3	3	Not met	0	1	1	True	O4 + O7 may be combined (max +8)	0.25
SMAD4	386	G	R	2	22	6	11.0	Other	TSG	Supporting	1	Strong	4	5	5	Not met	0	1	1	True	O4 + O7 may be combined (max +8)	0.3636
PTPN11	72	A	G	2	18	5	5.0	3	oncogene	Supporting	1	Moderate	2	3	3	Not met	0	1	1	True	O4 + O7 may be combined (max +8)	0.5556
TP53	126	Y	H	2	33	6	70.0	Other	oncogene, TSG, fusion	Supporting	1	Strong	4	5	5	Strong	4	5	5	True	O4 + O7 may be combined (max +8)	0.4242
TP53	126	Y	N	2	33	6	20.0	Other	oncogene, TSG, fusion	Supporting	1	Strong	4	5	5	Moderate	2	3	3	True	O4 + O7 may be combined (max +8)	0.4242
NFE2L2	80	T	P	2	15	5	5.0	Other	oncogene, TSG	Supporting	1	Moderate	2	3	3	Not met	0	1	1	True	O4 + O7 may be combined (max +8)	0.2667
ESR1	536	L	L	2	14	5				Supporting	1	Absent/not counted	0	1	1	Absent/not counted	0	1	1	True	O4 + O7 may be combined (max +8)	1.0
ESR1	536	L	R	2	14	5	7.0	3	oncogene, TSG, fusion	Supporting	1	Moderate	2	3	3	Not met	0	1	1	True	O4 + O7 may be combined (max +8)	1.0
MET	1010	D	Y	2	14	3				Supporting	1	Absent/not counted	0	1	1	Absent/not counted	0	1	1	True	O4 + O7 may be combined (max +8)	1.0
SPOP	102	F	L	2	24	5	3.0	3	TSG	Supporting	1	Not met	0	1	1	Not met	0	1	1	True	O4 + O7 may be combined (max +8)	0.4583
SPOP	102	F	S	2	24	5	6.0	Other	TSG	Supporting	1	Moderate	2	3	3	Not met	0	1	1	True	O4 + O7 may be combined (max +8)	0.4583
PIK3CA	1044	N	Y	2	14	2	4.0	Other	oncogene	Supporting	1	Not met	0	1	1	Not met	0	1	1	True	O4 + O7 may be combined (max +8)	0.5
CDKN2A	114	P	P	2	31	6				Supporting	1	Absent/not counted	0	1	1	Absent/not counted	0	1	1	True	O4 + O7 may be combined (max +8)	0.4839
CDKN2A	114	P	T	2	31	6	4.0	3	TSG	Supporting	1	Not met	0	1	1	Not met	0	1	1	True	O4 + O7 may be combined (max +8)	0.4839
SMAD4	351	D	V	2	20	6	13.0	Other	TSG	Supporting	1	Strong	4	5	5	Not met	0	1	1	True	O4 + O7 may be combined (max +8)	0.6
ERBB3	329	K	T	2	12	3	4.0	Other	oncogene	Supporting	1	Not met	0	1	1	Not met	0	1	1	True	O4 + O7 may be combined (max +8)	0.6667
PTEN	136	C	F	2	14	4	10.0	3	TSG	Supporting	1	Moderate	2	3	3	Not met	0	1	1	True	O4 + O7 may be combined (max +8)	0.2857
SMAD4	356	P	R	2	16	4	11.0	Other	TSG	Supporting	1	Strong	4	5	5	Not met	0	1	1	True	O4 + O7 may be combined (max +8)	0.5
STAG2	216	R	Q	2	14	3	3.0	Other	TSG	Supporting	1	Not met	0	1	1	Not met	0	1	1	True	O4 + O7 may be combined (max +8)	0.3571
PTEN	92	D	N	2	18	6	8.0	Other	TSG	Supporting	1	Moderate	2	3	3	Not met	0	1	1	True	O4 + O7 may be combined (max +8)	0.5
PTEN	92	D	Y	2	18	6	9.0	3	TSG	Supporting	1	Moderate	2	3	3	Not met	0	1	1	True	O4 + O7 may be combined (max +8)	0.5
NFE2L2	26	Q	P	2	9	5	4.0	Other	oncogene, TSG	Supporting	1	Not met	0	1	1	Not met	0	1	1	False	Cap combined O4 + O7 at +4	0.2222
TET1	1752	P	S	2	10	2	3.0	Other	oncogene, TSG, fusion	Supporting	1	Not met	0	1	1	Not met	0	1	1	False	Cap combined O4 + O7 at +4	0.4
KRAS	59	A	A	2	12	4				Supporting	1	Absent/not counted	0	1	1	Absent/not counted	0	1	1	True	O4 + O7 may be combined (max +8)	0.5
CDH1	254	D	E	2	11	3	3.0	Other	TSG	Supporting	1	Not met	0	1	1	Not met	0	1	1	False	Cap combined O4 + O7 at +4	0.3636
PTEN	68	Y	C	2	11	4	9.0	3	TSG	Supporting	1	Moderate	2	3	3	Not met	0	1	1	False	Cap combined O4 + O7 at +4	0.6364
PIK3CA	378	C	Y	2	9	3	8.0	3	oncogene	Supporting	1	Moderate	2	3	3	Not met	0	1	1	False	Cap combined O4 + O7 at +4	0.2222
EIF1AX	9	G	V	2	11	3	3.0	Other		Supporting	1	Not met	0	1	1	Not met	0	1	1	False	Cap combined O4 + O7 at +4	0.4545
TCF7L2	471	R	S	2	14	3	2.0	3	oncogene, fusion	Supporting	1	Not met	0	1	1	Not met	0	1	1	True	O4 + O7 may be combined (max +8)	0.3571
SF3B1	741	K	E	2	10	5	8.0	Other	oncogene	Supporting	1	Moderate	2	3	3	Not met	0	1	1	False	Cap combined O4 + O7 at +4	0.5
BRAF	597	L	S	2	10	5	21.0	Other	oncogene, fusion	Supporting	1	Strong	4	5	4	Moderate	2	3	3	False	Cap combined O4 + O7 at +4	0.6
PIK3CB	1051	E	G	2	11	2	2.0	3	oncogene	Supporting	1	Not met	0	1	1	Not met	0	1	1	False	Cap combined O4 + O7 at +4	0.3636
TP63	379	R	H	2	17	3	2.0	3	oncogene, TSG	Supporting	1	Not met	0	1	1	Not met	0	1	1	True	O4 + O7 may be combined (max +8)	0.3529
ARAF	214	S	P	2	12	6	6.0	3	oncogene	Supporting	1	Moderate	2	3	3	Not met	0	1	1	True	O4 + O7 may be combined (max +8)	0.4167
MYC	74	P	T	2	12	5	6.0	3	oncogene, fusion	Supporting	1	Moderate	2	3	3	Not met	0	1	1	True	O4 + O7 may be combined (max +8)	0.4167
PTEN	92	D	V	2	18	6	8.0	Other	TSG	Supporting	1	Moderate	2	3	3	Not met	0	1	1	True	O4 + O7 may be combined (max +8)	0.5
PTEN	92	D	H	2	18	6	8.0	Other	TSG	Supporting	1	Moderate	2	3	3	Not met	0	1	1	True	O4 + O7 may be combined (max +8)	0.5
STK11	194	D	V	2	14	5	3.0	3	TSG	Supporting	1	Not met	0	1	1	Not met	0	1	1	True	O4 + O7 may be combined (max +8)	0.6429
KIT	820	D	E	2	11	5	13.0	3	oncogene	Supporting	1	Strong	4	5	4	Not met	0	1	1	False	Cap combined O4 + O7 at +4	1.0
TP53	143	V	E	2	26	4	15.0	Other	oncogene, TSG, fusion	Supporting	1	Strong	4	5	5	Not met	0	1	1	True	O4 + O7 may be combined (max +8)	0.4615
CIC	1512	R	C	2	11	4	4.0	Other	oncogene, TSG, fusion	Supporting	1	Not met	0	1	1	Not met	0	1	1	False	Cap combined O4 + O7 at +4	0.1818
MAP2K1	203	E	V	2	16	2	2.0	Other	oncogene	Supporting	1	Not met	0	1	1	Not met	0	1	1	True	O4 + O7 may be combined (max +8)	0.625
PTPN11	76	E	A	2	13	4	34.0	1	oncogene	Supporting	1	Strong	4	5	5	Moderate	2	3	3	True	O4 + O7 may be combined (max +8)	0.4615
NF1	440	R	Q	2	19	2	4.0	Other	TSG, fusion	Supporting	1	Not met	0	1	1	Not met	0	1	1	True	O4 + O7 may be combined (max +8)	0.5789
ACVR1	328	G	V	2	7	2	25.0	2	oncogene	Supporting	1	Strong	4	5	4	Moderate	2	3	3	False	Cap combined O4 + O7 at +4	0.1429
NFE2L2	30	L	H	2	12	4	3.0	Other	oncogene, TSG	Supporting	1	Not met	0	1	1	Not met	0	1	1	True	O4 + O7 may be combined (max +8)	0.25
NFE2L2	30	L	P	2	12	4	2.0	Other	oncogene, TSG	Supporting	1	Not met	0	1	1	Not met	0	1	1	True	O4 + O7 may be combined (max +8)	0.25
SF3B1	626	N	D	2	8	3	12.0	Other	oncogene	Supporting	1	Strong	4	5	4	Not met	0	1	1	False	Cap combined O4 + O7 at +4	0.125
SF3B1	626	N	H	2	8	3	6.0	Other	oncogene	Supporting	1	Moderate	2	3	3	Not met	0	1	1	False	Cap combined O4 + O7 at +4	0.125
EGFR	709	E	A	2	16	3	23.0	Other	oncogene	Supporting	1	Strong	4	5	5	Moderate	2	3	3	True	O4 + O7 may be combined (max +8)	0.75
ERBB3	228	H	R	2	8	2	7.0	Other	oncogene	Supporting	1	Moderate	2	3	3	Not met	0	1	1	False	Cap combined O4 + O7 at +4	0.0
FOXA1	247	H	Q	2	10	4	2.0	Other	oncogene	Supporting	1	Not met	0	1	1	Not met	0	1	1	False	Cap combined O4 + O7 at +4	0.6
ARID1A	2158	R	Q	2	15	3	2.0	Other	TSG, fusion	Supporting	1	Not met	0	1	1	Not met	0	1	1	True	O4 + O7 may be combined (max +8)	0.4
ATM	3008	R	L	2	15	3	3.0	3	TSG	Supporting	1	Not met	0	1	1	Not met	0	1	1	True	O4 + O7 may be combined (max +8)	0.6
EP300	1399	D	Y	2	23	3	12.0	3	TSG, fusion	Supporting	1	Strong	4	5	5	Not met	0	1	1	True	O4 + O7 may be combined (max +8)	0.2174
ERBB3	928	E	K	2	17	2	1.0	3	oncogene	Supporting	1	Not met	0	1	1	Not met	0	1	1	True	O4 + O7 may be combined (max +8)	0.8235
MAP2K1	53	F	V	2	17	4	11.0	2	oncogene	Supporting	1	Strong	4	5	5	Not met	0	1	1	True	O4 + O7 may be combined (max +8)	0.2353
ERBB2	755	L	A	2	44	6	2.0	3	oncogene, fusion	Supporting	1	Not met	0	1	1	Not met	0	1	1	True	O4 + O7 may be combined (max +8)	0.6364
BRAF	469	G	S	2	61	7	8.0	Other	oncogene, fusion	Supporting	1	Moderate	2	3	3	Not met	0	1	1	True	O4 + O7 may be combined (max +8)	0.6066
HRAS	13	G	S	2	50	7	28.0	2	oncogene	Supporting	1	Strong	4	5	5	Moderate	2	3	3	True	O4 + O7 may be combined (max +8)	0.3
TP53	195	I	M	2	79	7	3.0	3	oncogene, TSG, fusion	Supporting	1	Not met	0	1	1	Not met	0	1	1	True	O4 + O7 may be combined (max +8)	0.3291
CDKN2A	83	H	N	2	62	5	7.0	Other	TSG	Supporting	1	Moderate	2	3	3	Not met	0	1	1	True	O4 + O7 may be combined (max +8)	0.6129
CDKN2A	83	H	Q	2	62	5	5.0	3	TSG	Supporting	1	Moderate	2	3	3	Not met	0	1	1	True	O4 + O7 may be combined (max +8)	0.6129
TP53	249	R	K	2	102	7	26.0	3	oncogene, TSG, fusion	Supporting	1	Strong	4	5	5	Moderate	2	3	3	True	O4 + O7 may be combined (max +8)	0.4608
BRAF	594	D	V	2	51	6	7.0	3	oncogene, fusion	Supporting	1	Moderate	2	3	3	Not met	0	1	1	True	O4 + O7 may be combined (max +8)	0.6863
TP53	234	Y	D	2	68	6	13.0	3	oncogene, TSG, fusion	Supporting	1	Strong	4	5	5	Not met	0	1	1	True	O4 + O7 may be combined (max +8)	0.4853
RAC1	29	P	T	2	53	4	5.0	2	oncogene	Supporting	1	Moderate	2	3	3	Not met	0	1	1	True	O4 + O7 may be combined (max +8)	0.3774
FBXW7	479	R	L	2	57	6	18.0	3	TSG	Supporting	1	Strong	4	5	5	Not met	0	1	1	True	O4 + O7 may be combined (max +8)	0.5088
NRAS	13	G	C	2	41	6	64.0	1	oncogene	Supporting	1	Strong	4	5	5	Strong	4	5	5	True	O4 + O7 may be combined (max +8)	0.4146
TP53	205	Y	N	2	61	7	15.0	3	oncogene, TSG, fusion	Supporting	1	Strong	4	5	5	Not met	0	1	1	True	O4 + O7 may be combined (max +8)	0.3607
PIK3CA	726	E	A	2	55	2	3.0	3	oncogene	Supporting	1	Not met	0	1	1	Not met	0	1	1	True	O4 + O7 may be combined (max +8)	0.4909
TP53	158	R	S	2	106	7	6.0	3	oncogene, TSG, fusion	Supporting	1	Moderate	2	3	3	Not met	0	1	1	True	O4 + O7 may be combined (max +8)	0.5094
TP53	236	Y	H	2	59	6	38.0	3	oncogene, TSG, fusion	Supporting	1	Strong	4	5	5	Moderate	2	3	3	True	O4 + O7 may be combined (max +8)	0.5424
ERBB2	755	L	L	2	44	6				Supporting	1	Absent/not counted	0	1	1	Absent/not counted	0	1	1	True	O4 + O7 may be combined (max +8)	0.6364
CTNNB1	45	S	A	2	71	5	35.0	2	oncogene, fusion	Supporting	1	Strong	4	5	5	Moderate	2	3	3	True	O4 + O7 may be combined (max +8)	0.5634
MAP2K1	53	F	C	2	17	4	7.0	3	oncogene	Supporting	1	Moderate	2	3	3	Not met	0	1	1	True	O4 + O7 may be combined (max +8)	0.2353
CDKN2A	80	R	Q	2	99	2	5.0	3	TSG	Supporting	1	Moderate	2	3	3	Not met	0	1	1	True	O4 + O7 may be combined (max +8)	0.4141
CDKN2A	48	P	R	2	12	2	3.0	Other	TSG	Supporting	1	Not met	0	1	1	Not met	0	1	1	True	O4 + O7 may be combined (max +8)	0.4167
NRAS	61	Q	P	2	422	6	55.0	1	oncogene	Supporting	1	Strong	4	5	5	Strong	4	5	5	True	O4 + O7 may be combined (max +8)	0.391
KRAS	61	Q	P	2	190	7	37.0	3	oncogene	Supporting	1	Strong	4	5	5	Moderate	2	3	3	True	O4 + O7 may be combined (max +8)	0.5053
KRAS	13	G	R	2	264	7	88.0	1	oncogene	Supporting	1	Strong	4	5	5	Strong	4	5	5	True	O4 + O7 may be combined (max +8)	0.6098
TP53	273	R	G	2	609	6	28.0	1	oncogene, TSG, fusion	Supporting	1	Strong	4	5	5	Moderate	2	3	3	True	O4 + O7 may be combined (max +8)	0.4696
PIK3CA	542	E	G	2	372	5	16.0	2	oncogene	Supporting	1	Strong	4	5	5	Not met	0	1	1	True	O4 + O7 may be combined (max +8)	0.5565
GNAS	201	R	L	2	139	4				Supporting	1	Absent/not counted	0	1	1	Absent/not counted	0	1	1	True	O4 + O7 may be combined (max +8)	0.6475
PTEN	130	R	R	2	168	7				Supporting	1	Absent/not counted	0	1	1	Absent/not counted	0	1	1	True	O4 + O7 may be combined (max +8)	0.4048
HRAS	61	Q	H	2	102	4	26.0	2	oncogene	Supporting	1	Strong	4	5	5	Moderate	2	3	3	True	O4 + O7 may be combined (max +8)	0.3725
TP53	213	R	P	2	256	5	13.0	3	oncogene, TSG, fusion	Supporting	1	Strong	4	5	5	Not met	0	1	1	True	O4 + O7 may be combined (max +8)	0.4844
FBXW7	465	R	S	2	128	6	7.0	Other	TSG	Supporting	1	Moderate	2	3	3	Not met	0	1	1	True	O4 + O7 may be combined (max +8)	0.4609
PIK3CA	546	Q	E	2	93	6	36.0	1	oncogene	Supporting	1	Strong	4	5	5	Moderate	2	3	3	True	O4 + O7 may be combined (max +8)	0.4301
SMAD4	361	R	L	2	124	6	3.0	Other	TSG	Supporting	1	Not met	0	1	1	Not met	0	1	1	True	O4 + O7 may be combined (max +8)	0.5887
CTNNB1	41	T	N	2	66	3	18.0	2	oncogene, fusion	Supporting	1	Strong	4	5	5	Not met	0	1	1	True	O4 + O7 may be combined (max +8)	0.4394
FBXW7	505	R	P	2	83	6	3.0	Other	TSG	Supporting	1	Not met	0	1	1	Not met	0	1	1	True	O4 + O7 may be combined (max +8)	0.3855
TP53	236	Y	S	2	59	6	10.0	Other	oncogene, TSG, fusion	Supporting	1	Moderate	2	3	3	Not met	0	1	1	True	O4 + O7 may be combined (max +8)	0.5424
HRAS	12	G	A	2	38	6	14.0	1	oncogene	Supporting	1	Strong	4	5	5	Not met	0	1	1	True	O4 + O7 may be combined (max +8)	0.2895
TP53	275	C	G	2	70	7	16.0	Other	oncogene, TSG, fusion	Supporting	1	Strong	4	5	5	Not met	0	1	1	True	O4 + O7 may be combined (max +8)	0.3857
TP53	135	C	G	2	74	7	17.0	3	oncogene, TSG, fusion	Supporting	1	Strong	4	5	5	Not met	0	1	1	True	O4 + O7 may be combined (max +8)	0.5
MED12	1224	L	V	2	18	2	3.0	3	TSG	Supporting	1	Not met	0	1	1	Not met	0	1	1	True	O4 + O7 may be combined (max +8)	0.3889
STK19	89	D	D	2	18	2				Supporting	1	Absent/not counted	0	1	1	Absent/not counted	0	1	1	True	O4 + O7 may be combined (max +8)	0.0
NFE2L2	29	D	G	2	30	4	25.0	2	oncogene, TSG	Supporting	1	Strong	4	5	5	Moderate	2	3	3	True	O4 + O7 may be combined (max +8)	0.2333
NFE2L2	29	D	N	2	30	4	15.0	2	oncogene, TSG	Supporting	1	Strong	4	5	5	Not met	0	1	1	True	O4 + O7 may be combined (max +8)	0.2333
KRAS	60	G	D	2	24	4	17.0	Other	oncogene	Supporting	1	Strong	4	5	5	Not met	0	1	1	True	O4 + O7 may be combined (max +8)	0.5
KRAS	60	G	V	2	24	4	5.0	3	oncogene	Supporting	1	Moderate	2	3	3	Not met	0	1	1	True	O4 + O7 may be combined (max +8)	0.5
ALK	1174	F	C	2	14	3	21.0	1	oncogene, fusion	Supporting	1	Strong	4	5	5	Moderate	2	3	3	True	O4 + O7 may be combined (max +8)	0.2857
TP53	214	H	L	2	40	4	6.0	3	oncogene, TSG, fusion	Supporting	1	Moderate	2	3	3	Not met	0	1	1	True	O4 + O7 may be combined (max +8)	0.425
TP53	214	H	Q	2	40	4	6.0	Other	oncogene, TSG, fusion	Supporting	1	Moderate	2	3	3	Not met	0	1	1	True	O4 + O7 may be combined (max +8)	0.425
FGFR1	577	N	D	2	19	2	6.0	2	oncogene, fusion	Supporting	1	Moderate	2	3	3	Not met	0	1	1	True	O4 + O7 may be combined (max +8)	0.4737
TP53	286	E	A	2	73	6	7.0	3	oncogene, TSG, fusion	Supporting	1	Moderate	2	3	3	Not met	0	1	1	True	O4 + O7 may be combined (max +8)	0.4795
FGFR2	252	S	L	2	22	3	7.0	3	oncogene, fusion	Supporting	1	Moderate	2	3	3	Not met	0	1	1	True	O4 + O7 may be combined (max +8)	0.4545
FGFR2	252	S	S	2	22	3				Supporting	1	Absent/not counted	0	1	1	Absent/not counted	0	1	1	True	O4 + O7 may be combined (max +8)	0.4545
EGFR	108	R	G	2	19	2	3.0	3	oncogene	Supporting	1	Not met	0	1	1	Not met	0	1	1	True	O4 + O7 may be combined (max +8)	0.5789
NFE2L2	81	G	C	2	19	6	8.0	3	oncogene, TSG	Supporting	1	Moderate	2	3	3	Not met	0	1	1	True	O4 + O7 may be combined (max +8)	0.3158
MED12	44	G	V	2	25	5	359.0	Other	TSG	Supporting	1	Strong	4	5	5	Strong	4	5	5	True	O4 + O7 may be combined (max +8)	0.8
PIK3CA	344	V	A	2	26	3	9.0	3	oncogene	Supporting	1	Moderate	2	3	3	Not met	0	1	1	True	O4 + O7 may be combined (max +8)	0.5769
NFE2L2	82	E	Q	2	21	4	11.0	3	oncogene, TSG	Supporting	1	Strong	4	5	5	Not met	0	1	1	True	O4 + O7 may be combined (max +8)	0.3333
BRAF	581	N	T	2	21	6	5.0	3	oncogene, fusion	Supporting	1	Moderate	2	3	3	Not met	0	1	1	True	O4 + O7 may be combined (max +8)	0.4762
IDH2	140	R	W	2	23	3	28.0	1	oncogene	Supporting	1	Strong	4	5	5	Moderate	2	3	3	True	O4 + O7 may be combined (max +8)	0.0435
TP53	241	S	A	2	97	7	20.0	3	oncogene, TSG, fusion	Supporting	1	Strong	4	5	5	Moderate	2	3	3	True	O4 + O7 may be combined (max +8)	0.4639
TP53	272	V	K	2	66	7	3.0	Other	oncogene, TSG, fusion	Supporting	1	Not met	0	1	1	Not met	0	1	1	True	O4 + O7 may be combined (max +8)	0.4697
FLT3	835	D	H	2	17	4	108.0	1	oncogene	Supporting	1	Strong	4	5	5	Strong	4	5	5	True	O4 + O7 may be combined (max +8)	0.0
TP53	132	K	Q	2	83	7	26.0	3	oncogene, TSG, fusion	Supporting	1	Strong	4	5	5	Moderate	2	3	3	True	O4 + O7 may be combined (max +8)	0.4337
NFE2L2	79	E	V	2	34	6	58.0	2	oncogene, TSG	Supporting	1	Strong	4	5	5	Strong	4	5	5	True	O4 + O7 may be combined (max +8)	0.2941
CDK4	24	R	S	2	23	4	4.0	2	oncogene	Supporting	1	Not met	0	1	1	Not met	0	1	1	True	O4 + O7 may be combined (max +8)	0.5217
CD79B	197	Y	S	2	16	7	50.0	3	oncogene	Supporting	1	Strong	4	5	5	Moderate	2	3	3	True	O4 + O7 may be combined (max +8)	0.1875
TP53	239	N	K	2	41	5	12.0	3	oncogene, TSG, fusion	Supporting	1	Strong	4	5	5	Not met	0	1	1	True	O4 + O7 may be combined (max +8)	0.4878
TP53	242	C	R	2	59	8	22.0	3	oncogene, TSG, fusion	Supporting	1	Strong	4	5	5	Moderate	2	3	3	True	O4 + O7 may be combined (max +8)	0.4068
CD79B	197	Y	C	2	16	7	37.0	3	oncogene	Supporting	1	Strong	4	5	5	Moderate	2	3	3	True	O4 + O7 may be combined (max +8)	0.1875
CD79B	197	Y	D	2	16	7	21.0	3	oncogene	Supporting	1	Strong	4	5	5	Moderate	2	3	3	True	O4 + O7 may be combined (max +8)	0.1875
CD79B	197	Y	F	2	16	7	15.0	3	oncogene	Supporting	1	Strong	4	5	5	Not met	0	1	1	True	O4 + O7 may be combined (max +8)	0.1875
CD79B	197	Y	N	2	16	7	36.0	3	oncogene	Supporting	1	Strong	4	5	5	Moderate	2	3	3	True	O4 + O7 may be combined (max +8)	0.1875
TP53	130	L	P	2	30	5	13.0	3	oncogene, TSG, fusion	Supporting	1	Strong	4	5	5	Not met	0	1	1	True	O4 + O7 may be combined (max +8)	0.5333
BRAF	594	D	Y	2	51	6	3.0	Other	oncogene, fusion	Supporting	1	Not met	0	1	1	Not met	0	1	1	True	O4 + O7 may be combined (max +8)	0.6863
TGFBR1	241	S	S	2	15	3				Supporting	1	Absent/not counted	0	1	1	Absent/not counted	0	1	1	True	O4 + O7 may be combined (max +8)	0.5333
FOXO1	205	S	N	2	5	3	4.0	Other	oncogene, TSG, fusion	Supporting	1	Not met	0	1	1	Not met	0	1	1	False	Cap combined O4 + O7 at +4	0.8
KRAS	11	A	T	2	8	2	1.0	Other	oncogene	Supporting	1	Not met	0	1	1	Not met	0	1	1	False	Cap combined O4 + O7 at +4	0.75
CIC	231	S	N	2	4	3	3.0	Other	oncogene, TSG, fusion	Supporting	1	Not met	0	1	1	Not met	0	1	1	False	Cap combined O4 + O7 at +4	0.5
PTEN	171	Q	R	2	16	3	6.0	Other	TSG	Supporting	1	Moderate	2	3	3	Not met	0	1	1	True	O4 + O7 may be combined (max +8)	0.6875
VHL	151	I	N	2	6	4	8.0	Other	TSG	Supporting	1	Moderate	2	3	3	Not met	0	1	1	False	Cap combined O4 + O7 at +4	0.3333
VHL	151	I	T	2	6	4	12.0	3	TSG	Supporting	1	Strong	4	5	4	Not met	0	1	1	False	Cap combined O4 + O7 at +4	0.3333
ALK	1245	F	I	2	3	2	9.0	1	oncogene, fusion	Supporting	1	Moderate	2	3	3	Not met	0	1	1	False	Cap combined O4 + O7 at +4	0.6667
CHEK2	346	R	G	2	8	4				Supporting	1	Absent/not counted	0	1	1	Absent/not counted	0	1	1	False	Cap combined O4 + O7 at +4	0.5
CHEK2	346	R	S	2	8	4				Supporting	1	Absent/not counted	0	1	1	Absent/not counted	0	1	1	False	Cap combined O4 + O7 at +4	0.5
STK11	174	H	H	2	6	5				Supporting	1	Absent/not counted	0	1	1	Absent/not counted	0	1	1	False	Cap combined O4 + O7 at +4	0.5
EGFR	750	A	A	2	4	2				Supporting	1	Absent/not counted	0	1	1	Absent/not counted	0	1	1	False	Cap combined O4 + O7 at +4	1.0
EGFR	750	A	P	2	4	2	11.0	2	oncogene	Supporting	1	Strong	4	5	4	Not met	0	1	1	False	Cap combined O4 + O7 at +4	1.0
FBXW7	532	T	P	2	3	2	2.0	Other	TSG	Supporting	1	Not met	0	1	1	Not met	0	1	1	False	Cap combined O4 + O7 at +4	0.6667
CREBBP	1435	D	H	2	9	4	4.0	3	oncogene, TSG, fusion	Supporting	1	Not met	0	1	1	Not met	0	1	1	False	Cap combined O4 + O7 at +4	0.3333
CREBBP	1435	D	N	2	9	4	9.0	3	oncogene, TSG, fusion	Supporting	1	Moderate	2	3	3	Not met	0	1	1	False	Cap combined O4 + O7 at +4	0.3333
CREBBP	1435	D	Y	2	9	4	2.0	2	oncogene, TSG, fusion	Supporting	1	Not met	0	1	1	Not met	0	1	1	False	Cap combined O4 + O7 at +4	0.3333
FOXO1	205	S	S	2	5	3				Supporting	1	Absent/not counted	0	1	1	Absent/not counted	0	1	1	False	Cap combined O4 + O7 at +4	0.8
SMAD4	363	C	R	2	6	4	4.0	Other	TSG	Supporting	1	Not met	0	1	1	Not met	0	1	1	False	Cap combined O4 + O7 at +4	0.6667
ERCC2	246	S	F	2	7	3	3.0	Other	TSG	Supporting	1	Not met	0	1	1	Not met	0	1	1	False	Cap combined O4 + O7 at +4	0.7143
SMAD4	363	C	F	2	6	4	7.0	Other	TSG	Supporting	1	Moderate	2	3	3	Not met	0	1	1	False	Cap combined O4 + O7 at +4	0.6667
IRF4	99	C	C	2	7	3				Supporting	1	Absent/not counted	0	1	1	Absent/not counted	0	1	1	False	Cap combined O4 + O7 at +4	0.5714
FGFR2	203	R	C	2	6	2	5.0	Other	oncogene, fusion	Supporting	1	Moderate	2	3	3	Not met	0	1	1	False	Cap combined O4 + O7 at +4	0.6667
ERBB2	659	V	E	2	5	3	8.0	Other	oncogene, fusion	Supporting	1	Moderate	2	3	3	Not met	0	1	1	False	Cap combined O4 + O7 at +4	0.8
ERBB2	659	V	V	2	5	3				Supporting	1	Absent/not counted	0	1	1	Absent/not counted	0	1	1	False	Cap combined O4 + O7 at +4	0.8
TP53	155	T	I	2	18	4	25.0	Other	oncogene, TSG, fusion	Supporting	1	Strong	4	5	5	Moderate	2	3	3	True	O4 + O7 may be combined (max +8)	0.3889
RNF43	86	H	R	2	4	2	3.0	Other	TSG	Supporting	1	Not met	0	1	1	Not met	0	1	1	False	Cap combined O4 + O7 at +4	0.0
RNF43	86	H	Y	2	4	2	2.0	Other	TSG	Supporting	1	Not met	0	1	1	Not met	0	1	1	False	Cap combined O4 + O7 at +4	0.0
BCL2	131	A	T	2	10	3	5.0	Other	oncogene, fusion	Supporting	1	Moderate	2	3	3	Not met	0	1	1	False	Cap combined O4 + O7 at +4	0.9
PTEN	105	C	Y	2	7	6	7.0	3	TSG	Supporting	1	Moderate	2	3	3	Not met	0	1	1	False	Cap combined O4 + O7 at +4	0.2857
PTEN	124	C	Y	2	8	4	6.0	3	TSG	Supporting	1	Moderate	2	3	3	Not met	0	1	1	False	Cap combined O4 + O7 at +4	0.625
PTPRT	668	L	L	2	5	2				Supporting	1	Absent/not counted	0	1	1	Absent/not counted	0	1	1	False	Cap combined O4 + O7 at +4	0.2
NFE2L2	77	D	H	2	7	4	6.0	3	oncogene, TSG	Supporting	1	Moderate	2	3	3	Not met	0	1	1	False	Cap combined O4 + O7 at +4	0.7143
MAP3K1	1330	S	W	2	10	2	4.0	Other	oncogene, TSG	Supporting	1	Not met	0	1	1	Not met	0	1	1	False	Cap combined O4 + O7 at +4	0.4
VHL	161	R	Q	2	10	3	7.0	3	TSG	Supporting	1	Moderate	2	3	3	Not met	0	1	1	False	Cap combined O4 + O7 at +4	0.6
KEAP1	470	R	H	2	10	3	12.0	Other	TSG	Supporting	1	Strong	4	5	4	Not met	0	1	1	False	Cap combined O4 + O7 at +4	0.2
SRSF2	95	P	H	2	6	3	500.0	3	oncogene	Supporting	1	Strong	4	5	4	Strong	4	5	4	False	Cap combined O4 + O7 at +4	0.3333
VHL	162	C	R	2	8	5	20.0	3	TSG	Supporting	1	Strong	4	5	4	Moderate	2	3	3	False	Cap combined O4 + O7 at +4	0.375
DIS3	780	R	K	2	6	4	9.0	Other		Supporting	1	Moderate	2	3	3	Not met	0	1	1	False	Cap combined O4 + O7 at +4	0.1667
DIS3	780	R	T	2	6	4	3.0	Other		Supporting	1	Not met	0	1	1	Not met	0	1	1	False	Cap combined O4 + O7 at +4	0.1667
GATA3	364	R	S	2	5	3				Supporting	1	Absent/not counted	0	1	1	Absent/not counted	0	1	1	False	Cap combined O4 + O7 at +4	0.8
JUN	112	E	Q	2	7	2	4.0	3	oncogene	Supporting	1	Not met	0	1	1	Not met	0	1	1	False	Cap combined O4 + O7 at +4	0.1429
MED12	1223	V	L	2	3	2	2.0	Other	TSG	Supporting	1	Not met	0	1	1	Not met	0	1	1	False	Cap combined O4 + O7 at +4	0.0
KLF4	409	K	N	2	7	2	2.0	3	oncogene, TSG	Supporting	1	Not met	0	1	1	Not met	0	1	1	False	Cap combined O4 + O7 at +4	0.2857
STK11	165	E	Q	2	9	3	2.0	Other	TSG	Supporting	1	Not met	0	1	1	Not met	0	1	1	False	Cap combined O4 + O7 at +4	0.8889
SESN2	425	I	V	2	2	1	1.0	Other		Supporting	1	Not met	0	1	1	Not met	0	1	1	False	Cap combined O4 + O7 at +4	0.0
NCOA3	80	R	C	2	3	2	2.0	Other		Supporting	1	Not met	0	1	1	Not met	0	1	1	False	Cap combined O4 + O7 at +4	1.0
PIK3R1	379	K	E	2	4	2	9.0	Other	TSG	Supporting	1	Moderate	2	3	3	Not met	0	1	1	False	Cap combined O4 + O7 at +4	0.25
PIK3R1	379	K	N	2	4	2	2.0	Other	TSG	Supporting	1	Not met	0	1	1	Not met	0	1	1	False	Cap combined O4 + O7 at +4	0.25
PTEN	24	D	E	2	10	5	7.0	Other	TSG	Supporting	1	Moderate	2	3	3	Not met	0	1	1	False	Cap combined O4 + O7 at +4	0.5
PTEN	24	D	H	2	10	5	11.0	3	TSG	Supporting	1	Strong	4	5	4	Not met	0	1	1	False	Cap combined O4 + O7 at +4	0.5
PTEN	24	D	V	2	10	5	6.0	Other	TSG	Supporting	1	Moderate	2	3	3	Not met	0	1	1	False	Cap combined O4 + O7 at +4	0.5
TP53	259	D	H	2	31	5	7.0	Other	oncogene, TSG, fusion	Supporting	1	Moderate	2	3	3	Not met	0	1	1	True	O4 + O7 may be combined (max +8)	0.5161
STAT3	410	H	P	2	6	2				Supporting	1	Absent/not counted	0	1	1	Absent/not counted	0	1	1	False	Cap combined O4 + O7 at +4	0.1667
TP53	259	D	N	2	31	5	12.0	Other	oncogene, TSG, fusion	Supporting	1	Strong	4	5	5	Not met	0	1	1	True	O4 + O7 may be combined (max +8)	0.5161
KEAP1	272	R	P	2	8	4	2.0	Other	TSG	Supporting	1	Not met	0	1	1	Not met	0	1	1	False	Cap combined O4 + O7 at +4	0.625
KEAP1	272	R	H	2	8	4	2.0	Other	TSG	Supporting	1	Not met	0	1	1	Not met	0	1	1	False	Cap combined O4 + O7 at +4	0.625
SMAD4	536	L	P	2	4	3	3.0	Other	TSG	Supporting	1	Not met	0	1	1	Not met	0	1	1	False	Cap combined O4 + O7 at +4	0.5
RAD50	69	D	N	2	6	2	5.0	Other	TSG	Supporting	1	Moderate	2	3	3	Not met	0	1	1	False	Cap combined O4 + O7 at +4	0.3333
PDPK1	499	P	L	2	5	2	3.0	Other		Supporting	1	Not met	0	1	1	Not met	0	1	1	False	Cap combined O4 + O7 at +4	0.2
FOXA1	259	Y	C	2	5	3	2.0	Other	oncogene	Supporting	1	Not met	0	1	1	Not met	0	1	1	False	Cap combined O4 + O7 at +4	0.4
FOXA1	259	Y	S	2	5	3	2.0	Other	oncogene	Supporting	1	Not met	0	1	1	Not met	0	1	1	False	Cap combined O4 + O7 at +4	0.4
MYC	73	T	P	2	6	3	6.0	2	oncogene, fusion	Supporting	1	Moderate	2	3	3	Not met	0	1	1	False	Cap combined O4 + O7 at +4	0.3333
PTPRT	695	L	L	2	9	3				Supporting	1	Absent/not counted	0	1	1	Absent/not counted	0	1	1	False	Cap combined O4 + O7 at +4	0.2222
TP53	113	F	S	2	17	6	14.0	Other	oncogene, TSG, fusion	Supporting	1	Strong	4	5	5	Not met	0	1	1	True	O4 + O7 may be combined (max +8)	0.5882
PIK3CA	471	P	A	2	7	2	5.0	Other	oncogene	Supporting	1	Moderate	2	3	3	Not met	0	1	1	False	Cap combined O4 + O7 at +4	0.2857
ERCC2	606	E	G	2	6	2	2.0	Other	TSG	Supporting	1	Not met	0	1	1	Not met	0	1	1	False	Cap combined O4 + O7 at +4	0.5
CREBBP	1450	Y	D	2	5	3	3.0	3	oncogene, TSG, fusion	Supporting	1	Not met	0	1	1	Not met	0	1	1	False	Cap combined O4 + O7 at +4	0.6
CREBBP	1450	Y	N	2	5	3	4.0	3	oncogene, TSG, fusion	Supporting	1	Not met	0	1	1	Not met	0	1	1	False	Cap combined O4 + O7 at +4	0.6
KMT2D	1375	L	L	2	3	2				Supporting	1	Absent/not counted	0	1	1	Absent/not counted	0	1	1	False	Cap combined O4 + O7 at +4	0.0
IL7R	241	I	V	2	5	4	2.0	Other	oncogene	Supporting	1	Not met	0	1	1	Not met	0	1	1	False	Cap combined O4 + O7 at +4	0.6
VHL	114	G	R	2	7	3	9.0	3	TSG	Supporting	1	Moderate	2	3	3	Not met	0	1	1	False	Cap combined O4 + O7 at +4	0.1429
ERCC2	609	D	E	2	3	2	2.0	Other	TSG	Supporting	1	Not met	0	1	1	Not met	0	1	1	False	Cap combined O4 + O7 at +4	0.3333
ERCC2	246	S	S	2	7	3				Supporting	1	Absent/not counted	0	1	1	Absent/not counted	0	1	1	False	Cap combined O4 + O7 at +4	0.7143
GATA3	364	R	T	2	5	3				Supporting	1	Absent/not counted	0	1	1	Absent/not counted	0	1	1	False	Cap combined O4 + O7 at +4	0.8
SMAD4	355	D	V	2	7	3	6.0	Other	TSG	Supporting	1	Moderate	2	3	3	Not met	0	1	1	False	Cap combined O4 + O7 at +4	0.1429
VHL	78	N	D	2	9	4	4.0	3	TSG	Supporting	1	Not met	0	1	1	Not met	0	1	1	False	Cap combined O4 + O7 at +4	0.3333
IL7R	395	K	K	2	12	5				Supporting	1	Absent/not counted	0	1	1	Absent/not counted	0	1	1	True	O4 + O7 may be combined (max +8)	0.25
IL7R	395	K	N	2	12	5	2.0	Other	oncogene	Supporting	1	Not met	0	1	1	Not met	0	1	1	True	O4 + O7 may be combined (max +8)	0.25
TP53	152	P	P	2	38	7				Supporting	1	Absent/not counted	0	1	1	Absent/not counted	0	1	1	True	O4 + O7 may be combined (max +8)	0.5789
TP53	152	P	R	2	38	7	12.0	3	oncogene, TSG, fusion	Supporting	1	Strong	4	5	5	Not met	0	1	1	True	O4 + O7 may be combined (max +8)	0.5789
TP53	152	P	S	2	38	7	36.0	Other	oncogene, TSG, fusion	Supporting	1	Strong	4	5	5	Moderate	2	3	3	True	O4 + O7 may be combined (max +8)	0.5789
TP53	152	P	T	2	38	7	21.0	Other	oncogene, TSG, fusion	Supporting	1	Strong	4	5	5	Moderate	2	3	3	True	O4 + O7 may be combined (max +8)	0.5789
KMT2D	5179	R	C	2	10	4	17.0	3	oncogene, TSG	Supporting	1	Strong	4	5	4	Not met	0	1	1	False	Cap combined O4 + O7 at +4	0.4
KMT2D	5179	R	L	2	10	4	3.0	3	oncogene, TSG	Supporting	1	Not met	0	1	1	Not met	0	1	1	False	Cap combined O4 + O7 at +4	0.4
TP53	168	H	P	2	19	4	23.0	Other	oncogene, TSG, fusion	Supporting	1	Strong	4	5	5	Moderate	2	3	3	True	O4 + O7 may be combined (max +8)	0.5263
TP53	161	A	V	2	26	5	20.0	Other	oncogene, TSG, fusion	Supporting	1	Strong	4	5	5	Moderate	2	3	3	True	O4 + O7 may be combined (max +8)	0.3462
PIK3CA	365	E	V	2	13	2	2.0	Other	oncogene	Supporting	1	Not met	0	1	1	Not met	0	1	1	True	O4 + O7 may be combined (max +8)	0.4615
PRKCI	480	R	H	2	10	3	2.0	3	oncogene	Supporting	1	Not met	0	1	1	Not met	0	1	1	False	Cap combined O4 + O7 at +4	0.0
PIK3R2	557	D	N	2	9	4	3.0	3	oncogene	Supporting	1	Not met	0	1	1	Not met	0	1	1	False	Cap combined O4 + O7 at +4	0.8889
SMAD4	352	G	A	2	11	6	2.0	Other	TSG	Supporting	1	Not met	0	1	1	Not met	0	1	1	False	Cap combined O4 + O7 at +4	0.7273
KNSTRN	12	V	V	2	5	2				Supporting	1	Absent/not counted	0	1	1	Absent/not counted	0	1	1	False	Cap combined O4 + O7 at +4	0.0
VHL	78	N	Y	2	9	4	7.0	3	TSG	Supporting	1	Moderate	2	3	3	Not met	0	1	1	False	Cap combined O4 + O7 at +4	0.3333
PTEN	27	Y	N	2	10	5	9.0	Other	TSG	Supporting	1	Moderate	2	3	3	Not met	0	1	1	False	Cap combined O4 + O7 at +4	0.6
MET	1230	Y	H	2	4	3				Supporting	1	Absent/not counted	0	1	1	Absent/not counted	0	1	1	False	Cap combined O4 + O7 at +4	0.75
PTEN	27	Y	C	2	10	5	12.0	3	TSG	Supporting	1	Strong	4	5	4	Not met	0	1	1	False	Cap combined O4 + O7 at +4	0.6
EP300	1466	W	C	2	8	5	9.0	Other	TSG, fusion	Supporting	1	Moderate	2	3	3	Not met	0	1	1	False	Cap combined O4 + O7 at +4	0.5
SMAD4	526	E	Q	2	11	6	3.0	Other	TSG	Supporting	1	Not met	0	1	1	Not met	0	1	1	False	Cap combined O4 + O7 at +4	0.6364
RHOA	161	A	T	2	7	2	3.0	Other	oncogene, TSG	Supporting	1	Not met	0	1	1	Not met	0	1	1	False	Cap combined O4 + O7 at +4	0.4286
EP300	1467	Y	D	2	8	6	6.0	Other	TSG, fusion	Supporting	1	Moderate	2	3	3	Not met	0	1	1	False	Cap combined O4 + O7 at +4	0.625
EP300	1467	Y	N	2	8	6	7.0	Other	TSG, fusion	Supporting	1	Moderate	2	3	3	Not met	0	1	1	False	Cap combined O4 + O7 at +4	0.625
MET	1070	V	A	2	5	3				Supporting	1	Absent/not counted	0	1	1	Absent/not counted	0	1	1	False	Cap combined O4 + O7 at +4	0.2
MET	1070	V	E	2	5	3				Supporting	1	Absent/not counted	0	1	1	Absent/not counted	0	1	1	False	Cap combined O4 + O7 at +4	0.2
SMARCA4	781	M	V	2	9	3	2.0	Other	TSG	Supporting	1	Not met	0	1	1	Not met	0	1	1	False	Cap combined O4 + O7 at +4	0.5556
ERBB4	798	L	P	2	11	4	4.0	Other	oncogene, TSG	Supporting	1	Not met	0	1	1	Not met	0	1	1	False	Cap combined O4 + O7 at +4	0.1818
BCL6	594	R	G	2	12	2	4.0	3	oncogene, fusion	Supporting	1	Not met	0	1	1	Not met	0	1	1	True	O4 + O7 may be combined (max +8)	0.4167
U2AF1	157	Q	P	2	4	2	111.0	2	oncogene	Supporting	1	Strong	4	5	4	Strong	4	5	4	False	Cap combined O4 + O7 at +4	0.0
U2AF1	157	Q	R	2	4	2	94.0	2	oncogene	Supporting	1	Strong	4	5	4	Strong	4	5	4	False	Cap combined O4 + O7 at +4	0.0
ATM	2875	N	T	2	8	3	3.0	Other	TSG	Supporting	1	Not met	0	1	1	Not met	0	1	1	False	Cap combined O4 + O7 at +4	0.125
PTPN11	69	E	D	2	11	2	2.0	3	oncogene	Supporting	1	Not met	0	1	1	Not met	0	1	1	False	Cap combined O4 + O7 at +4	0.6364
EPAS1	531	P	L	2	4	3	14.0	3	oncogene, TSG	Supporting	1	Strong	4	5	4	Not met	0	1	1	False	Cap combined O4 + O7 at +4	0.0
TP53	144	Q	L	2	23	4	10.0	3	oncogene, TSG, fusion	Supporting	1	Moderate	2	3	3	Not met	0	1	1	True	O4 + O7 may be combined (max +8)	0.3478
VHL	111	S	R	2	10	4	23.0	3	TSG	Supporting	1	Strong	4	5	4	Moderate	2	3	3	False	Cap combined O4 + O7 at +4	0.3
KIT	560	V	V	2	7	4				Supporting	1	Absent/not counted	0	1	1	Absent/not counted	0	1	1	False	Cap combined O4 + O7 at +4	0.5714
DICER1	1810	D	Y	2	9	5	32.0	Other	TSG	Supporting	1	Strong	4	5	4	Moderate	2	3	3	False	Cap combined O4 + O7 at +4	0.5556
ASXL2	330	E	Q	2	10	3	2.0	Other	TSG	Supporting	1	Not met	0	1	1	Not met	0	1	1	False	Cap combined O4 + O7 at +4	0.3
MAP2K2	57	F	V	2	6	2	2.0	3	oncogene	Supporting	1	Not met	0	1	1	Not met	0	1	1	False	Cap combined O4 + O7 at +4	0.1667
PIM1	97	S	R	2	10	4	13.0	Other	oncogene, fusion	Supporting	1	Strong	4	5	4	Not met	0	1	1	False	Cap combined O4 + O7 at +4	0.5
RUNX1	162	R	G	2	4	3	18.0	2	oncogene, TSG, fusion	Supporting	1	Strong	4	5	4	Not met	0	1	1	False	Cap combined O4 + O7 at +4	0.0
B2M	12	L	Q	2	7	3	7.0	Other	TSG	Supporting	1	Moderate	2	3	3	Not met	0	1	1	False	Cap combined O4 + O7 at +4	0.4286
MTOR	1483	C	F	2	7	4	6.0	3	oncogene	Supporting	1	Moderate	2	3	3	Not met	0	1	1	False	Cap combined O4 + O7 at +4	0.2857
MTOR	1483	C	R	2	7	4	4.0	3	oncogene	Supporting	1	Not met	0	1	1	Not met	0	1	1	False	Cap combined O4 + O7 at +4	0.2857
MTOR	1483	C	Y	2	7	4	6.0	3	oncogene	Supporting	1	Moderate	2	3	3	Not met	0	1	1	False	Cap combined O4 + O7 at +4	0.2857
EGFR	596	P	S	2	8	4	2.0	Other	oncogene	Supporting	1	Not met	0	1	1	Not met	0	1	1	False	Cap combined O4 + O7 at +4	0.125
NOTCH1	853	F	C	2	4	2	1.0	Other	oncogene, TSG, fusion	Supporting	1	Not met	0	1	1	Not met	0	1	1	False	Cap combined O4 + O7 at +4	0.5
NOTCH1	853	F	I	2	4	2	1.0	Other	oncogene, TSG, fusion	Supporting	1	Not met	0	1	1	Not met	0	1	1	False	Cap combined O4 + O7 at +4	0.5
ERBB2	776	G	S	2	6	2	7.0	3	oncogene, fusion	Supporting	1	Moderate	2	3	3	Not met	0	1	1	False	Cap combined O4 + O7 at +4	0.1667
TP53	105	G	R	2	28	6	8.0	2	oncogene, TSG, fusion	Supporting	1	Moderate	2	3	3	Not met	0	1	1	True	O4 + O7 may be combined (max +8)	0.5
EIF1AX	13	R	C	2	12	5	13.0	Other		Supporting	1	Strong	4	5	5	Not met	0	1	1	True	O4 + O7 may be combined (max +8)	0.75
SF3B1	740	G	V	2	9	2	3.0	Other	oncogene	Supporting	1	Not met	0	1	1	Not met	0	1	1	False	Cap combined O4 + O7 at +4	0.2222
PIK3CA	107	N	I	2	6	3	3.0	Other	oncogene	Supporting	1	Not met	0	1	1	Not met	0	1	1	False	Cap combined O4 + O7 at +4	0.5
EIF1AX	15	G	G	2	7	3				Supporting	1	Absent/not counted	0	1	1	Absent/not counted	0	1	1	False	Cap combined O4 + O7 at +4	0.2857
DICER1	1810	D	V	2	9	5	5.0	Other	TSG	Supporting	1	Moderate	2	3	3	Not met	0	1	1	False	Cap combined O4 + O7 at +4	0.5556
VHL	88	W	L	2	9	3	14.0	Other	TSG	Supporting	1	Strong	4	5	4	Not met	0	1	1	False	Cap combined O4 + O7 at +4	0.2222
VHL	86	P	T	2	9	4	6.0	Other	TSG	Supporting	1	Moderate	2	3	3	Not met	0	1	1	False	Cap combined O4 + O7 at +4	0.6667
TP53	125	T	A	2	30	5	6.0	Other	oncogene, TSG, fusion	Supporting	1	Moderate	2	3	3	Not met	0	1	1	True	O4 + O7 may be combined (max +8)	0.5667
SMAD4	330	E	G	2	11	4	3.0	3	TSG	Supporting	1	Not met	0	1	1	Not met	0	1	1	False	Cap combined O4 + O7 at +4	0.6364
VHL	121	D	G	2	9	3	6.0	3	TSG	Supporting	1	Moderate	2	3	3	Not met	0	1	1	False	Cap combined O4 + O7 at +4	0.2222
RUNX1	201	R	Q	2	7	3	54.0	1	oncogene, TSG, fusion	Supporting	1	Strong	4	5	4	Strong	4	5	4	False	Cap combined O4 + O7 at +4	0.0
TP53	105	G	S	2	28	6	8.0	3	oncogene, TSG, fusion	Supporting	1	Moderate	2	3	3	Not met	0	1	1	True	O4 + O7 may be combined (max +8)	0.5
FBXW7	520	D	Y	2	11	5	3.0	Other	TSG	Supporting	1	Not met	0	1	1	Not met	0	1	1	False	Cap combined O4 + O7 at +4	0.5455
RHOA	40	E	K	2	14	5	5.0	3	oncogene, TSG	Supporting	1	Moderate	2	3	3	Not met	0	1	1	True	O4 + O7 may be combined (max +8)	0.3571
EGFR	363	T	A	2	7	3	1.0	Other	oncogene	Supporting	1	Not met	0	1	1	Not met	0	1	1	False	Cap combined O4 + O7 at +4	0.2857
VHL	86	P	L	2	9	4	8.0	3	TSG	Supporting	1	Moderate	2	3	3	Not met	0	1	1	False	Cap combined O4 + O7 at +4	0.6667
VHL	88	W	R	2	9	3	15.0	3	TSG	Supporting	1	Strong	4	5	4	Not met	0	1	1	False	Cap combined O4 + O7 at +4	0.2222
SMAD4	330	E	Q	2	11	4	10.0	Other	TSG	Supporting	1	Moderate	2	3	3	Not met	0	1	1	False	Cap combined O4 + O7 at +4	0.6364
PTEN	129	G	V	2	12	5	6.0	3	TSG	Supporting	1	Moderate	2	3	3	Not met	0	1	1	True	O4 + O7 may be combined (max +8)	0.5
PTEN	129	G	G	2	12	5				Supporting	1	Absent/not counted	0	1	1	Absent/not counted	0	1	1	True	O4 + O7 may be combined (max +8)	0.5
JAK1	910	L	P	1	3	3	7.0	Other	oncogene, TSG	Not met	0	Moderate	2	2	2	Not met	0	0	0	False	Cap combined O4 + O7 at +4	1.0
DIS3	689	R	G	1	9	2	1.0	Other		Not met	0	Not met	0	0	0	Not met	0	0	0	False	Cap combined O4 + O7 at +4	0.3333
DIS3	382	R	G	1	9	2	1.0	Other		Not met	0	Not met	0	0	0	Not met	0	0	0	False	Cap combined O4 + O7 at +4	0.3333
PTEN	16	Y	D	1	5	3	1.0	Other	TSG	Not met	0	Not met	0	0	0	Not met	0	0	0	False	Cap combined O4 + O7 at +4	0.6
PTEN	16	Y	Y	1	5	3				Not met	0	Absent/not counted	0	0	0	Absent/not counted	0	0	0	False	Cap combined O4 + O7 at +4	0.6
GLI1	380	R	*	1	8	3	7.0	Other	oncogene, fusion	Not applicable (nonsense/stop-loss)	0	Moderate	2	2	2	Not met	0	0	0	False	Cap combined O4 + O7 at +4	0.5
CDKN2A	42	N	K	1	5	4	5.0	Other	TSG	Not met	0	Moderate	2	2	2	Not met	0	0	0	False	Cap combined O4 + O7 at +4	0.4
GLI1	380	R	R	1	8	3				Not met	0	Absent/not counted	0	0	0	Absent/not counted	0	0	0	False	Cap combined O4 + O7 at +4	0.5
ATM	2890	L	I	1	5	4	1.0	Other	TSG	Not met	0	Not met	0	0	0	Not met	0	0	0	False	Cap combined O4 + O7 at +4	0.6
ATM	2890	L	R	1	5	4	1.0	Other	TSG	Not met	0	Not met	0	0	0	Not met	0	0	0	False	Cap combined O4 + O7 at +4	0.6
ATM	2890	L	V	1	5	4	9.0	Other	TSG	Not met	0	Moderate	2	2	2	Not met	0	0	0	False	Cap combined O4 + O7 at +4	0.6
JAK1	910	L	L	1	3	3				Not met	0	Absent/not counted	0	0	0	Absent/not counted	0	0	0	False	Cap combined O4 + O7 at +4	1.0
CDKN2A	42	N	Y	1	5	4	2.0	Other	TSG	Not met	0	Not met	0	0	0	Not met	0	0	0	False	Cap combined O4 + O7 at +4	0.4
MAP2K4	134	R	L	1	11	3	1.0	3	oncogene, TSG	Not met	0	Not met	0	0	0	Not met	0	0	0	True	O4 + O7 may be combined (max +8)	0.2727
JAK1	910	L	S	1	3	3	1.0	Other	oncogene, TSG	Not met	0	Not met	0	0	0	Not met	0	0	0	False	Cap combined O4 + O7 at +4	1.0
EGFR	838	L	P	1	3	2	4.0	Other	oncogene	Not met	0	Not met	0	0	0	Not met	0	0	0	False	Cap combined O4 + O7 at +4	0.0
EIF1AX	2	P	P	1	7	3				Not met	0	Absent/not counted	0	0	0	Absent/not counted	0	0	0	False	Cap combined O4 + O7 at +4	0.7143
CASP8	491	R	Q	1	10	2	6.0	Other	TSG	Not met	0	Moderate	2	2	2	Not met	0	0	0	False	Cap combined O4 + O7 at +4	0.4
VHL	115	H	Q	1	7	3	6.0	3	TSG	Not met	0	Moderate	2	2	2	Not met	0	0	0	False	Cap combined O4 + O7 at +4	0.2857
MAP2K4	134	R	Q	1	11	3	14.0	3	oncogene, TSG	Not met	0	Strong	4	4	4	Not met	0	0	0	True	O4 + O7 may be combined (max +8)	0.2727
BCL6	618	R	H	1	7	2	1.0	Other	oncogene, fusion	Not met	0	Not met	0	0	0	Not met	0	0	0	False	Cap combined O4 + O7 at +4	0.4286
ERBB2	277	D	G	1	8	4	3.0	Other	oncogene, fusion	Not met	0	Not met	0	0	0	Not met	0	0	0	False	Cap combined O4 + O7 at +4	0.625
ERBB2	277	D	V	1	8	4	1.0	Other	oncogene, fusion	Not met	0	Not met	0	0	0	Not met	0	0	0	False	Cap combined O4 + O7 at +4	0.625
PTEN	346	Y	C	1	6	4	1.0	Other	TSG	Not met	0	Not met	0	0	0	Not met	0	0	0	False	Cap combined O4 + O7 at +4	0.5
PIK3CA	364	G	A	1	6	2	2.0	Other	oncogene	Not met	0	Not met	0	0	0	Not met	0	0	0	False	Cap combined O4 + O7 at +4	0.6667
PTEN	177	Y	D	1	5	4	2.0	Other	TSG	Not met	0	Not met	0	0	0	Not met	0	0	0	False	Cap combined O4 + O7 at +4	0.4
PTEN	346	Y	H	1	6	4	2.0	Other	TSG	Not met	0	Not met	0	0	0	Not met	0	0	0	False	Cap combined O4 + O7 at +4	0.5
PTEN	177	Y	C	1	5	4	8.0	Other	TSG	Not met	0	Moderate	2	2	2	Not met	0	0	0	False	Cap combined O4 + O7 at +4	0.4
CDKN2A	42	N	I	1	5	4	3.0	Other	TSG	Not met	0	Not met	0	0	0	Not met	0	0	0	False	Cap combined O4 + O7 at +4	0.4
PTEN	24	D	N	1	10	5	8.0	3	TSG	Not met	0	Moderate	2	2	2	Not met	0	0	0	False	Cap combined O4 + O7 at +4	0.5
TP53	251	I	M	1	15	5	3.0	Other	oncogene, TSG, fusion	Not met	0	Not met	0	0	0	Not met	0	0	0	True	O4 + O7 may be combined (max +8)	0.6
TP53	251	I	I	1	15	5				Not met	0	Absent/not counted	0	0	0	Absent/not counted	0	0	0	True	O4 + O7 may be combined (max +8)	0.6
ALK	401	R	Q	1	11	3	5.0	Other	oncogene, fusion	Not met	0	Moderate	2	2	2	Not met	0	0	0	True	O4 + O7 may be combined (max +8)	0.2727
ARID2	314	R	S	1	9	2	3.0	Other	TSG	Not met	0	Not met	0	0	0	Not met	0	0	0	False	Cap combined O4 + O7 at +4	0.2222
FBXW7	287	E	K	1	7	4	4.0	Other	TSG	Not met	0	Not met	0	0	0	Not met	0	0	0	False	Cap combined O4 + O7 at +4	0.4286
MED12	1223	V	V	1	3	2				Not met	0	Absent/not counted	0	0	0	Absent/not counted	0	0	0	False	Cap combined O4 + O7 at +4	0.0
STK11	165	E	K	1	9	3	1.0	Other	TSG	Not met	0	Not met	0	0	0	Not met	0	0	0	False	Cap combined O4 + O7 at +4	0.8889
AKT3	17	E	*	1	10	2	1.0	Other	oncogene	Not applicable (nonsense/stop-loss)	0	Not met	0	0	0	Not met	0	0	0	False	Cap combined O4 + O7 at +4	0.5
STK11	221	P	P	1	8	3				Not met	0	Absent/not counted	0	0	0	Absent/not counted	0	0	0	False	Cap combined O4 + O7 at +4	0.625
STK11	221	P	S	1	8	3				Not met	0	Absent/not counted	0	0	0	Absent/not counted	0	0	0	False	Cap combined O4 + O7 at +4	0.625
TP53	111	L	M	1	18	4	2.0	Other	oncogene, TSG, fusion	Not met	0	Not met	0	0	0	Not met	0	0	0	True	O4 + O7 may be combined (max +8)	0.2778
TP53	104	Q	H	1	23	2	2.0	Other	oncogene, TSG, fusion	Not met	0	Not met	0	0	0	Not met	0	0	0	True	O4 + O7 may be combined (max +8)	0.3913
MAP2K4	184	S	S	1	9	3				Not met	0	Absent/not counted	0	0	0	Absent/not counted	0	0	0	False	Cap combined O4 + O7 at +4	0.5556
MAP2K4	184	S	W	1	9	3	2.0	3	oncogene, TSG	Not met	0	Not met	0	0	0	Not met	0	0	0	False	Cap combined O4 + O7 at +4	0.5556
ERBB2	660	G	G	1	5	3				Not met	0	Absent/not counted	0	0	0	Absent/not counted	0	0	0	False	Cap combined O4 + O7 at +4	0.8
ERBB2	660	G	R	1	5	3	1.0	Other	oncogene, fusion	Not met	0	Not met	0	0	0	Not met	0	0	0	False	Cap combined O4 + O7 at +4	0.8
NCOA3	80	R	H	1	3	2	3.0	Other		Not met	0	Not met	0	0	0	Not met	0	0	0	False	Cap combined O4 + O7 at +4	1.0
PTEN	38	P	F	1	11	3	1.0	Other	TSG	Not met	0	Not met	0	0	0	Not met	0	0	0	True	O4 + O7 may be combined (max +8)	0.3636
AXL	273	A	P	1	4	2	1.0	Other		Not met	0	Not met	0	0	0	Not met	0	0	0	False	Cap combined O4 + O7 at +4	0.75
KDR	1037	S	T	1	11	3	1.0	Other	oncogene	Not met	0	Not met	0	0	0	Not met	0	0	0	True	O4 + O7 may be combined (max +8)	0.3636
TP53	259	D	D	1	31	5				Not met	0	Absent/not counted	0	0	0	Absent/not counted	0	0	0	True	O4 + O7 may be combined (max +8)	0.5161
GNA11	183	R	H	1	7	3	2.0	3	oncogene	Not met	0	Not met	0	0	0	Not met	0	0	0	False	Cap combined O4 + O7 at +4	0.1429
GNA11	183	R	R	1	7	3				Not met	0	Absent/not counted	0	0	0	Absent/not counted	0	0	0	False	Cap combined O4 + O7 at +4	0.1429
DIS3	479	D	G	1	5	4	2.0	Other		Not met	0	Not met	0	0	0	Not met	0	0	0	False	Cap combined O4 + O7 at +4	1.0
DIS3	479	D	H	1	5	4	1.0	Other		Not met	0	Not met	0	0	0	Not met	0	0	0	False	Cap combined O4 + O7 at +4	1.0
DIS3	479	D	V	1	5	4	2.0	Other		Not met	0	Not met	0	0	0	Not met	0	0	0	False	Cap combined O4 + O7 at +4	1.0
KMT2D	2685	R	R	1	8	2				Not met	0	Absent/not counted	0	0	0	Absent/not counted	0	0	0	False	Cap combined O4 + O7 at +4	0.625
PIK3CA	1065	H	L	1	5	2	7.0	Other	oncogene	Not met	0	Moderate	2	2	2	Not met	0	0	0	False	Cap combined O4 + O7 at +4	0.8
PIK3R1	560	D	N	1	8	4	3.0	Other	TSG	Not met	0	Not met	0	0	0	Not met	0	0	0	False	Cap combined O4 + O7 at +4	0.375
PTEN	177	Y	F	1	5	4	1.0	Other	TSG	Not met	0	Not met	0	0	0	Not met	0	0	0	False	Cap combined O4 + O7 at +4	0.4
KDM6A	526	G	E	1	4	4	6.0	Other	oncogene, TSG	Not met	0	Moderate	2	2	2	Not met	0	0	0	False	Cap combined O4 + O7 at +4	0.75
FOXL2	118	E	Q	1	7	2	3.0	Other	oncogene, TSG	Not met	0	Not met	0	0	0	Not met	0	0	0	False	Cap combined O4 + O7 at +4	0.2857
FBXW7	437	G	E	1	6	4	5.0	Other	TSG	Not met	0	Moderate	2	2	2	Not met	0	0	0	False	Cap combined O4 + O7 at +4	0.3333
KDM6A	526	G	*	1	4	4				Not applicable (nonsense/stop-loss)	0	Absent/not counted	0	0	0	Absent/not counted	0	0	0	False	Cap combined O4 + O7 at +4	0.75
KDM6A	526	G	G	1	4	4				Not met	0	Absent/not counted	0	0	0	Absent/not counted	0	0	0	False	Cap combined O4 + O7 at +4	0.75
KDM6A	526	G	V	1	4	4	3.0	Other	oncogene, TSG	Not met	0	Not met	0	0	0	Not met	0	0	0	False	Cap combined O4 + O7 at +4	0.75
CARD11	357	D	N	1	4	2	6.0	3	oncogene	Not met	0	Moderate	2	2	2	Not met	0	0	0	False	Cap combined O4 + O7 at +4	0.5
PRDM14	204	F	V	1	6	2	2.0	Other		Not met	0	Not met	0	0	0	Not met	0	0	0	False	Cap combined O4 + O7 at +4	0.0
IGF1R	129	G	A	1	3	3	1.0	Other		Not met	0	Not met	0	0	0	Not met	0	0	0	False	Cap combined O4 + O7 at +4	0.0
IGF1R	129	G	G	1	3	3				Not met	0	Absent/not counted	0	0	0	Absent/not counted	0	0	0	False	Cap combined O4 + O7 at +4	0.0
IGF1R	129	G	R	1	3	3	1.0	Other		Not met	0	Not met	0	0	0	Not met	0	0	0	False	Cap combined O4 + O7 at +4	0.0
ERBB4	1002	K	R	1	6	2	2.0	Other	oncogene, TSG	Not met	0	Not met	0	0	0	Not met	0	0	0	False	Cap combined O4 + O7 at +4	0.0
ERBB4	1223	K	M	1	6	3	2.0	Other	oncogene, TSG	Not met	0	Not met	0	0	0	Not met	0	0	0	False	Cap combined O4 + O7 at +4	0.3333
RARA	286	F	C	1	4	3	1.0	Other	oncogene, fusion	Not met	0	Not met	0	0	0	Not met	0	0	0	False	Cap combined O4 + O7 at +4	0.0
RARA	286	F	I	1	4	3	1.0	Other	oncogene, fusion	Not met	0	Not met	0	0	0	Not met	0	0	0	False	Cap combined O4 + O7 at +4	0.0
FBXW7	437	G	*	1	6	4	2.0	3	TSG	Not applicable (nonsense/stop-loss)	0	Not met	0	0	0	Not met	0	0	0	False	Cap combined O4 + O7 at +4	0.3333
FBXW7	437	G	G	1	6	4				Not met	0	Absent/not counted	0	0	0	Absent/not counted	0	0	0	False	Cap combined O4 + O7 at +4	0.3333
EGFR	754	K	E	1	3	3	4.0	Other	oncogene	Not met	0	Not met	0	0	0	Not met	0	0	0	False	Cap combined O4 + O7 at +4	0.3333
TP53	208	D	E	1	12	4	6.0	Other	oncogene, TSG, fusion	Not met	0	Moderate	2	2	2	Not met	0	0	0	True	O4 + O7 may be combined (max +8)	0.6667
RIT1	82	F	C	1	4	2				Not met	0	Absent/not counted	0	0	0	Absent/not counted	0	0	0	False	Cap combined O4 + O7 at +4	0.75
PIK3R1	452	Y	H	1	4	3	2.0	Other	TSG	Not met	0	Not met	0	0	0	Not met	0	0	0	False	Cap combined O4 + O7 at +4	0.0
PIK3R1	452	Y	N	1	4	3	1.0	Other	TSG	Not met	0	Not met	0	0	0	Not met	0	0	0	False	Cap combined O4 + O7 at +4	0.0
KEAP1	333	G	F	1	7	3	1.0	Other	TSG	Not met	0	Not met	0	0	0	Not met	0	0	0	False	Cap combined O4 + O7 at +4	0.5714
BCL2	33	G	G	1	6	2				Not met	0	Absent/not counted	0	0	0	Absent/not counted	0	0	0	False	Cap combined O4 + O7 at +4	0.3333
RBM10	153	R	G	1	8	2				Not met	0	Absent/not counted	0	0	0	Absent/not counted	0	0	0	False	Cap combined O4 + O7 at +4	0.625
GATA3	366	R	Q	1	5	2				Not met	0	Absent/not counted	0	0	0	Absent/not counted	0	0	0	False	Cap combined O4 + O7 at +4	1.0
RHOA	22	L	L	1	5	3				Not met	0	Absent/not counted	0	0	0	Absent/not counted	0	0	0	False	Cap combined O4 + O7 at +4	0.2
RHOA	22	L	P	1	5	3	2.0	Other	oncogene, TSG	Not met	0	Not met	0	0	0	Not met	0	0	0	False	Cap combined O4 + O7 at +4	0.2
PTEN	140	L	F	1	4	2	4.0	Other	TSG	Not met	0	Not met	0	0	0	Not met	0	0	0	False	Cap combined O4 + O7 at +4	0.25
CTCF	354	S	Y	1	10	2	1.0	Other	TSG	Not met	0	Not met	0	0	0	Not met	0	0	0	False	Cap combined O4 + O7 at +4	0.1
STAT3	384	F	V	1	4	3	1.0	Other	oncogene	Not met	0	Not met	0	0	0	Not met	0	0	0	False	Cap combined O4 + O7 at +4	0.25
CTNNB1	292	K	T	1	4	2	3.0	Other	oncogene, fusion	Not met	0	Not met	0	0	0	Not met	0	0	0	False	Cap combined O4 + O7 at +4	0.5
ERBB3	219	F	C	1	5	2	2.0	Other	oncogene	Not met	0	Not met	0	0	0	Not met	0	0	0	False	Cap combined O4 + O7 at +4	0.6
CREBBP	1502	W	R	1	6	4	16.0	3	oncogene, TSG, fusion	Not met	0	Strong	4	4	4	Not met	0	0	0	False	Cap combined O4 + O7 at +4	0.6667
CREBBP	1502	W	L	1	6	4	4.0	3	oncogene, TSG, fusion	Not met	0	Not met	0	0	0	Not met	0	0	0	False	Cap combined O4 + O7 at +4	0.6667
EGFR	754	K	I	1	3	3	2.0	Other	oncogene	Not met	0	Not met	0	0	0	Not met	0	0	0	False	Cap combined O4 + O7 at +4	0.3333
EGFR	754	K	K	1	3	3				Not met	0	Absent/not counted	0	0	0	Absent/not counted	0	0	0	False	Cap combined O4 + O7 at +4	0.3333
PTPN11	308	N	S	1	3	2	5.0	Other	oncogene	Not met	0	Moderate	2	2	2	Not met	0	0	0	False	Cap combined O4 + O7 at +4	0.3333
PTPN11	285	F	V	1	4	2				Not met	0	Absent/not counted	0	0	0	Absent/not counted	0	0	0	False	Cap combined O4 + O7 at +4	0.5
PIK3CA	90	C	G	1	4	4	1.0	Other	oncogene	Not met	0	Not met	0	0	0	Not met	0	0	0	False	Cap combined O4 + O7 at +4	0.0
PIK3CA	90	C	R	1	4	4	1.0	Other	oncogene	Not met	0	Not met	0	0	0	Not met	0	0	0	False	Cap combined O4 + O7 at +4	0.0
PIK3CA	90	C	S	1	4	4	2.0	Other	oncogene	Not met	0	Not met	0	0	0	Not met	0	0	0	False	Cap combined O4 + O7 at +4	0.0
PIK3CA	90	C	Y	1	4	4	1.0	Other	oncogene	Not met	0	Not met	0	0	0	Not met	0	0	0	False	Cap combined O4 + O7 at +4	0.0
SF3B1	894	D	A	1	6	4				Not met	0	Absent/not counted	0	0	0	Absent/not counted	0	0	0	False	Cap combined O4 + O7 at +4	0.1667
SF3B1	894	D	Y	1	6	4	2.0	Other	oncogene	Not met	0	Not met	0	0	0	Not met	0	0	0	False	Cap combined O4 + O7 at +4	0.1667
SDHA	644	V	L	1	7	2	1.0	Other	TSG	Not met	0	Not met	0	0	0	Not met	0	0	0	False	Cap combined O4 + O7 at +4	0.0
CIC	238	W	R	1	3	2	1.0	Other	oncogene, TSG, fusion	Not met	0	Not met	0	0	0	Not met	0	0	0	False	Cap combined O4 + O7 at +4	0.3333
SMAD4	493	D	A	1	7	4	3.0	Other	TSG	Not met	0	Not met	0	0	0	Not met	0	0	0	False	Cap combined O4 + O7 at +4	0.4286
SMAD4	493	D	H	1	7	4	5.0	3	TSG	Not met	0	Moderate	2	2	2	Not met	0	0	0	False	Cap combined O4 + O7 at +4	0.4286
MTOR	1971	A	P	1	6	3	1.0	Other	oncogene	Not met	0	Not met	0	0	0	Not met	0	0	0	False	Cap combined O4 + O7 at +4	0.5
MTOR	1971	A	S	1	6	3				Not met	0	Absent/not counted	0	0	0	Absent/not counted	0	0	0	False	Cap combined O4 + O7 at +4	0.5
PTEN	111	W	G	1	9	4	1.0	Other	TSG	Not met	0	Not met	0	0	0	Not met	0	0	0	False	Cap combined O4 + O7 at +4	0.6667
PTEN	111	W	R	1	9	4	5.0	3	TSG	Not met	0	Moderate	2	2	2	Not met	0	0	0	False	Cap combined O4 + O7 at +4	0.6667
PTEN	111	W	S	1	9	4	1.0	Other	TSG	Not met	0	Not met	0	0	0	Not met	0	0	0	False	Cap combined O4 + O7 at +4	0.6667
PTEN	71	C	*	1	7	3	4.0	3	TSG	Not applicable (nonsense/stop-loss)	0	Not met	0	0	0	Not met	0	0	0	False	Cap combined O4 + O7 at +4	0.4286
PTEN	71	C	F	1	7	3	3.0	Other	TSG	Not met	0	Not met	0	0	0	Not met	0	0	0	False	Cap combined O4 + O7 at +4	0.4286
TNFRSF14	1	M	K	1	4	3				Not met	0	Absent/not counted	0	0	0	Absent/not counted	0	0	0	False	Cap combined O4 + O7 at +4	0.5
TNFRSF14	1	M	T	1	4	3				Not met	0	Absent/not counted	0	0	0	Absent/not counted	0	0	0	False	Cap combined O4 + O7 at +4	0.5
HIST1H3B	106	E	E	1	14	3				Not met	0	Absent/not counted	0	0	0	Absent/not counted	0	0	0	True	O4 + O7 may be combined (max +8)	0.7143
EGFR	833	L	M	1	5	3	3.0	Other	oncogene	Not met	0	Not met	0	0	0	Not met	0	0	0	False	Cap combined O4 + O7 at +4	0.6
FOXO1	24	T	M	1	3	2	1.0	3	oncogene, TSG, fusion	Not met	0	Not met	0	0	0	Not met	0	0	0	False	Cap combined O4 + O7 at +4	0.6667
CREBBP	1502	W	*	1	6	4	4.0	3	oncogene, TSG, fusion	Not applicable (nonsense/stop-loss)	0	Not met	0	0	0	Not met	0	0	0	False	Cap combined O4 + O7 at +4	0.6667
ALK	401	R	L	1	11	3	3.0	Other	oncogene, fusion	Not met	0	Not met	0	0	0	Not met	0	0	0	True	O4 + O7 may be combined (max +8)	0.2727
BCL2	22	K	*	1	10	3	1.0	Other	oncogene, fusion	Not applicable (nonsense/stop-loss)	0	Not met	0	0	0	Not met	0	0	0	False	Cap combined O4 + O7 at +4	0.4
GATA3	364	R	G	1	5	3				Not met	0	Absent/not counted	0	0	0	Absent/not counted	0	0	0	False	Cap combined O4 + O7 at +4	0.8
SOCS1	3	A	E	1	6	4	1.0	Other	TSG	Not met	0	Not met	0	0	0	Not met	0	0	0	False	Cap combined O4 + O7 at +4	0.6667
EP300	1451	H	H	1	5	5				Not met	0	Absent/not counted	0	0	0	Absent/not counted	0	0	0	False	Cap combined O4 + O7 at +4	0.2
EP300	1451	H	L	1	5	5	7.0	Other	TSG, fusion	Not met	0	Moderate	2	2	2	Not met	0	0	0	False	Cap combined O4 + O7 at +4	0.2
EP300	1451	H	P	1	5	5	1.0	Other	TSG, fusion	Not met	0	Not met	0	0	0	Not met	0	0	0	False	Cap combined O4 + O7 at +4	0.2
EP300	1451	H	Q	1	5	5	2.0	Other	TSG, fusion	Not met	0	Not met	0	0	0	Not met	0	0	0	False	Cap combined O4 + O7 at +4	0.2
EP300	1451	H	R	1	5	5	3.0	Other	TSG, fusion	Not met	0	Not met	0	0	0	Not met	0	0	0	False	Cap combined O4 + O7 at +4	0.2
PTEN	165	G	*	1	12	3	7.0	1	TSG	Not applicable (nonsense/stop-loss)	0	Moderate	2	2	2	Not met	0	0	0	True	O4 + O7 may be combined (max +8)	0.25
RHOA	37	T	A	1	6	3	4.0	Other	oncogene, TSG	Not met	0	Not met	0	0	0	Not met	0	0	0	False	Cap combined O4 + O7 at +4	0.6667
RHOA	37	T	S	1	6	3	1.0	Other	oncogene, TSG	Not met	0	Not met	0	0	0	Not met	0	0	0	False	Cap combined O4 + O7 at +4	0.6667
SMAD4	363	C	S	1	6	4	5.0	Other	TSG	Not met	0	Moderate	2	2	2	Not met	0	0	0	False	Cap combined O4 + O7 at +4	0.6667
SMAD4	363	C	Y	1	6	4	7.0	3	TSG	Not met	0	Moderate	2	2	2	Not met	0	0	0	False	Cap combined O4 + O7 at +4	0.6667
FOXO1	205	S	Y	1	5	3				Not met	0	Absent/not counted	0	0	0	Absent/not counted	0	0	0	False	Cap combined O4 + O7 at +4	0.8
CIC	231	S	G	1	4	3	1.0	Other	oncogene, TSG, fusion	Not met	0	Not met	0	0	0	Not met	0	0	0	False	Cap combined O4 + O7 at +4	0.5
CIC	231	S	I	1	4	3	1.0	Other	oncogene, TSG, fusion	Not met	0	Not met	0	0	0	Not met	0	0	0	False	Cap combined O4 + O7 at +4	0.5
SOCS1	3	A	P	1	6	4	9.0	Other	TSG	Not met	0	Moderate	2	2	2	Not met	0	0	0	False	Cap combined O4 + O7 at +4	0.6667
KEAP1	272	R	L	1	8	4	4.0	Other	TSG	Not met	0	Not met	0	0	0	Not met	0	0	0	False	Cap combined O4 + O7 at +4	0.625
SOCS1	3	A	R	1	6	4	1.0	Other	TSG	Not met	0	Not met	0	0	0	Not met	0	0	0	False	Cap combined O4 + O7 at +4	0.6667
PTEN	171	Q	K	1	16	3	3.0	Other	TSG	Not met	0	Not met	0	0	0	Not met	0	0	0	True	O4 + O7 may be combined (max +8)	0.6875
VHL	151	I	F	1	6	4	3.0	Other	TSG	Not met	0	Not met	0	0	0	Not met	0	0	0	False	Cap combined O4 + O7 at +4	0.3333
VHL	151	I	S	1	6	4	15.0	3	TSG	Not met	0	Strong	4	4	4	Not met	0	0	0	False	Cap combined O4 + O7 at +4	0.3333
U2AF1	24	I	V	1	5	2	1.0	Other	oncogene	Not met	0	Not met	0	0	0	Not met	0	0	0	False	Cap combined O4 + O7 at +4	0.2
BCL2	22	K	R	1	10	3	2.0	Other	oncogene, fusion	Not met	0	Not met	0	0	0	Not met	0	0	0	False	Cap combined O4 + O7 at +4	0.4
PIK3CA	1004	M	V	1	9	2	5.0	Other	oncogene	Not met	0	Moderate	2	2	2	Not met	0	0	0	False	Cap combined O4 + O7 at +4	0.5556
ASXL2	1	M	I	1	6	2				Not met	0	Absent/not counted	0	0	0	Absent/not counted	0	0	0	False	Cap combined O4 + O7 at +4	0.6667
ALK	1245	F	V	1	3	2	17.0	1	oncogene, fusion	Not met	0	Strong	4	4	4	Not met	0	0	0	False	Cap combined O4 + O7 at +4	0.6667
PTEN	155	Y	H	1	5	2	7.0	3	TSG	Not met	0	Moderate	2	2	2	Not met	0	0	0	False	Cap combined O4 + O7 at +4	0.4
TP53	131	N	K	1	13	4	3.0	Other	oncogene, TSG, fusion	Not met	0	Not met	0	0	0	Not met	0	0	0	True	O4 + O7 may be combined (max +8)	0.7692
TP53	131	N	N	1	13	4				Not met	0	Absent/not counted	0	0	0	Absent/not counted	0	0	0	True	O4 + O7 may be combined (max +8)	0.7692
TP53	265	L	M	1	19	4	5.0	Other	oncogene, TSG, fusion	Not met	0	Moderate	2	2	2	Not met	0	0	0	True	O4 + O7 may be combined (max +8)	0.3684
ARAF	216	P	R	1	4	2	1.0	Other	oncogene	Not met	0	Not met	0	0	0	Not met	0	0	0	False	Cap combined O4 + O7 at +4	0.5
KEAP1	470	R	S	1	10	3	2.0	Other	TSG	Not met	0	Not met	0	0	0	Not met	0	0	0	False	Cap combined O4 + O7 at +4	0.2
VHL	161	R	L	1	10	3	1.0	Other	TSG	Not met	0	Not met	0	0	0	Not met	0	0	0	False	Cap combined O4 + O7 at +4	0.6
TP53	257	L	V	1	17	5	13.0	Other	oncogene, TSG, fusion	Not met	0	Strong	4	4	4	Not met	0	0	0	True	O4 + O7 may be combined (max +8)	0.6471
TP53	107	Y	Y	1	15	3				Not met	0	Absent/not counted	0	0	0	Absent/not counted	0	0	0	True	O4 + O7 may be combined (max +8)	0.5333
RAC1	111	N	S	1	5	3	2.0	Other	oncogene	Not met	0	Not met	0	0	0	Not met	0	0	0	False	Cap combined O4 + O7 at +4	0.6
GATA2	352	C	*	1	4	4	1.0	Other	oncogene	Not applicable (nonsense/stop-loss)	0	Not met	0	0	0	Not met	0	0	0	False	Cap combined O4 + O7 at +4	0.75
GATA2	352	C	C	1	4	4				Not met	0	Absent/not counted	0	0	0	Absent/not counted	0	0	0	False	Cap combined O4 + O7 at +4	0.75
GATA2	352	C	F	1	4	4				Not met	0	Absent/not counted	0	0	0	Absent/not counted	0	0	0	False	Cap combined O4 + O7 at +4	0.75
GATA2	352	C	R	1	4	4	1.0	3	oncogene	Not met	0	Not met	0	0	0	Not met	0	0	0	False	Cap combined O4 + O7 at +4	0.75
MAP2K1	130	Y	H	1	5	3	3.0	Other	oncogene	Not met	0	Not met	0	0	0	Not met	0	0	0	False	Cap combined O4 + O7 at +4	0.6
MAP2K1	130	Y	N	1	5	3	1.0	Other	oncogene	Not met	0	Not met	0	0	0	Not met	0	0	0	False	Cap combined O4 + O7 at +4	0.6
NFE2L2	77	D	V	1	7	4	19.0	3	oncogene, TSG	Not met	0	Strong	4	4	4	Not met	0	0	0	False	Cap combined O4 + O7 at +4	0.7143
NFE2L2	77	D	Y	1	7	4	6.0	3	oncogene, TSG	Not met	0	Moderate	2	2	2	Not met	0	0	0	False	Cap combined O4 + O7 at +4	0.7143
EGFR	263	T	I	1	4	2	6.0	Other	oncogene	Not met	0	Moderate	2	2	2	Not met	0	0	0	False	Cap combined O4 + O7 at +4	0.25
MTOR	2327	M	V	1	6	2	2.0	Other	oncogene	Not met	0	Not met	0	0	0	Not met	0	0	0	False	Cap combined O4 + O7 at +4	0.5
SETD2	1666	Y	*	1	6	3	2.0	3	TSG	Not applicable (nonsense/stop-loss)	0	Not met	0	0	0	Not met	0	0	0	False	Cap combined O4 + O7 at +4	0.5
SETD2	1666	Y	H	1	6	3	1.0	Other	TSG	Not met	0	Not met	0	0	0	Not met	0	0	0	False	Cap combined O4 + O7 at +4	0.5
RHOA	62	G	V	1	7	3	3.0	Other	oncogene, TSG	Not met	0	Not met	0	0	0	Not met	0	0	0	False	Cap combined O4 + O7 at +4	0.4286
BRAF	596	G	C	1	8	5	3.0	Other	oncogene, fusion	Not met	0	Not met	0	0	0	Not met	0	0	0	False	Cap combined O4 + O7 at +4	0.375
BRAF	596	G	D	1	8	5	5.0	3	oncogene, fusion	Not met	0	Moderate	2	2	2	Not met	0	0	0	False	Cap combined O4 + O7 at +4	0.375
BRAF	596	G	S	1	8	5	1.0	3	oncogene, fusion	Not met	0	Not met	0	0	0	Not met	0	0	0	False	Cap combined O4 + O7 at +4	0.375
BRAF	596	G	V	1	8	5	1.0	3	oncogene, fusion	Not met	0	Not met	0	0	0	Not met	0	0	0	False	Cap combined O4 + O7 at +4	0.375
EP300	1164	C	S	1	6	2	1.0	Other	TSG, fusion	Not met	0	Not met	0	0	0	Not met	0	0	0	False	Cap combined O4 + O7 at +4	0.5
PTEN	335	R	G	1	14	3	1.0	Other	TSG	Not met	0	Not met	0	0	0	Not met	0	0	0	True	O4 + O7 may be combined (max +8)	0.2143
PTEN	335	R	P	1	14	3	1.0	Other	TSG	Not met	0	Not met	0	0	0	Not met	0	0	0	True	O4 + O7 may be combined (max +8)	0.2143
FOXA1	250	S	Y	1	6	2	2.0	Other	oncogene	Not met	0	Not met	0	0	0	Not met	0	0	0	False	Cap combined O4 + O7 at +4	0.5
SMAD4	524	W	L	1	9	4	3.0	Other	TSG	Not met	0	Not met	0	0	0	Not met	0	0	0	False	Cap combined O4 + O7 at +4	0.2222
SMAD4	524	W	R	1	9	4	6.0	Other	TSG	Not met	0	Moderate	2	2	2	Not met	0	0	0	False	Cap combined O4 + O7 at +4	0.2222
SMAD4	524	W	S	1	9	4	2.0	Other	TSG	Not met	0	Not met	0	0	0	Not met	0	0	0	False	Cap combined O4 + O7 at +4	0.2222
TP53	257	L	L	1	17	5				Not met	0	Absent/not counted	0	0	0	Absent/not counted	0	0	0	True	O4 + O7 may be combined (max +8)	0.6471
CUL3	299	M	V	1	5	2	1.0	Other	TSG	Not met	0	Not met	0	0	0	Not met	0	0	0	False	Cap combined O4 + O7 at +4	1.0
TP53	192	Q	H	1	45	3	5.0	Other	oncogene, TSG, fusion	Not met	0	Moderate	2	2	2	Not met	0	0	0	True	O4 + O7 may be combined (max +8)	0.5111
TP53	192	Q	L	1	45	3	1.0	Other	oncogene, TSG, fusion	Not met	0	Not met	0	0	0	Not met	0	0	0	True	O4 + O7 may be combined (max +8)	0.5111
EIF1AX	6	G	S	1	7	4	1.0	Other		Not met	0	Not met	0	0	0	Not met	0	0	0	False	Cap combined O4 + O7 at +4	0.5714
PTEN	170	S	I	1	8	3	8.0	3	TSG	Not met	0	Moderate	2	2	2	Not met	0	0	0	False	Cap combined O4 + O7 at +4	0.375
FOXA1	242	S	F	1	5	3	2.0	Other	oncogene	Not met	0	Not met	0	0	0	Not met	0	0	0	False	Cap combined O4 + O7 at +4	1.0
FOXA1	242	S	Y	1	5	3	1.0	Other	oncogene	Not met	0	Not met	0	0	0	Not met	0	0	0	False	Cap combined O4 + O7 at +4	1.0
TP53	113	F	F	1	17	6				Not met	0	Absent/not counted	0	0	0	Absent/not counted	0	0	0	True	O4 + O7 may be combined (max +8)	0.5882
TP53	113	F	L	1	17	6	9.0	Other	oncogene, TSG, fusion	Not met	0	Moderate	2	2	2	Not met	0	0	0	True	O4 + O7 may be combined (max +8)	0.5882
TP53	113	F	P	1	17	6	1.0	Other	oncogene, TSG, fusion	Not met	0	Not met	0	0	0	Not met	0	0	0	True	O4 + O7 may be combined (max +8)	0.5882
GNAS	160	R	H	1	9	3				Not met	0	Absent/not counted	0	0	0	Absent/not counted	0	0	0	False	Cap combined O4 + O7 at +4	0.4444
GNAS	160	R	P	1	9	3				Not met	0	Absent/not counted	0	0	0	Absent/not counted	0	0	0	False	Cap combined O4 + O7 at +4	0.4444
CREBBP	1450	Y	C	1	5	3	18.0	3	oncogene, TSG, fusion	Not met	0	Strong	4	4	4	Not met	0	0	0	False	Cap combined O4 + O7 at +4	0.6
KMT2D	1375	L	I	1	3	2	1.0	Other	oncogene, TSG	Not met	0	Not met	0	0	0	Not met	0	0	0	False	Cap combined O4 + O7 at +4	0.0
ERCC2	463	P	Q	1	6	3	1.0	Other	TSG	Not met	0	Not met	0	0	0	Not met	0	0	0	False	Cap combined O4 + O7 at +4	0.3333
ERCC2	463	P	S	1	6	3	4.0	Other	TSG	Not met	0	Not met	0	0	0	Not met	0	0	0	False	Cap combined O4 + O7 at +4	0.3333
IL7R	241	I	F	1	5	4	2.0	Other	oncogene	Not met	0	Not met	0	0	0	Not met	0	0	0	False	Cap combined O4 + O7 at +4	0.6
IL7R	241	I	L	1	5	4	1.0	Other	oncogene	Not met	0	Not met	0	0	0	Not met	0	0	0	False	Cap combined O4 + O7 at +4	0.6
IL7R	241	I	M	1	5	4	1.0	Other	oncogene	Not met	0	Not met	0	0	0	Not met	0	0	0	False	Cap combined O4 + O7 at +4	0.6
KEAP1	480	G	G	1	9	3				Not met	0	Absent/not counted	0	0	0	Absent/not counted	0	0	0	False	Cap combined O4 + O7 at +4	0.5556
KEAP1	480	G	V	1	9	3	1.0	Other	TSG	Not met	0	Not met	0	0	0	Not met	0	0	0	False	Cap combined O4 + O7 at +4	0.5556
VHL	114	G	C	1	7	3	9.0	Other	TSG	Not met	0	Moderate	2	2	2	Not met	0	0	0	False	Cap combined O4 + O7 at +4	0.1429
KMT2D	1903	R	R	1	5	2				Not met	0	Absent/not counted	0	0	0	Absent/not counted	0	0	0	False	Cap combined O4 + O7 at +4	0.6
PDGFRA	659	N	S	1	6	3	2.0	Other	oncogene, fusion	Not met	0	Not met	0	0	0	Not met	0	0	0	False	Cap combined O4 + O7 at +4	0.6667
PDGFRA	659	N	Y	1	6	3	4.0	Other	oncogene, fusion	Not met	0	Not met	0	0	0	Not met	0	0	0	False	Cap combined O4 + O7 at +4	0.6667
ERCC2	609	D	G	1	3	2	1.0	Other	TSG	Not met	0	Not met	0	0	0	Not met	0	0	0	False	Cap combined O4 + O7 at +4	0.3333
CDH1	335	R	Q	1	7	2	7.0	Other	TSG	Not met	0	Moderate	2	2	2	Not met	0	0	0	False	Cap combined O4 + O7 at +4	0.4286
SMAD4	536	L	Q	1	4	3	2.0	Other	TSG	Not met	0	Not met	0	0	0	Not met	0	0	0	False	Cap combined O4 + O7 at +4	0.5
SMAD4	536	L	R	1	4	3	1.0	Other	TSG	Not met	0	Not met	0	0	0	Not met	0	0	0	False	Cap combined O4 + O7 at +4	0.5
PTEN	178	Y	C	1	5	3	1.0	Other	TSG	Not met	0	Not met	0	0	0	Not met	0	0	0	False	Cap combined O4 + O7 at +4	0.6
PTEN	178	Y	H	1	5	3	2.0	Other	TSG	Not met	0	Not met	0	0	0	Not met	0	0	0	False	Cap combined O4 + O7 at +4	0.6
PTEN	170	S	G	1	8	3	3.0	Other	TSG	Not met	0	Not met	0	0	0	Not met	0	0	0	False	Cap combined O4 + O7 at +4	0.375
EIF1AX	6	G	R	1	7	4	1.0	Other		Not met	0	Not met	0	0	0	Not met	0	0	0	False	Cap combined O4 + O7 at +4	0.5714
CHEK2	346	R	H	1	8	4				Not met	0	Absent/not counted	0	0	0	Absent/not counted	0	0	0	False	Cap combined O4 + O7 at +4	0.5
EIF1AX	6	G	C	1	7	4	4.0	Other		Not met	0	Not met	0	0	0	Not met	0	0	0	False	Cap combined O4 + O7 at +4	0.5714
PIK3CA	39	E	G	1	6	2	1.0	Other	oncogene	Not met	0	Not met	0	0	0	Not met	0	0	0	False	Cap combined O4 + O7 at +4	0.1667
STK11	174	H	D	1	6	5	2.0	Other	TSG	Not met	0	Not met	0	0	0	Not met	0	0	0	False	Cap combined O4 + O7 at +4	0.5
STK11	174	H	L	1	6	5	1.0	Other	TSG	Not met	0	Not met	0	0	0	Not met	0	0	0	False	Cap combined O4 + O7 at +4	0.5
STK11	174	H	R	1	6	5	5.0	Other	TSG	Not met	0	Moderate	2	2	2	Not met	0	0	0	False	Cap combined O4 + O7 at +4	0.5
STK11	174	H	Y	1	6	5	1.0	Other	TSG	Not met	0	Not met	0	0	0	Not met	0	0	0	False	Cap combined O4 + O7 at +4	0.5
FBXW7	532	T	I	1	3	2	2.0	Other	TSG	Not met	0	Not met	0	0	0	Not met	0	0	0	False	Cap combined O4 + O7 at +4	0.6667
SRSF2	95	P	R	1	6	3	175.0	2	oncogene	Not met	0	Strong	4	4	4	Strong	4	4	4	False	Cap combined O4 + O7 at +4	0.3333
VHL	162	C	*	1	8	5	6.0	1	TSG	Not applicable (nonsense/stop-loss)	0	Moderate	2	2	2	Not met	0	0	0	False	Cap combined O4 + O7 at +4	0.375
VHL	162	C	F	1	8	5	5.0	3	TSG	Not met	0	Moderate	2	2	2	Not met	0	0	0	False	Cap combined O4 + O7 at +4	0.375
VHL	162	C	W	1	8	5	4.0	3	TSG	Not met	0	Not met	0	0	0	Not met	0	0	0	False	Cap combined O4 + O7 at +4	0.375
CARD11	215	K	M	1	5	3	7.0	Other	oncogene	Not met	0	Moderate	2	2	2	Not met	0	0	0	False	Cap combined O4 + O7 at +4	0.2
CARD11	215	K	N	1	5	3	4.0	Other	oncogene	Not met	0	Not met	0	0	0	Not met	0	0	0	False	Cap combined O4 + O7 at +4	0.2
DIS3	780	R	G	1	6	4	4.0	Other		Not met	0	Not met	0	0	0	Not met	0	0	0	False	Cap combined O4 + O7 at +4	0.1667
DIS3	780	R	S	1	6	4	1.0	Other		Not met	0	Not met	0	0	0	Not met	0	0	0	False	Cap combined O4 + O7 at +4	0.1667
ARID1A	1461	R	Q	1	10	2	6.0	Other	TSG, fusion	Not met	0	Moderate	2	2	2	Not met	0	0	0	False	Cap combined O4 + O7 at +4	0.5
FOXA1	259	Y	F	1	5	3				Not met	0	Absent/not counted	0	0	0	Absent/not counted	0	0	0	False	Cap combined O4 + O7 at +4	0.4
STK11	181	N	I	1	4	4	1.0	Other	TSG	Not met	0	Not met	0	0	0	Not met	0	0	0	False	Cap combined O4 + O7 at +4	0.5
STK11	181	N	S	1	4	4	2.0	3	TSG	Not met	0	Not met	0	0	0	Not met	0	0	0	False	Cap combined O4 + O7 at +4	0.5
STK11	181	N	T	1	4	4	1.0	Other	TSG	Not met	0	Not met	0	0	0	Not met	0	0	0	False	Cap combined O4 + O7 at +4	0.5
STK11	181	N	Y	1	4	4	1.0	Other	TSG	Not met	0	Not met	0	0	0	Not met	0	0	0	False	Cap combined O4 + O7 at +4	0.5
PTEN	35	M	L	1	8	3	2.0	3	TSG	Not met	0	Not met	0	0	0	Not met	0	0	0	False	Cap combined O4 + O7 at +4	0.75
MYC	73	T	A	1	6	3	16.0	3	oncogene, fusion	Not met	0	Strong	4	4	4	Not met	0	0	0	False	Cap combined O4 + O7 at +4	0.3333
CDH1	288	D	N	1	5	2	5.0	Other	TSG	Not met	0	Moderate	2	2	2	Not met	0	0	0	False	Cap combined O4 + O7 at +4	0.0
DNMT3B	229	V	L	1	7	3	1.0	Other		Not met	0	Not met	0	0	0	Not met	0	0	0	False	Cap combined O4 + O7 at +4	0.5714
KRAS	22	Q	H	1	6	2	2.0	Other	oncogene	Not met	0	Not met	0	0	0	Not met	0	0	0	False	Cap combined O4 + O7 at +4	0.3333
RICTOR	1101	S	S	1	10	2				Not met	0	Absent/not counted	0	0	0	Absent/not counted	0	0	0	False	Cap combined O4 + O7 at +4	0.3
PTPRT	695	L	R	1	9	3	1.0	Other	TSG	Not met	0	Not met	0	0	0	Not met	0	0	0	False	Cap combined O4 + O7 at +4	0.2222
STAT3	384	F	Y	1	4	3	1.0	Other	oncogene	Not met	0	Not met	0	0	0	Not met	0	0	0	False	Cap combined O4 + O7 at +4	0.25
SMAD4	510	G	A	1	6	4	1.0	Other	TSG	Not met	0	Not met	0	0	0	Not met	0	0	0	False	Cap combined O4 + O7 at +4	0.6667
EIF1AX	10	K	T	1	4	2	1.0	Other		Not met	0	Not met	0	0	0	Not met	0	0	0	False	Cap combined O4 + O7 at +4	0.5
TP53	218	V	M	1	9	5	10.0	3	oncogene, TSG, fusion	Not met	0	Moderate	2	2	2	Not met	0	0	0	False	Cap combined O4 + O7 at +4	0.4444
RAD51C	21	P	A	1	4	3	4.0	Other	TSG	Not met	0	Not met	0	0	0	Not met	0	0	0	False	Cap combined O4 + O7 at +4	0.5
RAD51C	21	P	T	1	4	3	3.0	Other	TSG	Not met	0	Not met	0	0	0	Not met	0	0	0	False	Cap combined O4 + O7 at +4	0.5
BCL2L11	156	G	*	1	6	3	1.0	Other		Not applicable (nonsense/stop-loss)	0	Not met	0	0	0	Not met	0	0	0	False	Cap combined O4 + O7 at +4	0.3333
EZH2	665	K	E	1	2	2				Not met	0	Absent/not counted	0	0	0	Absent/not counted	0	0	0	False	Cap combined O4 + O7 at +4	0.0
EZH2	665	K	R	1	2	2				Not met	0	Absent/not counted	0	0	0	Absent/not counted	0	0	0	False	Cap combined O4 + O7 at +4	0.0
MAP2K4	110	R	L	1	8	4	1.0	Other	oncogene, TSG	Not met	0	Not met	0	0	0	Not met	0	0	0	False	Cap combined O4 + O7 at +4	0.25
MAP2K4	110	R	P	1	8	4	1.0	Other	oncogene, TSG	Not met	0	Not met	0	0	0	Not met	0	0	0	False	Cap combined O4 + O7 at +4	0.25
TP53	178	H	H	1	12	5				Not met	0	Absent/not counted	0	0	0	Absent/not counted	0	0	0	True	O4 + O7 may be combined (max +8)	0.5833
TP53	178	H	N	1	12	5	5.0	Other	oncogene, TSG, fusion	Not met	0	Moderate	2	2	2	Not met	0	0	0	True	O4 + O7 may be combined (max +8)	0.5833
SPRED1	349	R	S	1	2	2	1.0	Other		Not met	0	Not met	0	0	0	Not met	0	0	0	False	Cap combined O4 + O7 at +4	0.0
SPRED1	349	R	W	1	2	2	1.0	Other		Not met	0	Not met	0	0	0	Not met	0	0	0	False	Cap combined O4 + O7 at +4	0.0
TP53	218	V	E	1	9	5	12.0	Other	oncogene, TSG, fusion	Not met	0	Strong	4	4	4	Not met	0	0	0	False	Cap combined O4 + O7 at +4	0.4444
TP53	218	V	L	1	9	5	2.0	Other	oncogene, TSG, fusion	Not met	0	Not met	0	0	0	Not met	0	0	0	False	Cap combined O4 + O7 at +4	0.4444
TP53	218	V	V	1	9	5				Not met	0	Absent/not counted	0	0	0	Absent/not counted	0	0	0	False	Cap combined O4 + O7 at +4	0.4444
FH	336	M	L	1	2	2	1.0	Other	TSG	Not met	0	Not met	0	0	0	Not met	0	0	0	False	Cap combined O4 + O7 at +4	0.0
CIC	203	P	A	1	4	3	2.0	Other	oncogene, TSG, fusion	Not met	0	Not met	0	0	0	Not met	0	0	0	False	Cap combined O4 + O7 at +4	0.25
CIC	203	P	L	1	4	3	1.0	Other	oncogene, TSG, fusion	Not met	0	Not met	0	0	0	Not met	0	0	0	False	Cap combined O4 + O7 at +4	0.25
KMT2C	4549	R	H	1	9	3	6.0	Other	TSG	Not met	0	Moderate	2	2	2	Not met	0	0	0	False	Cap combined O4 + O7 at +4	0.6667
KMT2C	4549	R	S	1	9	3	1.0	Other	TSG	Not met	0	Not met	0	0	0	Not met	0	0	0	False	Cap combined O4 + O7 at +4	0.6667
RIT1	77	A	P	1	5	3				Not met	0	Absent/not counted	0	0	0	Absent/not counted	0	0	0	False	Cap combined O4 + O7 at +4	0.6
RIT1	77	A	S	1	5	3				Not met	0	Absent/not counted	0	0	0	Absent/not counted	0	0	0	False	Cap combined O4 + O7 at +4	0.6
PTEN	67	I	K	1	4	3	8.0	Other	TSG	Not met	0	Moderate	2	2	2	Not met	0	0	0	False	Cap combined O4 + O7 at +4	0.5
PTEN	67	I	V	1	4	3	1.0	Other	TSG	Not met	0	Not met	0	0	0	Not met	0	0	0	False	Cap combined O4 + O7 at +4	0.5
PPP4R2	418	*	L	1	2	2				Not applicable (nonsense/stop-loss)	0	Absent/not counted	0	0	0	Absent/not counted	0	0	0	False	Cap combined O4 + O7 at +4	0.0
PPP4R2	418	*	Y	1	2	2				Not applicable (nonsense/stop-loss)	0	Absent/not counted	0	0	0	Absent/not counted	0	0	0	False	Cap combined O4 + O7 at +4	0.0
PIK3CD	894	R	Q	1	5	2	2.0	Other		Not met	0	Not met	0	0	0	Not met	0	0	0	False	Cap combined O4 + O7 at +4	0.2
ERBB4	1102	F	F	1	5	2				Not met	0	Absent/not counted	0	0	0	Absent/not counted	0	0	0	False	Cap combined O4 + O7 at +4	0.4
ATM	2832	R	S	1	7	2	2.0	Other	TSG	Not met	0	Not met	0	0	0	Not met	0	0	0	False	Cap combined O4 + O7 at +4	0.2857
HIST1H3H	37	K	E	1	4	2	1.0	Other		Not met	0	Not met	0	0	0	Not met	0	0	0	False	Cap combined O4 + O7 at +4	0.25
EPHA7	656	G	W	1	11	4	2.0	Other		Not met	0	Not met	0	0	0	Not met	0	0	0	True	O4 + O7 may be combined (max +8)	0.2727
EPHA7	656	G	R	1	11	4	1.0	Other		Not met	0	Not met	0	0	0	Not met	0	0	0	True	O4 + O7 may be combined (max +8)	0.2727
NF1	1870	R	W	1	8	2	5.0	Other	TSG, fusion	Not met	0	Moderate	2	2	2	Not met	0	0	0	False	Cap combined O4 + O7 at +4	0.25
RAD52	396	R	H	1	2	2	1.0	Other		Not met	0	Not met	0	0	0	Not met	0	0	0	False	Cap combined O4 + O7 at +4	0.5
RAD52	396	R	R	1	2	2				Not met	0	Absent/not counted	0	0	0	Absent/not counted	0	0	0	False	Cap combined O4 + O7 at +4	0.5
HNF1A	114	R	C	1	5	3	2.0	Other	TSG	Not met	0	Not met	0	0	0	Not met	0	0	0	False	Cap combined O4 + O7 at +4	0.2
HNF1A	114	R	L	1	5	3	1.0	Other	TSG	Not met	0	Not met	0	0	0	Not met	0	0	0	False	Cap combined O4 + O7 at +4	0.2
HGF	229	G	D	1	3	2	1.0	Other	oncogene, fusion	Not met	0	Not met	0	0	0	Not met	0	0	0	False	Cap combined O4 + O7 at +4	0.3333
HNF1A	338	G	A	1	4	2	1.0	Other	TSG	Not met	0	Not met	0	0	0	Not met	0	0	0	False	Cap combined O4 + O7 at +4	0.25
TP53	190	P	R	1	17	4	9.0	Other	oncogene, TSG, fusion	Not met	0	Moderate	2	2	2	Not met	0	0	0	True	O4 + O7 may be combined (max +8)	0.5882
TP53	190	P	S	1	17	4	16.0	Other	oncogene, TSG, fusion	Not met	0	Strong	4	4	4	Not met	0	0	0	True	O4 + O7 may be combined (max +8)	0.5882
KEAP1	320	R	M	1	8	5				Not met	0	Absent/not counted	0	0	0	Absent/not counted	0	0	0	False	Cap combined O4 + O7 at +4	0.5
KEAP1	320	R	P	1	8	5	1.0	Other	TSG	Not met	0	Not met	0	0	0	Not met	0	0	0	False	Cap combined O4 + O7 at +4	0.5
KEAP1	320	R	W	1	8	5	7.0	Other	TSG	Not met	0	Moderate	2	2	2	Not met	0	0	0	False	Cap combined O4 + O7 at +4	0.5
FBXW7	441	R	L	1	7	4	2.0	Other	TSG	Not met	0	Not met	0	0	0	Not met	0	0	0	False	Cap combined O4 + O7 at +4	0.1429
FBXW7	441	R	Q	1	7	4	19.0	Other	TSG	Not met	0	Strong	4	4	4	Not met	0	0	0	False	Cap combined O4 + O7 at +4	0.1429
CDKN1A	1	M	I	1	4	3				Not met	0	Absent/not counted	0	0	0	Absent/not counted	0	0	0	False	Cap combined O4 + O7 at +4	0.25
CDKN1A	1	M	R	1	4	3				Not met	0	Absent/not counted	0	0	0	Absent/not counted	0	0	0	False	Cap combined O4 + O7 at +4	0.25
IRF4	428	Y	*	1	2	2	1.0	3	oncogene, TSG, fusion	Not applicable (nonsense/stop-loss)	0	Not met	0	0	0	Not met	0	0	0	False	Cap combined O4 + O7 at +4	0.5
IRF4	428	Y	H	1	2	2	1.0	Other	oncogene, TSG, fusion	Not met	0	Not met	0	0	0	Not met	0	0	0	False	Cap combined O4 + O7 at +4	0.5
TBX3	113	W	R	1	4	2	2.0	Other	oncogene, TSG	Not met	0	Not met	0	0	0	Not met	0	0	0	False	Cap combined O4 + O7 at +4	0.5
KDR	482	C	*	1	3	2	1.0	Other	oncogene	Not applicable (nonsense/stop-loss)	0	Not met	0	0	0	Not met	0	0	0	False	Cap combined O4 + O7 at +4	0.0
ERBB3	126	N	I	1	4	2	1.0	Other	oncogene	Not met	0	Not met	0	0	0	Not met	0	0	0	False	Cap combined O4 + O7 at +4	0.5
TP53	197	V	G	1	17	5	27.0	Other	oncogene, TSG, fusion	Not met	0	Strong	4	4	4	Moderate	2	2	2	True	O4 + O7 may be combined (max +8)	0.4706
PTEN	124	C	R	1	8	4	2.0	3	TSG	Not met	0	Not met	0	0	0	Not met	0	0	0	False	Cap combined O4 + O7 at +4	0.625
SMAD4	510	G	E	1	6	4	11.0	Other	TSG	Not met	0	Strong	4	4	4	Not met	0	0	0	False	Cap combined O4 + O7 at +4	0.6667
PLK2	208	L	V	1	3	2	1.0	Other		Not met	0	Not met	0	0	0	Not met	0	0	0	False	Cap combined O4 + O7 at +4	0.0
STK11	308	W	*	1	6	3	4.0	1	TSG	Not applicable (nonsense/stop-loss)	0	Not met	0	0	0	Not met	0	0	0	False	Cap combined O4 + O7 at +4	1.0
TP53	133	M	I	1	10	4	6.0	Other	oncogene, TSG, fusion	Not met	0	Moderate	2	2	2	Not met	0	0	0	False	Cap combined O4 + O7 at +4	0.6
TP53	133	M	T	1	10	4	12.0	3	oncogene, TSG, fusion	Not met	0	Strong	4	4	4	Not met	0	0	0	False	Cap combined O4 + O7 at +4	0.6
SMAD2	182	R	R	1	8	2				Not met	0	Absent/not counted	0	0	0	Absent/not counted	0	0	0	False	Cap combined O4 + O7 at +4	0.625
BCL2	172	N	Q	1	6	3	1.0	Other	oncogene, fusion	Not met	0	Not met	0	0	0	Not met	0	0	0	False	Cap combined O4 + O7 at +4	0.3333
PTEN	174	Y	D	1	4	3	7.0	Other	TSG	Not met	0	Moderate	2	2	2	Not met	0	0	0	False	Cap combined O4 + O7 at +4	0.75
EIF4A2	1	M	I	1	4	4				Not met	0	Absent/not counted	0	0	0	Absent/not counted	0	0	0	False	Cap combined O4 + O7 at +4	0.25
EIF4A2	1	M	R	1	4	4				Not met	0	Absent/not counted	0	0	0	Absent/not counted	0	0	0	False	Cap combined O4 + O7 at +4	0.25
EIF4A2	1	M	V	1	4	4				Not met	0	Absent/not counted	0	0	0	Absent/not counted	0	0	0	False	Cap combined O4 + O7 at +4	0.25
CREBBP	1431	I	I	1	4	4				Not met	0	Absent/not counted	0	0	0	Absent/not counted	0	0	0	False	Cap combined O4 + O7 at +4	0.5
CREBBP	1431	I	N	1	4	4	1.0	Other	oncogene, TSG, fusion	Not met	0	Not met	0	0	0	Not met	0	0	0	False	Cap combined O4 + O7 at +4	0.5
CREBBP	1431	I	S	1	4	4	1.0	Other	oncogene, TSG, fusion	Not met	0	Not met	0	0	0	Not met	0	0	0	False	Cap combined O4 + O7 at +4	0.5
CREBBP	1431	I	V	1	4	4	1.0	Other	oncogene, TSG, fusion	Not met	0	Not met	0	0	0	Not met	0	0	0	False	Cap combined O4 + O7 at +4	0.5
ARID1B	1652	T	A	1	5	3	1.0	Other	TSG	Not met	0	Not met	0	0	0	Not met	0	0	0	False	Cap combined O4 + O7 at +4	0.6
ARID1B	1652	T	T	1	5	3				Not met	0	Absent/not counted	0	0	0	Absent/not counted	0	0	0	False	Cap combined O4 + O7 at +4	0.6
VHL	117	W	C	1	6	3	8.0	3	TSG	Not met	0	Moderate	2	2	2	Not met	0	0	0	False	Cap combined O4 + O7 at +4	0.5
VHL	112	Y	C	1	5	4	2.0	3	TSG	Not met	0	Not met	0	0	0	Not met	0	0	0	False	Cap combined O4 + O7 at +4	0.4
VHL	112	Y	D	1	5	4	3.0	Other	TSG	Not met	0	Not met	0	0	0	Not met	0	0	0	False	Cap combined O4 + O7 at +4	0.4
VHL	112	Y	Y	1	5	4				Not met	0	Absent/not counted	0	0	0	Absent/not counted	0	0	0	False	Cap combined O4 + O7 at +4	0.4
SOS1	90	A	T	1	5	3	1.0	Other	oncogene, fusion	Not met	0	Not met	0	0	0	Not met	0	0	0	False	Cap combined O4 + O7 at +4	0.0
SOS1	90	A	V	1	5	3	1.0	Other	oncogene, fusion	Not met	0	Not met	0	0	0	Not met	0	0	0	False	Cap combined O4 + O7 at +4	0.0
SMAD2	303	T	I	1	3	2	1.0	Other	TSG	Not met	0	Not met	0	0	0	Not met	0	0	0	False	Cap combined O4 + O7 at +4	0.6667
PTEN	274	W	S	1	7	2	1.0	Other	TSG	Not met	0	Not met	0	0	0	Not met	0	0	0	False	Cap combined O4 + O7 at +4	0.4286
SMAD2	305	P	Q	1	4	3	2.0	Other	TSG	Not met	0	Not met	0	0	0	Not met	0	0	0	False	Cap combined O4 + O7 at +4	0.5
SMAD2	305	P	T	1	4	3	1.0	Other	TSG	Not met	0	Not met	0	0	0	Not met	0	0	0	False	Cap combined O4 + O7 at +4	0.5
SF3B1	701	V	A	1	4	3	1.0	Other	oncogene	Not met	0	Not met	0	0	0	Not met	0	0	0	False	Cap combined O4 + O7 at +4	0.25
SF3B1	701	V	I	1	4	3	1.0	Other	oncogene	Not met	0	Not met	0	0	0	Not met	0	0	0	False	Cap combined O4 + O7 at +4	0.25
RAC1	18	C	F	1	4	3	1.0	Other	oncogene	Not met	0	Not met	0	0	0	Not met	0	0	0	False	Cap combined O4 + O7 at +4	0.5
RAC1	18	C	S	1	4	3	1.0	Other	oncogene	Not met	0	Not met	0	0	0	Not met	0	0	0	False	Cap combined O4 + O7 at +4	0.5
CTCF	1	M	I	1	4	3				Not met	0	Absent/not counted	0	0	0	Absent/not counted	0	0	0	False	Cap combined O4 + O7 at +4	0.0
CTCF	1	M	T	1	4	3				Not met	0	Absent/not counted	0	0	0	Absent/not counted	0	0	0	False	Cap combined O4 + O7 at +4	0.0
STK11	196	G	G	1	6	3				Not met	0	Absent/not counted	0	0	0	Absent/not counted	0	0	0	False	Cap combined O4 + O7 at +4	0.8333
STK11	196	G	R	1	6	3	3.0	Other	TSG	Not met	0	Not met	0	0	0	Not met	0	0	0	False	Cap combined O4 + O7 at +4	0.8333
FBXW7	385	T	I	1	4	3	1.0	Other	TSG	Not met	0	Not met	0	0	0	Not met	0	0	0	False	Cap combined O4 + O7 at +4	0.0
EIF4A2	1	M	K	1	4	4				Not met	0	Absent/not counted	0	0	0	Absent/not counted	0	0	0	False	Cap combined O4 + O7 at +4	0.25
CCND1	9	E	K	1	5	3	1.0	Other	oncogene, fusion	Not met	0	Not met	0	0	0	Not met	0	0	0	False	Cap combined O4 + O7 at +4	0.6
PTEN	174	Y	H	1	4	3	3.0	Other	TSG	Not met	0	Not met	0	0	0	Not met	0	0	0	False	Cap combined O4 + O7 at +4	0.75
CCND1	9	E	D	1	5	3	1.0	Other	oncogene, fusion	Not met	0	Not met	0	0	0	Not met	0	0	0	False	Cap combined O4 + O7 at +4	0.6
TGFBR1	259	I	N	1	3	2	1.0	Other		Not met	0	Not met	0	0	0	Not met	0	0	0	False	Cap combined O4 + O7 at +4	0.0
ERBB4	774	S	N	1	4	3	1.0	Other	oncogene, TSG	Not met	0	Not met	0	0	0	Not met	0	0	0	False	Cap combined O4 + O7 at +4	0.0
ERBB4	774	S	R	1	4	3	6.0	Other	oncogene, TSG	Not met	0	Moderate	2	2	2	Not met	0	0	0	False	Cap combined O4 + O7 at +4	0.0
CCND1	47	C	G	1	4	2	3.0	Other	oncogene, fusion	Not met	0	Not met	0	0	0	Not met	0	0	0	False	Cap combined O4 + O7 at +4	0.25
ERBB2	293	A	P	1	6	3	1.0	Other	oncogene, fusion	Not met	0	Not met	0	0	0	Not met	0	0	0	False	Cap combined O4 + O7 at +4	0.8333
ERBB2	293	A	V	1	6	3	1.0	Other	oncogene, fusion	Not met	0	Not met	0	0	0	Not met	0	0	0	False	Cap combined O4 + O7 at +4	0.8333
BRD4	1065	P	R	1	4	2	1.0	Other	oncogene, fusion	Not met	0	Not met	0	0	0	Not met	0	0	0	False	Cap combined O4 + O7 at +4	0.25
PGR	836	R	*	1	9	2	1.0	Other		Not applicable (nonsense/stop-loss)	0	Not met	0	0	0	Not met	0	0	0	False	Cap combined O4 + O7 at +4	0.3333
PTPRS	1492	R	R	1	8	3				Not met	0	Absent/not counted	0	0	0	Absent/not counted	0	0	0	False	Cap combined O4 + O7 at +4	0.5
CBL	384	C	W	1	4	2	2.0	3	oncogene, TSG, fusion	Not met	0	Not met	0	0	0	Not met	0	0	0	False	Cap combined O4 + O7 at +4	0.5
KDM6A	1003	Q	P	1	3	2	1.0	Other	oncogene, TSG	Not met	0	Not met	0	0	0	Not met	0	0	0	False	Cap combined O4 + O7 at +4	0.6667
PDGFRA	235	C	R	1	4	3	3.0	Other	oncogene, fusion	Not met	0	Not met	0	0	0	Not met	0	0	0	False	Cap combined O4 + O7 at +4	0.25
PDGFRA	235	C	S	1	4	3	3.0	Other	oncogene, fusion	Not met	0	Not met	0	0	0	Not met	0	0	0	False	Cap combined O4 + O7 at +4	0.25
SMAD2	463	C	F	1	4	2	1.0	Other	TSG	Not met	0	Not met	0	0	0	Not met	0	0	0	False	Cap combined O4 + O7 at +4	0.75
CARD11	423	R	R	1	6	3				Not met	0	Absent/not counted	0	0	0	Absent/not counted	0	0	0	False	Cap combined O4 + O7 at +4	0.5
TRAF7	189	R	L	1	4	4	1.0	Other	TSG	Not met	0	Not met	0	0	0	Not met	0	0	0	False	Cap combined O4 + O7 at +4	1.0
TRAF7	189	R	P	1	4	4	1.0	Other	TSG	Not met	0	Not met	0	0	0	Not met	0	0	0	False	Cap combined O4 + O7 at +4	1.0
TRAF7	189	R	R	1	4	4				Not met	0	Absent/not counted	0	0	0	Absent/not counted	0	0	0	False	Cap combined O4 + O7 at +4	1.0
TRAF7	189	R	W	1	4	4	2.0	Other	TSG	Not met	0	Not met	0	0	0	Not met	0	0	0	False	Cap combined O4 + O7 at +4	1.0
KIT	888	R	R	1	7	3				Not met	0	Absent/not counted	0	0	0	Absent/not counted	0	0	0	False	Cap combined O4 + O7 at +4	0.5714
IKZF1	304	E	Q	1	8	2				Not met	0	Absent/not counted	0	0	0	Absent/not counted	0	0	0	False	Cap combined O4 + O7 at +4	0.625
RHOA	69	L	M	1	5	3	2.0	Other	oncogene, TSG	Not met	0	Not met	0	0	0	Not met	0	0	0	False	Cap combined O4 + O7 at +4	0.4
TNFRSF14	111	C	Y	1	3	2	2.0	Other	TSG	Not met	0	Not met	0	0	0	Not met	0	0	0	False	Cap combined O4 + O7 at +4	0.6667
SDHAF2	10	S	*	1	5	3	1.0	3	TSG	Not applicable (nonsense/stop-loss)	0	Not met	0	0	0	Not met	0	0	0	False	Cap combined O4 + O7 at +4	0.6
SDHAF2	10	S	A	1	5	3	1.0	Other	TSG	Not met	0	Not met	0	0	0	Not met	0	0	0	False	Cap combined O4 + O7 at +4	0.6
RAC1	135	K	N	1	2	2	1.0	Other	oncogene	Not met	0	Not met	0	0	0	Not met	0	0	0	False	Cap combined O4 + O7 at +4	0.0
RAC1	135	K	R	1	2	2				Not met	0	Absent/not counted	0	0	0	Absent/not counted	0	0	0	False	Cap combined O4 + O7 at +4	0.0
EIF1AX	8	G	E	1	6	2	5.0	Other		Not met	0	Moderate	2	2	2	Not met	0	0	0	False	Cap combined O4 + O7 at +4	0.3333
FH	336	M	I	1	2	2	2.0	Other	TSG	Not met	0	Not met	0	0	0	Not met	0	0	0	False	Cap combined O4 + O7 at +4	0.0
ERBB3	60	M	R	1	4	2	6.0	Other	oncogene	Not met	0	Moderate	2	2	2	Not met	0	0	0	False	Cap combined O4 + O7 at +4	0.0
TGFBR2	520	R	R	1	9	2				Not met	0	Absent/not counted	0	0	0	Absent/not counted	0	0	0	False	Cap combined O4 + O7 at +4	0.4444
ERBB2	138	R	W	1	3	2	2.0	Other	oncogene, fusion	Not met	0	Not met	0	0	0	Not met	0	0	0	False	Cap combined O4 + O7 at +4	0.0
MTOR	1459	A	P	1	6	3	2.0	Other	oncogene	Not met	0	Not met	0	0	0	Not met	0	0	0	False	Cap combined O4 + O7 at +4	0.8333
MTOR	1459	A	V	1	6	3	2.0	Other	oncogene	Not met	0	Not met	0	0	0	Not met	0	0	0	False	Cap combined O4 + O7 at +4	0.8333
GTF2I	641	F	C	1	4	2	2.0	Other		Not met	0	Not met	0	0	0	Not met	0	0	0	False	Cap combined O4 + O7 at +4	0.0
TGFBR1	375	T	I	1	3	3	1.0	Other		Not met	0	Not met	0	0	0	Not met	0	0	0	False	Cap combined O4 + O7 at +4	1.0
TGFBR1	375	T	K	1	3	3	2.0	Other		Not met	0	Not met	0	0	0	Not met	0	0	0	False	Cap combined O4 + O7 at +4	1.0
TGFBR1	375	T	R	1	3	3	1.0	Other		Not met	0	Not met	0	0	0	Not met	0	0	0	False	Cap combined O4 + O7 at +4	1.0
ERRFI1	409	K	Q	1	3	2	1.0	Other		Not met	0	Not met	0	0	0	Not met	0	0	0	False	Cap combined O4 + O7 at +4	0.3333
CBFB	1	M	I	1	4	3				Not met	0	Absent/not counted	0	0	0	Absent/not counted	0	0	0	False	Cap combined O4 + O7 at +4	0.5
CBFB	1	M	K	1	4	3				Not met	0	Absent/not counted	0	0	0	Absent/not counted	0	0	0	False	Cap combined O4 + O7 at +4	0.5
ETV6	369	R	L	1	9	4	1.0	Other	TSG, fusion	Not met	0	Not met	0	0	0	Not met	0	0	0	False	Cap combined O4 + O7 at +4	0.4444
ETV6	369	R	Q	1	9	4	6.0	Other	TSG, fusion	Not met	0	Moderate	2	2	2	Not met	0	0	0	False	Cap combined O4 + O7 at +4	0.4444
ETV6	369	R	R	1	9	4				Not met	0	Absent/not counted	0	0	0	Absent/not counted	0	0	0	False	Cap combined O4 + O7 at +4	0.4444
PTPN11	468	T	T	1	7	2				Not met	0	Absent/not counted	0	0	0	Absent/not counted	0	0	0	False	Cap combined O4 + O7 at +4	0.2857
CREBBP	1482	Y	N	1	4	4	5.0	3	oncogene, TSG, fusion	Not met	0	Moderate	2	2	2	Not met	0	0	0	False	Cap combined O4 + O7 at +4	0.75
EIF1AX	4	N	I	1	4	3	1.0	Other		Not met	0	Not met	0	0	0	Not met	0	0	0	False	Cap combined O4 + O7 at +4	0.75
EIF1AX	4	N	Y	1	4	3	1.0	Other		Not met	0	Not met	0	0	0	Not met	0	0	0	False	Cap combined O4 + O7 at +4	0.75
PTEN	247	L	F	1	4	2	2.0	Other	TSG	Not met	0	Not met	0	0	0	Not met	0	0	0	False	Cap combined O4 + O7 at +4	0.25
SMO	414	V	A	1	3	3	1.0	Other	oncogene	Not met	0	Not met	0	0	0	Not met	0	0	0	False	Cap combined O4 + O7 at +4	0.6667
SMO	414	V	G	1	3	3	1.0	Other	oncogene	Not met	0	Not met	0	0	0	Not met	0	0	0	False	Cap combined O4 + O7 at +4	0.6667
SMO	414	V	V	1	3	3				Not met	0	Absent/not counted	0	0	0	Absent/not counted	0	0	0	False	Cap combined O4 + O7 at +4	0.6667
LYN	364	I	L	1	2	2	1.0	Other	oncogene, fusion	Not met	0	Not met	0	0	0	Not met	0	0	0	False	Cap combined O4 + O7 at +4	0.0
LYN	364	I	N	1	2	2	1.0	Other	oncogene, fusion	Not met	0	Not met	0	0	0	Not met	0	0	0	False	Cap combined O4 + O7 at +4	0.0
MET	1094	H	R	1	4	2				Not met	0	Absent/not counted	0	0	0	Absent/not counted	0	0	0	False	Cap combined O4 + O7 at +4	0.25
TP53	232	I	I	1	14	5				Not met	0	Absent/not counted	0	0	0	Absent/not counted	0	0	0	True	O4 + O7 may be combined (max +8)	0.2857
SMARCD1	183	R	*	1	7	3	2.0	3	TSG	Not applicable (nonsense/stop-loss)	0	Not met	0	0	0	Not met	0	0	0	False	Cap combined O4 + O7 at +4	0.4286
SMARCD1	183	R	L	1	7	3	1.0	Other	TSG	Not met	0	Not met	0	0	0	Not met	0	0	0	False	Cap combined O4 + O7 at +4	0.4286
PIM1	2	L	V	1	6	2	2.0	Other	oncogene, fusion	Not met	0	Not met	0	0	0	Not met	0	0	0	False	Cap combined O4 + O7 at +4	0.3333
FBXW7	546	S	P	1	9	3	1.0	Other	TSG	Not met	0	Not met	0	0	0	Not met	0	0	0	False	Cap combined O4 + O7 at +4	0.4444
FBXW7	546	S	*	1	9	3	6.0	3	TSG	Not applicable (nonsense/stop-loss)	0	Moderate	2	2	2	Not met	0	0	0	False	Cap combined O4 + O7 at +4	0.4444
AKT1	323	D	N	1	5	3	7.0	Other	oncogene	Not met	0	Moderate	2	2	2	Not met	0	0	0	False	Cap combined O4 + O7 at +4	0.4
HNF1A	591	S	Y	1	3	2	1.0	Other	TSG	Not met	0	Not met	0	0	0	Not met	0	0	0	False	Cap combined O4 + O7 at +4	0.0
KMT2D	5432	R	R	1	8	3				Not met	0	Absent/not counted	0	0	0	Absent/not counted	0	0	0	False	Cap combined O4 + O7 at +4	0.625
KEAP1	417	G	E	1	7	4	1.0	Other	TSG	Not met	0	Not met	0	0	0	Not met	0	0	0	False	Cap combined O4 + O7 at +4	0.2857
KEAP1	417	G	R	1	7	4	2.0	Other	TSG	Not met	0	Not met	0	0	0	Not met	0	0	0	False	Cap combined O4 + O7 at +4	0.2857
KEAP1	417	G	W	1	7	4	3.0	Other	TSG	Not met	0	Not met	0	0	0	Not met	0	0	0	False	Cap combined O4 + O7 at +4	0.2857
CREBBP	1499	L	Q	1	4	3	3.0	Other	oncogene, TSG, fusion	Not met	0	Not met	0	0	0	Not met	0	0	0	False	Cap combined O4 + O7 at +4	0.5
CREBBP	1499	L	R	1	4	3	5.0	Other	oncogene, TSG, fusion	Not met	0	Moderate	2	2	2	Not met	0	0	0	False	Cap combined O4 + O7 at +4	0.5
TRAF7	520	N	Y	1	4	2	1.0	Other	TSG	Not met	0	Not met	0	0	0	Not met	0	0	0	False	Cap combined O4 + O7 at +4	0.5
TP53	120	K	*	1	9	4	12.0	1	oncogene, TSG, fusion	Not applicable (nonsense/stop-loss)	0	Strong	4	4	4	Not met	0	0	0	False	Cap combined O4 + O7 at +4	0.4444
TP53	120	K	M	1	9	4	10.0	Other	oncogene, TSG, fusion	Not met	0	Moderate	2	2	2	Not met	0	0	0	False	Cap combined O4 + O7 at +4	0.4444
MYD88	166	P	P	1	4	2				Not met	0	Absent/not counted	0	0	0	Absent/not counted	0	0	0	False	Cap combined O4 + O7 at +4	0.0
GNAQ	48	G	*	1	3	3	1.0	Other	oncogene	Not applicable (nonsense/stop-loss)	0	Not met	0	0	0	Not met	0	0	0	False	Cap combined O4 + O7 at +4	0.3333
GNAQ	48	G	L	1	3	3	6.0	Other	oncogene	Not met	0	Moderate	2	2	2	Not met	0	0	0	False	Cap combined O4 + O7 at +4	0.3333
GNAQ	48	G	V	1	3	3	2.0	Other	oncogene	Not met	0	Not met	0	0	0	Not met	0	0	0	False	Cap combined O4 + O7 at +4	0.3333
ATM	2888	I	L	1	4	2	2.0	Other	TSG	Not met	0	Not met	0	0	0	Not met	0	0	0	False	Cap combined O4 + O7 at +4	0.5
PTEN	61	H	N	1	6	3	1.0	Other	TSG	Not met	0	Not met	0	0	0	Not met	0	0	0	False	Cap combined O4 + O7 at +4	0.6667
PTEN	61	H	Y	1	6	3	1.0	Other	TSG	Not met	0	Not met	0	0	0	Not met	0	0	0	False	Cap combined O4 + O7 at +4	0.6667
CARD11	93	E	K	1	4	3	4.0	Other	oncogene	Not met	0	Not met	0	0	0	Not met	0	0	0	False	Cap combined O4 + O7 at +4	0.25
CARD11	93	E	Q	1	4	3	2.0	Other	oncogene	Not met	0	Not met	0	0	0	Not met	0	0	0	False	Cap combined O4 + O7 at +4	0.25
TP53	254	I	F	1	13	6	11.0	Other	oncogene, TSG, fusion	Not met	0	Strong	4	4	4	Not met	0	0	0	True	O4 + O7 may be combined (max +8)	0.5385
TP53	254	I	L	1	13	6	3.0	Other	oncogene, TSG, fusion	Not met	0	Not met	0	0	0	Not met	0	0	0	True	O4 + O7 may be combined (max +8)	0.5385
TP53	254	I	M	1	13	6	2.0	Other	oncogene, TSG, fusion	Not met	0	Not met	0	0	0	Not met	0	0	0	True	O4 + O7 may be combined (max +8)	0.5385
TP53	254	I	N	1	13	6	16.0	3	oncogene, TSG, fusion	Not met	0	Strong	4	4	4	Not met	0	0	0	True	O4 + O7 may be combined (max +8)	0.5385
ERBB3	103	R	G	1	5	3	3.0	Other	oncogene	Not met	0	Not met	0	0	0	Not met	0	0	0	False	Cap combined O4 + O7 at +4	0.6
CDH1	63	R	G	1	8	3	2.0	Other	TSG	Not met	0	Not met	0	0	0	Not met	0	0	0	False	Cap combined O4 + O7 at +4	0.125
CDH1	63	R	P	1	8	3	1.0	Other	TSG	Not met	0	Not met	0	0	0	Not met	0	0	0	False	Cap combined O4 + O7 at +4	0.125
EP300	1455	Q	Q	1	6	3				Not met	0	Absent/not counted	0	0	0	Absent/not counted	0	0	0	False	Cap combined O4 + O7 at +4	0.5
EP300	1455	Q	R	1	6	3	2.0	Other	TSG, fusion	Not met	0	Not met	0	0	0	Not met	0	0	0	False	Cap combined O4 + O7 at +4	0.5
FOXA1	219	R	G	1	8	4				Not met	0	Absent/not counted	0	0	0	Absent/not counted	0	0	0	False	Cap combined O4 + O7 at +4	0.75
FOXA1	219	R	R	1	8	4				Not met	0	Absent/not counted	0	0	0	Absent/not counted	0	0	0	False	Cap combined O4 + O7 at +4	0.75
IL7R	206	R	Q	1	9	2	3.0	Other	oncogene	Not met	0	Not met	0	0	0	Not met	0	0	0	False	Cap combined O4 + O7 at +4	0.5556
BCL10	178	E	D	1	3	2				Not met	0	Absent/not counted	0	0	0	Absent/not counted	0	0	0	False	Cap combined O4 + O7 at +4	0.0
PTEN	251	G	A	1	6	3	1.0	Other	TSG	Not met	0	Not met	0	0	0	Not met	0	0	0	False	Cap combined O4 + O7 at +4	0.3333
PTEN	251	G	D	1	6	3	6.0	3	TSG	Not met	0	Moderate	2	2	2	Not met	0	0	0	False	Cap combined O4 + O7 at +4	0.3333
PTEN	277	T	*	1	6	4	1.0	3	TSG	Not applicable (nonsense/stop-loss)	0	Not met	0	0	0	Not met	0	0	0	False	Cap combined O4 + O7 at +4	0.3333
PTEN	277	T	A	1	6	4	1.0	Other	TSG	Not met	0	Not met	0	0	0	Not met	0	0	0	False	Cap combined O4 + O7 at +4	0.3333
PTEN	277	T	N	1	6	4	1.0	Other	TSG	Not met	0	Not met	0	0	0	Not met	0	0	0	False	Cap combined O4 + O7 at +4	0.3333
FGFR2	276	F	I	1	3	2	1.0	Other	oncogene, fusion	Not met	0	Not met	0	0	0	Not met	0	0	0	False	Cap combined O4 + O7 at +4	0.3333
NSD1	1710	C	*	1	3	3	1.0	Other	fusion	Not applicable (nonsense/stop-loss)	0	Not met	0	0	0	Not met	0	0	0	False	Cap combined O4 + O7 at +4	0.0
NSD1	1710	C	S	1	3	3	1.0	Other	fusion	Not met	0	Not met	0	0	0	Not met	0	0	0	False	Cap combined O4 + O7 at +4	0.0
NSD1	1710	C	Y	1	3	3	1.0	Other	fusion	Not met	0	Not met	0	0	0	Not met	0	0	0	False	Cap combined O4 + O7 at +4	0.0
CTCF	288	H	D	1	3	3	2.0	Other	TSG	Not met	0	Not met	0	0	0	Not met	0	0	0	False	Cap combined O4 + O7 at +4	0.6667
CTCF	288	H	R	1	3	3	2.0	Other	TSG	Not met	0	Not met	0	0	0	Not met	0	0	0	False	Cap combined O4 + O7 at +4	0.6667
CTCF	288	H	Y	1	3	3	2.0	Other	TSG	Not met	0	Not met	0	0	0	Not met	0	0	0	False	Cap combined O4 + O7 at +4	0.6667
KNSTRN	22	C	S	1	4	2	1.0	Other	oncogene	Not met	0	Not met	0	0	0	Not met	0	0	0	False	Cap combined O4 + O7 at +4	0.0
PPP2R1A	182	R	R	1	7	2				Not met	0	Absent/not counted	0	0	0	Absent/not counted	0	0	0	False	Cap combined O4 + O7 at +4	0.7143
SMAD4	353	Y	C	1	4	3	10.0	3	TSG	Not met	0	Moderate	2	2	2	Not met	0	0	0	False	Cap combined O4 + O7 at +4	0.75
SMAD4	353	Y	D	1	4	3	2.0	Other	TSG	Not met	0	Not met	0	0	0	Not met	0	0	0	False	Cap combined O4 + O7 at +4	0.75
SMAD4	95	Y	*	1	4	3	1.0	3	TSG	Not applicable (nonsense/stop-loss)	0	Not met	0	0	0	Not met	0	0	0	False	Cap combined O4 + O7 at +4	0.75
SMAD4	95	Y	H	1	4	3	4.0	Other	TSG	Not met	0	Not met	0	0	0	Not met	0	0	0	False	Cap combined O4 + O7 at +4	0.75
RPS6KA4	629	R	R	1	7	3				Not met	0	Absent/not counted	0	0	0	Absent/not counted	0	0	0	False	Cap combined O4 + O7 at +4	0.5714
RPS6KA4	236	S	S	1	6	2				Not met	0	Absent/not counted	0	0	0	Absent/not counted	0	0	0	False	Cap combined O4 + O7 at +4	0.5
PTEN	320	L	S	1	4	3	6.0	3	TSG	Not met	0	Moderate	2	2	2	Not met	0	0	0	False	Cap combined O4 + O7 at +4	0.5
PTEN	320	L	V	1	4	3	1.0	Other	TSG	Not met	0	Not met	0	0	0	Not met	0	0	0	False	Cap combined O4 + O7 at +4	0.5
CREBBP	1472	W	G	1	6	4	3.0	Other	oncogene, TSG, fusion	Not met	0	Not met	0	0	0	Not met	0	0	0	False	Cap combined O4 + O7 at +4	0.3333
CREBBP	1472	W	S	1	6	4	1.0	Other	oncogene, TSG, fusion	Not met	0	Not met	0	0	0	Not met	0	0	0	False	Cap combined O4 + O7 at +4	0.3333
CREBBP	1482	Y	C	1	4	4	60.0	2	oncogene, TSG, fusion	Not met	0	Strong	4	4	4	Strong	4	4	4	False	Cap combined O4 + O7 at +4	0.75
CREBBP	1482	Y	D	1	4	4	1.0	1	oncogene, TSG, fusion	Not met	0	Not met	0	0	0	Not met	0	0	0	False	Cap combined O4 + O7 at +4	0.75
CREBBP	1482	Y	H	1	4	4	5.0	3	oncogene, TSG, fusion	Not met	0	Moderate	2	2	2	Not met	0	0	0	False	Cap combined O4 + O7 at +4	0.75
PTPN11	461	A	G	1	5	2	9.0	Other	oncogene	Not met	0	Moderate	2	2	2	Not met	0	0	0	False	Cap combined O4 + O7 at +4	0.4
SF3B1	623	Y	S	1	4	3	1.0	Other	oncogene	Not met	0	Not met	0	0	0	Not met	0	0	0	False	Cap combined O4 + O7 at +4	0.75
RAC1	34	P	H	1	5	3	3.0	Other	oncogene	Not met	0	Not met	0	0	0	Not met	0	0	0	False	Cap combined O4 + O7 at +4	0.2
SF3B1	623	Y	H	1	4	3	2.0	Other	oncogene	Not met	0	Not met	0	0	0	Not met	0	0	0	False	Cap combined O4 + O7 at +4	0.75
RAC1	34	P	S	1	5	3	4.0	Other	oncogene	Not met	0	Not met	0	0	0	Not met	0	0	0	False	Cap combined O4 + O7 at +4	0.2
DICER1	1344	S	I	1	7	2				Not met	0	Absent/not counted	0	0	0	Absent/not counted	0	0	0	False	Cap combined O4 + O7 at +4	0.4286
CDKN2A	74	D	G	1	8	4	2.0	Other	TSG	Not met	0	Not met	0	0	0	Not met	0	0	0	False	Cap combined O4 + O7 at +4	0.5
CDKN2A	74	D	V	1	8	4	4.0	Other	TSG	Not met	0	Not met	0	0	0	Not met	0	0	0	False	Cap combined O4 + O7 at +4	0.5
MET	1003	Y	*	1	3	3				Not applicable (nonsense/stop-loss)	0	Absent/not counted	0	0	0	Absent/not counted	0	0	0	False	Cap combined O4 + O7 at +4	0.3333
MET	1003	Y	C	1	3	3				Not met	0	Absent/not counted	0	0	0	Absent/not counted	0	0	0	False	Cap combined O4 + O7 at +4	0.3333
MET	1003	Y	F	1	3	3				Not met	0	Absent/not counted	0	0	0	Absent/not counted	0	0	0	False	Cap combined O4 + O7 at +4	0.3333
KEAP1	155	V	A	1	5	2	1.0	Other	TSG	Not met	0	Not met	0	0	0	Not met	0	0	0	False	Cap combined O4 + O7 at +4	0.4
STK11	239	W	*	1	5	3	2.0	1	TSG	Not applicable (nonsense/stop-loss)	0	Not met	0	0	0	Not met	0	0	0	False	Cap combined O4 + O7 at +4	0.6
STK11	239	W	S	1	5	3	1.0	Other	TSG	Not met	0	Not met	0	0	0	Not met	0	0	0	False	Cap combined O4 + O7 at +4	0.6
CARD11	626	E	*	1	6	3	2.0	Other	oncogene	Not applicable (nonsense/stop-loss)	0	Not met	0	0	0	Not met	0	0	0	False	Cap combined O4 + O7 at +4	0.3333
CARD11	626	E	Q	1	6	3	1.0	Other	oncogene	Not met	0	Not met	0	0	0	Not met	0	0	0	False	Cap combined O4 + O7 at +4	0.3333
PTPN11	61	D	N	1	4	2	16.0	3	oncogene	Not met	0	Strong	4	4	4	Not met	0	0	0	False	Cap combined O4 + O7 at +4	0.5
NOTCH1	440	C	R	1	5	4	4.0	Other	oncogene, TSG, fusion	Not met	0	Not met	0	0	0	Not met	0	0	0	False	Cap combined O4 + O7 at +4	0.4
NOTCH1	440	C	S	1	5	4	4.0	Other	oncogene, TSG, fusion	Not met	0	Not met	0	0	0	Not met	0	0	0	False	Cap combined O4 + O7 at +4	0.4
NOTCH1	440	C	W	1	5	4	1.0	Other	oncogene, TSG, fusion	Not met	0	Not met	0	0	0	Not met	0	0	0	False	Cap combined O4 + O7 at +4	0.4
NOTCH1	310	G	E	1	7	2	2.0	Other	oncogene, TSG, fusion	Not met	0	Not met	0	0	0	Not met	0	0	0	False	Cap combined O4 + O7 at +4	0.4286
CDKN1B	72	G	A	1	6	3	1.0	Other	TSG	Not met	0	Not met	0	0	0	Not met	0	0	0	False	Cap combined O4 + O7 at +4	0.5
SMARCA4	821	E	D	1	8	2				Not met	0	Absent/not counted	0	0	0	Absent/not counted	0	0	0	False	Cap combined O4 + O7 at +4	0.5
ALK	395	R	R	1	7	2				Not met	0	Absent/not counted	0	0	0	Absent/not counted	0	0	0	False	Cap combined O4 + O7 at +4	0.8571
NOTCH1	455	E	E	1	7	2				Not met	0	Absent/not counted	0	0	0	Absent/not counted	0	0	0	False	Cap combined O4 + O7 at +4	0.1429
TP53	165	Q	H	1	16	2	4.0	Other	oncogene, TSG, fusion	Not met	0	Not met	0	0	0	Not met	0	0	0	True	O4 + O7 may be combined (max +8)	0.6875
PIK3CA	357	R	*	1	7	4	3.0	Other	oncogene	Not applicable (nonsense/stop-loss)	0	Not met	0	0	0	Not met	0	0	0	False	Cap combined O4 + O7 at +4	0.4286
PIK3CA	357	R	G	1	7	4	1.0	Other	oncogene	Not met	0	Not met	0	0	0	Not met	0	0	0	False	Cap combined O4 + O7 at +4	0.4286
PIK3CA	357	R	L	1	7	4	4.0	Other	oncogene	Not met	0	Not met	0	0	0	Not met	0	0	0	False	Cap combined O4 + O7 at +4	0.4286
STK11	251	G	R	1	6	3	1.0	Other	TSG	Not met	0	Not met	0	0	0	Not met	0	0	0	False	Cap combined O4 + O7 at +4	0.5
ARID1B	1179	Q	P	1	5	2	1.0	Other	TSG	Not met	0	Not met	0	0	0	Not met	0	0	0	False	Cap combined O4 + O7 at +4	0.2
RAC1	111	N	I	1	5	3	6.0	Other	oncogene	Not met	0	Moderate	2	2	2	Not met	0	0	0	False	Cap combined O4 + O7 at +4	0.6
SMAD4	419	G	R	1	8	3	15.0	Other	TSG	Not met	0	Strong	4	4	4	Not met	0	0	0	False	Cap combined O4 + O7 at +4	0.75
PTEN	124	C	G	1	8	4	1.0	3	TSG	Not met	0	Not met	0	0	0	Not met	0	0	0	False	Cap combined O4 + O7 at +4	0.625
MYCN	44	P	F	1	20	2	7.0	3	oncogene	Not met	0	Moderate	2	2	2	Not met	0	0	0	True	O4 + O7 may be combined (max +8)	0.5
ERBB3	297	D	N	1	22	5	1.0	2	oncogene	Not met	0	Not met	0	0	0	Not met	0	0	0	True	O4 + O7 may be combined (max +8)	0.4545
ERBB3	297	D	V	1	22	5	2.0	2	oncogene	Not met	0	Not met	0	0	0	Not met	0	0	0	True	O4 + O7 may be combined (max +8)	0.4545
TP53	141	C	F	1	47	7	7.0	3	oncogene, TSG, fusion	Not met	0	Moderate	2	2	2	Not met	0	0	0	True	O4 + O7 may be combined (max +8)	0.4043
TP53	141	C	S	1	47	7	4.0	3	oncogene, TSG, fusion	Not met	0	Not met	0	0	0	Not met	0	0	0	True	O4 + O7 may be combined (max +8)	0.4043
TP53	281	D	A	1	69	9	3.0	3	oncogene, TSG, fusion	Not met	0	Not met	0	0	0	Not met	0	0	0	True	O4 + O7 may be combined (max +8)	0.5217
TP53	281	D	P	1	69	9				Not met	0	Absent/not counted	0	0	0	Absent/not counted	0	0	0	True	O4 + O7 may be combined (max +8)	0.5217
EP300	1399	D	E	1	23	3	3.0	Other	TSG, fusion	Not met	0	Not met	0	0	0	Not met	0	0	0	True	O4 + O7 may be combined (max +8)	0.2174
NUP93	15	Q	K	1	16	2	1.0	Other		Not met	0	Not met	0	0	0	Not met	0	0	0	True	O4 + O7 may be combined (max +8)	0.5625
SMAD4	386	G	A	1	22	6	1.0	3	TSG	Not met	0	Not met	0	0	0	Not met	0	0	0	True	O4 + O7 may be combined (max +8)	0.3636
SMAD4	386	G	C	1	22	6	6.0	3	TSG	Not met	0	Moderate	2	2	2	Not met	0	0	0	True	O4 + O7 may be combined (max +8)	0.3636
TP53	337	R	G	1	68	6	3.0	Other	oncogene, TSG, fusion	Not met	0	Not met	0	0	0	Not met	0	0	0	True	O4 + O7 may be combined (max +8)	0.4265
EGFR	768	S	T	1	15	2	1.0	Other	oncogene	Not met	0	Not met	0	0	0	Not met	0	0	0	True	O4 + O7 may be combined (max +8)	0.6667
PTPN11	72	A	S	1	18	5	4.0	3	oncogene	Not met	0	Not met	0	0	0	Not met	0	0	0	True	O4 + O7 may be combined (max +8)	0.5556
PDGFRA	842	D	D	1	12	4				Not met	0	Absent/not counted	0	0	0	Absent/not counted	0	0	0	True	O4 + O7 may be combined (max +8)	0.9167
XPO1	571	E	A	1	27	3	7.0	2	oncogene	Not met	0	Moderate	2	2	2	Not met	0	0	0	True	O4 + O7 may be combined (max +8)	0.3704
PDGFRA	842	D	H	1	12	4	1.0	3	oncogene, fusion	Not met	0	Not met	0	0	0	Not met	0	0	0	True	O4 + O7 may be combined (max +8)	0.9167
PDGFRA	842	D	I	1	12	4	2.0	3	oncogene, fusion	Not met	0	Not met	0	0	0	Not met	0	0	0	True	O4 + O7 may be combined (max +8)	0.9167
NFE2L2	80	T	I	1	15	5	6.0	Other	oncogene, TSG	Not met	0	Moderate	2	2	2	Not met	0	0	0	True	O4 + O7 may be combined (max +8)	0.2667
PIK3CA	1049	G	A	1	17	2	8.0	Other	oncogene	Not met	0	Moderate	2	2	2	Not met	0	0	0	True	O4 + O7 may be combined (max +8)	0.6471
ESR1	536	L	Q	1	14	5	2.0	Other	oncogene, TSG, fusion	Not met	0	Not met	0	0	0	Not met	0	0	0	True	O4 + O7 may be combined (max +8)	1.0
SF3B1	902	E	G	1	17	3	1.0	Other	oncogene	Not met	0	Not met	0	0	0	Not met	0	0	0	True	O4 + O7 may be combined (max +8)	0.4706
TP53	159	A	A	1	52	4				Not met	0	Absent/not counted	0	0	0	Absent/not counted	0	0	0	True	O4 + O7 may be combined (max +8)	0.3462
TP53	159	A	D	1	52	4	16.0	Other	oncogene, TSG, fusion	Not met	0	Strong	4	4	4	Not met	0	0	0	True	O4 + O7 may be combined (max +8)	0.3462
TP53	255	I	I	1	32	5				Not met	0	Absent/not counted	0	0	0	Absent/not counted	0	0	0	True	O4 + O7 may be combined (max +8)	0.5625
KIT	642	K	N	1	14	3	1.0	3	oncogene	Not met	0	Not met	0	0	0	Not met	0	0	0	True	O4 + O7 may be combined (max +8)	0.4286
KIT	642	K	Q	1	14	3	3.0	Other	oncogene	Not met	0	Not met	0	0	0	Not met	0	0	0	True	O4 + O7 may be combined (max +8)	0.4286
PIK3CA	38	R	G	1	22	5	2.0	3	oncogene	Not met	0	Not met	0	0	0	Not met	0	0	0	True	O4 + O7 may be combined (max +8)	0.3182
PIK3CA	38	R	L	1	22	5	1.0	3	oncogene	Not met	0	Not met	0	0	0	Not met	0	0	0	True	O4 + O7 may be combined (max +8)	0.3182
ERBB3	297	D	H	1	22	5	2.0	3	oncogene	Not met	0	Not met	0	0	0	Not met	0	0	0	True	O4 + O7 may be combined (max +8)	0.4545
ERBB3	297	D	A	1	22	5	1.0	3	oncogene	Not met	0	Not met	0	0	0	Not met	0	0	0	True	O4 + O7 may be combined (max +8)	0.4545
MAP2K1	53	F	I	1	17	4	5.0	2	oncogene	Not met	0	Moderate	2	2	2	Not met	0	0	0	True	O4 + O7 may be combined (max +8)	0.2353
TCEB1	79	Y	S	1	10	5				Not met	0	Absent/not counted	0	0	0	Absent/not counted	0	0	0	False	Cap combined O4 + O7 at +4	0.2
RHOA	42	Y	F	1	19	4	3.0	3	oncogene, TSG	Not met	0	Not met	0	0	0	Not met	0	0	0	True	O4 + O7 may be combined (max +8)	0.2105
RHOA	42	Y	I	1	19	4				Not met	0	Absent/not counted	0	0	0	Absent/not counted	0	0	0	True	O4 + O7 may be combined (max +8)	0.2105
KIT	816	D	A	1	22	4	10.0	3	oncogene	Not met	0	Moderate	2	2	2	Not met	0	0	0	True	O4 + O7 may be combined (max +8)	0.2727
KRAS	60	G	S	1	24	4	2.0	Other	oncogene	Not met	0	Not met	0	0	0	Not met	0	0	0	True	O4 + O7 may be combined (max +8)	0.5
ALK	1275	R	*	1	18	3	3.0	Other	oncogene, fusion	Not applicable (nonsense/stop-loss)	0	Not met	0	0	0	Not met	0	0	0	True	O4 + O7 may be combined (max +8)	0.3333
ALK	1275	R	L	1	18	3	13.0	2	oncogene, fusion	Not met	0	Strong	4	4	4	Not met	0	0	0	True	O4 + O7 may be combined (max +8)	0.3333
ALK	1174	F	V	1	14	3	10.0	1	oncogene, fusion	Not met	0	Moderate	2	2	2	Not met	0	0	0	True	O4 + O7 may be combined (max +8)	0.2857
MAP2K1	124	P	M	1	25	6	1.0	3	oncogene	Not met	0	Not met	0	0	0	Not met	0	0	0	True	O4 + O7 may be combined (max +8)	0.2
MAP2K1	124	P	P	1	25	6				Not met	0	Absent/not counted	0	0	0	Absent/not counted	0	0	0	True	O4 + O7 may be combined (max +8)	0.2
MAP2K1	124	P	Q	1	25	6	5.0	1	oncogene	Not met	0	Moderate	2	2	2	Not met	0	0	0	True	O4 + O7 may be combined (max +8)	0.2
MAP2K1	124	P	R	1	25	6	5.0	3	oncogene	Not met	0	Moderate	2	2	2	Not met	0	0	0	True	O4 + O7 may be combined (max +8)	0.2
SMAD4	537	D	A	1	30	6	4.0	Other	TSG	Not met	0	Not met	0	0	0	Not met	0	0	0	True	O4 + O7 may be combined (max +8)	0.7
TP53	306	R	Q	1	86	2	3.0	Other	oncogene, TSG, fusion	Not met	0	Not met	0	0	0	Not met	0	0	0	True	O4 + O7 may be combined (max +8)	0.407
TP53	214	H	P	1	40	4	3.0	Other	oncogene, TSG, fusion	Not met	0	Not met	0	0	0	Not met	0	0	0	True	O4 + O7 may be combined (max +8)	0.425
SMARCA4	910	T	A	1	29	4	1.0	Other	TSG	Not met	0	Not met	0	0	0	Not met	0	0	0	True	O4 + O7 may be combined (max +8)	0.5172
SMARCA4	910	T	R	1	29	4	1.0	Other	TSG	Not met	0	Not met	0	0	0	Not met	0	0	0	True	O4 + O7 may be combined (max +8)	0.5172
SMARCA4	910	T	T	1	29	4				Not met	0	Absent/not counted	0	0	0	Absent/not counted	0	0	0	True	O4 + O7 may be combined (max +8)	0.5172
PIK3CA	106	G	C	1	22	4	3.0	Other	oncogene	Not met	0	Not met	0	0	0	Not met	0	0	0	True	O4 + O7 may be combined (max +8)	0.5455
PIK3CA	106	G	S	1	22	4	6.0	Other	oncogene	Not met	0	Moderate	2	2	2	Not met	0	0	0	True	O4 + O7 may be combined (max +8)	0.5455
HIST1H3B	28	K	E	1	12	2	1.0	3	oncogene	Not met	0	Not met	0	0	0	Not met	0	0	0	True	O4 + O7 may be combined (max +8)	0.0
RAF1	257	S	W	1	25	2	1.0	2	oncogene, fusion	Not met	0	Not met	0	0	0	Not met	0	0	0	True	O4 + O7 may be combined (max +8)	0.48
KRAS	117	K	R	1	18	2	12.0	Other	oncogene	Not met	0	Strong	4	4	4	Not met	0	0	0	True	O4 + O7 may be combined (max +8)	0.5
NFE2L2	31	G	V	1	21	4	13.0	3	oncogene, TSG	Not met	0	Strong	4	4	4	Not met	0	0	0	True	O4 + O7 may be combined (max +8)	0.5238
NFE2L2	81	G	A	1	19	6	2.0	3	oncogene, TSG	Not met	0	Not met	0	0	0	Not met	0	0	0	True	O4 + O7 may be combined (max +8)	0.3158
TCEB1	79	Y	*	1	10	5				Not applicable (nonsense/stop-loss)	0	Absent/not counted	0	0	0	Absent/not counted	0	0	0	False	Cap combined O4 + O7 at +4	0.2
TCEB1	79	Y	F	1	10	5				Not met	0	Absent/not counted	0	0	0	Absent/not counted	0	0	0	False	Cap combined O4 + O7 at +4	0.2
TCEB1	79	Y	N	1	10	5				Not met	0	Absent/not counted	0	0	0	Absent/not counted	0	0	0	False	Cap combined O4 + O7 at +4	0.2
PIK3CA	38	R	S	1	22	5	4.0	3	oncogene	Not met	0	Not met	0	0	0	Not met	0	0	0	True	O4 + O7 may be combined (max +8)	0.3182
ARID1A	1989	R	Q	1	29	2	4.0	Other	TSG, fusion	Not met	0	Not met	0	0	0	Not met	0	0	0	True	O4 + O7 may be combined (max +8)	0.3103
SPOP	102	F	I	1	24	5	3.0	Other	TSG	Not met	0	Not met	0	0	0	Not met	0	0	0	True	O4 + O7 may be combined (max +8)	0.4583
FOXA1	266	F	V	1	11	6	2.0	3	oncogene	Not met	0	Not met	0	0	0	Not met	0	0	0	True	O4 + O7 may be combined (max +8)	0.5455
SPOP	131	W	R	1	23	5	3.0	Other	TSG	Not met	0	Not met	0	0	0	Not met	0	0	0	True	O4 + O7 may be combined (max +8)	0.3913
SPOP	87	Y	D	1	14	4	1.0	Other	TSG	Not met	0	Not met	0	0	0	Not met	0	0	0	True	O4 + O7 may be combined (max +8)	0.3571
MTOR	2500	I	N	1	10	3	8.0	3	oncogene	Not met	0	Moderate	2	2	2	Not met	0	0	0	False	Cap combined O4 + O7 at +4	0.4
SMARCB1	377	R	L	1	17	3	4.0	Other	TSG	Not met	0	Not met	0	0	0	Not met	0	0	0	True	O4 + O7 may be combined (max +8)	0.7647
PIK3CB	1067	D	A	1	13	4	4.0	3	oncogene	Not met	0	Not met	0	0	0	Not met	0	0	0	True	O4 + O7 may be combined (max +8)	0.4615
PIK3CB	1067	D	H	1	13	4	2.0	3	oncogene	Not met	0	Not met	0	0	0	Not met	0	0	0	True	O4 + O7 may be combined (max +8)	0.4615
SF3B1	666	K	Q	1	13	5	20.0	2	oncogene	Not met	0	Strong	4	4	4	Moderate	2	2	2	True	O4 + O7 may be combined (max +8)	0.3077
VHL	65	S	T	1	17	5	6.0	Other	TSG	Not met	0	Moderate	2	2	2	Not met	0	0	0	True	O4 + O7 may be combined (max +8)	0.2941
VHL	65	S	W	1	17	5	6.0	3	TSG	Not met	0	Moderate	2	2	2	Not met	0	0	0	True	O4 + O7 may be combined (max +8)	0.2941
TP53	134	F	S	1	24	5	20.0	Other	oncogene, TSG, fusion	Not met	0	Strong	4	4	4	Moderate	2	2	2	True	O4 + O7 may be combined (max +8)	0.625
KIT	557	W	C	1	12	4	6.0	2	oncogene	Not met	0	Moderate	2	2	2	Not met	0	0	0	True	O4 + O7 may be combined (max +8)	0.6667
EGFR	222	R	H	1	16	2	2.0	Other	oncogene	Not met	0	Not met	0	0	0	Not met	0	0	0	True	O4 + O7 may be combined (max +8)	0.5625
FGFR3	650	K	M	1	10	4				Not met	0	Absent/not counted	0	0	0	Absent/not counted	0	0	0	False	Cap combined O4 + O7 at +4	0.3
FGFR3	650	K	N	1	10	4				Not met	0	Absent/not counted	0	0	0	Absent/not counted	0	0	0	False	Cap combined O4 + O7 at +4	0.3
FGFR3	650	K	T	1	10	4				Not met	0	Absent/not counted	0	0	0	Absent/not counted	0	0	0	False	Cap combined O4 + O7 at +4	0.3
HIST1H1C	180	A	P	1	22	2	1.0	Other		Not met	0	Not met	0	0	0	Not met	0	0	0	True	O4 + O7 may be combined (max +8)	0.3636
STK11	223	E	K	1	15	3	4.0	Other	TSG	Not met	0	Not met	0	0	0	Not met	0	0	0	True	O4 + O7 may be combined (max +8)	0.8
STK11	223	E	V	1	15	3	1.0	Other	TSG	Not met	0	Not met	0	0	0	Not met	0	0	0	True	O4 + O7 may be combined (max +8)	0.8
FGFR1	687	K	*	1	11	4	2.0	Other	oncogene, fusion	Not applicable (nonsense/stop-loss)	0	Not met	0	0	0	Not met	0	0	0	True	O4 + O7 may be combined (max +8)	0.3636
FGFR1	687	K	K	1	11	4				Not met	0	Absent/not counted	0	0	0	Absent/not counted	0	0	0	True	O4 + O7 may be combined (max +8)	0.3636
FGFR1	687	K	N	1	11	4	3.0	2	oncogene, fusion	Not met	0	Not met	0	0	0	Not met	0	0	0	True	O4 + O7 may be combined (max +8)	0.3636
TP53	110	R	H	1	43	4	14.0	Other	oncogene, TSG, fusion	Not met	0	Strong	4	4	4	Not met	0	0	0	True	O4 + O7 may be combined (max +8)	0.4884
APC	1429	Q	R	1	23	2	1.0	Other	TSG	Not met	0	Not met	0	0	0	Not met	0	0	0	True	O4 + O7 may be combined (max +8)	0.6957
PTEN	136	C	*	1	14	4	5.0	2	TSG	Not applicable (nonsense/stop-loss)	0	Moderate	2	2	2	Not met	0	0	0	True	O4 + O7 may be combined (max +8)	0.2857
CCND1	44	Y	*	1	8	6	2.0	Other	oncogene, fusion	Not applicable (nonsense/stop-loss)	0	Not met	0	0	0	Not met	0	0	0	False	Cap combined O4 + O7 at +4	0.125
CCND1	44	Y	C	1	8	6	3.0	Other	oncogene, fusion	Not met	0	Not met	0	0	0	Not met	0	0	0	False	Cap combined O4 + O7 at +4	0.125
CCND1	44	Y	F	1	8	6	1.0	Other	oncogene, fusion	Not met	0	Not met	0	0	0	Not met	0	0	0	False	Cap combined O4 + O7 at +4	0.125
ERBB3	232	A	T	1	15	2	5.0	3	oncogene	Not met	0	Moderate	2	2	2	Not met	0	0	0	True	O4 + O7 may be combined (max +8)	0.6667
FOXA1	266	F	S	1	11	6	2.0	3	oncogene	Not met	0	Not met	0	0	0	Not met	0	0	0	True	O4 + O7 may be combined (max +8)	0.5455
MAX	60	R	R	1	23	3				Not met	0	Absent/not counted	0	0	0	Absent/not counted	0	0	0	True	O4 + O7 may be combined (max +8)	0.5652
FOXA1	266	F	I	1	11	6	1.0	3	oncogene	Not met	0	Not met	0	0	0	Not met	0	0	0	True	O4 + O7 may be combined (max +8)	0.5455
MAX	60	R	W	1	23	3	1.0	Other	TSG	Not met	0	Not met	0	0	0	Not met	0	0	0	True	O4 + O7 may be combined (max +8)	0.5652
PIK3CA	81	E	*	1	25	2	1.0	Other	oncogene	Not applicable (nonsense/stop-loss)	0	Not met	0	0	0	Not met	0	0	0	True	O4 + O7 may be combined (max +8)	0.48
FGFR2	382	C	Y	1	15	2				Not met	0	Absent/not counted	0	0	0	Absent/not counted	0	0	0	True	O4 + O7 may be combined (max +8)	0.6
CDKN2A	114	P	F	1	31	6	1.0	Other	TSG	Not met	0	Not met	0	0	0	Not met	0	0	0	True	O4 + O7 may be combined (max +8)	0.4839
CDKN2A	114	P	H	1	31	6	6.0	3	TSG	Not met	0	Moderate	2	2	2	Not met	0	0	0	True	O4 + O7 may be combined (max +8)	0.4839
CDKN2A	114	P	S	1	31	6	4.0	Other	TSG	Not met	0	Not met	0	0	0	Not met	0	0	0	True	O4 + O7 may be combined (max +8)	0.4839
SMAD4	351	D	A	1	20	6	2.0	Other	TSG	Not met	0	Not met	0	0	0	Not met	0	0	0	True	O4 + O7 may be combined (max +8)	0.6
ERBB3	329	K	R	1	12	3	2.0	Other	oncogene	Not met	0	Not met	0	0	0	Not met	0	0	0	True	O4 + O7 may be combined (max +8)	0.6667
CDKN2A	108	D	G	1	29	5	7.0	Other	TSG	Not met	0	Moderate	2	2	2	Not met	0	0	0	True	O4 + O7 may be combined (max +8)	0.5172
CDKN2A	108	D	V	1	29	5	6.0	Other	TSG	Not met	0	Moderate	2	2	2	Not met	0	0	0	True	O4 + O7 may be combined (max +8)	0.5172
CDKN2A	84	D	A	1	26	6	2.0	3	TSG	Not met	0	Not met	0	0	0	Not met	0	0	0	True	O4 + O7 may be combined (max +8)	0.5385
CDKN2A	84	D	D	1	26	6				Not met	0	Absent/not counted	0	0	0	Absent/not counted	0	0	0	True	O4 + O7 may be combined (max +8)	0.5385
MTOR	2215	S	T	1	22	3	2.0	2	oncogene	Not met	0	Not met	0	0	0	Not met	0	0	0	True	O4 + O7 may be combined (max +8)	0.3182
TGFBR2	553	R	G	1	23	4	1.0	Other	TSG	Not met	0	Not met	0	0	0	Not met	0	0	0	True	O4 + O7 may be combined (max +8)	0.5217
RHEB	35	Y	*	1	12	5	1.0	Other		Not applicable (nonsense/stop-loss)	0	Not met	0	0	0	Not met	0	0	0	True	O4 + O7 may be combined (max +8)	0.25
MTOR	1977	T	S	1	14	4	1.0	3	oncogene	Not met	0	Not met	0	0	0	Not met	0	0	0	True	O4 + O7 may be combined (max +8)	0.6429
H3F3A	35	G	W	1	12	3	368.0	3	oncogene	Not met	0	Strong	4	4	4	Strong	4	4	4	True	O4 + O7 may be combined (max +8)	0.5
PTEN	173	R	P	1	32	3	2.0	3	TSG	Not met	0	Not met	0	0	0	Not met	0	0	0	True	O4 + O7 may be combined (max +8)	0.6562
CREBBP	1503	Y	C	1	9	5	3.0	1	oncogene, TSG, fusion	Not met	0	Not met	0	0	0	Not met	0	0	0	False	Cap combined O4 + O7 at +4	0.4444
CREBBP	1503	Y	D	1	9	5	15.0	3	oncogene, TSG, fusion	Not met	0	Strong	4	4	4	Not met	0	0	0	False	Cap combined O4 + O7 at +4	0.4444
CREBBP	1503	Y	S	1	9	5	3.0	3	oncogene, TSG, fusion	Not met	0	Not met	0	0	0	Not met	0	0	0	False	Cap combined O4 + O7 at +4	0.4444
TP53	258	E	E	1	47	8				Not met	0	Absent/not counted	0	0	0	Absent/not counted	0	0	0	True	O4 + O7 may be combined (max +8)	0.5957
TP53	258	E	V	1	47	8	18.0	Other	oncogene, TSG, fusion	Not met	0	Strong	4	4	4	Not met	0	0	0	True	O4 + O7 may be combined (max +8)	0.5957
GATA3	293	M	R	1	9	2				Not met	0	Absent/not counted	0	0	0	Absent/not counted	0	0	0	False	Cap combined O4 + O7 at +4	0.5556
CTNNB1	387	N	I	1	11	3	3.0	Other	oncogene, fusion	Not met	0	Not met	0	0	0	Not met	0	0	0	True	O4 + O7 may be combined (max +8)	0.4545
CTNNB1	387	N	Y	1	11	3	2.0	Other	oncogene, fusion	Not met	0	Not met	0	0	0	Not met	0	0	0	True	O4 + O7 may be combined (max +8)	0.4545
FOXA1	266	F	F	1	11	6				Not met	0	Absent/not counted	0	0	0	Absent/not counted	0	0	0	True	O4 + O7 may be combined (max +8)	0.5455
XPO1	571	E	V	1	27	3	15.0	2	oncogene	Not met	0	Strong	4	4	4	Not met	0	0	0	True	O4 + O7 may be combined (max +8)	0.3704
MAPK1	322	E	A	1	26	3	2.0	3	oncogene	Not met	0	Not met	0	0	0	Not met	0	0	0	True	O4 + O7 may be combined (max +8)	0.3846
CCND1	44	Y	S	1	8	6	3.0	Other	oncogene, fusion	Not met	0	Not met	0	0	0	Not met	0	0	0	False	Cap combined O4 + O7 at +4	0.125
CTNNB1	34	G	*	1	53	6	2.0	Other	oncogene, fusion	Not applicable (nonsense/stop-loss)	0	Not met	0	0	0	Not met	0	0	0	True	O4 + O7 may be combined (max +8)	0.3962
IDH2	172	R	T	1	63	7	11.0	3	oncogene	Not met	0	Strong	4	4	4	Not met	0	0	0	True	O4 + O7 may be combined (max +8)	0.4921
EGFR	289	A	I	1	59	5				Not met	0	Absent/not counted	0	0	0	Absent/not counted	0	0	0	True	O4 + O7 may be combined (max +8)	0.4576
EGFR	289	A	N	1	59	5				Not met	0	Absent/not counted	0	0	0	Absent/not counted	0	0	0	True	O4 + O7 may be combined (max +8)	0.4576
ESR1	537	Y	D	1	47	4	1.0	3	oncogene, TSG, fusion	Not met	0	Not met	0	0	0	Not met	0	0	0	True	O4 + O7 may be combined (max +8)	0.9149
TP53	176	C	C	1	115	8				Not met	0	Absent/not counted	0	0	0	Absent/not counted	0	0	0	True	O4 + O7 may be combined (max +8)	0.4
ERBB2	755	L	W	1	44	6	1.0	2	oncogene, fusion	Not met	0	Not met	0	0	0	Not met	0	0	0	True	O4 + O7 may be combined (max +8)	0.6364
TP53	196	R	L	1	141	4	3.0	3	oncogene, TSG, fusion	Not met	0	Not met	0	0	0	Not met	0	0	0	True	O4 + O7 may be combined (max +8)	0.4397
TP53	196	R	Q	1	141	4	14.0	Other	oncogene, TSG, fusion	Not met	0	Strong	4	4	4	Not met	0	0	0	True	O4 + O7 may be combined (max +8)	0.4397
H3F3A	28	K	R	1	33	2	5.0	3	oncogene	Not met	0	Moderate	2	2	2	Not met	0	0	0	True	O4 + O7 may be combined (max +8)	0.1212
BRAF	469	G	*	1	61	7	5.0	Other	oncogene, fusion	Not applicable (nonsense/stop-loss)	0	Moderate	2	2	2	Not met	0	0	0	True	O4 + O7 may be combined (max +8)	0.6066
BRAF	469	G	G	1	61	7				Not met	0	Absent/not counted	0	0	0	Absent/not counted	0	0	0	True	O4 + O7 may be combined (max +8)	0.6066
HRAS	13	G	I	1	50	7				Not met	0	Absent/not counted	0	0	0	Absent/not counted	0	0	0	True	O4 + O7 may be combined (max +8)	0.3
HRAS	13	G	N	1	50	7	2.0	3	oncogene	Not met	0	Not met	0	0	0	Not met	0	0	0	True	O4 + O7 may be combined (max +8)	0.3
CTNNB1	34	G	A	1	53	6	2.0	2	oncogene, fusion	Not met	0	Not met	0	0	0	Not met	0	0	0	True	O4 + O7 may be combined (max +8)	0.3962
MAPK1	322	E	*	1	26	3	1.0	Other	oncogene	Not applicable (nonsense/stop-loss)	0	Not met	0	0	0	Not met	0	0	0	True	O4 + O7 may be combined (max +8)	0.3846
CTNNB1	34	G	L	1	53	6	1.0	3	oncogene, fusion	Not met	0	Not met	0	0	0	Not met	0	0	0	True	O4 + O7 may be combined (max +8)	0.3962
TP53	195	I	I	1	79	7				Not met	0	Absent/not counted	0	0	0	Absent/not counted	0	0	0	True	O4 + O7 may be combined (max +8)	0.3291
TP53	195	I	K	1	79	7	1.0	Other	oncogene, TSG, fusion	Not met	0	Not met	0	0	0	Not met	0	0	0	True	O4 + O7 may be combined (max +8)	0.3291
TP53	266	G	K	1	117	6	3.0	Other	oncogene, TSG, fusion	Not met	0	Not met	0	0	0	Not met	0	0	0	True	O4 + O7 may be combined (max +8)	0.5128
TP53	266	G	T	1	117	6	2.0	Other	oncogene, TSG, fusion	Not met	0	Not met	0	0	0	Not met	0	0	0	True	O4 + O7 may be combined (max +8)	0.5128
TP53	249	R	I	1	102	7	2.0	Other	oncogene, TSG, fusion	Not met	0	Not met	0	0	0	Not met	0	0	0	True	O4 + O7 may be combined (max +8)	0.4608
SF3B1	625	R	G	1	59	4	12.0	2	oncogene	Not met	0	Strong	4	4	4	Not met	0	0	0	True	O4 + O7 may be combined (max +8)	0.5932
BRAF	601	K	T	1	38	3	4.0	3	oncogene, fusion	Not met	0	Not met	0	0	0	Not met	0	0	0	True	O4 + O7 may be combined (max +8)	0.5
BRAF	594	D	E	1	51	6	11.0	3	oncogene, fusion	Not met	0	Strong	4	4	4	Not met	0	0	0	True	O4 + O7 may be combined (max +8)	0.6863
BRAF	594	D	H	1	51	6	3.0	3	oncogene, fusion	Not met	0	Not met	0	0	0	Not met	0	0	0	True	O4 + O7 may be combined (max +8)	0.6863
EZH2	646	Y	C	1	38	6	19.0	3	oncogene, TSG	Not met	0	Strong	4	4	4	Not met	0	0	0	True	O4 + O7 may be combined (max +8)	0.3684
EZH2	646	Y	Y	1	38	6				Not met	0	Absent/not counted	0	0	0	Absent/not counted	0	0	0	True	O4 + O7 may be combined (max +8)	0.3684
DNMT3A	882	R	P	1	39	3	32.0	3	TSG	Not met	0	Strong	4	4	4	Moderate	2	2	2	True	O4 + O7 may be combined (max +8)	0.2051
IDH2	172	R	R	1	63	7				Not met	0	Absent/not counted	0	0	0	Absent/not counted	0	0	0	True	O4 + O7 may be combined (max +8)	0.4921
FBXW7	505	R	S	1	83	6	20.0	3	TSG	Not met	0	Strong	4	4	4	Moderate	2	2	2	True	O4 + O7 may be combined (max +8)	0.3855
TP53	193	H	Q	1	123	7	1.0	3	oncogene, TSG, fusion	Not met	0	Not met	0	0	0	Not met	0	0	0	True	O4 + O7 may be combined (max +8)	0.4146
SF3B1	700	K	R	1	59	3	1.0	2	oncogene	Not met	0	Not met	0	0	0	Not met	0	0	0	True	O4 + O7 may be combined (max +8)	0.339
NRAS	61	Q	*	1	422	6	2.0	3	oncogene	Not applicable (nonsense/stop-loss)	0	Not met	0	0	0	Not met	0	0	0	True	O4 + O7 may be combined (max +8)	0.391
IDH1	132	R	I	1	766	6	1.0	3	oncogene	Not met	0	Not met	0	0	0	Not met	0	0	0	True	O4 + O7 may be combined (max +8)	0.3225
KRAS	61	Q	A	1	190	7	2.0	Other	oncogene	Not met	0	Not met	0	0	0	Not met	0	0	0	True	O4 + O7 may be combined (max +8)	0.5053
KRAS	61	Q	E	1	190	7	13.0	3	oncogene	Not met	0	Strong	4	4	4	Not met	0	0	0	True	O4 + O7 may be combined (max +8)	0.5053
KRAS	13	G	A	1	264	7	42.0	1	oncogene	Not met	0	Strong	4	4	4	Moderate	2	2	2	True	O4 + O7 may be combined (max +8)	0.6098
KRAS	12	G	G	1	2175	10				Not met	0	Absent/not counted	0	0	0	Absent/not counted	0	0	0	True	O4 + O7 may be combined (max +8)	0.5793
KRAS	12	G	I	1	2175	10	8.0	3	oncogene	Not met	0	Moderate	2	2	2	Not met	0	0	0	True	O4 + O7 may be combined (max +8)	0.5793
KRAS	12	G	L	1	2175	10	15.0	3	oncogene	Not met	0	Strong	4	4	4	Not met	0	0	0	True	O4 + O7 may be combined (max +8)	0.5793
AKT1	17	E	*	1	149	2	2.0	Other	oncogene	Not applicable (nonsense/stop-loss)	0	Not met	0	0	0	Not met	0	0	0	True	O4 + O7 may be combined (max +8)	0.6376
PIK3CA	345	N	D	1	98	7	2.0	3	oncogene	Not met	0	Not met	0	0	0	Not met	0	0	0	True	O4 + O7 may be combined (max +8)	0.5204
PIK3CA	345	N	N	1	98	7				Not met	0	Absent/not counted	0	0	0	Absent/not counted	0	0	0	True	O4 + O7 may be combined (max +8)	0.5204
PTEN	130	R	S	1	168	7	1.0	Other	TSG	Not met	0	Not met	0	0	0	Not met	0	0	0	True	O4 + O7 may be combined (max +8)	0.4048
TP53	245	G	N	1	242	7	4.0	Other	oncogene, TSG, fusion	Not met	0	Not met	0	0	0	Not met	0	0	0	True	O4 + O7 may be combined (max +8)	0.5041
FBXW7	465	R	G	1	128	6	3.0	3	TSG	Not met	0	Not met	0	0	0	Not met	0	0	0	True	O4 + O7 may be combined (max +8)	0.4609
FBXW7	465	R	L	1	128	6	19.0	3	TSG	Not met	0	Strong	4	4	4	Not met	0	0	0	True	O4 + O7 may be combined (max +8)	0.4609
FBXW7	465	R	P	1	128	6	5.0	3	TSG	Not met	0	Moderate	2	2	2	Not met	0	0	0	True	O4 + O7 may be combined (max +8)	0.4609
PIK3CA	546	Q	L	1	93	6	11.0	1	oncogene	Not met	0	Strong	4	4	4	Not met	0	0	0	True	O4 + O7 may be combined (max +8)	0.4301
ERBB2	310	S	S	1	113	3				Not met	0	Absent/not counted	0	0	0	Absent/not counted	0	0	0	True	O4 + O7 may be combined (max +8)	0.531
GNA11	209	Q	H	1	59	3	10.0	3	oncogene	Not met	0	Moderate	2	2	2	Not met	0	0	0	True	O4 + O7 may be combined (max +8)	0.322
GNA11	209	Q	P	1	59	3	8.0	1	oncogene	Not met	0	Moderate	2	2	2	Not met	0	0	0	True	O4 + O7 may be combined (max +8)	0.322
GNAQ	209	Q	H	1	65	3	17.0	3	oncogene	Not met	0	Strong	4	4	4	Not met	0	0	0	True	O4 + O7 may be combined (max +8)	0.3846
TP53	282	R	L	1	219	6	10.0	Other	oncogene, TSG, fusion	Not met	0	Moderate	2	2	2	Not met	0	0	0	True	O4 + O7 may be combined (max +8)	0.4795
TP53	282	R	R	1	219	6				Not met	0	Absent/not counted	0	0	0	Absent/not counted	0	0	0	True	O4 + O7 may be combined (max +8)	0.4795
SMAD4	361	R	P	1	124	6	5.0	3	TSG	Not met	0	Moderate	2	2	2	Not met	0	0	0	True	O4 + O7 may be combined (max +8)	0.5887
CTNNB1	33	S	T	1	96	6	5.0	2	oncogene, fusion	Not met	0	Moderate	2	2	2	Not met	0	0	0	True	O4 + O7 may be combined (max +8)	0.3854
EGFR	790	T	T	1	60	2				Not met	0	Absent/not counted	0	0	0	Absent/not counted	0	0	0	True	O4 + O7 may be combined (max +8)	0.9667
SF3B1	700	K	K	1	59	3				Not met	0	Absent/not counted	0	0	0	Absent/not counted	0	0	0	True	O4 + O7 may be combined (max +8)	0.339
PPP2R1A	179	P	L	1	30	2	10.0	3	TSG	Not met	0	Moderate	2	2	2	Not met	0	0	0	True	O4 + O7 may be combined (max +8)	0.5333
RAC1	29	P	F	1	53	4	1.0	3	oncogene	Not met	0	Not met	0	0	0	Not met	0	0	0	True	O4 + O7 may be combined (max +8)	0.3774
FBXW7	479	R	R	1	57	6				Not met	0	Absent/not counted	0	0	0	Absent/not counted	0	0	0	True	O4 + O7 may be combined (max +8)	0.5088
NFE2L2	79	E	D	1	34	6	1.0	2	oncogene, TSG	Not met	0	Not met	0	0	0	Not met	0	0	0	True	O4 + O7 may be combined (max +8)	0.2941
ERBB2	678	R	W	1	32	2	1.0	3	oncogene, fusion	Not met	0	Not met	0	0	0	Not met	0	0	0	True	O4 + O7 may be combined (max +8)	0.5625
TP53	215	S	C	1	50	6	7.0	Other	oncogene, TSG, fusion	Not met	0	Moderate	2	2	2	Not met	0	0	0	True	O4 + O7 may be combined (max +8)	0.58
TP53	215	S	T	1	50	6	11.0	Other	oncogene, TSG, fusion	Not met	0	Strong	4	4	4	Not met	0	0	0	True	O4 + O7 may be combined (max +8)	0.58
BRAF	581	N	D	1	21	6	2.0	Other	oncogene, fusion	Not met	0	Not met	0	0	0	Not met	0	0	0	True	O4 + O7 may be combined (max +8)	0.4762
BRAF	581	N	H	1	21	6	2.0	3	oncogene, fusion	Not met	0	Not met	0	0	0	Not met	0	0	0	True	O4 + O7 may be combined (max +8)	0.4762
BRAF	581	N	Y	1	21	6	7.0	Other	oncogene, fusion	Not met	0	Moderate	2	2	2	Not met	0	0	0	True	O4 + O7 may be combined (max +8)	0.4762
KIT	822	N	I	1	21	3	3.0	1	oncogene	Not met	0	Not met	0	0	0	Not met	0	0	0	True	O4 + O7 may be combined (max +8)	0.619
AR	878	T	S	1	15	2	7.0	1	oncogene	Not met	0	Moderate	2	2	2	Not met	0	0	0	True	O4 + O7 may be combined (max +8)	0.2667
PTEN	233	R	Q	1	46	2	2.0	3	TSG	Not met	0	Not met	0	0	0	Not met	0	0	0	True	O4 + O7 may be combined (max +8)	0.3261
TP53	239	N	H	1	41	5	2.0	Other	oncogene, TSG, fusion	Not met	0	Not met	0	0	0	Not met	0	0	0	True	O4 + O7 may be combined (max +8)	0.4878
TP53	239	N	T	1	41	5	12.0	3	oncogene, TSG, fusion	Not met	0	Strong	4	4	4	Not met	0	0	0	True	O4 + O7 may be combined (max +8)	0.4878
POLE	286	P	H	1	27	5				Not met	0	Absent/not counted	0	0	0	Absent/not counted	0	0	0	True	O4 + O7 may be combined (max +8)	0.2963
POLE	286	P	L	1	27	5	3.0	Other	TSG	Not met	0	Not met	0	0	0	Not met	0	0	0	True	O4 + O7 may be combined (max +8)	0.2963
POLE	286	P	S	1	27	5	3.0	3	TSG	Not met	0	Not met	0	0	0	Not met	0	0	0	True	O4 + O7 may be combined (max +8)	0.2963
POLE	286	P	T	1	27	5	1.0	Other	TSG	Not met	0	Not met	0	0	0	Not met	0	0	0	True	O4 + O7 may be combined (max +8)	0.2963
CREBBP	1446	R	G	1	33	6	6.0	2	oncogene, TSG, fusion	Not met	0	Moderate	2	2	2	Not met	0	0	0	True	O4 + O7 may be combined (max +8)	0.3636
CREBBP	1446	R	P	1	33	6	1.0	3	oncogene, TSG, fusion	Not met	0	Not met	0	0	0	Not met	0	0	0	True	O4 + O7 may be combined (max +8)	0.3636
CREBBP	1446	R	S	1	33	6	1.0	3	oncogene, TSG, fusion	Not met	0	Not met	0	0	0	Not met	0	0	0	True	O4 + O7 may be combined (max +8)	0.3636
TP53	242	C	*	1	59	8	8.0	3	oncogene, TSG, fusion	Not applicable (nonsense/stop-loss)	0	Moderate	2	2	2	Not met	0	0	0	True	O4 + O7 may be combined (max +8)	0.4068
TP53	242	C	C	1	59	8				Not met	0	Absent/not counted	0	0	0	Absent/not counted	0	0	0	True	O4 + O7 may be combined (max +8)	0.4068
CD79B	197	Y	R	1	16	7	1.0	3	oncogene	Not met	0	Not met	0	0	0	Not met	0	0	0	True	O4 + O7 may be combined (max +8)	0.1875
TP53	244	G	A	1	65	8	9.0	3	oncogene, TSG, fusion	Not met	0	Moderate	2	2	2	Not met	0	0	0	True	O4 + O7 may be combined (max +8)	0.4923
TP53	244	G	F	1	65	8	1.0	Other	oncogene, TSG, fusion	Not met	0	Not met	0	0	0	Not met	0	0	0	True	O4 + O7 may be combined (max +8)	0.4923
TP53	244	G	G	1	65	8				Not met	0	Absent/not counted	0	0	0	Absent/not counted	0	0	0	True	O4 + O7 may be combined (max +8)	0.4923
TP53	244	G	R	1	65	8	10.0	3	oncogene, TSG, fusion	Not met	0	Moderate	2	2	2	Not met	0	0	0	True	O4 + O7 may be combined (max +8)	0.4923
PIK3CA	93	R	L	1	31	3	10.0	Other	oncogene	Not met	0	Moderate	2	2	2	Not met	0	0	0	True	O4 + O7 may be combined (max +8)	0.4194
PIK3CA	108	R	S	1	29	3	3.0	Other	oncogene	Not met	0	Not met	0	0	0	Not met	0	0	0	True	O4 + O7 may be combined (max +8)	0.4138
NFE2L2	79	E	G	1	34	6	5.0	3	oncogene, TSG	Not met	0	Moderate	2	2	2	Not met	0	0	0	True	O4 + O7 may be combined (max +8)	0.2941
PIK3CA	453	E	D	1	42	3	1.0	Other	oncogene	Not met	0	Not met	0	0	0	Not met	0	0	0	True	O4 + O7 may be combined (max +8)	0.4762
TP53	173	V	E	1	78	5	11.0	3	oncogene, TSG, fusion	Not met	0	Strong	4	4	4	Not met	0	0	0	True	O4 + O7 may be combined (max +8)	0.4487
CIC	215	R	R	1	25	3				Not met	0	Absent/not counted	0	0	0	Absent/not counted	0	0	0	True	O4 + O7 may be combined (max +8)	0.44
TP53	238	C	W	1	77	6	16.0	3	oncogene, TSG, fusion	Not met	0	Strong	4	4	4	Not met	0	0	0	True	O4 + O7 may be combined (max +8)	0.4545
PPP2R1A	183	R	G	1	51	3	3.0	3	TSG	Not met	0	Not met	0	0	0	Not met	0	0	0	True	O4 + O7 may be combined (max +8)	0.6078
NRAS	13	G	F	1	41	6	1.0	3	oncogene	Not met	0	Not met	0	0	0	Not met	0	0	0	True	O4 + O7 may be combined (max +8)	0.4146
NRAS	13	G	V	1	41	6	142.0	1	oncogene	Not met	0	Strong	4	4	4	Strong	4	4	4	True	O4 + O7 may be combined (max +8)	0.4146
TP53	205	Y	*	1	61	7	18.0	1	oncogene, TSG, fusion	Not applicable (nonsense/stop-loss)	0	Strong	4	4	4	Not met	0	0	0	True	O4 + O7 may be combined (max +8)	0.3607
TP53	151	P	F	1	79	7	4.0	Other	oncogene, TSG, fusion	Not met	0	Not met	0	0	0	Not met	0	0	0	True	O4 + O7 may be combined (max +8)	0.4684
TP53	151	P	L	1	79	7	11.0	Other	oncogene, TSG, fusion	Not met	0	Strong	4	4	4	Not met	0	0	0	True	O4 + O7 may be combined (max +8)	0.4684
CDKN2A	58	R	R	1	62	2				Not met	0	Absent/not counted	0	0	0	Absent/not counted	0	0	0	True	O4 + O7 may be combined (max +8)	0.5323
EGFR	598	G	E	1	33	3				Not met	0	Absent/not counted	0	0	0	Absent/not counted	0	0	0	True	O4 + O7 may be combined (max +8)	0.303
TP53	158	R	F	1	106	7	2.0	Other	oncogene, TSG, fusion	Not met	0	Not met	0	0	0	Not met	0	0	0	True	O4 + O7 may be combined (max +8)	0.5094
HRAS	12	G	N	1	38	6	3.0	3	oncogene	Not met	0	Not met	0	0	0	Not met	0	0	0	True	O4 + O7 may be combined (max +8)	0.2895
IDH2	140	R	L	1	23	3	17.0	1	oncogene	Not met	0	Strong	4	4	4	Not met	0	0	0	True	O4 + O7 may be combined (max +8)	0.0435
PIK3CA	111	K	Q	1	38	4	2.0	Other	oncogene	Not met	0	Not met	0	0	0	Not met	0	0	0	True	O4 + O7 may be combined (max +8)	0.3158
PIK3CA	111	K	R	1	38	4	4.0	3	oncogene	Not met	0	Not met	0	0	0	Not met	0	0	0	True	O4 + O7 may be combined (max +8)	0.3158
TP53	241	S	T	1	97	7	18.0	Other	oncogene, TSG, fusion	Not met	0	Strong	4	4	4	Not met	0	0	0	True	O4 + O7 may be combined (max +8)	0.4639
FGFR2	549	N	S	1	26	4				Not met	0	Absent/not counted	0	0	0	Absent/not counted	0	0	0	True	O4 + O7 may be combined (max +8)	0.4615
FGFR2	549	N	T	1	26	4				Not met	0	Absent/not counted	0	0	0	Absent/not counted	0	0	0	True	O4 + O7 may be combined (max +8)	0.4615
NFE2L2	34	R	*	1	34	5	3.0	3	oncogene, TSG	Not applicable (nonsense/stop-loss)	0	Not met	0	0	0	Not met	0	0	0	True	O4 + O7 may be combined (max +8)	0.4412
NFE2L2	34	R	L	1	34	5	10.0	3	oncogene, TSG	Not met	0	Moderate	2	2	2	Not met	0	0	0	True	O4 + O7 may be combined (max +8)	0.4412
TP53	157	V	A	1	77	6	12.0	3	oncogene, TSG, fusion	Not met	0	Strong	4	4	4	Not met	0	0	0	True	O4 + O7 may be combined (max +8)	0.4286
TP53	157	V	D	1	77	6	22.0	3	oncogene, TSG, fusion	Not met	0	Strong	4	4	4	Moderate	2	2	2	True	O4 + O7 may be combined (max +8)	0.4286
TP53	157	V	V	1	77	6				Not met	0	Absent/not counted	0	0	0	Absent/not counted	0	0	0	True	O4 + O7 may be combined (max +8)	0.4286
AR	702	L	L	1	19	2				Not met	0	Absent/not counted	0	0	0	Absent/not counted	0	0	0	True	O4 + O7 may be combined (max +8)	0.5263
TP53	272	V	A	1	66	7	10.0	Other	oncogene, TSG, fusion	Not met	0	Moderate	2	2	2	Not met	0	0	0	True	O4 + O7 may be combined (max +8)	0.4697
TP53	272	V	V	1	66	7				Not met	0	Absent/not counted	0	0	0	Absent/not counted	0	0	0	True	O4 + O7 may be combined (max +8)	0.4697
FLT3	835	D	V	1	17	4	115.0	1	oncogene	Not met	0	Strong	4	4	4	Strong	4	4	4	True	O4 + O7 may be combined (max +8)	0.0
TP53	132	K	*	1	83	7	12.0	3	oncogene, TSG, fusion	Not applicable (nonsense/stop-loss)	0	Strong	4	4	4	Not met	0	0	0	True	O4 + O7 may be combined (max +8)	0.4337
CCND1	44	Y	H	1	8	6	3.0	Other	oncogene, fusion	Not met	0	Not met	0	0	0	Not met	0	0	0	False	Cap combined O4 + O7 at +4	0.125
SMARCA4	1192	R	P	1	17	3	2.0	Other	TSG	Not met	0	Not met	0	0	0	Not met	0	0	0	True	O4 + O7 may be combined (max +8)	0.2941
TGFBR2	471	D	Y	1	12	3	1.0	Other	TSG	Not met	0	Not met	0	0	0	Not met	0	0	0	True	O4 + O7 may be combined (max +8)	0.3333
RUNX1	201	R	G	1	7	3	5.0	3	oncogene, TSG, fusion	Not met	0	Moderate	2	2	2	Not met	0	0	0	False	Cap combined O4 + O7 at +4	0.0
PTEN	127	G	*	1	14	4	6.0	3	TSG	Not applicable (nonsense/stop-loss)	0	Moderate	2	2	2	Not met	0	0	0	True	O4 + O7 may be combined (max +8)	0.5
STK11	242	G	G	1	9	4				Not met	0	Absent/not counted	0	0	0	Absent/not counted	0	0	0	False	Cap combined O4 + O7 at +4	0.6667
STK11	242	G	R	1	9	4	2.0	Other	TSG	Not met	0	Not met	0	0	0	Not met	0	0	0	False	Cap combined O4 + O7 at +4	0.6667
PIK3CA	115	R	Q	1	11	3	1.0	Other	oncogene	Not met	0	Not met	0	0	0	Not met	0	0	0	True	O4 + O7 may be combined (max +8)	0.4545
HIST1H3C	37	K	K	1	6	2				Not met	0	Absent/not counted	0	0	0	Absent/not counted	0	0	0	False	Cap combined O4 + O7 at +4	0.1667
RHOA	34	Y	F	1	6	2	4.0	Other	oncogene, TSG	Not met	0	Not met	0	0	0	Not met	0	0	0	False	Cap combined O4 + O7 at +4	0.3333
SMARCA4	1243	R	G	1	12	4	1.0	Other	TSG	Not met	0	Not met	0	0	0	Not met	0	0	0	True	O4 + O7 may be combined (max +8)	0.5833
SMARCA4	1243	R	L	1	12	4	2.0	Other	TSG	Not met	0	Not met	0	0	0	Not met	0	0	0	True	O4 + O7 may be combined (max +8)	0.5833
SMARCA4	1243	R	P	1	12	4	1.0	Other	TSG	Not met	0	Not met	0	0	0	Not met	0	0	0	True	O4 + O7 may be combined (max +8)	0.5833
VHL	121	D	V	1	9	3	1.0	3	TSG	Not met	0	Not met	0	0	0	Not met	0	0	0	False	Cap combined O4 + O7 at +4	0.2222
FBXW7	520	D	G	1	11	5	3.0	Other	TSG	Not met	0	Not met	0	0	0	Not met	0	0	0	True	O4 + O7 may be combined (max +8)	0.5455
FBXW7	520	D	H	1	11	5	2.0	Other	TSG	Not met	0	Not met	0	0	0	Not met	0	0	0	True	O4 + O7 may be combined (max +8)	0.5455
FBXW7	520	D	V	1	11	5	1.0	Other	TSG	Not met	0	Not met	0	0	0	Not met	0	0	0	True	O4 + O7 may be combined (max +8)	0.5455
PTEN	129	G	*	1	12	5	10.0	3	TSG	Not applicable (nonsense/stop-loss)	0	Moderate	2	2	2	Not met	0	0	0	True	O4 + O7 may be combined (max +8)	0.5
TP53	152	P	K	1	38	7	1.0	Other	oncogene, TSG, fusion	Not met	0	Not met	0	0	0	Not met	0	0	0	True	O4 + O7 may be combined (max +8)	0.5789
TP53	250	P	P	1	24	3				Not met	0	Absent/not counted	0	0	0	Absent/not counted	0	0	0	True	O4 + O7 may be combined (max +8)	0.4167
TP53	250	P	R	1	24	3	1.0	Other	oncogene, TSG, fusion	Not met	0	Not met	0	0	0	Not met	0	0	0	True	O4 + O7 may be combined (max +8)	0.4167
CDKN2A	130	L	V	1	8	3	1.0	Other	TSG	Not met	0	Not met	0	0	0	Not met	0	0	0	False	Cap combined O4 + O7 at +4	0.25
STK11	220	Q	P	1	10	2	1.0	Other	TSG	Not met	0	Not met	0	0	0	Not met	0	0	0	False	Cap combined O4 + O7 at +4	0.5
EGFR	363	T	N	1	7	3	1.0	Other	oncogene	Not met	0	Not met	0	0	0	Not met	0	0	0	False	Cap combined O4 + O7 at +4	0.2857
VHL	68	S	P	1	8	2	4.0	Other	TSG	Not met	0	Not met	0	0	0	Not met	0	0	0	False	Cap combined O4 + O7 at +4	0.25
RHOA	40	E	*	1	14	5	1.0	3	oncogene, TSG	Not applicable (nonsense/stop-loss)	0	Not met	0	0	0	Not met	0	0	0	True	O4 + O7 may be combined (max +8)	0.3571
RHOA	40	E	D	1	14	5	2.0	Other	oncogene, TSG	Not met	0	Not met	0	0	0	Not met	0	0	0	True	O4 + O7 may be combined (max +8)	0.3571
RHOA	40	E	V	1	14	5	3.0	Other	oncogene, TSG	Not met	0	Not met	0	0	0	Not met	0	0	0	True	O4 + O7 may be combined (max +8)	0.3571
VHL	158	L	L	1	9	4				Not met	0	Absent/not counted	0	0	0	Absent/not counted	0	0	0	False	Cap combined O4 + O7 at +4	0.1111
VHL	158	L	Q	1	9	4	11.0	3	TSG	Not met	0	Strong	4	4	4	Not met	0	0	0	False	Cap combined O4 + O7 at +4	0.1111
VHL	86	P	R	1	9	4	2.0	3	TSG	Not met	0	Not met	0	0	0	Not met	0	0	0	False	Cap combined O4 + O7 at +4	0.6667
VHL	74	V	G	1	7	3	6.0	Other	TSG	Not met	0	Moderate	2	2	2	Not met	0	0	0	False	Cap combined O4 + O7 at +4	0.1429
SMAD4	330	E	*	1	11	4	2.0	3	TSG	Not applicable (nonsense/stop-loss)	0	Not met	0	0	0	Not met	0	0	0	True	O4 + O7 may be combined (max +8)	0.6364
TP53	105	G	G	1	28	6				Not met	0	Absent/not counted	0	0	0	Absent/not counted	0	0	0	True	O4 + O7 may be combined (max +8)	0.5
KIT	560	V	G	1	7	4	11.0	1	oncogene	Not met	0	Strong	4	4	4	Not met	0	0	0	False	Cap combined O4 + O7 at +4	0.5714
KIT	560	V	A	1	7	4	2.0	1	oncogene	Not met	0	Not met	0	0	0	Not met	0	0	0	False	Cap combined O4 + O7 at +4	0.5714
KMT2D	5179	R	P	1	10	4	1.0	3	oncogene, TSG	Not met	0	Not met	0	0	0	Not met	0	0	0	False	Cap combined O4 + O7 at +4	0.4
PBRM1	1160	R	P	1	13	3	1.0	Other	TSG	Not met	0	Not met	0	0	0	Not met	0	0	0	True	O4 + O7 may be combined (max +8)	0.3846
PBRM1	1160	R	Q	1	13	3	3.0	Other	TSG	Not met	0	Not met	0	0	0	Not met	0	0	0	True	O4 + O7 may be combined (max +8)	0.3846
TP53	168	H	Y	1	19	4	10.0	Other	oncogene, TSG, fusion	Not met	0	Moderate	2	2	2	Not met	0	0	0	True	O4 + O7 may be combined (max +8)	0.5263
CCND3	290	I	R	1	4	2	8.0	3	oncogene, fusion	Not met	0	Moderate	2	2	2	Not met	0	0	0	False	Cap combined O4 + O7 at +4	0.75
TP53	146	W	C	1	27	4	4.0	Other	oncogene, TSG, fusion	Not met	0	Not met	0	0	0	Not met	0	0	0	True	O4 + O7 may be combined (max +8)	0.4815
TP53	146	W	G	1	27	4	4.0	Other	oncogene, TSG, fusion	Not met	0	Not met	0	0	0	Not met	0	0	0	True	O4 + O7 may be combined (max +8)	0.4815
TP53	146	W	S	1	27	4	2.0	Other	oncogene, TSG, fusion	Not met	0	Not met	0	0	0	Not met	0	0	0	True	O4 + O7 may be combined (max +8)	0.4815
TP53	267	R	R	1	36	6				Not met	0	Absent/not counted	0	0	0	Absent/not counted	0	0	0	True	O4 + O7 may be combined (max +8)	0.5
TP53	161	A	P	1	26	5	2.0	Other	oncogene, TSG, fusion	Not met	0	Not met	0	0	0	Not met	0	0	0	True	O4 + O7 may be combined (max +8)	0.3462
SMO	412	L	L	1	6	2				Not met	0	Absent/not counted	0	0	0	Absent/not counted	0	0	0	False	Cap combined O4 + O7 at +4	0.3333
PIK3R2	557	D	G	1	9	4	1.0	3	oncogene	Not met	0	Not met	0	0	0	Not met	0	0	0	False	Cap combined O4 + O7 at +4	0.8889
PIK3R2	557	D	H	1	9	4	2.0	3	oncogene	Not met	0	Not met	0	0	0	Not met	0	0	0	False	Cap combined O4 + O7 at +4	0.8889
SMAD4	352	G	*	1	11	6	3.0	3	TSG	Not applicable (nonsense/stop-loss)	0	Not met	0	0	0	Not met	0	0	0	True	O4 + O7 may be combined (max +8)	0.7273
SMAD4	352	G	L	1	11	6				Not met	0	Absent/not counted	0	0	0	Absent/not counted	0	0	0	True	O4 + O7 may be combined (max +8)	0.7273
SMAD4	352	G	V	1	11	6	12.0	Other	TSG	Not met	0	Strong	4	4	4	Not met	0	0	0	True	O4 + O7 may be combined (max +8)	0.7273
PTPRT	548	E	G	1	12	2	1.0	Other	TSG	Not met	0	Not met	0	0	0	Not met	0	0	0	True	O4 + O7 may be combined (max +8)	0.3333
MET	1200	F	V	1	4	2				Not met	0	Absent/not counted	0	0	0	Absent/not counted	0	0	0	False	Cap combined O4 + O7 at +4	0.0
APC	1406	Q	H	1	19	2	1.0	Other	TSG	Not met	0	Not met	0	0	0	Not met	0	0	0	True	O4 + O7 may be combined (max +8)	0.5789
SMAD4	534	Q	P	1	10	2	1.0	Other	TSG	Not met	0	Not met	0	0	0	Not met	0	0	0	False	Cap combined O4 + O7 at +4	0.9
STK11	216	S	S	1	12	2				Not met	0	Absent/not counted	0	0	0	Absent/not counted	0	0	0	True	O4 + O7 may be combined (max +8)	0.6667
CTNNB1	35	I	I	1	8	2				Not met	0	Absent/not counted	0	0	0	Absent/not counted	0	0	0	False	Cap combined O4 + O7 at +4	0.75
TP53	144	Q	H	1	23	4	7.0	3	oncogene, TSG, fusion	Not met	0	Moderate	2	2	2	Not met	0	0	0	True	O4 + O7 may be combined (max +8)	0.3478
MET	1230	Y	C	1	4	3				Not met	0	Absent/not counted	0	0	0	Absent/not counted	0	0	0	False	Cap combined O4 + O7 at +4	0.75
MET	1230	Y	S	1	4	3				Not met	0	Absent/not counted	0	0	0	Absent/not counted	0	0	0	False	Cap combined O4 + O7 at +4	0.75
TP53	109	F	F	1	16	5				Not met	0	Absent/not counted	0	0	0	Absent/not counted	0	0	0	True	O4 + O7 may be combined (max +8)	0.3125
TP53	109	F	I	1	16	5	3.0	Other	oncogene, TSG, fusion	Not met	0	Not met	0	0	0	Not met	0	0	0	True	O4 + O7 may be combined (max +8)	0.3125
VHL	74	V	V	1	7	3				Not met	0	Absent/not counted	0	0	0	Absent/not counted	0	0	0	False	Cap combined O4 + O7 at +4	0.1429
DICER1	1810	D	A	1	9	5	1.0	Other	TSG	Not met	0	Not met	0	0	0	Not met	0	0	0	False	Cap combined O4 + O7 at +4	0.5556
DICER1	1810	D	H	1	9	5	11.0	Other	TSG	Not met	0	Strong	4	4	4	Not met	0	0	0	False	Cap combined O4 + O7 at +4	0.5556
CTCF	284	H	P	1	6	3	1.0	Other	TSG	Not met	0	Not met	0	0	0	Not met	0	0	0	False	Cap combined O4 + O7 at +4	0.5
SMAD4	526	E	D	1	11	6	3.0	Other	TSG	Not met	0	Not met	0	0	0	Not met	0	0	0	True	O4 + O7 may be combined (max +8)	0.6364
SMAD4	526	E	V	1	11	6	2.0	Other	TSG	Not met	0	Not met	0	0	0	Not met	0	0	0	True	O4 + O7 may be combined (max +8)	0.6364
SMAD4	355	D	Y	1	7	3	4.0	Other	TSG	Not met	0	Not met	0	0	0	Not met	0	0	0	False	Cap combined O4 + O7 at +4	0.1429
IRF4	99	C	Y	1	7	3	1.0	Other	oncogene, TSG, fusion	Not met	0	Not met	0	0	0	Not met	0	0	0	False	Cap combined O4 + O7 at +4	0.5714
CIC	201	R	R	1	7	2				Not met	0	Absent/not counted	0	0	0	Absent/not counted	0	0	0	False	Cap combined O4 + O7 at +4	0.1429
PDGFRA	229	E	*	1	7	3	1.0	Other	oncogene, fusion	Not applicable (nonsense/stop-loss)	0	Not met	0	0	0	Not met	0	0	0	False	Cap combined O4 + O7 at +4	0.2857
PDGFRA	229	E	V	1	7	3	1.0	Other	oncogene, fusion	Not met	0	Not met	0	0	0	Not met	0	0	0	False	Cap combined O4 + O7 at +4	0.2857
FOXO1	22	S	S	1	7	3				Not met	0	Absent/not counted	0	0	0	Absent/not counted	0	0	0	False	Cap combined O4 + O7 at +4	0.8571
ERBB2	659	V	D	1	5	3	2.0	Other	oncogene, fusion	Not met	0	Not met	0	0	0	Not met	0	0	0	False	Cap combined O4 + O7 at +4	0.8
MAP2K1	121	C	C	1	6	2				Not met	0	Absent/not counted	0	0	0	Absent/not counted	0	0	0	False	Cap combined O4 + O7 at +4	0.3333
TP53	155	T	T	1	18	4				Not met	0	Absent/not counted	0	0	0	Absent/not counted	0	0	0	True	O4 + O7 may be combined (max +8)	0.3889
PTPRD	431	S	*	1	17	3	2.0	3	TSG	Not applicable (nonsense/stop-loss)	0	Not met	0	0	0	Not met	0	0	0	True	O4 + O7 may be combined (max +8)	0.3529
PTPRD	431	S	S	1	17	3				Not met	0	Absent/not counted	0	0	0	Absent/not counted	0	0	0	True	O4 + O7 may be combined (max +8)	0.3529
BRAF	485	L	*	1	6	4	1.0	Other	oncogene, fusion	Not applicable (nonsense/stop-loss)	0	Not met	0	0	0	Not met	0	0	0	False	Cap combined O4 + O7 at +4	0.5
BRAF	485	L	F	1	6	4	4.0	3	oncogene, fusion	Not met	0	Not met	0	0	0	Not met	0	0	0	False	Cap combined O4 + O7 at +4	0.5
BRAF	485	L	S	1	6	4	3.0	Other	oncogene, fusion	Not met	0	Not met	0	0	0	Not met	0	0	0	False	Cap combined O4 + O7 at +4	0.5
BCL2	131	A	V	1	10	3	18.0	Other	oncogene, fusion	Not met	0	Strong	4	4	4	Not met	0	0	0	False	Cap combined O4 + O7 at +4	0.9
CTNNB1	383	W	C	1	6	4	14.0	Other	oncogene, fusion	Not met	0	Strong	4	4	4	Not met	0	0	0	False	Cap combined O4 + O7 at +4	0.3333
CTNNB1	383	W	G	1	6	4	8.0	Other	oncogene, fusion	Not met	0	Moderate	2	2	2	Not met	0	0	0	False	Cap combined O4 + O7 at +4	0.3333
CTNNB1	383	W	S	1	6	4	2.0	Other	oncogene, fusion	Not met	0	Not met	0	0	0	Not met	0	0	0	False	Cap combined O4 + O7 at +4	0.3333
PTEN	126	A	G	1	11	4	4.0	Other	TSG	Not met	0	Not met	0	0	0	Not met	0	0	0	True	O4 + O7 may be combined (max +8)	0.5455
PTEN	105	C	*	1	7	6	2.0	3	TSG	Not applicable (nonsense/stop-loss)	0	Not met	0	0	0	Not met	0	0	0	False	Cap combined O4 + O7 at +4	0.2857
PTEN	105	C	G	1	7	6	3.0	Other	TSG	Not met	0	Not met	0	0	0	Not met	0	0	0	False	Cap combined O4 + O7 at +4	0.2857
PTEN	105	C	R	1	7	6	2.0	Other	TSG	Not met	0	Not met	0	0	0	Not met	0	0	0	False	Cap combined O4 + O7 at +4	0.2857
PTEN	105	C	S	1	7	6	4.0	Other	TSG	Not met	0	Not met	0	0	0	Not met	0	0	0	False	Cap combined O4 + O7 at +4	0.2857
PTEN	105	C	W	1	7	6	4.0	Other	TSG	Not met	0	Not met	0	0	0	Not met	0	0	0	False	Cap combined O4 + O7 at +4	0.2857
TGFBR2	471	D	V	1	12	3	3.0	Other	TSG	Not met	0	Not met	0	0	0	Not met	0	0	0	True	O4 + O7 may be combined (max +8)	0.3333
SMAD4	526	E	A	1	11	6	2.0	Other	TSG	Not met	0	Not met	0	0	0	Not met	0	0	0	True	O4 + O7 may be combined (max +8)	0.6364
CTCF	284	H	N	1	6	3	1.0	Other	TSG	Not met	0	Not met	0	0	0	Not met	0	0	0	False	Cap combined O4 + O7 at +4	0.5
PIK3CA	107	N	N	1	6	3				Not met	0	Absent/not counted	0	0	0	Absent/not counted	0	0	0	False	Cap combined O4 + O7 at +4	0.5
TP53	172	V	G	1	18	3	7.0	Other	oncogene, TSG, fusion	Not met	0	Moderate	2	2	2	Not met	0	0	0	True	O4 + O7 may be combined (max +8)	0.4444
ASXL2	330	E	D	1	10	3	1.0	Other	TSG	Not met	0	Not met	0	0	0	Not met	0	0	0	False	Cap combined O4 + O7 at +4	0.3
PIM1	97	S	T	1	10	4	10.0	Other	oncogene, fusion	Not met	0	Moderate	2	2	2	Not met	0	0	0	False	Cap combined O4 + O7 at +4	0.5
PBRM1	710	R	G	1	11	2	1.0	Other	TSG	Not met	0	Not met	0	0	0	Not met	0	0	0	True	O4 + O7 may be combined (max +8)	0.5455
RUNX1	162	R	K	1	4	3	38.0	2	oncogene, TSG, fusion	Not met	0	Strong	4	4	4	Moderate	2	2	2	False	Cap combined O4 + O7 at +4	0.0
RUNX1	162	R	S	1	4	3	3.0	2	oncogene, TSG, fusion	Not met	0	Not met	0	0	0	Not met	0	0	0	False	Cap combined O4 + O7 at +4	0.0
B2M	12	L	L	1	7	3				Not met	0	Absent/not counted	0	0	0	Absent/not counted	0	0	0	False	Cap combined O4 + O7 at +4	0.4286
SUZ12	101	R	Q	1	6	2	3.0	Other	oncogene, TSG, fusion	Not met	0	Not met	0	0	0	Not met	0	0	0	False	Cap combined O4 + O7 at +4	0.0
MTOR	1483	C	W	1	7	4	1.0	3	oncogene	Not met	0	Not met	0	0	0	Not met	0	0	0	False	Cap combined O4 + O7 at +4	0.2857
EGFR	596	P	P	1	8	4				Not met	0	Absent/not counted	0	0	0	Absent/not counted	0	0	0	False	Cap combined O4 + O7 at +4	0.125
EGFR	596	P	R	1	8	4	2.0	Other	oncogene	Not met	0	Not met	0	0	0	Not met	0	0	0	False	Cap combined O4 + O7 at +4	0.125
EIF1AX	15	G	V	1	7	3	3.0	Other		Not met	0	Not met	0	0	0	Not met	0	0	0	False	Cap combined O4 + O7 at +4	0.2857
MTOR	2006	V	I	1	7	4	5.0	3	oncogene	Not met	0	Moderate	2	2	2	Not met	0	0	0	False	Cap combined O4 + O7 at +4	0.5714
MTOR	2006	V	L	1	7	4	3.0	3	oncogene	Not met	0	Not met	0	0	0	Not met	0	0	0	False	Cap combined O4 + O7 at +4	0.5714
MTOR	2006	V	V	1	7	4				Not met	0	Absent/not counted	0	0	0	Absent/not counted	0	0	0	False	Cap combined O4 + O7 at +4	0.5714
ERBB3	355	T	A	1	6	3	2.0	Other	oncogene	Not met	0	Not met	0	0	0	Not met	0	0	0	False	Cap combined O4 + O7 at +4	0.1667
ERBB3	355	T	P	1	6	3	3.0	Other	oncogene	Not met	0	Not met	0	0	0	Not met	0	0	0	False	Cap combined O4 + O7 at +4	0.1667
NRAS	60	G	E	1	7	3	15.0	Other	oncogene	Not met	0	Strong	4	4	4	Not met	0	0	0	False	Cap combined O4 + O7 at +4	0.7143
NRAS	60	G	V	1	7	3	6.0	Other	oncogene	Not met	0	Moderate	2	2	2	Not met	0	0	0	False	Cap combined O4 + O7 at +4	0.7143
XPO1	749	R	*	1	11	2	2.0	Other	oncogene	Not applicable (nonsense/stop-loss)	0	Not met	0	0	0	Not met	0	0	0	True	O4 + O7 may be combined (max +8)	0.3636
EIF1AX	13	R	G	1	12	5	1.0	Other		Not met	0	Not met	0	0	0	Not met	0	0	0	True	O4 + O7 may be combined (max +8)	0.75
EIF1AX	13	R	P	1	12	5	3.0	Other		Not met	0	Not met	0	0	0	Not met	0	0	0	True	O4 + O7 may be combined (max +8)	0.75
PIM1	28	G	A	1	8	3	10.0	Other	oncogene, fusion	Not met	0	Moderate	2	2	2	Not met	0	0	0	False	Cap combined O4 + O7 at +4	0.5
PIM1	28	G	V	1	8	3				Not met	0	Absent/not counted	0	0	0	Absent/not counted	0	0	0	False	Cap combined O4 + O7 at +4	0.5
SPOP	125	F	C	1	6	4	4.0	Other	TSG	Not met	0	Not met	0	0	0	Not met	0	0	0	False	Cap combined O4 + O7 at +4	0.5
SPOP	125	F	I	1	6	4	1.0	Other	TSG	Not met	0	Not met	0	0	0	Not met	0	0	0	False	Cap combined O4 + O7 at +4	0.5
SPOP	125	F	V	1	6	4	3.0	Other	TSG	Not met	0	Not met	0	0	0	Not met	0	0	0	False	Cap combined O4 + O7 at +4	0.5
ATRX	1426	R	R	1	12	2				Not met	0	Absent/not counted	0	0	0	Absent/not counted	0	0	0	True	O4 + O7 may be combined (max +8)	0.25
TP53	152	P	Q	1	38	7	10.0	Other	oncogene, TSG, fusion	Not met	0	Moderate	2	2	2	Not met	0	0	0	True	O4 + O7 may be combined (max +8)	0.5789
PTPN11	503	G	G	1	9	2				Not met	0	Absent/not counted	0	0	0	Absent/not counted	0	0	0	False	Cap combined O4 + O7 at +4	0.1111
SMAD4	356	P	H	1	16	4	2.0	Other	TSG	Not met	0	Not met	0	0	0	Not met	0	0	0	True	O4 + O7 may be combined (max +8)	0.5
PIK3CA	1007	G	D	1	10	2	3.0	Other	oncogene	Not met	0	Not met	0	0	0	Not met	0	0	0	False	Cap combined O4 + O7 at +4	0.4
TP53	298	E	Q	1	37	2	4.0	Other	oncogene, TSG, fusion	Not met	0	Not met	0	0	0	Not met	0	0	0	True	O4 + O7 may be combined (max +8)	0.4865
ARID1A	2158	R	R	1	15	3				Not met	0	Absent/not counted	0	0	0	Absent/not counted	0	0	0	True	O4 + O7 may be combined (max +8)	0.4
KIT	820	D	A	1	11	5	4.0	Other	oncogene	Not met	0	Not met	0	0	0	Not met	0	0	0	True	O4 + O7 may be combined (max +8)	1.0
KIT	820	D	G	1	11	5	12.0	3	oncogene	Not met	0	Strong	4	4	4	Not met	0	0	0	True	O4 + O7 may be combined (max +8)	1.0
NFE2L2	26	Q	H	1	9	5	3.0	Other	oncogene, TSG	Not met	0	Not met	0	0	0	Not met	0	0	0	False	Cap combined O4 + O7 at +4	0.2222
NFE2L2	26	Q	L	1	9	5	1.0	Other	oncogene, TSG	Not met	0	Not met	0	0	0	Not met	0	0	0	False	Cap combined O4 + O7 at +4	0.2222
NFE2L2	26	Q	R	1	9	5	2.0	Other	oncogene, TSG	Not met	0	Not met	0	0	0	Not met	0	0	0	False	Cap combined O4 + O7 at +4	0.2222
KRAS	59	A	E	1	12	4	15.0	Other	oncogene	Not met	0	Strong	4	4	4	Not met	0	0	0	True	O4 + O7 may be combined (max +8)	0.5
DIS3	488	D	A	1	11	5	2.0	Other		Not met	0	Not met	0	0	0	Not met	0	0	0	True	O4 + O7 may be combined (max +8)	0.1818
DIS3	488	D	G	1	11	5	2.0	Other		Not met	0	Not met	0	0	0	Not met	0	0	0	True	O4 + O7 may be combined (max +8)	0.1818
DIS3	488	D	H	1	11	5	1.0	Other		Not met	0	Not met	0	0	0	Not met	0	0	0	True	O4 + O7 may be combined (max +8)	0.1818
DIS3	488	D	Y	1	11	5	3.0	Other		Not met	0	Not met	0	0	0	Not met	0	0	0	True	O4 + O7 may be combined (max +8)	0.1818
CDKN2A	88	E	E	1	27	3				Not met	0	Absent/not counted	0	0	0	Absent/not counted	0	0	0	True	O4 + O7 may be combined (max +8)	0.4815
PTEN	68	Y	N	1	11	4	4.0	Other	TSG	Not met	0	Not met	0	0	0	Not met	0	0	0	True	O4 + O7 may be combined (max +8)	0.6364
SMARCA4	1189	R	L	1	12	4	4.0	Other	TSG	Not met	0	Not met	0	0	0	Not met	0	0	0	True	O4 + O7 may be combined (max +8)	0.75
SETD2	1625	R	L	1	13	4	1.0	Other	TSG	Not met	0	Not met	0	0	0	Not met	0	0	0	True	O4 + O7 may be combined (max +8)	0.4615
SETD2	1625	R	S	1	13	4				Not met	0	Absent/not counted	0	0	0	Absent/not counted	0	0	0	True	O4 + O7 may be combined (max +8)	0.4615
PIK3CA	1025	T	S	1	8	2	10.0	3	oncogene	Not met	0	Moderate	2	2	2	Not met	0	0	0	False	Cap combined O4 + O7 at +4	0.375
FOXA1	253	M	T	1	7	3	2.0	3	oncogene	Not met	0	Not met	0	0	0	Not met	0	0	0	False	Cap combined O4 + O7 at +4	0.4286
ARID1A	1276	R	Q	1	15	2	1.0	Other	TSG, fusion	Not met	0	Not met	0	0	0	Not met	0	0	0	True	O4 + O7 may be combined (max +8)	0.6667
FBXW7	367	R	P	1	17	2	1.0	Other	TSG	Not met	0	Not met	0	0	0	Not met	0	0	0	True	O4 + O7 may be combined (max +8)	0.2353
RHOA	5	R	L	1	17	3	1.0	3	oncogene, TSG	Not met	0	Not met	0	0	0	Not met	0	0	0	True	O4 + O7 may be combined (max +8)	0.1765
PIK3CA	350	D	V	1	12	3	1.0	Other	oncogene	Not met	0	Not met	0	0	0	Not met	0	0	0	True	O4 + O7 may be combined (max +8)	0.4167
MAP2K1	128	G	R	1	10	3	2.0	Other	oncogene	Not met	0	Not met	0	0	0	Not met	0	0	0	False	Cap combined O4 + O7 at +4	0.5
PTEN	93	H	L	1	12	4	2.0	Other	TSG	Not met	0	Not met	0	0	0	Not met	0	0	0	True	O4 + O7 may be combined (max +8)	0.3333
PTEN	93	H	P	1	12	4	2.0	Other	TSG	Not met	0	Not met	0	0	0	Not met	0	0	0	True	O4 + O7 may be combined (max +8)	0.3333
SF3B1	741	K	*	1	10	5	1.0	Other	oncogene	Not applicable (nonsense/stop-loss)	0	Not met	0	0	0	Not met	0	0	0	False	Cap combined O4 + O7 at +4	0.5
SF3B1	741	K	Q	1	10	5	2.0	Other	oncogene	Not met	0	Not met	0	0	0	Not met	0	0	0	False	Cap combined O4 + O7 at +4	0.5
HRAS	117	K	R	1	9	2				Not met	0	Absent/not counted	0	0	0	Absent/not counted	0	0	0	False	Cap combined O4 + O7 at +4	0.2222
NFE2L2	24	W	S	1	11	3	2.0	3	oncogene, TSG	Not met	0	Not met	0	0	0	Not met	0	0	0	True	O4 + O7 may be combined (max +8)	0.3636
CTNNB1	36	H	Y	1	8	2	6.0	Other	oncogene, fusion	Not met	0	Moderate	2	2	2	Not met	0	0	0	False	Cap combined O4 + O7 at +4	0.25
FOXA1	247	H	L	1	10	4	1.0	Other	oncogene	Not met	0	Not met	0	0	0	Not met	0	0	0	False	Cap combined O4 + O7 at +4	0.6
STK11	194	D	G	1	14	5	1.0	Other	TSG	Not met	0	Not met	0	0	0	Not met	0	0	0	True	O4 + O7 may be combined (max +8)	0.6429
STK11	194	D	H	1	14	5	3.0	3	TSG	Not met	0	Not met	0	0	0	Not met	0	0	0	True	O4 + O7 may be combined (max +8)	0.6429
FBXW7	658	R	R	1	20	3				Not met	0	Absent/not counted	0	0	0	Absent/not counted	0	0	0	True	O4 + O7 may be combined (max +8)	0.3
AR	742	W	L	1	7	2	5.0	Other	oncogene	Not met	0	Moderate	2	2	2	Not met	0	0	0	False	Cap combined O4 + O7 at +4	0.7143
CCND1	287	P	A	1	12	5	2.0	3	oncogene, fusion	Not met	0	Not met	0	0	0	Not met	0	0	0	True	O4 + O7 may be combined (max +8)	0.4167
CCND1	287	P	R	1	12	5	3.0	3	oncogene, fusion	Not met	0	Not met	0	0	0	Not met	0	0	0	True	O4 + O7 may be combined (max +8)	0.4167
CCND1	287	P	T	1	12	5	8.0	3	oncogene, fusion	Not met	0	Moderate	2	2	2	Not met	0	0	0	True	O4 + O7 may be combined (max +8)	0.4167
CIC	1512	R	S	1	11	4	1.0	Other	oncogene, TSG, fusion	Not met	0	Not met	0	0	0	Not met	0	0	0	True	O4 + O7 may be combined (max +8)	0.1818
DICER1	1813	E	A	1	11	4	9.0	Other	TSG	Not met	0	Moderate	2	2	2	Not met	0	0	0	True	O4 + O7 may be combined (max +8)	0.4545
DICER1	1813	E	K	1	11	4	30.0	Other	TSG	Not met	0	Strong	4	4	4	Moderate	2	2	2	True	O4 + O7 may be combined (max +8)	0.4545
PTPN11	76	E	Q	1	13	4	28.0	3	oncogene	Not met	0	Strong	4	4	4	Moderate	2	2	2	True	O4 + O7 may be combined (max +8)	0.4615
EGFR	747	L	F	1	8	4	1.0	3	oncogene	Not met	0	Not met	0	0	0	Not met	0	0	0	False	Cap combined O4 + O7 at +4	1.0
EGFR	747	L	S	1	8	4	22.0	2	oncogene	Not met	0	Strong	4	4	4	Moderate	2	2	2	False	Cap combined O4 + O7 at +4	1.0
CCND1	286	T	A	1	9	2	3.0	Other	oncogene, fusion	Not met	0	Not met	0	0	0	Not met	0	0	0	False	Cap combined O4 + O7 at +4	0.6667
VHL	89	L	L	1	15	3				Not met	0	Absent/not counted	0	0	0	Absent/not counted	0	0	0	True	O4 + O7 may be combined (max +8)	0.3333
NFE2L2	30	L	R	1	12	4	11.0	Other	oncogene, TSG	Not met	0	Strong	4	4	4	Not met	0	0	0	True	O4 + O7 may be combined (max +8)	0.25
TP53	127	S	C	1	48	6	4.0	Other	oncogene, TSG, fusion	Not met	0	Not met	0	0	0	Not met	0	0	0	True	O4 + O7 may be combined (max +8)	0.5
TP53	127	S	S	1	48	6				Not met	0	Absent/not counted	0	0	0	Absent/not counted	0	0	0	True	O4 + O7 may be combined (max +8)	0.5
TP53	127	S	T	1	48	6	20.0	Other	oncogene, TSG, fusion	Not met	0	Strong	4	4	4	Moderate	2	2	2	True	O4 + O7 may be combined (max +8)	0.5
EGFR	709	E	Q	1	16	3	1.0	Other	oncogene	Not met	0	Not met	0	0	0	Not met	0	0	0	True	O4 + O7 may be combined (max +8)	0.75
TP53	136	Q	H	1	31	5	7.0	Other	oncogene, TSG, fusion	Not met	0	Moderate	2	2	2	Not met	0	0	0	True	O4 + O7 may be combined (max +8)	0.3871
TP53	136	Q	L	1	31	5	3.0	Other	oncogene, TSG, fusion	Not met	0	Not met	0	0	0	Not met	0	0	0	True	O4 + O7 may be combined (max +8)	0.3871
TP53	277	C	G	1	28	5	17.0	Other	oncogene, TSG, fusion	Not met	0	Strong	4	4	4	Not met	0	0	0	True	O4 + O7 may be combined (max +8)	0.6071
TP53	277	C	W	1	28	5	6.0	Other	oncogene, TSG, fusion	Not met	0	Moderate	2	2	2	Not met	0	0	0	True	O4 + O7 may be combined (max +8)	0.6071
APC	1367	Q	E	1	29	2	2.0	Other	TSG	Not met	0	Not met	0	0	0	Not met	0	0	0	True	O4 + O7 may be combined (max +8)	0.5862
MYOD1	122	L	L	1	7	3				Not met	0	Absent/not counted	0	0	0	Absent/not counted	0	0	0	False	Cap combined O4 + O7 at +4	0.7143
MYOD1	122	L	M	1	7	3	1.0	3	oncogene	Not met	0	Not met	0	0	0	Not met	0	0	0	False	Cap combined O4 + O7 at +4	0.7143
SF3B1	741	K	T	1	10	5	5.0	Other	oncogene	Not met	0	Moderate	2	2	2	Not met	0	0	0	False	Cap combined O4 + O7 at +4	0.5
BRAF	597	L	L	1	10	5				Not met	0	Absent/not counted	0	0	0	Absent/not counted	0	0	0	False	Cap combined O4 + O7 at +4	0.6
BRAF	597	L	V	1	10	5	16.0	3	oncogene, fusion	Not met	0	Strong	4	4	4	Not met	0	0	0	False	Cap combined O4 + O7 at +4	0.6
EP300	1467	Y	C	1	8	6	2.0	Other	TSG, fusion	Not met	0	Not met	0	0	0	Not met	0	0	0	False	Cap combined O4 + O7 at +4	0.625
EP300	1467	Y	K	1	8	6	1.0	Other	TSG, fusion	Not met	0	Not met	0	0	0	Not met	0	0	0	False	Cap combined O4 + O7 at +4	0.625
EP300	1467	Y	S	1	8	6	1.0	Other	TSG, fusion	Not met	0	Not met	0	0	0	Not met	0	0	0	False	Cap combined O4 + O7 at +4	0.625
MET	1070	V	R	1	5	3				Not met	0	Absent/not counted	0	0	0	Absent/not counted	0	0	0	False	Cap combined O4 + O7 at +4	0.2
ATM	250	R	P	1	15	2				Not met	0	Absent/not counted	0	0	0	Absent/not counted	0	0	0	True	O4 + O7 may be combined (max +8)	0.3333
SDHA	445	S	L	1	10	2				Not met	0	Absent/not counted	0	0	0	Absent/not counted	0	0	0	False	Cap combined O4 + O7 at +4	0.1
SMARCA4	781	M	L	1	9	3	1.0	Other	TSG	Not met	0	Not met	0	0	0	Not met	0	0	0	False	Cap combined O4 + O7 at +4	0.5556
FOXA1	261	R	H	1	9	4	3.0	Other	oncogene	Not met	0	Not met	0	0	0	Not met	0	0	0	False	Cap combined O4 + O7 at +4	0.6667
FOXA1	261	R	S	1	9	4	4.0	Other	oncogene	Not met	0	Not met	0	0	0	Not met	0	0	0	False	Cap combined O4 + O7 at +4	0.6667
FBXW7	545	Y	*	1	7	2	1.0	3	TSG	Not applicable (nonsense/stop-loss)	0	Not met	0	0	0	Not met	0	0	0	False	Cap combined O4 + O7 at +4	0.2857
ERBB4	798	L	H	1	11	4	1.0	Other	oncogene, TSG	Not met	0	Not met	0	0	0	Not met	0	0	0	True	O4 + O7 may be combined (max +8)	0.1818
ERBB4	798	L	L	1	11	4				Not met	0	Absent/not counted	0	0	0	Absent/not counted	0	0	0	True	O4 + O7 may be combined (max +8)	0.1818
VHL	111	S	P	1	10	4	1.0	Other	TSG	Not met	0	Not met	0	0	0	Not met	0	0	0	False	Cap combined O4 + O7 at +4	0.3
VHL	111	S	S	1	10	4				Not met	0	Absent/not counted	0	0	0	Absent/not counted	0	0	0	False	Cap combined O4 + O7 at +4	0.3
KIT	823	Y	C	1	6	2	9.0	Other	oncogene	Not met	0	Moderate	2	2	2	Not met	0	0	0	False	Cap combined O4 + O7 at +4	1.0
ATM	2875	N	K	1	8	3	1.0	Other	TSG	Not met	0	Not met	0	0	0	Not met	0	0	0	False	Cap combined O4 + O7 at +4	0.125
FUBP1	430	R	H	1	12	2	1.0	3	oncogene	Not met	0	Not met	0	0	0	Not met	0	0	0	True	O4 + O7 may be combined (max +8)	0.3333
MTOR	1888	F	V	1	8	3	1.0	Other	oncogene	Not met	0	Not met	0	0	0	Not met	0	0	0	False	Cap combined O4 + O7 at +4	0.375
FBXW7	423	G	*	1	10	3	7.0	3	TSG	Not applicable (nonsense/stop-loss)	0	Moderate	2	2	2	Not met	0	0	0	False	Cap combined O4 + O7 at +4	0.4
FBXW7	423	G	A	1	10	3	4.0	Other	TSG	Not met	0	Not met	0	0	0	Not met	0	0	0	False	Cap combined O4 + O7 at +4	0.4
EPAS1	531	P	A	1	4	3	4.0	3	oncogene, TSG	Not met	0	Not met	0	0	0	Not met	0	0	0	False	Cap combined O4 + O7 at +4	0.0
EPAS1	531	P	S	1	4	3	21.0	3	oncogene, TSG	Not met	0	Strong	4	4	4	Moderate	2	2	2	False	Cap combined O4 + O7 at +4	0.0
PTEN	27	Y	*	1	10	5	9.0	3	TSG	Not applicable (nonsense/stop-loss)	0	Moderate	2	2	2	Not met	0	0	0	False	Cap combined O4 + O7 at +4	0.6
PTEN	27	Y	H	1	10	5	2.0	Other	TSG	Not met	0	Not met	0	0	0	Not met	0	0	0	False	Cap combined O4 + O7 at +4	0.6
VHL	78	N	K	1	9	4	16.0	Other	TSG	Not met	0	Strong	4	4	4	Not met	0	0	0	False	Cap combined O4 + O7 at +4	0.3333
AKT1	52	L	H	1	5	2	8.0	Other	oncogene	Not met	0	Moderate	2	2	2	Not met	0	0	0	False	Cap combined O4 + O7 at +4	0.4
IL7R	395	K	M	1	12	5	3.0	Other	oncogene	Not met	0	Not met	0	0	0	Not met	0	0	0	True	O4 + O7 may be combined (max +8)	0.25
SMARCA4	1189	R	*	1	12	4	4.0	1	TSG	Not applicable (nonsense/stop-loss)	0	Not met	0	0	0	Not met	0	0	0	True	O4 + O7 may be combined (max +8)	0.75
EP300	1467	Y	H	1	8	6	6.0	Other	TSG, fusion	Not met	0	Moderate	2	2	2	Not met	0	0	0	False	Cap combined O4 + O7 at +4	0.625
EP300	1466	W	R	1	8	5	5.0	Other	TSG, fusion	Not met	0	Moderate	2	2	2	Not met	0	0	0	False	Cap combined O4 + O7 at +4	0.5
VHL	80	S	I	1	11	4	2.0	3	TSG	Not met	0	Not met	0	0	0	Not met	0	0	0	True	O4 + O7 may be combined (max +8)	0.5455
EP300	1466	W	G	1	8	5	1.0	Other	TSG, fusion	Not met	0	Not met	0	0	0	Not met	0	0	0	False	Cap combined O4 + O7 at +4	0.5
VHL	80	S	S	1	11	4				Not met	0	Absent/not counted	0	0	0	Absent/not counted	0	0	0	True	O4 + O7 may be combined (max +8)	0.5455
NF1	2450	R	Q	1	17	2	4.0	Other	TSG, fusion	Not met	0	Not met	0	0	0	Not met	0	0	0	True	O4 + O7 may be combined (max +8)	0.3529
RB1	251	R	Q	1	16	2	6.0	Other	TSG	Not met	0	Moderate	2	2	2	Not met	0	0	0	True	O4 + O7 may be combined (max +8)	0.5625
ACVR1	258	R	M	1	6	2	1.0	3	oncogene	Not met	0	Not met	0	0	0	Not met	0	0	0	False	Cap combined O4 + O7 at +4	0.1667
TP63	379	R	S	1	17	3	1.0	3	oncogene, TSG	Not met	0	Not met	0	0	0	Not met	0	0	0	True	O4 + O7 may be combined (max +8)	0.3529
PTPN11	510	Q	E	1	9	3	2.0	Other	oncogene	Not met	0	Not met	0	0	0	Not met	0	0	0	False	Cap combined O4 + O7 at +4	0.1111
SMAD4	445	R	Q	1	17	2	1.0	Other	TSG	Not met	0	Not met	0	0	0	Not met	0	0	0	True	O4 + O7 may be combined (max +8)	0.5882
RAF1	259	S	C	1	12	4	6.0	3	oncogene, fusion	Not met	0	Moderate	2	2	2	Not met	0	0	0	True	O4 + O7 may be combined (max +8)	0.6667
RAF1	259	S	S	1	12	4				Not met	0	Absent/not counted	0	0	0	Absent/not counted	0	0	0	True	O4 + O7 may be combined (max +8)	0.6667
ARAF	214	S	C	1	12	6	4.0	2	oncogene	Not met	0	Not met	0	0	0	Not met	0	0	0	True	O4 + O7 may be combined (max +8)	0.4167
ARAF	214	S	S	1	12	6				Not met	0	Absent/not counted	0	0	0	Absent/not counted	0	0	0	True	O4 + O7 may be combined (max +8)	0.4167
ARAF	214	S	Y	1	12	6	2.0	3	oncogene	Not met	0	Not met	0	0	0	Not met	0	0	0	True	O4 + O7 may be combined (max +8)	0.4167
TP53	154	G	C	1	25	3	3.0	Other	oncogene, TSG, fusion	Not met	0	Not met	0	0	0	Not met	0	0	0	True	O4 + O7 may be combined (max +8)	0.6
TP53	154	G	D	1	25	3	9.0	Other	oncogene, TSG, fusion	Not met	0	Moderate	2	2	2	Not met	0	0	0	True	O4 + O7 may be combined (max +8)	0.6
MYC	74	P	Q	1	12	5	11.0	3	oncogene, fusion	Not met	0	Strong	4	4	4	Not met	0	0	0	True	O4 + O7 may be combined (max +8)	0.4167
MYC	74	P	R	1	12	5	5.0	3	oncogene, fusion	Not met	0	Moderate	2	2	2	Not met	0	0	0	True	O4 + O7 may be combined (max +8)	0.4167
PIK3CA	104	P	R	1	11	2	7.0	Other	oncogene	Not met	0	Moderate	2	2	2	Not met	0	0	0	True	O4 + O7 may be combined (max +8)	0.4545
TP53	130	L	H	1	30	5	12.0	Other	oncogene, TSG, fusion	Not met	0	Strong	4	4	4	Not met	0	0	0	True	O4 + O7 may be combined (max +8)	0.5333
STAG2	216	R	R	1	14	3				Not met	0	Absent/not counted	0	0	0	Absent/not counted	0	0	0	True	O4 + O7 may be combined (max +8)	0.3571
TGFBR1	241	S	*	1	15	3				Not applicable (nonsense/stop-loss)	0	Absent/not counted	0	0	0	Absent/not counted	0	0	0	True	O4 + O7 may be combined (max +8)	0.5333
CDKN2A	120	E	D	1	18	3				Not met	0	Absent/not counted	0	0	0	Absent/not counted	0	0	0	True	O4 + O7 may be combined (max +8)	0.3333
CDKN2A	120	E	K	1	18	3	7.0	Other	TSG	Not met	0	Moderate	2	2	2	Not met	0	0	0	True	O4 + O7 may be combined (max +8)	0.3333
FBXW7	582	S	P	1	12	3	3.0	Other	TSG	Not met	0	Not met	0	0	0	Not met	0	0	0	True	O4 + O7 may be combined (max +8)	0.5
FBXW7	582	S	S	1	12	3				Not met	0	Absent/not counted	0	0	0	Absent/not counted	0	0	0	True	O4 + O7 may be combined (max +8)	0.5
EP300	1414	Y	D	1	7	2				Not met	0	Absent/not counted	0	0	0	Absent/not counted	0	0	0	False	Cap combined O4 + O7 at +4	0.2857
ERBB3	332	E	Q	1	14	2	2.0	3	oncogene	Not met	0	Not met	0	0	0	Not met	0	0	0	True	O4 + O7 may be combined (max +8)	0.3571
EP300	1466	W	*	1	8	5	3.0	3	TSG, fusion	Not applicable (nonsense/stop-loss)	0	Not met	0	0	0	Not met	0	0	0	False	Cap combined O4 + O7 at +4	0.5
FBXW7	385	T	P	1	4	3	3.0	Other	TSG	Not met	0	Not met	0	0	0	Not met	0	0	0	False	Cap combined O4 + O7 at +4	0.0
