hugo_symbol	amino_acid_position	reference_aa	variant_aa	change_count	position_total_count	n_unique_changes	o7_strength	o7_points	independent_positional_evidence	recommended_o4_o7_handling	msk_fraction	transcript	HGVSp_Short	svig_uk_assessment	on_svig_uk_canonical_list
BRAF	600	V	E	833	897	6	Strong	4	True	O4 + O7 may be combined (max +8)	0.32	NM_004333.6	p.V600E	Oncogenic	True
KRAS	12	G	D	757	2175	10	Strong	4	True	O4 + O7 may be combined (max +8)	0.5793	NM_004985.5	p.G12D	Oncogenic	True
KRAS	12	G	V	657	2175	10	Strong	4	True	O4 + O7 may be combined (max +8)	0.5793	NM_004985.5	p.G12V	Oncogenic	True
PIK3CA	545	E	K	575	633	5	Strong	4	True	O4 + O7 may be combined (max +8)	0.4929	NM_006218.4	p.E545K	Oncogenic	True
IDH1	132	R	H	570	766	6	Strong	4	True	O4 + O7 may be combined (max +8)	0.3225	NM_005896.4	p.R132H	Oncogenic	True
PIK3CA	1047	H	R	537	647	4	Strong	4	True	O4 + O7 may be combined (max +8)	0.527	NM_006218.4	p.H1047R	Oncogenic	True
TP53	175	R	H	386	416	4	Strong	4	True	O4 + O7 may be combined (max +8)	0.5024	NM_000546.6	p.R175H	Oncogenic	True
KRAS	12	G	C	384	2175	10	Strong	4	True	O4 + O7 may be combined (max +8)	0.5793	NM_004985.5	p.G12C	Oncogenic	True
PIK3CA	542	E	K	356	372	5	Strong	4	True	O4 + O7 may be combined (max +8)	0.5565	NM_006218.4	p.E542K	Oncogenic	True
TP53	248	R	Q	292	560	6	Strong	4	True	O4 + O7 may be combined (max +8)	0.4911	NM_000546.6	p.R248Q	Oncogenic	True
TP53	273	R	C	283	609	6	Strong	4	True	O4 + O7 may be combined (max +8)	0.4696	NM_000546.6	p.R273C	Oncogenic	True
TP53	273	R	H	251	609	6	Strong	4	True	O4 + O7 may be combined (max +8)	0.4696	NM_000546.6	p.R273H	Oncogenic	True
TP53	248	R	W	222	560	6	Strong	4	True	O4 + O7 may be combined (max +8)	0.4911	NM_000546.6	p.R248W	Oncogenic	True
KRAS	13	G	D	214	264	7	Strong	4	True	O4 + O7 may be combined (max +8)	0.6098	NM_004985.5	p.G13D	Oncogenic	True
TP53	213	R	*	208	256	5	Not applicable (nonsense/stop-loss/synonymous)	0	True	O4 + O7 may be combined (max +8)	0.4844				False
NRAS	61	Q	R	204	422	6	Strong	4	True	O4 + O7 may be combined (max +8)	0.391	NM_002524.5	p.Q61R	Oncogenic	True
TP53	282	R	W	201	219	6	Strong	4	True	O4 + O7 may be combined (max +8)	0.4795	NM_000546.6	p.R282W	Oncogenic	True
KRAS	12	G	R	166	2175	10	Strong	4	True	O4 + O7 may be combined (max +8)	0.5793	NM_004985.5	p.G12R	Oncogenic	True
AKT1	17	E	K	148	149	2	Strong	4	False	Cap combined O4 + O7 at +4	0.6376				False
EGFR	858	L	R	144	144	1	Strong	4	False	Cap combined O4 + O7 at +4	0.7917	NM_005228.5	p.L858R	Oncogenic	True
NRAS	61	Q	K	142	422	6	Strong	4	True	O4 + O7 may be combined (max +8)	0.391	NM_002524.5	p.Q61K	Oncogenic	True
IDH1	132	R	C	139	766	6	Strong	4	True	O4 + O7 may be combined (max +8)	0.3225	NM_005896.4	p.R132C	Oncogenic	True
KRAS	12	G	A	134	2175	10	Strong	4	True	O4 + O7 may be combined (max +8)	0.5793	NM_004985.5	p.G12A	Oncogenic	True
TP53	196	R	*	131	141	4	Not applicable (nonsense/stop-loss/synonymous)	0	True	O4 + O7 may be combined (max +8)	0.4397				False
TP53	342	R	*	129	137	2	Not applicable (nonsense/stop-loss/synonymous)	0	False	Cap combined O4 + O7 at +4	0.6496				False
TP53	245	G	S	128	242	7	Strong	4	True	O4 + O7 may be combined (max +8)	0.5041	NM_000546.6	p.G245S	Oncogenic	True
TP53	220	Y	C	127	152	6	Strong	4	True	O4 + O7 may be combined (max +8)	0.4013	NM_000546.6	p.Y220C	Oncogenic	True
FGFR3	249	S	C	114	114	1	Strong	4	False	Cap combined O4 + O7 at +4	0.6404				False
KRAS	61	Q	H	108	190	7	Strong	4	True	O4 + O7 may be combined (max +8)	0.5053	NM_004985.5	p.Q61H	Oncogenic	True
CDKN2A	80	R	*	97	99	2	Not applicable (nonsense/stop-loss/synonymous)	0	False	Cap combined O4 + O7 at +4	0.4141				False
ERBB2	310	S	F	95	113	3	Strong	4	True	O4 + O7 may be combined (max +8)	0.531				False
TP53	306	R	*	85	86	2	Not applicable (nonsense/stop-loss/synonymous)	0	False	Cap combined O4 + O7 at +4	0.407				False
PIK3CA	1047	H	L	85	647	4	Strong	4	True	O4 + O7 may be combined (max +8)	0.527	NM_006218.4	p.H1047L	Oncogenic	True
U2AF1	34	S	F	81	85	2	Strong	4	False	Cap combined O4 + O7 at +4	0.5059	NM_006758.3	p.S34F	Oncogenic	True
PIK3CA	345	N	K	79	98	7	Strong	4	True	O4 + O7 may be combined (max +8)	0.5204	NM_006218.4	p.N345K	Oncogenic	True
PIK3CA	88	R	Q	75	75	1	Strong	4	False	Cap combined O4 + O7 at +4	0.3867				False
PTEN	130	R	Q	72	168	7	Strong	4	True	O4 + O7 may be combined (max +8)	0.4048				False
GNAS	201	R	H	69	139	4	Strong	4	True	O4 + O7 may be combined (max +8)	0.6475	NM_000516.7	p.R201H	Oncogenic	True
KRAS	12	G	S	68	2175	10	Strong	4	True	O4 + O7 may be combined (max +8)	0.5793	NM_004985.5	p.G12S	Oncogenic	True
GTF2I	424	L	H	68	68	1	Strong	4	False	Cap combined O4 + O7 at +4	0.0				False
TP53	285	E	K	68	99	5	Strong	4	True	O4 + O7 may be combined (max +8)	0.5253				False
TP53	157	V	F	67	77	6	Strong	4	True	O4 + O7 may be combined (max +8)	0.4286				False
GNAS	201	R	C	65	139	4	Strong	4	True	O4 + O7 may be combined (max +8)	0.6475	NM_000516.7	p.R201C	Oncogenic	True
KRAS	146	A	T	65	86	3	Strong	4	True	O4 + O7 may be combined (max +8)	0.6047	NM_004985.5	p.A146T	Oncogenic	True
FBXW7	465	R	C	64	128	6	Strong	4	True	O4 + O7 may be combined (max +8)	0.4609				False
TP53	179	H	R	63	149	7	Strong	4	True	O4 + O7 may be combined (max +8)	0.3758				False
CDKN2A	58	R	*	61	62	2	Not applicable (nonsense/stop-loss/synonymous)	0	False	Cap combined O4 + O7 at +4	0.5323				False
SMAD4	361	R	H	60	124	6	Strong	4	True	O4 + O7 may be combined (max +8)	0.5887				False
EGFR	790	T	M	59	60	2	Strong	4	False	Cap combined O4 + O7 at +4	0.9667	NM_005228.5	p.T790M	Oncogenic	True
FBXW7	465	R	H	59	128	6	Strong	4	True	O4 + O7 may be combined (max +8)	0.4609				False
SF3B1	700	K	E	57	59	3	Strong	4	False	Cap combined O4 + O7 at +4	0.339	NM_012433.4	p.K700E	Oncogenic	True
GNA11	209	Q	L	57	59	3	Strong	4	False	Cap combined O4 + O7 at +4	0.322				False
TP53	273	R	L	56	609	6	Strong	4	True	O4 + O7 may be combined (max +8)	0.4696				False
HRAS	61	Q	R	56	102	4	Strong	4	True	O4 + O7 may be combined (max +8)	0.3725	NM_005343.4	p.Q61R	Oncogenic	True
TP53	237	M	I	55	64	3	Strong	4	False	Cap combined O4 + O7 at +4	0.4375				False
CTNNB1	37	S	F	55	103	5	Strong	4	True	O4 + O7 may be combined (max +8)	0.4272				False
TP53	163	Y	C	54	79	5	Strong	4	True	O4 + O7 may be combined (max +8)	0.4304				False
SMAD4	361	R	C	54	124	6	Strong	4	True	O4 + O7 may be combined (max +8)	0.5887				False
TP53	193	H	R	54	123	7	Strong	4	True	O4 + O7 may be combined (max +8)	0.4146				False
TP53	176	C	F	54	115	8	Strong	4	True	O4 + O7 may be combined (max +8)	0.4				False
PIK3CA	726	E	K	53	55	2	Strong	4	False	Cap combined O4 + O7 at +4	0.4909				False
APC	213	R	*	51	51	1	Not applicable (nonsense/stop-loss/synonymous)	0	False	Cap combined O4 + O7 at +4	0.6078				False
TP53	241	S	F	51	97	7	Strong	4	True	O4 + O7 may be combined (max +8)	0.4639				False
TP53	245	G	D	50	242	7	Strong	4	True	O4 + O7 may be combined (max +8)	0.5041				False
CDKN2A	83	H	Y	48	62	5	Strong	4	True	O4 + O7 may be combined (max +8)	0.6129				False
PIK3CA	420	C	R	46	46	1	Moderate	2	False	Cap combined O4 + O7 at +4	0.6087				False
ESR1	538	D	G	46	46	1	Moderate	2	False	Cap combined O4 + O7 at +4	0.9783				False
NRAS	61	Q	L	46	422	6	Strong	4	True	O4 + O7 may be combined (max +8)	0.391	NM_002524.5	p.Q61L	Oncogenic	True
TP53	249	R	S	45	102	7	Strong	4	True	O4 + O7 may be combined (max +8)	0.4608				False
CTNNB1	41	T	A	45	66	3	Strong	4	True	O4 + O7 may be combined (max +8)	0.4394				False
CDKN2A	110	W	*	45	45	1	Not applicable (nonsense/stop-loss/synonymous)	0	False	Cap combined O4 + O7 at +4	0.3778				False
PTEN	233	R	*	45	46	2	Not applicable (nonsense/stop-loss/synonymous)	0	False	Cap combined O4 + O7 at +4	0.3261				False
PTEN	130	R	G	44	168	7	Strong	4	True	O4 + O7 may be combined (max +8)	0.4048				False
RAC1	29	P	S	43	53	4	Strong	4	True	O4 + O7 may be combined (max +8)	0.3774				False
TP53	192	Q	*	43	45	3	Not applicable (nonsense/stop-loss/synonymous)	0	False	Cap combined O4 + O7 at +4	0.5111				False
GNAQ	209	Q	P	42	65	3	Strong	4	True	O4 + O7 may be combined (max +8)	0.3846				False
TP53	195	I	T	42	79	7	Strong	4	True	O4 + O7 may be combined (max +8)	0.3291				False
TP53	234	Y	C	42	68	6	Strong	4	True	O4 + O7 may be combined (max +8)	0.4853				False
TP53	173	V	L	42	78	5	Strong	4	True	O4 + O7 may be combined (max +8)	0.4487				False
TP53	158	R	L	42	106	7	Strong	4	True	O4 + O7 may be combined (max +8)	0.5094				False
NRAS	12	G	D	41	74	6	Strong	4	True	O4 + O7 may be combined (max +8)	0.473	NM_002524.5	p.G12D	Oncogenic	True
TP53	179	H	Y	41	149	7	Strong	4	True	O4 + O7 may be combined (max +8)	0.3758				False
TP53	286	E	K	41	73	6	Strong	4	True	O4 + O7 may be combined (max +8)	0.4795				False
FBXW7	505	R	C	41	83	6	Strong	4	True	O4 + O7 may be combined (max +8)	0.3855				False
ERBB3	104	V	M	40	61	2	Strong	4	True	O4 + O7 may be combined (max +8)	0.4754				False
PIK3CA	118	G	D	40	40	1	Moderate	2	False	Cap combined O4 + O7 at +4	0.325				False
TP53	236	Y	C	40	59	6	Strong	4	True	O4 + O7 may be combined (max +8)	0.5424				False
TP53	238	C	Y	40	77	6	Strong	4	True	O4 + O7 may be combined (max +8)	0.4545				False
TP53	266	G	R	40	117	6	Strong	4	True	O4 + O7 may be combined (max +8)	0.5128				False
TP53	331	Q	*	39	47	2	Not applicable (nonsense/stop-loss/synonymous)	0	False	Cap combined O4 + O7 at +4	0.3191				False
PTEN	130	R	*	38	168	7	Not applicable (nonsense/stop-loss/synonymous)	0	True	O4 + O7 may be combined (max +8)	0.4048				False
MYD88	265	L	P	37	37	1	Moderate	2	False	Cap combined O4 + O7 at +4	0.3514				False
KRAS	61	Q	R	37	190	7	Strong	4	True	O4 + O7 may be combined (max +8)	0.5053	NM_004985.5	p.Q61R	Oncogenic	True
EGFR	289	A	V	37	59	5	Strong	4	True	O4 + O7 may be combined (max +8)	0.4576				False
TP53	278	P	S	37	100	7	Strong	4	True	O4 + O7 may be combined (max +8)	0.51				False
TP53	298	E	*	36	37	2	Not applicable (nonsense/stop-loss/synonymous)	0	False	Cap combined O4 + O7 at +4	0.4865				False
TP53	337	R	C	36	68	6	Strong	4	True	O4 + O7 may be combined (max +8)	0.4265				False
TP53	280	R	K	36	109	6	Strong	4	True	O4 + O7 may be combined (max +8)	0.4771				False
TP53	158	R	H	36	106	7	Strong	4	True	O4 + O7 may be combined (max +8)	0.5094				False
TP53	151	P	S	36	79	7	Strong	4	True	O4 + O7 may be combined (max +8)	0.4684				False
BCOR	1459	N	S	36	36	1	Moderate	2	False	Cap combined O4 + O7 at +4	0.6944				False
TP53	214	H	R	35	40	4	Moderate	2	False	Cap combined O4 + O7 at +4	0.425				False
TP53	91	W	*	35	35	1	Not applicable (nonsense/stop-loss/synonymous)	0	False	Cap combined O4 + O7 at +4	0.5143				False
PIK3CA	546	Q	K	35	93	6	Strong	4	True	O4 + O7 may be combined (max +8)	0.4301				False
TP53	266	G	E	35	117	6	Strong	4	True	O4 + O7 may be combined (max +8)	0.5128				False
TP53	205	Y	C	35	61	7	Strong	4	True	O4 + O7 may be combined (max +8)	0.3607				False
BRAF	469	G	A	34	61	7	Strong	4	True	O4 + O7 may be combined (max +8)	0.6066	NM_004333.6	p.G469A	Oncogenic	True
TP53	272	V	M	34	66	7	Strong	4	True	O4 + O7 may be combined (max +8)	0.4697				False
TP53	280	R	T	34	109	6	Strong	4	True	O4 + O7 may be combined (max +8)	0.4771				False
IDH2	172	R	K	33	63	7	Strong	4	True	O4 + O7 may be combined (max +8)	0.4921	NM_002168.4	p.R172K	Oncogenic	True
PPP2R1A	183	R	W	33	51	3	Strong	4	True	O4 + O7 may be combined (max +8)	0.6078				False
TP53	294	E	*	32	32	1	Not applicable (nonsense/stop-loss/synonymous)	0	False	Cap combined O4 + O7 at +4	0.4688				False
TP53	199	G	V	32	53	3	Strong	4	True	O4 + O7 may be combined (max +8)					False
FGFR3	373	Y	C	32	32	1	Moderate	2	False	Cap combined O4 + O7 at +4	0.5312				False
BRAF	601	K	E	32	38	3	Moderate	2	False	Cap combined O4 + O7 at +4	0.5	NM_004333.6	p.K601E	Oncogenic	True
TP53	317	Q	*	32	32	1	Not applicable (nonsense/stop-loss/synonymous)	0	False	Cap combined O4 + O7 at +4	0.375				False
KRAS	13	G	C	32	264	7	Strong	4	True	O4 + O7 may be combined (max +8)	0.6098	NM_004985.5	p.G13C	Oncogenic	True
SPOP	133	F	L	32	67	5	Strong	4	True	O4 + O7 may be combined (max +8)	0.4925				False
CTNNB1	33	S	C	32	96	6	Strong	4	True	O4 + O7 may be combined (max +8)	0.3854				False
H3F3A	28	K	M	32	33	2	Moderate	2	False	Cap combined O4 + O7 at +4	0.1212				False
ATM	337	R	C	31	40	2	Moderate	2	False	Cap combined O4 + O7 at +4	0.5				False
ERBB2	755	L	S	31	44	6	Moderate	2	True	O4 + O7 may be combined (max +8)	0.6364				False
FBXW7	479	R	Q	31	57	6	Strong	4	True	O4 + O7 may be combined (max +8)	0.5088				False
FGFR3	248	R	C	31	31	1	Moderate	2	False	Cap combined O4 + O7 at +4	0.6774				False
CTNNB1	45	S	F	31	71	5	Strong	4	True	O4 + O7 may be combined (max +8)	0.5634				False
FBXW7	505	R	G	31	83	6	Strong	4	True	O4 + O7 may be combined (max +8)	0.3855				False
TP53	193	H	Y	31	123	7	Strong	4	True	O4 + O7 may be combined (max +8)	0.4146				False
PIK3CA	546	Q	R	31	93	6	Strong	4	True	O4 + O7 may be combined (max +8)	0.4301				False
ERBB2	678	R	Q	31	32	2	Moderate	2	False	Cap combined O4 + O7 at +4	0.5625				False
PIK3CA	453	E	K	31	42	3	Moderate	2	True	O4 + O7 may be combined (max +8)	0.4762				False
TP53	245	G	V	31	242	7	Strong	4	True	O4 + O7 may be combined (max +8)	0.5041				False
TP53	127	S	F	31	48	6	Moderate	2	True	O4 + O7 may be combined (max +8)	0.5				False
TP53	132	K	N	30	83	7	Strong	4	True	O4 + O7 may be combined (max +8)	0.4337				False
TP53	194	L	R	30	49	4	Moderate	2	True	O4 + O7 may be combined (max +8)	0.449				False
TP53	176	C	Y	30	115	8	Strong	4	True	O4 + O7 may be combined (max +8)	0.4				False
CTNNB1	45	S	P	29	71	5	Strong	4	True	O4 + O7 may be combined (max +8)	0.5634				False
SF3B1	625	R	H	29	59	4	Strong	4	True	O4 + O7 may be combined (max +8)	0.5932	NM_012433.4	p.R625H	Oncogenic	True
BRAF	600	V	M	29	897	6	Strong	4	True	O4 + O7 may be combined (max +8)	0.32	NM_004333.6	p.V600M	Oncogenic	True
PPP2R1A	179	P	R	29	30	2	Moderate	2	False	Cap combined O4 + O7 at +4	0.5333				False
CTNNB1	33	S	F	29	96	6	Strong	4	True	O4 + O7 may be combined (max +8)	0.3854				False
ARID1A	1989	R	*	28	29	2	Not applicable (nonsense/stop-loss/synonymous)	0	False	Cap combined O4 + O7 at +4	0.3103				False
TP53	152	P	L	28	38	7	Moderate	2	True	O4 + O7 may be combined (max +8)	0.5789				False
IDH1	132	R	G	28	766	6	Strong	4	True	O4 + O7 may be combined (max +8)	0.3225	NM_005896.4	p.R132G	Oncogenic	True
HRAS	61	Q	K	28	102	4	Strong	4	True	O4 + O7 may be combined (max +8)	0.3725	NM_005343.4	p.Q61K	Oncogenic	True
CTNNB1	34	G	R	28	53	6	Strong	4	True	O4 + O7 may be combined (max +8)	0.3962				False
DNMT3A	882	R	H	28	39	3	Moderate	2	True	O4 + O7 may be combined (max +8)	0.2051	NM_022552.5	p.R882H	Oncogenic	True
APC	1367	Q	*	28	29	2	Not applicable (nonsense/stop-loss/synonymous)	0	False	Cap combined O4 + O7 at +4	0.5862				False
TP53	224	E	D	28	42	2	Moderate	2	True	O4 + O7 may be combined (max +8)					False
TP53	242	C	F	27	59	8	Strong	4	True	O4 + O7 may be combined (max +8)	0.4068				False
NRAS	61	Q	H	27	422	6	Strong	4	True	O4 + O7 may be combined (max +8)	0.391	NM_002524.5	p.Q61H	Oncogenic	True
CTNNB1	37	S	C	27	103	5	Strong	4	True	O4 + O7 may be combined (max +8)	0.4272				False
TP53	173	V	M	27	78	5	Strong	4	True	O4 + O7 may be combined (max +8)	0.4487				False
TP53	135	C	Y	27	74	7	Strong	4	True	O4 + O7 may be combined (max +8)	0.5				False
TP53	132	K	R	27	83	7	Strong	4	True	O4 + O7 may be combined (max +8)	0.4337				False
EGFR	598	G	V	27	33	3	Moderate	2	False	Cap combined O4 + O7 at +4	0.303				False
TP53	159	A	V	27	52	4	Strong	4	True	O4 + O7 may be combined (max +8)	0.3462				False
TP53	271	E	K	27	53	4	Strong	4	True	O4 + O7 may be combined (max +8)	0.5472				False
TP53	283	R	P	27	38	5	Moderate	2	True	O4 + O7 may be combined (max +8)					False
TP53	198	E	*	26	26	1	Not applicable (nonsense/stop-loss/synonymous)	0	False	Cap combined O4 + O7 at +4	0.3462				False
TP53	279	G	E	26	28	3	Moderate	2	False	Cap combined O4 + O7 at +4					False
SMARCA4	910	T	M	26	29	4	Moderate	2	False	Cap combined O4 + O7 at +4	0.5172				False
ERBB2	842	V	I	26	26	1	Moderate	2	False	Cap combined O4 + O7 at +4	0.3462				False
TP53	266	G	V	26	117	6	Strong	4	True	O4 + O7 may be combined (max +8)	0.5128				False
ESR1	537	Y	S	25	47	4	Moderate	2	True	O4 + O7 may be combined (max +8)	0.9149				False
TP53	110	R	L	25	43	4	Moderate	2	True	O4 + O7 may be combined (max +8)	0.4884				False
TP53	141	C	Y	25	47	7	Moderate	2	True	O4 + O7 may be combined (max +8)	0.4043				False
PIK3CA	108	R	H	25	29	3	Moderate	2	False	Cap combined O4 + O7 at +4	0.4138				False
TP53	213	R	Q	25	256	5	Strong	4	True	O4 + O7 may be combined (max +8)	0.4844				False
PIK3CA	1043	M	I	25	58	4	Strong	4	True	O4 + O7 may be combined (max +8)	0.4828				False
PIK3CA	1043	M	V	25	58	4	Strong	4	True	O4 + O7 may be combined (max +8)	0.4828				False
SF3B1	625	R	C	25	59	4	Strong	4	True	O4 + O7 may be combined (max +8)	0.5932	NM_012433.4	p.R625C	Oncogenic	True
TP53	275	C	F	25	70	7	Strong	4	True	O4 + O7 may be combined (max +8)	0.3857				False
XPO1	571	E	K	25	27	3	Moderate	2	False	Cap combined O4 + O7 at +4	0.3704	NM_003400.4	p.E571K	Oncogenic	True
MAPK1	322	E	K	24	26	3	Moderate	2	False	Cap combined O4 + O7 at +4	0.3846				False
TP53	156	R	P	24	37	6	Moderate	2	True	O4 + O7 may be combined (max +8)					False
BRAF	600	V	K	24	897	6	Strong	4	True	O4 + O7 may be combined (max +8)	0.32	NM_004333.6	p.V600K	Oncogenic	True
TP53	275	C	Y	24	70	7	Strong	4	True	O4 + O7 may be combined (max +8)	0.3857				False
TP53	135	C	F	24	74	7	Strong	4	True	O4 + O7 may be combined (max +8)	0.5				False
RAF1	257	S	L	24	25	2	Moderate	2	False	Cap combined O4 + O7 at +4	0.48				False
TP53	216	V	M	24	42	4	Moderate	2	True	O4 + O7 may be combined (max +8)	0.5				False
PIK3CA	81	E	K	24	25	2	Moderate	2	False	Cap combined O4 + O7 at +4	0.48				False
CDKN2A	114	P	L	24	31	6	Moderate	2	False	Cap combined O4 + O7 at +4	0.4839				False
PIK3CA	418	E	K	24	25	2	Moderate	2	False	Cap combined O4 + O7 at +4					False
BRAF	594	D	N	24	51	6	Strong	4	True	O4 + O7 may be combined (max +8)	0.6863				False
TP53	146	W	*	24	27	4	Not applicable (nonsense/stop-loss/synonymous)	0	False	Cap combined O4 + O7 at +4	0.4815				False
TP53	238	C	F	23	77	6	Strong	4	True	O4 + O7 may be combined (max +8)	0.4545				False
TP53	154	G	V	23	25	3	Moderate	2	False	Cap combined O4 + O7 at +4	0.6				False
APC	1378	Q	*	23	23	1	Not applicable (nonsense/stop-loss/synonymous)	0	False	Cap combined O4 + O7 at +4	0.3478				False
POLE	286	P	R	23	27	5	Moderate	2	False	Cap combined O4 + O7 at +4	0.2963	NM_006231.4	p.P286R	Oncogenic	True
TP53	159	A	P	23	52	4	Strong	4	True	O4 + O7 may be combined (max +8)	0.3462				False
RXRA	427	S	F	22	26	2	Moderate	2	False	Cap combined O4 + O7 at +4	0.0				False
PIK3CA	111	K	E	22	38	4	Moderate	2	True	O4 + O7 may be combined (max +8)	0.3158				False
HRAS	13	G	R	22	50	7	Strong	4	True	O4 + O7 may be combined (max +8)	0.3	NM_005343.4	p.G13R	Oncogenic	True
CTNNB1	32	D	Y	22	81	6	Strong	4	True	O4 + O7 may be combined (max +8)	0.3333				False
GNAQ	209	Q	L	22	65	3	Strong	4	True	O4 + O7 may be combined (max +8)	0.3846				False
TP53	245	G	C	22	242	7	Strong	4	True	O4 + O7 may be combined (max +8)	0.5041				False
TP53	104	Q	*	22	23	2	Not applicable (nonsense/stop-loss/synonymous)	0	False	Cap combined O4 + O7 at +4	0.3913				False
TP53	53	W	*	22	22	1	Not applicable (nonsense/stop-loss/synonymous)	0	False	Cap combined O4 + O7 at +4	0.4545				False
TP53	180	E	K	22	38	3	Moderate	2	True	O4 + O7 may be combined (max +8)					False
TP53	138	A	V	22	37	3	Moderate	2	True	O4 + O7 may be combined (max +8)					False
TP53	250	P	L	22	24	3	Moderate	2	False	Cap combined O4 + O7 at +4	0.4167				False
APC	1429	Q	*	22	23	2	Not applicable (nonsense/stop-loss/synonymous)	0	False	Cap combined O4 + O7 at +4	0.6957				False
HIST1H1C	180	A	A	21	22	2	Not applicable (nonsense/stop-loss/synonymous)	0	False	Cap combined O4 + O7 at +4	0.3636				False
SMAD2	464	S	*	21	21	1	Not applicable (nonsense/stop-loss/synonymous)	0	False	Cap combined O4 + O7 at +4	0.381				False
TP53	248	R	L	21	560	6	Strong	4	True	O4 + O7 may be combined (max +8)	0.4911				False
PIK3CA	545	E	G	21	633	5	Strong	4	True	O4 + O7 may be combined (max +8)	0.4929				False
KRAS	61	Q	L	21	190	7	Strong	4	True	O4 + O7 may be combined (max +8)	0.5053	NM_004985.5	p.Q61L	Oncogenic	True
TP53	244	G	D	21	65	8	Strong	4	True	O4 + O7 may be combined (max +8)	0.4923				False
ERBB3	104	V	L	21	61	2	Strong	4	True	O4 + O7 may be combined (max +8)	0.4754				False
BRAF	594	D	G	21	51	6	Strong	4	True	O4 + O7 may be combined (max +8)	0.6863	NM_004333.6	p.D594G	Oncogenic	True
FGFR2	549	N	K	21	26	4	Moderate	2	False	Cap combined O4 + O7 at +4	0.4615				False
EGFR	861	L	Q	21	21	1	Moderate	2	False	Cap combined O4 + O7 at +4	0.6667	NM_005228.5	p.L861Q	Oncogenic	True
MAX	60	R	Q	21	23	3	Moderate	2	False	Cap combined O4 + O7 at +4	0.5652				False
TP53	277	C	F	20	28	5	Moderate	2	False	Cap combined O4 + O7 at +4	0.6071				False
EP300	1399	D	N	20	23	3	Moderate	2	False	Cap combined O4 + O7 at +4	0.2174				False
TP53	337	R	L	20	68	6	Strong	4	True	O4 + O7 may be combined (max +8)	0.4265				False
TP53	215	S	I	20	50	6	Strong	4	True	O4 + O7 may be combined (max +8)	0.58				False
TP53	272	V	L	20	66	7	Strong	4	True	O4 + O7 may be combined (max +8)	0.4697				False
KRAS	61	Q	K	20	190	7	Strong	4	True	O4 + O7 may be combined (max +8)	0.5053	NM_004985.5	p.Q61K	Oncogenic	True
PIK3CA	545	E	Q	20	633	5	Strong	4	True	O4 + O7 may be combined (max +8)	0.4929				False
IDH2	140	R	Q	20	23	3	Moderate	2	False	Cap combined O4 + O7 at +4	0.0435	NM_002168.4	p.R140Q	Oncogenic	True
TP53	259	D	Y	19	31	5	Moderate	2	True	O4 + O7 may be combined (max +8)	0.5161				False
PPP6C	264	R	C	19	19	1	Moderate	2	False	Cap combined O4 + O7 at +4	0.2632				False
MYCN	44	P	L	19	20	2	Moderate	2	False	Cap combined O4 + O7 at +4	0.5				False
NFE2L2	29	D	H	19	30	4	Moderate	2	True	O4 + O7 may be combined (max +8)	0.2333				False
TP53	239	N	S	19	41	5	Moderate	2	True	O4 + O7 may be combined (max +8)	0.4878				False
GTF2I	440	N	S	19	19	1	Moderate	2	False	Cap combined O4 + O7 at +4	0.0				False
PIK3CA	546	Q	P	19	93	6	Strong	4	True	O4 + O7 may be combined (max +8)	0.4301				False
TP53	241	S	C	19	97	7	Strong	4	True	O4 + O7 may be combined (max +8)	0.4639				False
SPOP	133	F	V	19	67	5	Strong	4	True	O4 + O7 may be combined (max +8)	0.4925				False
KRAS	60	G	G	19	24	4	Not applicable (nonsense/stop-loss/synonymous)	0	False	Cap combined O4 + O7 at +4	0.5				False
CDH1	23	Q	*	19	19	1	Not applicable (nonsense/stop-loss/synonymous)	0	False	Cap combined O4 + O7 at +4	0.5263				False
APC	1397	E	*	19	19	1	Not applicable (nonsense/stop-loss/synonymous)	0	False	Cap combined O4 + O7 at +4	0.5263				False
TP53	167	Q	*	19	19	1	Not applicable (nonsense/stop-loss/synonymous)	0	False	Cap combined O4 + O7 at +4	0.4737				False
TP53	195	I	F	19	79	7	Strong	4	True	O4 + O7 may be combined (max +8)	0.3291				False
TP53	193	H	L	19	123	7	Strong	4	True	O4 + O7 may be combined (max +8)	0.4146				False
CTNNB1	41	T	I	19	66	3	Strong	4	True	O4 + O7 may be combined (max +8)	0.4394				False
TP53	244	G	C	19	65	8	Strong	4	True	O4 + O7 may be combined (max +8)	0.4923				False
NRAS	13	G	R	18	41	6	Moderate	2	True	O4 + O7 may be combined (max +8)	0.4146	NM_002524.5	p.G13R	Oncogenic	True
CTNNB1	32	D	N	18	81	6	Strong	4	True	O4 + O7 may be combined (max +8)	0.3333				False
AR	702	L	H	18	19	2	Moderate	2	False	Cap combined O4 + O7 at +4	0.5263				False
TP53	239	N	D	18	41	5	Moderate	2	True	O4 + O7 may be combined (max +8)	0.4878				False
PIK3CA	93	R	Q	18	31	3	Moderate	2	True	O4 + O7 may be combined (max +8)	0.4194				False
POLE	411	V	L	18	18	1	Moderate	2	False	Cap combined O4 + O7 at +4	0.3333	NM_006231.4	p.V411L	Oncogenic	True
FGFR2	252	S	W	18	22	3	Moderate	2	False	Cap combined O4 + O7 at +4	0.4545				False
ERBB3	297	D	Y	18	22	5	Moderate	2	False	Cap combined O4 + O7 at +4	0.4545				False
PIK3R1	376	G	R	18	18	1	Moderate	2	False	Cap combined O4 + O7 at +4	0.3889				False
CDKN2A	81	P	L	18	24	5	Moderate	2	False	Cap combined O4 + O7 at +4					False
EGFR	719	G	A	18	33	4	Moderate	2	True	O4 + O7 may be combined (max +8)	0.697	NM_005228.5	p.G719A	Oncogenic	True
KEAP1	362	R	Q	18	20	3	Moderate	2	False	Cap combined O4 + O7 at +4					False
PIK3CA	1047	H	Y	18	647	4	Strong	4	True	O4 + O7 may be combined (max +8)	0.527				False
CDKN2A	88	E	*	18	27	3	Not applicable (nonsense/stop-loss/synonymous)	0	False	Cap combined O4 + O7 at +4	0.4815				False
APC	1406	Q	*	18	19	2	Not applicable (nonsense/stop-loss/synonymous)	0	False	Cap combined O4 + O7 at +4	0.5789				False
TP53	262	G	V	17	17	1	Moderate	2	False	Cap combined O4 + O7 at +4	0.4118				False
FGFR1	577	N	K	17	19	2	Moderate	2	False	Cap combined O4 + O7 at +4	0.4737				False
KRAS	117	K	N	17	18	2	Moderate	2	False	Cap combined O4 + O7 at +4	0.5				False
EGFR	108	R	K	17	19	2	Moderate	2	False	Cap combined O4 + O7 at +4	0.5789				False
PIK3R1	564	N	D	17	17	1	Moderate	2	False	Cap combined O4 + O7 at +4	0.5294				False
PTEN	173	R	H	17	32	3	Moderate	2	True	O4 + O7 may be combined (max +8)	0.6562				False
NOTCH1	465	A	T	17	17	1	Moderate	2	False	Cap combined O4 + O7 at +4					False
KRAS	14	V	I	17	18	2	Moderate	2	False	Cap combined O4 + O7 at +4					False
ERBB2	777	V	L	17	20	2	Moderate	2	False	Cap combined O4 + O7 at +4	0.5				False
APC	1338	Q	*	17	17	1	Not applicable (nonsense/stop-loss/synonymous)	0	False	Cap combined O4 + O7 at +4	0.6471				False
TP53	144	Q	*	17	23	4	Not applicable (nonsense/stop-loss/synonymous)	0	False	Cap combined O4 + O7 at +4	0.3478				False
NFE2L2	79	E	Q	17	34	6	Moderate	2	True	O4 + O7 may be combined (max +8)	0.2941				False
NF1	440	R	*	17	19	2	Not applicable (nonsense/stop-loss/synonymous)	0	False	Cap combined O4 + O7 at +4	0.5789				False
BRAF	466	G	V	17	34	3	Moderate	2	True	O4 + O7 may be combined (max +8)	0.4412				False
MED12	23	D	Y	17	18	2	Moderate	2	False	Cap combined O4 + O7 at +4					False
CIC	215	R	W	17	25	3	Moderate	2	False	Cap combined O4 + O7 at +4	0.44				False
TP53	213	R	L	17	256	5	Strong	4	True	O4 + O7 may be combined (max +8)	0.4844				False
ERBB2	310	S	Y	17	113	3	Strong	4	True	O4 + O7 may be combined (max +8)	0.531				False
TP53	249	R	M	17	102	7	Strong	4	True	O4 + O7 may be combined (max +8)	0.4608				False
PPP2R1A	183	R	Q	17	51	3	Strong	4	True	O4 + O7 may be combined (max +8)	0.6078				False
TP53	278	P	L	17	100	7	Strong	4	True	O4 + O7 may be combined (max +8)	0.51				False
TP53	280	R	G	17	109	6	Strong	4	True	O4 + O7 may be combined (max +8)	0.4771				False
ARID1A	693	R	*	16	16	1	Not applicable (nonsense/stop-loss/synonymous)	0	False	Cap combined O4 + O7 at +4	0.5				False
SPOP	50	E	K	16	17	2	Moderate	2	False	Cap combined O4 + O7 at +4					False
PIK3R1	348	R	*	16	16	1	Not applicable (nonsense/stop-loss/synonymous)	0	False	Cap combined O4 + O7 at +4	0.125				False
CDKN2A	120	E	*	16	18	3	Not applicable (nonsense/stop-loss/synonymous)	0	False	Cap combined O4 + O7 at +4	0.3333				False
SMAD4	445	R	*	16	17	2	Not applicable (nonsense/stop-loss/synonymous)	0	False	Cap combined O4 + O7 at +4	0.5882				False
NF1	2450	R	*	16	17	2	Not applicable (nonsense/stop-loss/synonymous)	0	False	Cap combined O4 + O7 at +4	0.3529				False
FBXW7	367	R	*	16	17	2	Not applicable (nonsense/stop-loss/synonymous)	0	False	Cap combined O4 + O7 at +4	0.2353				False
KDM6A	555	Q	*	16	16	1	Not applicable (nonsense/stop-loss/synonymous)	0	False	Cap combined O4 + O7 at +4	0.1875				False
CTNNB1	33	S	P	16	96	6	Strong	4	True	O4 + O7 may be combined (max +8)	0.3854				False
TP53	136	Q	*	16	31	5	Not applicable (nonsense/stop-loss/synonymous)	0	True	O4 + O7 may be combined (max +8)	0.3871				False
CDKN2A	50	Q	*	16	23	3	Not applicable (nonsense/stop-loss/synonymous)	0	False	Cap combined O4 + O7 at +4	0.2609				False
KRAS	146	A	V	16	86	3	Strong	4	True	O4 + O7 may be combined (max +8)	0.6047				False
TP53	125	T	M	16	30	5	Moderate	2	True	O4 + O7 may be combined (max +8)	0.5667				False
CTNNB1	32	D	V	16	81	6	Strong	4	True	O4 + O7 may be combined (max +8)	0.3333				False
CTNNB1	32	D	G	16	81	6	Strong	4	True	O4 + O7 may be combined (max +8)	0.3333				False
HRAS	61	Q	L	16	102	4	Strong	4	True	O4 + O7 may be combined (max +8)	0.3725	NM_005343.4	p.Q61L	Oncogenic	True
IDH1	132	R	S	16	766	6	Strong	4	True	O4 + O7 may be combined (max +8)	0.3225	NM_005896.4	p.R132S	Oncogenic	True
RB1	661	R	W	16	16	1	Moderate	2	False	Cap combined O4 + O7 at +4					False
PIK3CA	1049	G	R	16	17	2	Moderate	2	False	Cap combined O4 + O7 at +4	0.6471				False
TP53	246	M	V	16	37	6	Moderate	2	True	O4 + O7 may be combined (max +8)	0.6216				False
NFE2L2	34	R	G	16	34	5	Moderate	2	True	O4 + O7 may be combined (max +8)	0.4412				False
CTNNB1	335	K	I	16	19	2	Moderate	2	False	Cap combined O4 + O7 at +4	0.4211				False
ALK	1275	R	Q	16	18	3	Moderate	2	False	Cap combined O4 + O7 at +4	0.3333	NM_004304.5	p.R1275Q	Oncogenic	True
STK19	89	D	N	16	18	2	Moderate	2	False	Cap combined O4 + O7 at +4	0.0				False
ERCC2	238	N	S	16	16	1	Moderate	2	False	Cap combined O4 + O7 at +4	0.25				False
MED12	1224	L	F	16	18	2	Moderate	2	False	Cap combined O4 + O7 at +4	0.3889				False
AR	875	H	Y	16	16	1	Moderate	2	False	Cap combined O4 + O7 at +4	0.625				False
RHOA	17	G	V	16	36	3	Moderate	2	True	O4 + O7 may be combined (max +8)	0.8611	NM_001664.4	p.G17V	Oncogenic	True
NUP93	14	E	K	16	16	1	Moderate	2	False	Cap combined O4 + O7 at +4	0.375				False
MAP2K1	57	K	N	16	29	3	Moderate	2	True	O4 + O7 may be combined (max +8)	0.6207				False
NRAS	13	G	D	16	41	6	Moderate	2	True	O4 + O7 may be combined (max +8)	0.4146	NM_002524.5	p.G13D	Oncogenic	True
ARID2	297	S	F	16	20	2	Moderate	2	False	Cap combined O4 + O7 at +4	0.55				False
RUNX1	204	R	Q	15	18	3	Moderate	2	False	Cap combined O4 + O7 at +4					False
MAP2K1	67	D	N	15	16	2	Moderate	2	False	Cap combined O4 + O7 at +4					False
TP53	165	Q	*	15	16	2	Not applicable (nonsense/stop-loss/synonymous)	0	False	Cap combined O4 + O7 at +4	0.6875				False
APC	1353	E	*	15	15	1	Not applicable (nonsense/stop-loss/synonymous)	0	False	Cap combined O4 + O7 at +4	0.6				False
RB1	251	R	*	15	16	2	Not applicable (nonsense/stop-loss/synonymous)	0	False	Cap combined O4 + O7 at +4	0.5625				False
FBXW7	658	R	*	15	20	3	Not applicable (nonsense/stop-loss/synonymous)	0	False	Cap combined O4 + O7 at +4	0.3				False
NUP93	15	Q	*	15	16	2	Not applicable (nonsense/stop-loss/synonymous)	0	False	Cap combined O4 + O7 at +4	0.5625				False
TP53	285	E	*	15	99	5	Not applicable (nonsense/stop-loss/synonymous)	0	True	O4 + O7 may be combined (max +8)	0.5253				False
RHOA	17	G	E	15	36	3	Moderate	2	True	O4 + O7 may be combined (max +8)	0.8611				False
MAP2K1	124	P	S	15	25	6	Moderate	2	True	O4 + O7 may be combined (max +8)	0.2				False
ERBB3	928	E	G	15	17	2	Moderate	2	False	Cap combined O4 + O7 at +4	0.8235				False
SMAD4	496	R	H	15	17	2	Moderate	2	False	Cap combined O4 + O7 at +4					False
TP53	267	R	W	15	36	6	Moderate	2	True	O4 + O7 may be combined (max +8)	0.5				False
PTPRD	431	S	L	15	17	3	Moderate	2	False	Cap combined O4 + O7 at +4	0.3529				False
EGFR	222	R	C	15	16	2	Moderate	2	False	Cap combined O4 + O7 at +4	0.5625				False
PTEN	36	G	R	15	23	4	Moderate	2	False	Cap combined O4 + O7 at +4					False
RRAS2	24	G	D	15	19	4	Moderate	2	False	Cap combined O4 + O7 at +4					False
HRAS	13	G	V	15	50	7	Strong	4	True	O4 + O7 may be combined (max +8)	0.3	NM_005343.4	p.G13V	Oncogenic	True
TP53	249	R	G	15	102	7	Strong	4	True	O4 + O7 may be combined (max +8)	0.4608				False
TP53	241	S	Y	15	97	7	Strong	4	True	O4 + O7 may be combined (max +8)	0.4639				False
TP53	244	G	S	15	65	8	Strong	4	True	O4 + O7 may be combined (max +8)	0.4923				False
TP53	199	G	E	15	53	3	Strong	4	True	O4 + O7 may be combined (max +8)					False
TP53	106	S	R	15	16	2	Moderate	2	False	Cap combined O4 + O7 at +4					False
TP53	286	E	*	14	73	6	Not applicable (nonsense/stop-loss/synonymous)	0	True	O4 + O7 may be combined (max +8)	0.4795				False
TP53	224	E	*	14	42	2	Not applicable (nonsense/stop-loss/synonymous)	0	True	O4 + O7 may be combined (max +8)					False
TP53	271	E	*	14	53	4	Not applicable (nonsense/stop-loss/synonymous)	0	True	O4 + O7 may be combined (max +8)	0.5472				False
ATM	250	R	*	14	15	2	Not applicable (nonsense/stop-loss/synonymous)	0	False	Cap combined O4 + O7 at +4	0.3333				False
RB1	320	R	*	14	14	1	Not applicable (nonsense/stop-loss/synonymous)	0	False	Cap combined O4 + O7 at +4	0.4286				False
ARID1A	1276	R	*	14	15	2	Not applicable (nonsense/stop-loss/synonymous)	0	False	Cap combined O4 + O7 at +4	0.6667				False
TP53	258	E	*	14	47	8	Not applicable (nonsense/stop-loss/synonymous)	0	True	O4 + O7 may be combined (max +8)	0.5957				False
EGFR	289	A	T	14	59	5	Strong	4	True	O4 + O7 may be combined (max +8)	0.4576				False
TP53	266	G	*	14	117	6	Not applicable (nonsense/stop-loss/synonymous)	0	True	O4 + O7 may be combined (max +8)	0.5128				False
CTNNB1	34	G	V	14	53	6	Strong	4	True	O4 + O7 may be combined (max +8)	0.3962				False
TP53	281	D	N	14	69	9	Strong	4	True	O4 + O7 may be combined (max +8)	0.5217				False
TP53	179	H	L	14	149	7	Strong	4	True	O4 + O7 may be combined (max +8)	0.3758				False
TP53	175	R	G	14	416	4	Strong	4	True	O4 + O7 may be combined (max +8)	0.5024				False
TP53	281	D	E	14	69	9	Strong	4	True	O4 + O7 may be combined (max +8)	0.5217				False
TP53	180	E	*	14	38	3	Not applicable (nonsense/stop-loss/synonymous)	0	True	O4 + O7 may be combined (max +8)					False
TP53	132	K	E	14	83	7	Strong	4	True	O4 + O7 may be combined (max +8)	0.4337				False
RRAS2	23	G	D	14	35	5	Moderate	2	True	O4 + O7 may be combined (max +8)					False
FGFR2	382	C	R	14	15	2	Moderate	2	False	Cap combined O4 + O7 at +4	0.6				False
PIK3CB	470	E	K	14	14	1	Moderate	2	False	Cap combined O4 + O7 at +4					False
TP63	379	R	C	14	17	3	Moderate	2	False	Cap combined O4 + O7 at +4	0.3529				False
MAP2K1	203	E	K	14	16	2	Moderate	2	False	Cap combined O4 + O7 at +4	0.625				False
FBXW7	689	R	W	14	19	2	Moderate	2	False	Cap combined O4 + O7 at +4	0.4211				False
ERBB3	232	A	V	14	15	2	Moderate	2	False	Cap combined O4 + O7 at +4	0.6667				False
TP53	258	E	K	14	47	8	Moderate	2	True	O4 + O7 may be combined (max +8)	0.5957				False
PTEN	173	R	C	14	32	3	Moderate	2	True	O4 + O7 may be combined (max +8)	0.6562				False
KIT	576	L	P	14	14	1	Moderate	2	False	Cap combined O4 + O7 at +4	0.7143	NM_000222.3	p.L576P	Oncogenic	True
CDKN2A	108	D	Y	14	29	5	Moderate	2	True	O4 + O7 may be combined (max +8)	0.5172				False
ESR1	380	E	Q	14	14	1	Moderate	2	False	Cap combined O4 + O7 at +4	0.9286				False
SMARCA4	920	E	K	14	14	1	Moderate	2	False	Cap combined O4 + O7 at +4					False
EGFR	768	S	I	14	15	2	Moderate	2	False	Cap combined O4 + O7 at +4	0.6667	NM_005228.5	p.S768I	Oncogenic	True
AR	878	T	A	14	15	2	Moderate	2	False	Cap combined O4 + O7 at +4	0.2667				False
HRAS	12	G	D	14	38	6	Moderate	2	True	O4 + O7 may be combined (max +8)	0.2895	NM_005343.4	p.G12D	Oncogenic	True
HRAS	12	G	S	14	38	6	Moderate	2	True	O4 + O7 may be combined (max +8)	0.2895	NM_005343.4	p.G12S	Oncogenic	True
PIK3CA	111	K	N	14	38	4	Moderate	2	True	O4 + O7 may be combined (max +8)	0.3158				False
KIT	822	N	K	14	21	3	Moderate	2	False	Cap combined O4 + O7 at +4	0.619	NM_000222.3	p.N822K	Likely Oncogenic	True
BRAF	466	G	E	14	34	3	Moderate	2	True	O4 + O7 may be combined (max +8)	0.4412				False
CREBBP	1446	R	C	14	33	6	Moderate	2	True	O4 + O7 may be combined (max +8)	0.3636				False
TP53	274	V	F	14	46	5	Moderate	2	True	O4 + O7 may be combined (max +8)	0.4783				False
RHOA	42	Y	C	14	19	4	Moderate	2	False	Cap combined O4 + O7 at +4	0.2105				False
PIK3CA	106	G	V	14	22	4	Moderate	2	False	Cap combined O4 + O7 at +4	0.5455				False
TP53	151	P	H	13	79	7	Strong	4	True	O4 + O7 may be combined (max +8)	0.4684				False
TP53	281	D	Y	13	69	9	Strong	4	True	O4 + O7 may be combined (max +8)	0.5217				False
TP53	215	S	R	13	50	6	Strong	4	True	O4 + O7 may be combined (max +8)	0.58				False
EZH2	646	Y	F	13	38	6	Moderate	2	True	O4 + O7 may be combined (max +8)	0.3684	NM_004456.5	p.Y646F	Oncogenic	True
FGFR2	659	K	E	13	21	4	Moderate	2	False	Cap combined O4 + O7 at +4					False
TP53	278	P	A	13	100	7	Strong	4	True	O4 + O7 may be combined (max +8)	0.51				False
EGFR	797	C	S	13	13	1	Moderate	2	False	Cap combined O4 + O7 at +4					False
EZH2	646	Y	N	13	38	6	Moderate	2	True	O4 + O7 may be combined (max +8)	0.3684	NM_004456.5	p.Y646N	Oncogenic	True
BRAF	581	N	S	13	21	6	Moderate	2	False	Cap combined O4 + O7 at +4	0.4762				False
KEAP1	271	V	L	13	17	2	Moderate	2	False	Cap combined O4 + O7 at +4					False
MYC	59	A	V	13	14	2	Moderate	2	False	Cap combined O4 + O7 at +4					False
SMAD4	406	A	V	13	18	3	Moderate	2	False	Cap combined O4 + O7 at +4					False
TCF7L2	452	G	R	13	13	1	Moderate	2	False	Cap combined O4 + O7 at +4					False
TCF7L2	420	R	W	13	14	2	Moderate	2	False	Cap combined O4 + O7 at +4					False
TP53	105	G	C	13	28	6	Moderate	2	True	O4 + O7 may be combined (max +8)	0.5				False
TP53	211	T	I	13	19	4	Moderate	2	False	Cap combined O4 + O7 at +4					False
TP53	334	G	V	13	20	3	Moderate	2	False	Cap combined O4 + O7 at +4					False
PTEN	171	Q	*	13	16	3	Not applicable (nonsense/stop-loss/synonymous)	0	False	Cap combined O4 + O7 at +4	0.6875				False
APC	1408	E	*	13	13	1	Not applicable (nonsense/stop-loss/synonymous)	0	False	Cap combined O4 + O7 at +4	0.4615				False
RB1	552	R	*	13	13	1	Not applicable (nonsense/stop-loss/synonymous)	0	False	Cap combined O4 + O7 at +4	0.3077				False
APC	935	Y	*	13	13	1	Not applicable (nonsense/stop-loss/synonymous)	0	False	Cap combined O4 + O7 at +4	0.5385				False
TP53	240	S	G	13	23	3	Moderate	2	True	O4 + O7 may be combined (max +8)					False
KNSTRN	24	S	F	13	13	1	Moderate	2	False	Cap combined O4 + O7 at +4	0.0				False
NFE2L2	82	E	D	13	21	4	Moderate	2	False	Cap combined O4 + O7 at +4	0.3333				False
PIK3CA	344	V	G	13	26	3	Moderate	2	True	O4 + O7 may be combined (max +8)	0.5769				False
ARID1A	1721	R	*	13	13	1	Not applicable (nonsense/stop-loss/synonymous)	0	False	Cap combined O4 + O7 at +4	0.4615				False
STK11	223	E	*	13	15	3	Not applicable (nonsense/stop-loss/synonymous)	0	False	Cap combined O4 + O7 at +4	0.8				False
ERBB3	332	E	K	13	14	2	Moderate	2	False	Cap combined O4 + O7 at +4	0.3571				False
TP53	130	L	V	13	30	5	Moderate	2	True	O4 + O7 may be combined (max +8)	0.5333				False
SF3B1	902	E	K	13	17	3	Moderate	2	False	Cap combined O4 + O7 at +4	0.4706				False
PIK3CA	901	C	F	13	13	1	Moderate	2	False	Cap combined O4 + O7 at +4	0.4615				False
ERBB3	284	G	R	13	13	1	Moderate	2	False	Cap combined O4 + O7 at +4	0.5385				False
EGFR	709	E	K	13	16	3	Moderate	2	False	Cap combined O4 + O7 at +4	0.75				False
TP53	179	H	Q	12	149	7	Strong	4	True	O4 + O7 may be combined (max +8)	0.3758				False
TP53	280	R	I	12	109	6	Strong	4	True	O4 + O7 may be combined (max +8)	0.4771				False
PTEN	335	R	*	12	14	3	Not applicable (nonsense/stop-loss/synonymous)	0	False	Cap combined O4 + O7 at +4	0.2143				False
TP53	278	P	T	12	100	7	Strong	4	True	O4 + O7 may be combined (max +8)	0.51				False
TP53	273	R	S	12	609	6	Strong	4	True	O4 + O7 may be combined (max +8)	0.4696				False
ARID1A	1335	R	*	12	12	1	Not applicable (nonsense/stop-loss/synonymous)	0	False	Cap combined O4 + O7 at +4	0.25				False
ARID1A	2158	R	*	12	15	3	Not applicable (nonsense/stop-loss/synonymous)	0	False	Cap combined O4 + O7 at +4	0.4				False
TP53	278	P	R	12	100	7	Strong	4	True	O4 + O7 may be combined (max +8)	0.51				False
IDH1	132	R	L	12	766	6	Strong	4	True	O4 + O7 may be combined (max +8)	0.3225	NM_005896.4	p.R132L	Oncogenic	True
PIK3CA	545	E	A	12	633	5	Strong	4	True	O4 + O7 may be combined (max +8)	0.4929				False
KRAS	19	L	F	12	12	1	Moderate	2	False	Cap combined O4 + O7 at +4	0.3333				False
TP53	242	C	Y	12	59	8	Strong	4	True	O4 + O7 may be combined (max +8)	0.4068				False
TP53	168	H	R	12	19	4	Moderate	2	False	Cap combined O4 + O7 at +4	0.5263				False
TGFBR1	241	S	L	12	15	3	Moderate	2	False	Cap combined O4 + O7 at +4	0.5333				False
RAC1	178	A	V	12	12	1	Moderate	2	False	Cap combined O4 + O7 at +4	0.1667				False
TP53	143	V	M	12	26	4	Moderate	2	True	O4 + O7 may be combined (max +8)	0.4615				False
ERBB2	769	D	Y	12	18	2	Moderate	2	False	Cap combined O4 + O7 at +4	0.4444				False
TP53	134	F	L	12	24	5	Moderate	2	True	O4 + O7 may be combined (max +8)	0.625				False
SPOP	131	W	G	12	23	5	Moderate	2	True	O4 + O7 may be combined (max +8)	0.3913				False
MTOR	2215	S	Y	12	22	3	Moderate	2	True	O4 + O7 may be combined (max +8)	0.3182				False
CDKN2A	84	D	N	12	26	6	Moderate	2	True	O4 + O7 may be combined (max +8)	0.5385				False
PIK3R1	567	K	E	12	12	1	Moderate	2	False	Cap combined O4 + O7 at +4	0.5833				False
PIK3CA	1044	N	K	12	14	2	Moderate	2	False	Cap combined O4 + O7 at +4	0.5				False
SPOP	102	F	C	12	24	5	Moderate	2	True	O4 + O7 may be combined (max +8)	0.4583				False
TP53	194	L	F	12	49	4	Moderate	2	True	O4 + O7 may be combined (max +8)	0.449				False
KIT	642	K	E	12	14	3	Moderate	2	False	Cap combined O4 + O7 at +4	0.4286				False
TP53	255	I	F	12	32	5	Moderate	2	True	O4 + O7 may be combined (max +8)	0.5625				False
MAP2K1	53	F	L	12	17	4	Moderate	2	False	Cap combined O4 + O7 at +4	0.2353				False
TP53	274	V	A	12	46	5	Moderate	2	True	O4 + O7 may be combined (max +8)	0.4783				False
FOXL2	134	C	W	12	12	1	Moderate	2	False	Cap combined O4 + O7 at +4	1.0				False
PIK3CA	93	R	W	12	31	3	Moderate	2	True	O4 + O7 may be combined (max +8)	0.4194				False
ERBB4	1289	S	A	12	12	1	Moderate	2	False	Cap combined O4 + O7 at +4	0.0				False
ERBB3	91	M	I	12	12	1	Moderate	2	False	Cap combined O4 + O7 at +4	0.3333				False
MTOR	1799	E	K	12	12	1	Moderate	2	False	Cap combined O4 + O7 at +4	0.3333				False
TP53	161	A	T	12	26	5	Moderate	2	True	O4 + O7 may be combined (max +8)	0.3462				False
DICER1	1705	E	K	12	17	4	Moderate	2	False	Cap combined O4 + O7 at +4					False
TP53	290	R	H	12	16	3	Moderate	2	False	Cap combined O4 + O7 at +4					False
TP53	139	K	N	12	21	5	Moderate	2	False	Cap combined O4 + O7 at +4					False
TP53	138	A	P	12	37	3	Moderate	2	True	O4 + O7 may be combined (max +8)					False
PPP2R1A	219	S	L	12	13	2	Moderate	2	False	Cap combined O4 + O7 at +4					False
KEAP1	422	D	N	12	15	3	Moderate	2	False	Cap combined O4 + O7 at +4					False
PPP2R1A	257	W	L	12	22	4	Moderate	2	True	O4 + O7 may be combined (max +8)					False
CDKN2A	112	R	C	12	22	5	Moderate	2	True	O4 + O7 may be combined (max +8)					False
TP53	190	P	L	12	17	4	Moderate	2	False	Cap combined O4 + O7 at +4	0.5882				False
TP53	172	V	F	12	18	3	Moderate	2	False	Cap combined O4 + O7 at +4	0.4444				False
PAK7	173	M	I	12	12	1	Moderate	2	False	Cap combined O4 + O7 at +4	0.4167				False
NRAS	12	G	C	11	74	6	Strong	4	True	O4 + O7 may be combined (max +8)	0.473	NM_002524.5	p.G12C	Oncogenic	True
APC	1379	E	*	11	11	1	Not applicable (nonsense/stop-loss/synonymous)	0	False	Cap combined O4 + O7 at +4	0.8182				False
CTNNB1	33	S	Y	11	96	6	Strong	4	True	O4 + O7 may be combined (max +8)	0.3854				False
ATRX	1426	R	*	11	12	2	Not applicable (nonsense/stop-loss/synonymous)	0	False	Cap combined O4 + O7 at +4	0.25				False
RB1	579	R	*	11	11	1	Not applicable (nonsense/stop-loss/synonymous)	0	False	Cap combined O4 + O7 at +4	0.5455				False
PBRM1	1160	R	*	11	13	3	Not applicable (nonsense/stop-loss/synonymous)	0	False	Cap combined O4 + O7 at +4	0.3846				False
STAG2	216	R	*	11	14	3	Not applicable (nonsense/stop-loss/synonymous)	0	False	Cap combined O4 + O7 at +4	0.3571				False
TP53	158	R	P	11	106	7	Strong	4	True	O4 + O7 may be combined (max +8)	0.5094				False
TP53	163	Y	H	11	79	5	Strong	4	True	O4 + O7 may be combined (max +8)	0.4304				False
BRAF	469	G	V	11	61	7	Strong	4	True	O4 + O7 may be combined (max +8)	0.6066				False
TP53	249	R	T	11	102	7	Strong	4	True	O4 + O7 may be combined (max +8)	0.4608				False
TP53	249	R	W	11	102	7	Strong	4	True	O4 + O7 may be combined (max +8)	0.4608				False
TP53	151	P	A	11	79	7	Strong	4	True	O4 + O7 may be combined (max +8)	0.4684				False
EPHA3	136	R	*	11	11	1	Not applicable (nonsense/stop-loss/synonymous)	0	False	Cap combined O4 + O7 at +4	0.4545				False
TP53	248	R	P	11	560	6	Strong	4	True	O4 + O7 may be combined (max +8)	0.4911				False
RNF43	132	R	*	11	11	1	Not applicable (nonsense/stop-loss/synonymous)	0	False	Cap combined O4 + O7 at +4	0.4545				False
TCF7L2	448	R	Q	11	22	3	Moderate	2	True	O4 + O7 may be combined (max +8)					False
FUBP1	430	R	C	11	12	2	Moderate	2	False	Cap combined O4 + O7 at +4	0.3333				False
SMARCA4	1232	G	S	11	17	4	Moderate	2	False	Cap combined O4 + O7 at +4	0.2941				False
INPPL1	1185	A	D	11	11	1	Moderate	2	False	Cap combined O4 + O7 at +4	0.0				False
PIK3CA	365	E	K	11	13	2	Moderate	2	False	Cap combined O4 + O7 at +4	0.4615				False
PTPRT	548	E	K	11	12	2	Moderate	2	False	Cap combined O4 + O7 at +4	0.3333				False
RHOA	47	E	K	11	11	1	Moderate	2	False	Cap combined O4 + O7 at +4	0.7273				False
STK11	216	S	F	11	12	2	Moderate	2	False	Cap combined O4 + O7 at +4	0.6667				False
MYC	161	S	L	11	11	1	Moderate	2	False	Cap combined O4 + O7 at +4	0.4545				False
TP63	609	E	K	11	11	1	Moderate	2	False	Cap combined O4 + O7 at +4	0.4545				False
RIT1	90	M	I	11	11	1	Moderate	2	False	Cap combined O4 + O7 at +4	0.4545				False
SMAD4	118	A	V	11	11	1	Moderate	2	False	Cap combined O4 + O7 at +4	0.8182				False
AKT1	80	W	R	11	11	1	Moderate	2	False	Cap combined O4 + O7 at +4					False
ERCC2	44	S	L	11	11	1	Moderate	2	False	Cap combined O4 + O7 at +4					False
SPOP	47	E	K	11	15	4	Moderate	2	False	Cap combined O4 + O7 at +4					False
STK11	304	R	W	11	12	2	Moderate	2	False	Cap combined O4 + O7 at +4					False
TP53	145	L	P	11	30	3	Moderate	2	True	O4 + O7 may be combined (max +8)					False
TP53	174	R	W	11	16	4	Moderate	2	False	Cap combined O4 + O7 at +4					False
TP53	110	R	P	11	43	4	Moderate	2	True	O4 + O7 may be combined (max +8)	0.4884				False
FGFR3	380	G	R	11	11	1	Moderate	2	False	Cap combined O4 + O7 at +4	0.6364				False
SMARCB1	377	R	H	11	17	3	Moderate	2	False	Cap combined O4 + O7 at +4	0.7647				False
ALK	1174	F	L	11	14	3	Moderate	2	False	Cap combined O4 + O7 at +4	0.2857	NM_004304.5	p.F1174L	Oncogenic	True
ESR1	537	Y	C	11	47	4	Moderate	2	True	O4 + O7 may be combined (max +8)	0.9149				False
B2M	1	M	I	11	41	6	Moderate	2	True	O4 + O7 may be combined (max +8)	0.3659				False
B2M	1	M	L	11	41	6	Moderate	2	True	O4 + O7 may be combined (max +8)	0.3659				False
NFE2L2	34	R	Q	11	34	5	Moderate	2	True	O4 + O7 may be combined (max +8)	0.4412				False
FLT3	835	D	Y	11	17	4	Moderate	2	False	Cap combined O4 + O7 at +4	0.0	NM_004119.3	p.D835Y	Oncogenic	True
NFE2L2	79	E	K	11	34	6	Moderate	2	True	O4 + O7 may be combined (max +8)	0.2941				False
CIC	202	R	W	11	13	2	Moderate	2	False	Cap combined O4 + O7 at +4	0.4615				False
KIT	816	D	V	11	22	4	Moderate	2	True	O4 + O7 may be combined (max +8)	0.2727	NM_000222.3	p.D816V	Oncogenic	True
PIK3CA	344	V	M	11	26	3	Moderate	2	True	O4 + O7 may be combined (max +8)	0.5769				False
HIST1H3B	28	K	M	11	12	2	Moderate	2	False	Cap combined O4 + O7 at +4	0.0				False
TP53	126	Y	C	11	33	6	Moderate	2	True	O4 + O7 may be combined (max +8)	0.4242				False
PIK3CA	1021	Y	C	11	14	2	Moderate	2	False	Cap combined O4 + O7 at +4	0.3571				False
PIK3CA	38	R	H	11	22	5	Moderate	2	True	O4 + O7 may be combined (max +8)	0.3182				False
PPP2R1A	256	S	F	11	14	2	Moderate	2	False	Cap combined O4 + O7 at +4	0.5714				False
RET	918	M	T	11	11	1	Moderate	2	False	Cap combined O4 + O7 at +4	0.6364	NM_020975.6	p.M918T	Likely Oncogenic	True
TP53	195	I	N	10	79	7	Strong	4	True	O4 + O7 may be combined (max +8)	0.3291				False
TGFBR2	553	R	H	10	23	4	Moderate	2	True	O4 + O7 may be combined (max +8)	0.5217				False
ESR1	537	Y	N	10	47	4	Moderate	2	True	O4 + O7 may be combined (max +8)	0.9149				False
DNMT3A	882	R	C	10	39	3	Moderate	2	True	O4 + O7 may be combined (max +8)	0.2051	NM_022552.5	p.R882C	Oncogenic	True
PIK3CA	453	E	Q	10	42	3	Moderate	2	True	O4 + O7 may be combined (max +8)	0.4762				False
CDK4	24	R	L	10	23	4	Moderate	2	True	O4 + O7 may be combined (max +8)	0.5217				False
CREBBP	1446	R	H	10	33	6	Moderate	2	True	O4 + O7 may be combined (max +8)	0.3636				False
SMAD4	537	D	G	10	30	6	Moderate	2	True	O4 + O7 may be combined (max +8)	0.7				False
TP53	246	M	I	10	37	6	Moderate	2	True	O4 + O7 may be combined (max +8)	0.6216				False
TP53	145	L	Q	10	30	3	Moderate	2	True	O4 + O7 may be combined (max +8)					False
ATM	2039	E	K	10	13	3	Moderate	2	False	Cap combined O4 + O7 at +4					False
RB1	445	R	*	10	10	1	Not applicable (nonsense/stop-loss/synonymous)	0	False	Cap combined O4 + O7 at +4	0.3				False
APC	1303	Q	*	10	10	1	Not applicable (nonsense/stop-loss/synonymous)	0	False	Cap combined O4 + O7 at +4	0.7				False
FBXW7	278	R	*	10	10	1	Not applicable (nonsense/stop-loss/synonymous)	0	False	Cap combined O4 + O7 at +4	0.6				False
ARID1A	1722	R	*	10	10	1	Not applicable (nonsense/stop-loss/synonymous)	0	False	Cap combined O4 + O7 at +4	0.2				False
PBRM1	710	R	*	10	11	2	Not applicable (nonsense/stop-loss/synonymous)	0	False	Cap combined O4 + O7 at +4	0.5455				False
U2AF1	156	R	H	10	13	2	Moderate	2	False	Cap combined O4 + O7 at +4					False
TP53	276	A	P	10	33	6	Moderate	2	True	O4 + O7 may be combined (max +8)					False
TP53	276	A	D	10	33	6	Moderate	2	True	O4 + O7 may be combined (max +8)					False
SMAD4	356	P	L	10	16	4	Moderate	2	False	Cap combined O4 + O7 at +4	0.5				False
TCF7L2	448	R	W	10	22	3	Moderate	2	True	O4 + O7 may be combined (max +8)					False
STK11	237	D	Y	10	15	3	Moderate	2	False	Cap combined O4 + O7 at +4					False
PTPRT	1220	R	Q	10	14	3	Moderate	2	False	Cap combined O4 + O7 at +4					False
BRAF	595	F	L	10	11	2	Moderate	2	False	Cap combined O4 + O7 at +4					False
PIK3CA	75	Q	E	10	13	4	Moderate	2	False	Cap combined O4 + O7 at +4					False
DICER1	1709	D	N	10	10	1	Moderate	2	False	Cap combined O4 + O7 at +4	0.3				False
EGFR	62	L	R	10	10	1	Moderate	2	False	Cap combined O4 + O7 at +4	0.3				False
ERBB3	846	S	I	10	10	1	Moderate	2	False	Cap combined O4 + O7 at +4	0.7				False
TGFBR2	471	D	N	10	12	3	Moderate	2	False	Cap combined O4 + O7 at +4	0.3333				False
XPO1	749	R	Q	10	11	2	Moderate	2	False	Cap combined O4 + O7 at +4	0.3636				False
ARID1A	2087	G	R	10	13	2	Moderate	2	False	Cap combined O4 + O7 at +4	0.3077				False
BCL6	594	R	Q	10	12	2	Moderate	2	False	Cap combined O4 + O7 at +4	0.4167				False
FBXW7	582	S	L	10	12	3	Moderate	2	False	Cap combined O4 + O7 at +4	0.5				False
TP53	130	L	F	10	30	5	Moderate	2	True	O4 + O7 may be combined (max +8)	0.5333				False
PIK3CA	104	P	L	10	11	2	Moderate	2	False	Cap combined O4 + O7 at +4	0.4545				False
CDKN2A	48	P	L	10	12	2	Moderate	2	False	Cap combined O4 + O7 at +4	0.4167				False
NOTCH2	235	T	S	10	10	1	Moderate	2	False	Cap combined O4 + O7 at +4	0.0				False
TP53	127	S	Y	10	48	6	Moderate	2	True	O4 + O7 may be combined (max +8)	0.5				False
TP53	136	Q	E	10	31	5	Moderate	2	True	O4 + O7 may be combined (max +8)	0.3871				False
RB1	467	R	*	9	9	1	Not applicable (nonsense/stop-loss/synonymous)	0	False	Cap combined O4 + O7 at +4	0.7778				False
STK11	220	Q	*	9	10	2	Not applicable (nonsense/stop-loss/synonymous)	0	False	Cap combined O4 + O7 at +4	0.5				False
ARID1A	1461	R	*	9	10	2	Not applicable (nonsense/stop-loss/synonymous)	0	False	Cap combined O4 + O7 at +4	0.5				False
RB1	455	R	*	9	9	1	Not applicable (nonsense/stop-loss/synonymous)	0	False	Cap combined O4 + O7 at +4	0.4444				False
ALK	401	R	*	9	11	3	Not applicable (nonsense/stop-loss/synonymous)	0	False	Cap combined O4 + O7 at +4	0.2727				False
SDHA	445	S	S	9	10	2	Not applicable (nonsense/stop-loss/synonymous)	0	False	Cap combined O4 + O7 at +4	0.1				False
SMAD4	534	Q	*	9	10	2	Not applicable (nonsense/stop-loss/synonymous)	0	False	Cap combined O4 + O7 at +4	0.9				False
MGA	1242	R	*	9	9	1	Not applicable (nonsense/stop-loss/synonymous)	0	False	Cap combined O4 + O7 at +4	0.3333				False
CDK6	65	L	L	9	9	1	Not applicable (nonsense/stop-loss/synonymous)	0	False	Cap combined O4 + O7 at +4	0.6667				False
RB1	787	R	*	9	11	2	Not applicable (nonsense/stop-loss/synonymous)	0	False	Cap combined O4 + O7 at +4	0.4545				False
RNF43	371	R	*	9	9	1	Not applicable (nonsense/stop-loss/synonymous)	0	False	Cap combined O4 + O7 at +4	0.6667				False
ASXL2	357	R	*	9	9	1	Not applicable (nonsense/stop-loss/synonymous)	0	False	Cap combined O4 + O7 at +4	0.4444				False
RNF43	145	R	*	9	9	1	Not applicable (nonsense/stop-loss/synonymous)	0	False	Cap combined O4 + O7 at +4	0.3333				False
SMAD4	178	S	*	9	9	1	Not applicable (nonsense/stop-loss/synonymous)	0	False	Cap combined O4 + O7 at +4	0.3333				False
CASP8	491	R	*	9	10	2	Not applicable (nonsense/stop-loss/synonymous)	0	False	Cap combined O4 + O7 at +4	0.4				False
PIK3CA	1007	G	R	9	10	2	Supporting	1	False	Cap combined O4 + O7 at +4	0.4				False
RICTOR	1101	S	L	9	10	2	Supporting	1	False	Cap combined O4 + O7 at +4	0.3				False
BRAF	464	G	V	9	15	4	Supporting	1	False	Cap combined O4 + O7 at +4					False
MAP2K4	134	R	W	9	11	3	Supporting	1	False	Cap combined O4 + O7 at +4	0.2727				False
TP53	181	R	C	9	26	3	Supporting	1	True	O4 + O7 may be combined (max +8)	0.4615				False
TP53	181	R	H	9	26	3	Supporting	1	True	O4 + O7 may be combined (max +8)	0.4615				False
PIK3CA	970	E	K	9	9	1	Supporting	1	False	Cap combined O4 + O7 at +4	0.4444				False
PIK3CB	321	R	Q	9	9	1	Supporting	1	False	Cap combined O4 + O7 at +4	0.5556				False
ERBB2	767	I	M	9	9	1	Supporting	1	False	Cap combined O4 + O7 at +4	0.3333				False
CDH1	732	R	Q	9	12	2	Supporting	1	False	Cap combined O4 + O7 at +4					False
CTCF	354	S	F	9	10	2	Supporting	1	False	Cap combined O4 + O7 at +4	0.1				False
CDK12	882	R	W	9	14	4	Supporting	1	False	Cap combined O4 + O7 at +4					False
DICER1	1809	G	R	9	12	3	Supporting	1	False	Cap combined O4 + O7 at +4					False
DNMT3A	736	R	H	9	16	3	Supporting	1	False	Cap combined O4 + O7 at +4					False
PTEN	128	K	N	9	14	4	Supporting	1	False	Cap combined O4 + O7 at +4					False
SMARCA4	780	E	K	9	10	2	Supporting	1	False	Cap combined O4 + O7 at +4					False
SPOP	130	D	H	9	16	4	Supporting	1	False	Cap combined O4 + O7 at +4					False
AKT3	17	E	K	9	10	2	Supporting	1	False	Cap combined O4 + O7 at +4	0.5				False
MTOR	2215	S	F	9	22	3	Supporting	1	True	O4 + O7 may be combined (max +8)	0.3182				False
TP53	253	T	A	9	25	5	Supporting	1	True	O4 + O7 may be combined (max +8)					False
PIK3CB	1051	E	K	9	11	2	Supporting	1	False	Cap combined O4 + O7 at +4	0.3636				False
TGFBR2	553	R	C	9	23	4	Supporting	1	True	O4 + O7 may be combined (max +8)	0.5217				False
EGFR	252	R	C	9	16	3	Supporting	1	False	Cap combined O4 + O7 at +4	0.375				False
PTEN	136	C	R	9	14	4	Supporting	1	False	Cap combined O4 + O7 at +4	0.2857				False
SMARCA4	1192	R	C	9	17	3	Supporting	1	False	Cap combined O4 + O7 at +4	0.2941				False
VHL	89	L	H	9	15	3	Supporting	1	False	Cap combined O4 + O7 at +4	0.3333				False
GNAQ	96	T	S	9	9	1	Supporting	1	False	Cap combined O4 + O7 at +4	0.0				False
CTCF	377	R	C	9	12	2	Supporting	1	False	Cap combined O4 + O7 at +4	0.5833				False
RHOA	40	E	Q	9	14	5	Supporting	1	False	Cap combined O4 + O7 at +4	0.3571				False
PAX5	26	V	G	9	9	1	Supporting	1	False	Cap combined O4 + O7 at +4	0.4444				False
PTPN11	69	E	K	9	11	2	Supporting	1	False	Cap combined O4 + O7 at +4	0.6364				False
CASP8	292	R	W	9	13	2	Supporting	1	False	Cap combined O4 + O7 at +4	0.4615				False
PIK3R2	373	G	R	9	9	1	Supporting	1	False	Cap combined O4 + O7 at +4	0.4444				False
TP53	164	K	E	9	13	2	Supporting	1	False	Cap combined O4 + O7 at +4	0.6154				False
SMARCA4	1243	R	W	9	12	4	Supporting	1	False	Cap combined O4 + O7 at +4	0.5833				False
TP53	145	L	R	9	30	3	Supporting	1	True	O4 + O7 may be combined (max +8)					False
TP53	177	P	R	9	25	5	Supporting	1	True	O4 + O7 may be combined (max +8)					False
H3F3A	35	G	R	9	12	3	Supporting	1	False	Cap combined O4 + O7 at +4	0.5				False
ATM	337	R	H	9	40	2	Supporting	1	True	O4 + O7 may be combined (max +8)	0.5				False
TP53	282	R	G	9	219	6	Supporting	1	True	O4 + O7 may be combined (max +8)	0.4795				False
CTNNB1	37	S	A	9	103	5	Supporting	1	True	O4 + O7 may be combined (max +8)	0.4272				False
IDH2	172	R	G	9	63	7	Supporting	1	True	O4 + O7 may be combined (max +8)	0.4921				False
TP53	176	C	S	9	115	8	Supporting	1	True	O4 + O7 may be combined (max +8)	0.4				False
TP53	163	Y	N	9	79	5	Supporting	1	True	O4 + O7 may be combined (max +8)	0.4304				False
CDKN2A	108	D	N	9	29	5	Supporting	1	True	O4 + O7 may be combined (max +8)	0.5172				False
TP53	151	P	R	9	79	7	Supporting	1	True	O4 + O7 may be combined (max +8)	0.4684				False
TP53	158	R	G	9	106	7	Supporting	1	True	O4 + O7 may be combined (max +8)	0.5094				False
B2M	1	M	V	9	41	6	Supporting	1	True	O4 + O7 may be combined (max +8)	0.3659				False
TP53	135	C	R	9	74	7	Supporting	1	True	O4 + O7 may be combined (max +8)	0.5				False
TP53	234	Y	H	9	68	6	Supporting	1	True	O4 + O7 may be combined (max +8)	0.4853				False
TP53	242	C	S	9	59	8	Supporting	1	True	O4 + O7 may be combined (max +8)	0.4068				False
TP53	216	V	L	9	42	4	Supporting	1	True	O4 + O7 may be combined (max +8)	0.5				False
TP53	285	E	V	9	99	5	Supporting	1	True	O4 + O7 may be combined (max +8)	0.5253				False
ERBB3	329	K	E	9	12	3	Supporting	1	False	Cap combined O4 + O7 at +4	0.6667				False
PDGFRA	842	D	V	9	12	4	Supporting	1	False	Cap combined O4 + O7 at +4	0.9167	NM_006206.6	p.D842V	Likely Oncogenic	True
SMAD4	386	G	D	9	22	6	Supporting	1	True	O4 + O7 may be combined (max +8)	0.3636				False
CTNNB1	387	N	K	9	11	3	Supporting	1	False	Cap combined O4 + O7 at +4	0.4545				False
TP53	281	D	V	9	69	9	Supporting	1	True	O4 + O7 may be combined (max +8)	0.5217				False
TP53	281	D	H	9	69	9	Supporting	1	True	O4 + O7 may be combined (max +8)	0.5217				False
TP53	141	C	W	9	47	7	Supporting	1	True	O4 + O7 may be combined (max +8)	0.4043				False
NFE2L2	31	G	A	9	21	4	Supporting	1	True	O4 + O7 may be combined (max +8)	0.5238				False
FBXW7	479	R	*	8	57	6	Not applicable (nonsense/stop-loss/synonymous)	0	True	O4 + O7 may be combined (max +8)	0.5088				False
CTCF	448	R	*	8	8	1	Not applicable (nonsense/stop-loss/synonymous)	0	False	Cap combined O4 + O7 at +4	0.0				False
BCL2	22	K	K	8	10	3	Not applicable (nonsense/stop-loss/synonymous)	0	False	Cap combined O4 + O7 at +4	0.4				False
APC	1328	Q	*	8	8	1	Not applicable (nonsense/stop-loss/synonymous)	0	False	Cap combined O4 + O7 at +4	0.5				False
CDKN2A	12	S	*	8	12	2	Not applicable (nonsense/stop-loss/synonymous)	0	False	Cap combined O4 + O7 at +4	0.75				False
TP53	107	Y	*	8	15	3	Not applicable (nonsense/stop-loss/synonymous)	0	False	Cap combined O4 + O7 at +4	0.5333				False
TGFBR2	520	R	*	8	9	2	Not applicable (nonsense/stop-loss/synonymous)	0	False	Cap combined O4 + O7 at +4	0.4444				False
IL7R	206	R	*	8	9	2	Not applicable (nonsense/stop-loss/synonymous)	0	False	Cap combined O4 + O7 at +4	0.5556				False
PPM1D	525	E	*	8	8	1	Not applicable (nonsense/stop-loss/synonymous)	0	False	Cap combined O4 + O7 at +4	0.25				False
APC	1315	S	*	8	8	1	Not applicable (nonsense/stop-loss/synonymous)	0	False	Cap combined O4 + O7 at +4	0.625				False
TET1	1752	P	P	8	10	2	Not applicable (nonsense/stop-loss/synonymous)	0	False	Cap combined O4 + O7 at +4	0.4				False
CDKN2A	88	E	K	8	27	3	Supporting	1	True	O4 + O7 may be combined (max +8)	0.4815				False
TCF7L2	471	R	C	8	14	3	Supporting	1	False	Cap combined O4 + O7 at +4	0.3571				False
TP53	274	V	G	8	46	5	Supporting	1	True	O4 + O7 may be combined (max +8)	0.4783				False
TP53	215	S	G	8	50	6	Supporting	1	True	O4 + O7 may be combined (max +8)	0.58				False
MED12	44	G	S	8	25	5	Supporting	1	True	O4 + O7 may be combined (max +8)	0.8				False
HRAS	117	K	N	8	9	2	Supporting	1	False	Cap combined O4 + O7 at +4	0.2222				False
CCND1	286	T	I	8	9	2	Supporting	1	False	Cap combined O4 + O7 at +4	0.6667				False
PTEN	132	G	D	8	17	4	Supporting	1	False	Cap combined O4 + O7 at +4	0.4706				False
SOX17	403	S	I	8	8	1	Supporting	1	False	Cap combined O4 + O7 at +4	0.5				False
FGFR1	687	K	E	8	11	4	Supporting	1	False	Cap combined O4 + O7 at +4	0.3636				False
FGFR3	370	G	C	8	8	1	Supporting	1	False	Cap combined O4 + O7 at +4	0.25				False
PIK3CB	1067	D	V	8	13	4	Supporting	1	False	Cap combined O4 + O7 at +4	0.4615				False
SPOP	87	Y	N	8	14	4	Supporting	1	False	Cap combined O4 + O7 at +4	0.3571				False
GATA3	293	M	K	8	9	2	Supporting	1	False	Cap combined O4 + O7 at +4	0.5556				False
TP53	270	F	V	8	30	5	Supporting	1	True	O4 + O7 may be combined (max +8)	0.4333				False
TP53	270	F	L	8	30	5	Supporting	1	True	O4 + O7 may be combined (max +8)	0.4333				False
KIT	654	V	A	8	8	1	Supporting	1	False	Cap combined O4 + O7 at +4	1.0				False
PIK3CA	38	R	C	8	22	5	Supporting	1	True	O4 + O7 may be combined (max +8)	0.3182				False
TP53	280	R	S	8	109	6	Supporting	1	True	O4 + O7 may be combined (max +8)	0.4771				False
SPOP	133	F	C	8	67	5	Supporting	1	True	O4 + O7 may be combined (max +8)	0.4925				False
TP53	151	P	T	8	79	7	Supporting	1	True	O4 + O7 may be combined (max +8)	0.4684				False
NRAS	12	G	S	8	74	6	Supporting	1	True	O4 + O7 may be combined (max +8)	0.473	NM_002524.5	p.G12S	Oncogenic	True
TP53	175	R	C	8	416	4	Supporting	1	True	O4 + O7 may be combined (max +8)	0.5024				False
TP53	175	R	L	8	416	4	Supporting	1	True	O4 + O7 may be combined (max +8)	0.5024				False
TP53	248	R	G	8	560	6	Supporting	1	True	O4 + O7 may be combined (max +8)	0.4911				False
TP53	220	Y	S	8	152	6	Supporting	1	True	O4 + O7 may be combined (max +8)	0.4013				False
TP53	179	H	D	8	149	7	Supporting	1	True	O4 + O7 may be combined (max +8)	0.3758				False
TP53	179	H	N	8	149	7	Supporting	1	True	O4 + O7 may be combined (max +8)	0.3758				False
TP53	193	H	P	8	123	7	Supporting	1	True	O4 + O7 may be combined (max +8)	0.4146				False
TP53	205	Y	H	8	61	7	Supporting	1	True	O4 + O7 may be combined (max +8)	0.3607				False
IDH2	172	R	S	8	63	7	Supporting	1	True	O4 + O7 may be combined (max +8)	0.4921	NM_002168.4	p.R172S	Oncogenic	True
TP53	342	R	P	8	137	2	Supporting	1	True	O4 + O7 may be combined (max +8)	0.6496				False
TP53	196	R	P	8	141	4	Supporting	1	True	O4 + O7 may be combined (max +8)	0.4397				False
BRAF	469	G	R	8	61	7	Supporting	1	True	O4 + O7 may be combined (max +8)	0.6066				False
CTNNB1	34	G	E	8	53	6	Supporting	1	True	O4 + O7 may be combined (max +8)	0.3962				False
FBXW7	479	R	G	8	57	6	Supporting	1	True	O4 + O7 may be combined (max +8)	0.5088				False
CASP8	494	R	*	8	8	1	Not applicable (nonsense/stop-loss/synonymous)	0	False	Cap combined O4 + O7 at +4	0.125				False
TP53	126	Y	D	8	33	6	Supporting	1	True	O4 + O7 may be combined (max +8)	0.4242				False
TP53	240	S	R	8	23	3	Supporting	1	True	O4 + O7 may be combined (max +8)					False
HIST1H3B	106	E	K	8	14	3	Supporting	1	False	Cap combined O4 + O7 at +4	0.7143				False
TP53	247	N	I	8	15	2	Supporting	1	False	Cap combined O4 + O7 at +4	0.2667				False
TP53	181	R	P	8	26	3	Supporting	1	True	O4 + O7 may be combined (max +8)	0.4615				False
ERBB3	475	R	W	8	8	1	Supporting	1	False	Cap combined O4 + O7 at +4	0.375				False
RPTOR	139	R	H	8	8	1	Supporting	1	False	Cap combined O4 + O7 at +4	0.75				False
PGR	836	R	Q	8	9	2	Supporting	1	False	Cap combined O4 + O7 at +4	0.3333				False
AKT1	40	E	K	8	9	2	Supporting	1	False	Cap combined O4 + O7 at +4					False
ATM	2019	Y	C	8	9	2	Supporting	1	False	Cap combined O4 + O7 at +4					False
ERBB3	337	G	R	8	8	1	Supporting	1	False	Cap combined O4 + O7 at +4					False
KEAP1	234	R	W	8	12	3	Supporting	1	False	Cap combined O4 + O7 at +4					False
PIK3CA	112	I	F	8	9	2	Supporting	1	False	Cap combined O4 + O7 at +4					False
PIK3CA	914	G	R	8	9	2	Supporting	1	False	Cap combined O4 + O7 at +4					False
PTEN	95	P	L	8	11	2	Supporting	1	False	Cap combined O4 + O7 at +4					False
PTEN	107	D	Y	8	15	6	Supporting	1	False	Cap combined O4 + O7 at +4					False
PTPRT	721	R	C	8	17	3	Supporting	1	False	Cap combined O4 + O7 at +4					False
PTPRT	721	R	H	8	17	3	Supporting	1	False	Cap combined O4 + O7 at +4					False
RRAS2	23	G	C	8	35	5	Supporting	1	True	O4 + O7 may be combined (max +8)					False
SMARCA4	1102	F	L	8	9	2	Supporting	1	False	Cap combined O4 + O7 at +4					False
TGFBR2	549	D	N	8	13	3	Supporting	1	False	Cap combined O4 + O7 at +4					False
TP53	162	I	N	8	21	3	Supporting	1	True	O4 + O7 may be combined (max +8)					False
FOXP1	448	S	L	8	10	2	Supporting	1	False	Cap combined O4 + O7 at +4	0.2				False
KEAP1	332	G	C	8	14	5	Supporting	1	False	Cap combined O4 + O7 at +4					False
DIS3	382	R	Q	8	9	2	Supporting	1	False	Cap combined O4 + O7 at +4	0.3333				False
TP53	155	T	N	8	18	4	Supporting	1	True	O4 + O7 may be combined (max +8)	0.3889				False
RHOA	5	R	Q	8	17	3	Supporting	1	False	Cap combined O4 + O7 at +4	0.1765				False
DIS3	689	R	Q	8	9	2	Supporting	1	False	Cap combined O4 + O7 at +4	0.3333				False
RHOA	5	R	W	8	17	3	Supporting	1	False	Cap combined O4 + O7 at +4	0.1765				False
SF3B1	742	G	D	8	8	1	Supporting	1	False	Cap combined O4 + O7 at +4	0.25	NM_012433.4	p.G742D	Oncogenic	True
FBXW7	423	G	V	8	10	3	Supporting	1	False	Cap combined O4 + O7 at +4	0.4				False
ACVR1	206	R	H	8	8	1	Supporting	1	False	Cap combined O4 + O7 at +4	0.5				False
EZH2	515	K	R	8	8	1	Supporting	1	False	Cap combined O4 + O7 at +4	0.0				False
PIK3CD	1021	E	K	8	8	1	Supporting	1	False	Cap combined O4 + O7 at +4	0.75				False
TP53	267	R	P	8	36	6	Supporting	1	True	O4 + O7 may be combined (max +8)	0.5				False
PTPN11	503	G	V	8	9	2	Supporting	1	False	Cap combined O4 + O7 at +4	0.1111				False
CASP8	127	R	Q	8	13	2	Supporting	1	False	Cap combined O4 + O7 at +4	0.3077				False
PIK3CA	1004	M	I	8	9	2	Supporting	1	False	Cap combined O4 + O7 at +4	0.5556				False
ARID2	314	R	C	8	9	2	Supporting	1	False	Cap combined O4 + O7 at +4	0.2222				False
TP53	265	L	P	8	19	4	Supporting	1	True	O4 + O7 may be combined (max +8)	0.3684				False
TP53	131	N	I	8	13	4	Supporting	1	False	Cap combined O4 + O7 at +4	0.7692				False
KDR	1032	R	Q	8	12	2	Supporting	1	False	Cap combined O4 + O7 at +4	0.3333				False
MAP3K1	1330	S	L	8	10	2	Supporting	1	False	Cap combined O4 + O7 at +4	0.4				False
TP53	331	Q	H	8	47	2	Supporting	1	True	O4 + O7 may be combined (max +8)	0.3191				False
CTNNB1	36	H	P	7	8	2	Supporting	1	False	Cap combined O4 + O7 at +4	0.25				False
MTOR	1977	T	K	7	14	4	Supporting	1	False	Cap combined O4 + O7 at +4	0.6429				False
RRAS2	72	Q	L	7	9	2	Supporting	1	False	Cap combined O4 + O7 at +4	0.0				False
FGFR3	650	K	E	7	10	4	Supporting	1	False	Cap combined O4 + O7 at +4	0.3				False
SMARCA4	1192	R	H	7	17	3	Supporting	1	True	O4 + O7 may be combined (max +8)	0.2941				False
STK11	194	D	Y	7	14	5	Supporting	1	False	Cap combined O4 + O7 at +4	0.6429				False
TP53	143	V	A	7	26	4	Supporting	1	True	O4 + O7 may be combined (max +8)	0.4615				False
FOXA1	176	I	V	7	11	2	Supporting	1	False	Cap combined O4 + O7 at +4	0.3636				False
PTPN11	76	E	K	7	13	4	Supporting	1	False	Cap combined O4 + O7 at +4	0.4615				False
NFE2L2	30	L	F	7	12	4	Supporting	1	False	Cap combined O4 + O7 at +4	0.25				False
SOS1	233	N	Y	7	7	1	Supporting	1	False	Cap combined O4 + O7 at +4	0.0				False
NFE2L2	24	W	R	7	11	3	Supporting	1	False	Cap combined O4 + O7 at +4	0.3636				False
ATM	3008	R	H	7	15	3	Supporting	1	False	Cap combined O4 + O7 at +4	0.6				False
PTEN	92	D	E	7	18	6	Supporting	1	True	O4 + O7 may be combined (max +8)	0.5				False
FGFR4	550	V	L	7	11	2	Supporting	1	False	Cap combined O4 + O7 at +4	0.6364				False
DIS3	488	D	N	7	11	5	Supporting	1	False	Cap combined O4 + O7 at +4	0.1818				False
MYD88	243	S	N	7	7	1	Supporting	1	False	Cap combined O4 + O7 at +4	0.2857				False
SDHA	639	L	V	7	7	1	Supporting	1	False	Cap combined O4 + O7 at +4	0.1429				False
PIK3CA	1025	T	A	7	8	2	Supporting	1	False	Cap combined O4 + O7 at +4	0.375				False
TP53	255	I	N	7	32	5	Supporting	1	True	O4 + O7 may be combined (max +8)	0.5625				False
SPOP	102	F	V	7	24	5	Supporting	1	True	O4 + O7 may be combined (max +8)	0.4583				False
FBXW7	546	S	L	7	9	3	Supporting	1	False	Cap combined O4 + O7 at +4	0.4444				False
NFE2L2	31	G	E	7	21	4	Supporting	1	True	O4 + O7 may be combined (max +8)	0.5238				False
RAC1	29	P	L	7	53	4	Supporting	1	True	O4 + O7 may be combined (max +8)	0.3774				False
ERBB4	798	L	R	7	11	4	Supporting	1	False	Cap combined O4 + O7 at +4	0.1818				False
PIK3CA	1047	H	Q	7	647	4	Supporting	1	True	O4 + O7 may be combined (max +8)	0.527				False
PIK3CA	345	N	I	7	98	7	Supporting	1	True	O4 + O7 may be combined (max +8)	0.5204				False
TP53	245	G	R	7	242	7	Supporting	1	True	O4 + O7 may be combined (max +8)	0.5041				False
CTNNB1	37	S	P	7	103	5	Supporting	1	True	O4 + O7 may be combined (max +8)	0.4272				False
CTNNB1	33	S	A	7	96	6	Supporting	1	True	O4 + O7 may be combined (max +8)	0.3854				False
IDH2	172	R	W	7	63	7	Supporting	1	True	O4 + O7 may be combined (max +8)	0.4921				False
TP53	176	C	W	7	115	8	Supporting	1	True	O4 + O7 may be combined (max +8)	0.4				False
FBXW7	479	R	P	7	57	6	Supporting	1	True	O4 + O7 may be combined (max +8)	0.5088				False
TP53	286	E	Q	7	73	6	Supporting	1	True	O4 + O7 may be combined (max +8)	0.4795				False
TP53	275	C	R	7	70	7	Supporting	1	True	O4 + O7 may be combined (max +8)	0.3857				False
EGFR	719	G	C	7	33	4	Supporting	1	True	O4 + O7 may be combined (max +8)	0.697	NM_005228.5	p.G719C	Oncogenic	True
MAP2K1	57	K	T	7	29	3	Supporting	1	True	O4 + O7 may be combined (max +8)	0.6207				False
CIC	215	R	Q	7	25	3	Supporting	1	True	O4 + O7 may be combined (max +8)	0.44				False
TP53	215	S	N	7	50	6	Supporting	1	True	O4 + O7 may be combined (max +8)	0.58				False
CDK4	24	R	H	7	23	4	Supporting	1	True	O4 + O7 may be combined (max +8)	0.5217				False
TP53	274	V	D	7	46	5	Supporting	1	True	O4 + O7 may be combined (max +8)	0.4783				False
NFE2L2	29	D	Y	7	30	4	Supporting	1	True	O4 + O7 may be combined (max +8)	0.2333				False
RAF1	259	S	F	7	12	4	Supporting	1	False	Cap combined O4 + O7 at +4	0.6667				False
SMARCA4	1189	R	Q	7	12	4	Supporting	1	False	Cap combined O4 + O7 at +4	0.75				False
DNMT1	432	E	K	7	7	1	Supporting	1	False	Cap combined O4 + O7 at +4	0.1429				False
KEAP1	236	D	N	7	13	5	Supporting	1	False	Cap combined O4 + O7 at +4					False
SMAD2	182	R	*	7	8	2	Not applicable (nonsense/stop-loss/synonymous)	0	False	Cap combined O4 + O7 at +4	0.625				False
MET	222	T	T	7	7	1	Not applicable (nonsense/stop-loss/synonymous)	0	False	Cap combined O4 + O7 at +4	0.4286				False
PBRM1	921	R	*	7	7	1	Not applicable (nonsense/stop-loss/synonymous)	0	False	Cap combined O4 + O7 at +4	0.4286				False
POLE	18	E	K	7	7	1	Supporting	1	False	Cap combined O4 + O7 at +4	1.0				False
SMAD3	268	R	C	7	11	2	Supporting	1	False	Cap combined O4 + O7 at +4	0.4545				False
SMARCA4	821	E	K	7	8	2	Supporting	1	False	Cap combined O4 + O7 at +4	0.5				False
NF1	1870	R	Q	7	8	2	Supporting	1	False	Cap combined O4 + O7 at +4	0.25				False
SPOP	117	M	V	7	7	1	Supporting	1	False	Cap combined O4 + O7 at +4	0.2857				False
KMT2C	4549	R	C	7	9	3	Supporting	1	False	Cap combined O4 + O7 at +4	0.6667				False
IKZF1	304	E	K	7	8	2	Supporting	1	False	Cap combined O4 + O7 at +4	0.625				False
EGFR	834	V	L	7	7	1	Supporting	1	False	Cap combined O4 + O7 at +4					False
ESR1	463	S	P	7	8	2	Supporting	1	False	Cap combined O4 + O7 at +4					False
FBXW7	503	A	V	7	8	2	Supporting	1	False	Cap combined O4 + O7 at +4					False
KEAP1	413	R	L	7	16	4	Supporting	1	False	Cap combined O4 + O7 at +4					False
KEAP1	364	G	C	7	8	2	Supporting	1	False	Cap combined O4 + O7 at +4					False
NF1	461	R	*	7	9	2	Not applicable (nonsense/stop-loss/synonymous)	0	False	Cap combined O4 + O7 at +4	0.2222				False
MED12	521	R	H	7	13	2	Supporting	1	False	Cap combined O4 + O7 at +4					False
MTOR	1450	Y	D	7	7	1	Supporting	1	False	Cap combined O4 + O7 at +4					False
TP53	254	I	S	7	13	6	Supporting	1	False	Cap combined O4 + O7 at +4	0.5385				False
PIK3CA	725	D	G	7	12	3	Supporting	1	False	Cap combined O4 + O7 at +4					False
PTEN	135	I	V	7	11	3	Supporting	1	False	Cap combined O4 + O7 at +4					False
PTEN	48	N	K	7	11	4	Supporting	1	False	Cap combined O4 + O7 at +4					False
TP53	177	P	L	7	25	5	Supporting	1	True	O4 + O7 may be combined (max +8)					False
TP53	162	I	F	7	21	3	Supporting	1	True	O4 + O7 may be combined (max +8)					False
TP53	253	T	P	7	25	5	Supporting	1	True	O4 + O7 may be combined (max +8)					False
TP53	276	A	G	7	33	6	Supporting	1	True	O4 + O7 may be combined (max +8)					False
SPOP	80	S	R	7	7	1	Supporting	1	False	Cap combined O4 + O7 at +4					False
SMAD4	365	G	D	7	11	4	Supporting	1	False	Cap combined O4 + O7 at +4					False
RRAS2	23	G	V	7	35	5	Supporting	1	True	O4 + O7 may be combined (max +8)					False
PTPN11	502	S	P	7	15	3	Supporting	1	False	Cap combined O4 + O7 at +4					False
TET2	550	R	*	7	7	1	Not applicable (nonsense/stop-loss/synonymous)	0	False	Cap combined O4 + O7 at +4	0.5714				False
TP53	247	N	N	7	15	2	Not applicable (nonsense/stop-loss/synonymous)	0	False	Cap combined O4 + O7 at +4	0.2667				False
PTEN	204	P	L	7	10	3	Supporting	1	False	Cap combined O4 + O7 at +4					False
MAP2K4	184	S	L	7	9	3	Supporting	1	False	Cap combined O4 + O7 at +4	0.5556				False
TP53	161	A	D	7	26	5	Supporting	1	True	O4 + O7 may be combined (max +8)	0.3462				False
CTNNB1	35	I	S	7	8	2	Supporting	1	False	Cap combined O4 + O7 at +4	0.75				False
PIK3CA	115	R	L	7	11	3	Supporting	1	False	Cap combined O4 + O7 at +4	0.4545				False
TP53	271	E	Q	7	53	4	Supporting	1	True	O4 + O7 may be combined (max +8)	0.5472				False
ASXL2	330	E	K	7	10	3	Supporting	1	False	Cap combined O4 + O7 at +4	0.3				False
SF3B1	740	G	E	7	9	2	Supporting	1	False	Cap combined O4 + O7 at +4	0.2222				False
TP53	155	T	P	7	18	4	Supporting	1	True	O4 + O7 may be combined (max +8)	0.3889				False
BCL2	131	A	D	7	10	3	Supporting	1	False	Cap combined O4 + O7 at +4	0.9				False
TP53	257	L	Q	7	17	5	Supporting	1	True	O4 + O7 may be combined (max +8)	0.6471				False
KEAP1	470	R	C	7	10	3	Supporting	1	False	Cap combined O4 + O7 at +4	0.2				False
GNAS	160	R	C	7	9	3	Supporting	1	False	Cap combined O4 + O7 at +4	0.4444				False
PPP6C	270	S	L	7	7	1	Supporting	1	False	Cap combined O4 + O7 at +4	0.2857				False
KEAP1	480	G	W	7	9	3	Supporting	1	False	Cap combined O4 + O7 at +4	0.5556				False
TP53	111	L	P	7	18	4	Supporting	1	True	O4 + O7 may be combined (max +8)	0.2778				False
PTEN	38	P	S	7	11	3	Supporting	1	False	Cap combined O4 + O7 at +4	0.3636				False
RBM10	153	R	*	7	8	2	Not applicable (nonsense/stop-loss/synonymous)	0	False	Cap combined O4 + O7 at +4	0.625				False
TP53	259	D	V	7	31	5	Supporting	1	True	O4 + O7 may be combined (max +8)	0.5161				False
TP63	365	S	L	7	12	3	Supporting	1	False	Cap combined O4 + O7 at +4	0.3333				False
TP53	208	D	V	7	12	4	Supporting	1	False	Cap combined O4 + O7 at +4	0.6667				False
TP53	126	Y	*	7	33	6	Not applicable (nonsense/stop-loss/synonymous)	0	True	O4 + O7 may be combined (max +8)	0.4242				False
VHL	65	S	*	7	17	5	Not applicable (nonsense/stop-loss/synonymous)	0	True	O4 + O7 may be combined (max +8)	0.2941				False
VHL	68	S	*	7	8	2	Not applicable (nonsense/stop-loss/synonymous)	0	False	Cap combined O4 + O7 at +4	0.25				False
VHL	161	R	*	7	10	3	Not applicable (nonsense/stop-loss/synonymous)	0	False	Cap combined O4 + O7 at +4	0.6				False
FAT1	1627	R	*	7	12	2	Not applicable (nonsense/stop-loss/synonymous)	0	False	Cap combined O4 + O7 at +4	0.3333				False
NF1	1241	R	*	7	7	1	Not applicable (nonsense/stop-loss/synonymous)	0	False	Cap combined O4 + O7 at +4	0.7143				False
PTEN	336	Y	*	7	7	1	Not applicable (nonsense/stop-loss/synonymous)	0	False	Cap combined O4 + O7 at +4	0.4286				False
KMT2D	2685	R	*	7	8	2	Not applicable (nonsense/stop-loss/synonymous)	0	False	Cap combined O4 + O7 at +4	0.625				False
APC	1294	Q	*	7	7	1	Not applicable (nonsense/stop-loss/synonymous)	0	False	Cap combined O4 + O7 at +4	0.4286				False
HLA-A	180	L	L	7	7	1	Not applicable (nonsense/stop-loss/synonymous)	0	False	Cap combined O4 + O7 at +4	0.0				False
NSD1	392	F	F	7	7	1	Not applicable (nonsense/stop-loss/synonymous)	0	False	Cap combined O4 + O7 at +4	0.4286				False
PTPN11	502	S	L	7	15	3	Supporting	1	False	Cap combined O4 + O7 at +4					False
PARP1	500	G	G	6	6	1	Not applicable (nonsense/stop-loss/synonymous)	0	False	Cap combined O4 + O7 at +4	0.0				False
TP53	199	G	*	6	53	3	Not applicable (nonsense/stop-loss/synonymous)	0	True	O4 + O7 may be combined (max +8)					False
PTEN	274	W	*	6	7	2	Not applicable (nonsense/stop-loss/synonymous)	0	False	Cap combined O4 + O7 at +4	0.4286				False
KRAS	13	G	G	6	264	7	Not applicable (nonsense/stop-loss/synonymous)	0	True	O4 + O7 may be combined (max +8)	0.6098				False
TP53	248	R	R	6	560	6	Not applicable (nonsense/stop-loss/synonymous)	0	True	O4 + O7 may be combined (max +8)	0.4911				False
TP53	234	Y	*	6	68	6	Not applicable (nonsense/stop-loss/synonymous)	0	True	O4 + O7 may be combined (max +8)	0.4853				False
ERG	354	R	R	6	6	1	Not applicable (nonsense/stop-loss/synonymous)	0	False	Cap combined O4 + O7 at +4	0.0				False
CDKN2A	129	Y	*	6	9	2	Not applicable (nonsense/stop-loss/synonymous)	0	False	Cap combined O4 + O7 at +4	0.5556				False
NOTCH2	2400	R	*	6	6	1	Not applicable (nonsense/stop-loss/synonymous)	0	False	Cap combined O4 + O7 at +4	0.3333				False
KRAS	11	A	A	6	8	2	Not applicable (nonsense/stop-loss/synonymous)	0	False	Cap combined O4 + O7 at +4	0.75				False
TP53	265	L	L	6	19	4	Not applicable (nonsense/stop-loss/synonymous)	0	True	O4 + O7 may be combined (max +8)	0.3684				False
CDH1	335	R	*	6	7	2	Not applicable (nonsense/stop-loss/synonymous)	0	False	Cap combined O4 + O7 at +4	0.4286				False
STK11	165	E	*	6	9	3	Not applicable (nonsense/stop-loss/synonymous)	0	False	Cap combined O4 + O7 at +4	0.8889				False
KDR	1037	S	S	6	11	3	Not applicable (nonsense/stop-loss/synonymous)	0	False	Cap combined O4 + O7 at +4	0.3636				False
PTEN	111	W	*	6	9	4	Not applicable (nonsense/stop-loss/synonymous)	0	False	Cap combined O4 + O7 at +4	0.6667				False
CDH1	63	R	*	6	8	3	Not applicable (nonsense/stop-loss/synonymous)	0	False	Cap combined O4 + O7 at +4	0.125				False
MSH2	580	E	*	6	6	1	Not applicable (nonsense/stop-loss/synonymous)	0	False	Cap combined O4 + O7 at +4	0.3333				False
ATRX	907	R	*	6	6	1	Not applicable (nonsense/stop-loss/synonymous)	0	False	Cap combined O4 + O7 at +4	0.5				False
ARID1A	1142	Q	*	6	6	1	Not applicable (nonsense/stop-loss/synonymous)	0	False	Cap combined O4 + O7 at +4	0.5				False
FOXP1	514	R	H	6	9	2	Supporting	1	False	Cap combined O4 + O7 at +4	0.5556				False
TP53	147	V	G	6	12	3	Supporting	1	False	Cap combined O4 + O7 at +4					False
ESR1	536	L	H	6	14	5	Supporting	1	False	Cap combined O4 + O7 at +4	1.0				False
TP53	255	I	T	6	32	5	Supporting	1	True	O4 + O7 may be combined (max +8)	0.5625				False
MET	1010	D	H	6	14	3	Supporting	1	False	Cap combined O4 + O7 at +4	1.0				False
MET	1010	D	N	6	14	3	Supporting	1	False	Cap combined O4 + O7 at +4	1.0				False
SMAD4	351	D	Y	6	20	6	Supporting	1	True	O4 + O7 may be combined (max +8)	0.6				False
KIT	559	V	A	6	14	3	Supporting	1	False	Cap combined O4 + O7 at +4	0.7143				False
CDKN2A	84	D	Y	6	26	6	Supporting	1	True	O4 + O7 may be combined (max +8)	0.5385				False
TP53	270	F	S	6	30	5	Supporting	1	True	O4 + O7 may be combined (max +8)	0.4333				False
ERBB4	707	Q	E	6	11	2	Supporting	1	False	Cap combined O4 + O7 at +4	0.0				False
VHL	65	S	L	6	17	5	Supporting	1	True	O4 + O7 may be combined (max +8)	0.2941				False
KIT	557	W	R	6	12	4	Supporting	1	False	Cap combined O4 + O7 at +4	0.6667				False
ERBB2	769	D	H	6	18	2	Supporting	1	True	O4 + O7 may be combined (max +8)	0.4444				False
TP53	110	R	C	6	43	4	Supporting	1	True	O4 + O7 may be combined (max +8)	0.4884				False
AR	742	W	C	6	7	2	Supporting	1	False	Cap combined O4 + O7 at +4	0.7143				False
DICER1	1813	E	G	6	11	4	Supporting	1	False	Cap combined O4 + O7 at +4	0.4545				False
ERBB3	228	H	Q	6	8	2	Supporting	1	False	Cap combined O4 + O7 at +4	0.0				False
ATM	3008	R	C	6	15	3	Supporting	1	False	Cap combined O4 + O7 at +4	0.6				False
PTEN	68	Y	H	6	11	4	Supporting	1	False	Cap combined O4 + O7 at +4	0.6364				False
SETD2	1625	R	C	6	13	4	Supporting	1	False	Cap combined O4 + O7 at +4	0.4615				False
EIF1AX	9	G	D	6	11	3	Supporting	1	False	Cap combined O4 + O7 at +4	0.4545				False
PIK3CA	350	D	N	6	12	3	Supporting	1	False	Cap combined O4 + O7 at +4	0.4167				False
PTEN	93	H	R	6	12	4	Supporting	1	False	Cap combined O4 + O7 at +4	0.3333				False
MAX	28	H	R	6	6	1	Supporting	1	False	Cap combined O4 + O7 at +4	0.3333				False
EP300	1414	Y	C	6	7	2	Supporting	1	False	Cap combined O4 + O7 at +4	0.2857				False
MET	1250	M	T	6	6	1	Supporting	1	False	Cap combined O4 + O7 at +4	0.3333				False
PIK3CA	1	M	V	6	6	1	Supporting	1	False	Cap combined O4 + O7 at +4	0.3333				False
TP53	334	G	W	6	20	3	Supporting	1	True	O4 + O7 may be combined (max +8)					False
FBXW7	545	Y	C	6	7	2	Supporting	1	False	Cap combined O4 + O7 at +4	0.2857				False
VHL	111	S	N	6	10	4	Supporting	1	False	Cap combined O4 + O7 at +4	0.3				False
TP53	109	F	S	6	16	5	Supporting	1	True	O4 + O7 may be combined (max +8)	0.3125				False
TP53	255	I	S	6	32	5	Supporting	1	True	O4 + O7 may be combined (max +8)	0.5625				False
PTPN11	72	A	V	6	18	5	Supporting	1	True	O4 + O7 may be combined (max +8)	0.5556				False
SMAD4	330	E	K	6	11	4	Supporting	1	False	Cap combined O4 + O7 at +4	0.6364				False
PTPN11	72	A	T	6	18	5	Supporting	1	True	O4 + O7 may be combined (max +8)	0.5556				False
KRAS	13	G	V	6	264	7	Supporting	1	True	O4 + O7 may be combined (max +8)	0.6098	NM_004985.5	p.G13V	Oncogenic	True
KRAS	12	G	F	6	2175	10	Supporting	1	True	O4 + O7 may be combined (max +8)	0.5793	NM_004985.5	p.G12F	Oncogenic	True
PIK3CA	542	E	A	6	372	5	Supporting	1	True	O4 + O7 may be combined (max +8)	0.5565				False
PTEN	130	R	P	6	168	7	Supporting	1	True	O4 + O7 may be combined (max +8)	0.4048				False
TP53	220	Y	H	6	152	6	Supporting	1	True	O4 + O7 may be combined (max +8)	0.4013				False
CTNNB1	32	D	H	6	81	6	Supporting	1	True	O4 + O7 may be combined (max +8)	0.3333				False
NRAS	12	G	A	6	74	6	Supporting	1	True	O4 + O7 may be combined (max +8)	0.473	NM_002524.5	p.G12A	Oncogenic	True
EGFR	289	A	D	6	59	5	Supporting	1	True	O4 + O7 may be combined (max +8)	0.4576				False
HRAS	13	G	D	6	50	7	Supporting	1	True	O4 + O7 may be combined (max +8)	0.3	NM_005343.4	p.G13D	Oncogenic	True
CDKN2A	83	H	D	6	62	5	Supporting	1	True	O4 + O7 may be combined (max +8)	0.6129				False
EZH2	646	Y	H	6	38	6	Supporting	1	True	O4 + O7 may be combined (max +8)	0.3684	NM_004456.5	p.Y646H	Oncogenic	True
TP53	234	Y	N	6	68	6	Supporting	1	True	O4 + O7 may be combined (max +8)	0.4853				False
TP53	205	Y	F	6	61	7	Supporting	1	True	O4 + O7 may be combined (max +8)	0.3607				False
TP53	205	Y	S	6	61	7	Supporting	1	True	O4 + O7 may be combined (max +8)	0.3607				False
TP53	275	C	S	6	70	7	Supporting	1	True	O4 + O7 may be combined (max +8)	0.3857				False
TP53	278	P	H	6	100	7	Supporting	1	True	O4 + O7 may be combined (max +8)	0.51				False
TP53	241	S	P	6	97	7	Supporting	1	True	O4 + O7 may be combined (max +8)	0.4639				False
MAP2K1	57	K	E	6	29	3	Supporting	1	True	O4 + O7 may be combined (max +8)	0.6207				False
KIT	822	N	Y	6	21	3	Supporting	1	True	O4 + O7 may be combined (max +8)	0.619				False
CREBBP	1446	R	L	6	33	6	Supporting	1	True	O4 + O7 may be combined (max +8)	0.3636				False
MED12	44	G	D	6	25	5	Supporting	1	True	O4 + O7 may be combined (max +8)	0.8				False
TP53	244	G	V	6	65	8	Supporting	1	True	O4 + O7 may be combined (max +8)	0.4923				False
MAP2K1	124	P	L	6	25	6	Supporting	1	True	O4 + O7 may be combined (max +8)	0.2				False
SMAD4	537	D	H	6	30	6	Supporting	1	True	O4 + O7 may be combined (max +8)	0.7				False
PIK3CA	106	G	R	6	22	4	Supporting	1	True	O4 + O7 may be combined (max +8)	0.5455				False
TP53	286	E	G	6	73	6	Supporting	1	True	O4 + O7 may be combined (max +8)	0.4795				False
NFE2L2	81	G	S	6	19	6	Supporting	1	True	O4 + O7 may be combined (max +8)	0.3158				False
TCEB1	79	Y	C	6	10	5	Supporting	1	False	Cap combined O4 + O7 at +4	0.2				False
SMAD4	386	G	V	6	22	6	Supporting	1	True	O4 + O7 may be combined (max +8)	0.3636				False
TP53	105	G	V	6	28	6	Supporting	1	True	O4 + O7 may be combined (max +8)	0.5				False
SMARCA4	781	M	I	6	9	3	Supporting	1	False	Cap combined O4 + O7 at +4	0.5556				False
TP53	125	T	R	6	30	5	Supporting	1	True	O4 + O7 may be combined (max +8)	0.5667				False
NOTCH1	455	E	K	6	7	2	Supporting	1	False	Cap combined O4 + O7 at +4	0.1429				False
PPP2R1A	182	R	W	6	7	2	Supporting	1	False	Cap combined O4 + O7 at +4	0.7143				False
EPHA7	656	G	E	6	11	4	Supporting	1	False	Cap combined O4 + O7 at +4	0.2727				False
KMT2C	56	R	Q	6	10	2	Supporting	1	False	Cap combined O4 + O7 at +4	0.5				False
RHOA	57	L	V	6	6	1	Supporting	1	False	Cap combined O4 + O7 at +4	0.1667				False
DNMT3A	736	R	C	6	16	3	Supporting	1	True	O4 + O7 may be combined (max +8)					False
EGFR	776	R	H	6	13	4	Supporting	1	False	Cap combined O4 + O7 at +4					False
ERBB3	325	G	R	6	6	1	Supporting	1	False	Cap combined O4 + O7 at +4					False
FGFR2	659	K	N	6	21	4	Supporting	1	True	O4 + O7 may be combined (max +8)					False
KEAP1	278	P	L	6	14	4	Supporting	1	False	Cap combined O4 + O7 at +4					False
KEAP1	186	G	C	6	14	4	Supporting	1	False	Cap combined O4 + O7 at +4					False
KEAP1	186	G	S	6	14	4	Supporting	1	False	Cap combined O4 + O7 at +4					False
KEAP1	161	M	I	6	8	2	Supporting	1	False	Cap combined O4 + O7 at +4					False
KEAP1	71	R	L	6	9	3	Supporting	1	False	Cap combined O4 + O7 at +4					False
MED12	521	R	C	6	13	2	Supporting	1	False	Cap combined O4 + O7 at +4					False
PDGFRB	666	N	K	6	7	2	Supporting	1	False	Cap combined O4 + O7 at +4					False
PIK3CA	449	P	S	6	10	4	Supporting	1	False	Cap combined O4 + O7 at +4					False
PPP2R1A	257	W	C	6	22	4	Supporting	1	True	O4 + O7 may be combined (max +8)					False
PTEN	276	N	K	6	11	5	Supporting	1	False	Cap combined O4 + O7 at +4					False
PTEN	15	R	K	6	18	6	Supporting	1	True	O4 + O7 may be combined (max +8)					False
PTEN	123	H	Y	6	14	5	Supporting	1	False	Cap combined O4 + O7 at +4					False
PTEN	326	D	G	6	12	4	Supporting	1	False	Cap combined O4 + O7 at +4					False
PTEN	138	Y	C	6	7	2	Supporting	1	False	Cap combined O4 + O7 at +4					False
PTEN	159	R	S	6	10	3	Supporting	1	False	Cap combined O4 + O7 at +4					False
SMAD2	465	S	N	6	7	2	Supporting	1	False	Cap combined O4 + O7 at +4					False
SMAD4	508	G	D	6	9	3	Supporting	1	False	Cap combined O4 + O7 at +4					False
SOS1	269	M	K	6	12	5	Supporting	1	False	Cap combined O4 + O7 at +4					False
TCF7L2	469	C	Y	6	7	2	Supporting	1	False	Cap combined O4 + O7 at +4					False
TP53	156	R	G	6	37	6	Supporting	1	True	O4 + O7 may be combined (max +8)					False
TP53	162	I	S	6	21	3	Supporting	1	True	O4 + O7 may be combined (max +8)					False
PTPRT	364	R	Q	6	12	3	Supporting	1	False	Cap combined O4 + O7 at +4	0.4167				False
ATM	2832	R	C	6	7	2	Supporting	1	False	Cap combined O4 + O7 at +4	0.2857				False
ALK	395	R	H	6	7	2	Supporting	1	False	Cap combined O4 + O7 at +4	0.8571				False
STK11	221	P	L	6	8	3	Supporting	1	False	Cap combined O4 + O7 at +4	0.625				False
VHL	121	D	Y	6	9	3	Supporting	1	False	Cap combined O4 + O7 at +4	0.2222				False
FBXW7	520	D	N	6	11	5	Supporting	1	False	Cap combined O4 + O7 at +4	0.5455				False
PIM1	28	G	D	6	8	3	Supporting	1	False	Cap combined O4 + O7 at +4	0.5				False
CIC	201	R	W	6	7	2	Supporting	1	False	Cap combined O4 + O7 at +4	0.1429				False
MST1	673	G	S	6	6	1	Supporting	1	False	Cap combined O4 + O7 at +4	0.1667				False
SMAD4	524	W	C	6	9	4	Supporting	1	False	Cap combined O4 + O7 at +4	0.2222				False
GNAQ	183	R	Q	6	10	2	Supporting	1	False	Cap combined O4 + O7 at +4	0.4				False
PTEN	165	G	E	6	12	3	Supporting	1	False	Cap combined O4 + O7 at +4	0.25				False
SMAD3	287	R	W	6	8	2	Supporting	1	False	Cap combined O4 + O7 at +4	0.625				False
PTPRT	695	L	F	6	9	3	Supporting	1	False	Cap combined O4 + O7 at +4	0.2222				False
PTEN	170	S	N	6	8	3	Supporting	1	False	Cap combined O4 + O7 at +4	0.375				False
TP53	113	F	C	6	17	6	Supporting	1	True	O4 + O7 may be combined (max +8)	0.5882				False
TP53	113	F	V	6	17	6	Supporting	1	True	O4 + O7 may be combined (max +8)	0.5882				False
AKT1	79	Q	K	6	6	1	Supporting	1	False	Cap combined O4 + O7 at +4	0.5				False
TP53	111	L	R	6	18	4	Supporting	1	True	O4 + O7 may be combined (max +8)	0.2778				False
PIK3CA	539	P	R	6	6	1	Supporting	1	False	Cap combined O4 + O7 at +4	0.5				False
NOTCH1	365	R	C	6	8	2	Supporting	1	False	Cap combined O4 + O7 at +4	0.5				False
DICER1	1344	S	L	6	7	2	Supporting	1	False	Cap combined O4 + O7 at +4	0.4286				False
PTPN11	468	T	M	6	7	2	Supporting	1	False	Cap combined O4 + O7 at +4	0.2857				False
ETV6	369	R	W	6	9	4	Supporting	1	False	Cap combined O4 + O7 at +4	0.4444				False
TP53	107	Y	D	6	15	3	Supporting	1	False	Cap combined O4 + O7 at +4	0.5333				False
NOTCH1	310	G	R	6	7	2	Supporting	1	False	Cap combined O4 + O7 at +4	0.4286				False
FBXW7	14	R	Q	6	9	2	Supporting	1	False	Cap combined O4 + O7 at +4	0.1111				False
FOXL2	118	E	K	6	7	2	Supporting	1	False	Cap combined O4 + O7 at +4	0.2857				False
BCL6	618	R	C	6	7	2	Supporting	1	False	Cap combined O4 + O7 at +4	0.4286				False
GLI1	380	R	Q	6	8	3	Supporting	1	False	Cap combined O4 + O7 at +4	0.5				False
ERBB2	103	R	Q	6	6	1	Supporting	1	False	Cap combined O4 + O7 at +4	0.5				False
SDHA	644	V	M	6	7	2	Supporting	1	False	Cap combined O4 + O7 at +4	0.0				False
FBXW7	224	R	*	5	10	2	Not applicable (nonsense/stop-loss/synonymous)	0	False	Cap combined O4 + O7 at +4	0.3				False
TP53	197	V	V	5	17	5	Not applicable (nonsense/stop-loss/synonymous)	0	True	O4 + O7 may be combined (max +8)	0.4706				False
KMT2A	1264	R	*	5	5	1	Not applicable (nonsense/stop-loss/synonymous)	0	False	Cap combined O4 + O7 at +4	0.4				False
CUL3	20	A	A	5	5	1	Not applicable (nonsense/stop-loss/synonymous)	0	False	Cap combined O4 + O7 at +4	0.6				False
CTNNB1	535	R	*	5	7	2	Not applicable (nonsense/stop-loss/synonymous)	0	False	Cap combined O4 + O7 at +4	0.0				False
PRDM14	204	F	F	5	6	2	Not applicable (nonsense/stop-loss/synonymous)	0	False	Cap combined O4 + O7 at +4	0.0				False
SUZ12	101	R	*	5	6	2	Not applicable (nonsense/stop-loss/synonymous)	0	False	Cap combined O4 + O7 at +4	0.0				False
CASP8	127	R	*	5	13	2	Not applicable (nonsense/stop-loss/synonymous)	0	False	Cap combined O4 + O7 at +4	0.3077				False
NRAS	60	G	G	5	7	3	Not applicable (nonsense/stop-loss/synonymous)	0	False	Cap combined O4 + O7 at +4	0.7143				False
VHL	88	W	*	5	9	3	Not applicable (nonsense/stop-loss/synonymous)	0	False	Cap combined O4 + O7 at +4	0.2222				False
ERBB4	707	Q	Q	5	11	2	Not applicable (nonsense/stop-loss/synonymous)	0	False	Cap combined O4 + O7 at +4	0.0				False
TP53	236	Y	*	5	59	6	Not applicable (nonsense/stop-loss/synonymous)	0	True	O4 + O7 may be combined (max +8)	0.5424				False
TP53	139	K	*	5	21	5	Not applicable (nonsense/stop-loss/synonymous)	0	True	O4 + O7 may be combined (max +8)					False
PTEN	65	Y	*	5	5	1	Not applicable (nonsense/stop-loss/synonymous)	0	False	Cap combined O4 + O7 at +4	0.6				False
TGFBR2	544	E	K	5	5	1	Supporting	1	False	Cap combined O4 + O7 at +4	0.0				False
TP53	236	Y	D	5	59	6	Supporting	1	True	O4 + O7 may be combined (max +8)	0.5424				False
PIK3CA	39	E	K	5	6	2	Supporting	1	False	Cap combined O4 + O7 at +4	0.1667				False
KMT2D	5179	R	H	5	10	4	Supporting	1	False	Cap combined O4 + O7 at +4	0.4				False
ATM	2875	N	S	5	8	3	Supporting	1	False	Cap combined O4 + O7 at +4	0.125				False
KIT	823	Y	D	5	6	2	Supporting	1	False	Cap combined O4 + O7 at +4	1.0				False
RHOA	161	A	V	5	7	2	Supporting	1	False	Cap combined O4 + O7 at +4	0.4286				False
FGFR3	371	S	C	5	5	1	Supporting	1	False	Cap combined O4 + O7 at +4	0.4				False
PTPN11	510	Q	L	5	9	3	Supporting	1	False	Cap combined O4 + O7 at +4	0.1111				False
ERCC2	24	Y	C	5	5	1	Supporting	1	False	Cap combined O4 + O7 at +4	0.6				False
ACVR1	258	R	G	5	6	2	Supporting	1	False	Cap combined O4 + O7 at +4	0.1667				False
VHL	80	S	R	5	11	4	Supporting	1	False	Cap combined O4 + O7 at +4	0.5455				False
SF3B1	741	K	N	5	10	5	Supporting	1	False	Cap combined O4 + O7 at +4	0.5				False
MAP2K1	128	G	D	5	10	3	Supporting	1	False	Cap combined O4 + O7 at +4	0.5				False
PIK3CA	350	D	G	5	12	3	Supporting	1	False	Cap combined O4 + O7 at +4	0.4167				False
SETD2	1625	R	H	5	13	4	Supporting	1	False	Cap combined O4 + O7 at +4	0.4615				False
CDH1	254	D	N	5	11	3	Supporting	1	False	Cap combined O4 + O7 at +4	0.3636				False
KRAS	59	A	T	5	12	4	Supporting	1	False	Cap combined O4 + O7 at +4	0.5				False
MYOD1	122	L	R	5	7	3	Supporting	1	False	Cap combined O4 + O7 at +4	0.7143				False
CIC	1515	R	H	5	10	2	Supporting	1	False	Cap combined O4 + O7 at +4	0.3				False
CIC	1515	R	C	5	10	2	Supporting	1	False	Cap combined O4 + O7 at +4	0.3				False
VHL	89	L	P	5	15	3	Supporting	1	True	O4 + O7 may be combined (max +8)	0.3333				False
ACVR1	328	G	E	5	7	2	Supporting	1	False	Cap combined O4 + O7 at +4	0.1429				False
FBXW7	689	R	Q	5	19	2	Supporting	1	True	O4 + O7 may be combined (max +8)	0.4211				False
TP53	267	R	L	5	36	6	Supporting	1	True	O4 + O7 may be combined (max +8)	0.5				False
SMO	412	L	F	5	6	2	Supporting	1	False	Cap combined O4 + O7 at +4	0.3333				False
PRKCI	480	R	C	5	10	3	Supporting	1	False	Cap combined O4 + O7 at +4	0.0				False
STAT3	614	S	R	5	5	1	Supporting	1	False	Cap combined O4 + O7 at +4	0.4				False
ASXL2	1	M	T	5	6	2	Supporting	1	False	Cap combined O4 + O7 at +4	0.6667				False
FAT1	1627	R	Q	5	12	2	Supporting	1	False	Cap combined O4 + O7 at +4	0.3333				False
PTEN	165	G	R	5	12	3	Supporting	1	False	Cap combined O4 + O7 at +4	0.25				False
FOXA1	250	S	F	5	6	2	Supporting	1	False	Cap combined O4 + O7 at +4	0.5				False
FGFR2	375	Y	C	5	5	1	Supporting	1	False	Cap combined O4 + O7 at +4	0.2				False
EP300	1164	C	Y	5	6	2	Supporting	1	False	Cap combined O4 + O7 at +4	0.5				False
MTOR	2327	M	I	5	6	2	Supporting	1	False	Cap combined O4 + O7 at +4	0.5				False
MAP2K1	121	C	S	5	6	2	Supporting	1	False	Cap combined O4 + O7 at +4	0.3333				False
PDGFRA	229	E	K	5	7	3	Supporting	1	False	Cap combined O4 + O7 at +4	0.2857				False
TP53	172	V	D	5	18	3	Supporting	1	True	O4 + O7 may be combined (max +8)	0.4444				False
PIK3R2	557	D	Y	5	9	4	Supporting	1	False	Cap combined O4 + O7 at +4	0.8889				False
VHL	74	V	D	5	7	3	Supporting	1	False	Cap combined O4 + O7 at +4	0.1429				False
TP53	271	E	V	5	53	4	Supporting	1	True	O4 + O7 may be combined (max +8)	0.5472				False
EGFR	304	H	Y	5	5	1	Supporting	1	False	Cap combined O4 + O7 at +4	0.4				False
RHOA	34	Y	C	5	6	2	Supporting	1	False	Cap combined O4 + O7 at +4	0.3333				False
HIST1H3C	37	K	M	5	6	2	Supporting	1	False	Cap combined O4 + O7 at +4	0.1667				False
PREX2	50	L	V	5	9	2	Supporting	1	False	Cap combined O4 + O7 at +4	0.0				False
PTEN	127	G	R	5	14	4	Supporting	1	False	Cap combined O4 + O7 at +4	0.5				False
PTEN	127	G	E	5	14	4	Supporting	1	False	Cap combined O4 + O7 at +4	0.5				False
TP53	109	F	C	5	16	5	Supporting	1	True	O4 + O7 may be combined (max +8)	0.3125				False
CIC	1512	R	H	5	11	4	Supporting	1	False	Cap combined O4 + O7 at +4	0.1818				False
CCND1	287	P	S	5	12	5	Supporting	1	False	Cap combined O4 + O7 at +4	0.4167				False
TP53	143	V	G	5	26	4	Supporting	1	True	O4 + O7 may be combined (max +8)	0.4615				False
CTNNB1	45	S	C	5	71	5	Supporting	1	True	O4 + O7 may be combined (max +8)	0.5634				False
SPOP	133	F	S	5	67	5	Supporting	1	True	O4 + O7 may be combined (max +8)	0.4925				False
TP53	236	Y	N	5	59	6	Supporting	1	True	O4 + O7 may be combined (max +8)	0.5424				False
TP53	158	R	C	5	106	7	Supporting	1	True	O4 + O7 may be combined (max +8)	0.5094				False
EGFR	598	G	A	5	33	3	Supporting	1	True	O4 + O7 may be combined (max +8)	0.303				False
TP53	238	C	R	5	77	6	Supporting	1	True	O4 + O7 may be combined (max +8)	0.4545				False
BRAF	601	K	N	5	38	3	Supporting	1	True	O4 + O7 may be combined (max +8)	0.5				False
ERBB2	755	L	P	5	44	6	Supporting	1	True	O4 + O7 may be combined (max +8)	0.6364				False
TP53	176	C	R	5	115	8	Supporting	1	True	O4 + O7 may be combined (max +8)	0.4				False
TP53	176	C	G	5	115	8	Supporting	1	True	O4 + O7 may be combined (max +8)	0.4				False
TP53	193	H	N	5	123	7	Supporting	1	True	O4 + O7 may be combined (max +8)	0.4146				False
TP53	237	M	K	5	64	3	Supporting	1	True	O4 + O7 may be combined (max +8)	0.4375				False
TP53	193	H	D	5	123	7	Supporting	1	True	O4 + O7 may be combined (max +8)	0.4146				False
NRAS	12	G	V	5	74	6	Supporting	1	True	O4 + O7 may be combined (max +8)	0.473	NM_002524.5	p.G12V	Oncogenic	True
KRAS	146	A	P	5	86	3	Supporting	1	True	O4 + O7 may be combined (max +8)	0.6047				False
CTNNB1	37	S	Y	5	103	5	Supporting	1	True	O4 + O7 may be combined (max +8)	0.4272				False
PIK3CA	546	Q	H	5	93	6	Supporting	1	True	O4 + O7 may be combined (max +8)	0.4301				False
PTEN	130	R	L	5	168	7	Supporting	1	True	O4 + O7 may be combined (max +8)	0.4048				False
PIK3CA	542	E	Q	5	372	5	Supporting	1	True	O4 + O7 may be combined (max +8)	0.5565				False
TP53	273	R	P	5	609	6	Supporting	1	True	O4 + O7 may be combined (max +8)	0.4696				False
PIK3CA	545	E	D	5	633	5	Supporting	1	True	O4 + O7 may be combined (max +8)	0.4929				False
EGFR	719	G	S	5	33	4	Supporting	1	True	O4 + O7 may be combined (max +8)	0.697	NM_005228.5	p.G719S	Oncogenic	True
NFE2L2	34	R	P	5	34	5	Supporting	1	True	O4 + O7 may be combined (max +8)	0.4412				False
TP53	134	F	V	5	24	5	Supporting	1	True	O4 + O7 may be combined (max +8)	0.625				False
NFE2L2	80	T	R	5	15	5	Supporting	1	True	O4 + O7 may be combined (max +8)	0.2667				False
CDK4	22	K	M	5	7	2	Supporting	1	False	Cap combined O4 + O7 at +4	0.1429				False
SF3B1	666	K	T	5	13	5	Supporting	1	False	Cap combined O4 + O7 at +4	0.3077	NM_012433.4	p.K666T	Oncogenic	True
SMARCB1	377	R	C	5	17	3	Supporting	1	True	O4 + O7 may be combined (max +8)	0.7647				False
MTOR	2500	I	F	5	10	3	Supporting	1	False	Cap combined O4 + O7 at +4	0.4				False
FOXA1	266	F	L	5	11	6	Supporting	1	False	Cap combined O4 + O7 at +4	0.5455				False
TP53	258	E	D	5	47	8	Supporting	1	True	O4 + O7 may be combined (max +8)	0.5957				False
RHEB	35	Y	N	5	12	5	Supporting	1	False	Cap combined O4 + O7 at +4	0.25				False
KIT	559	V	D	5	14	3	Supporting	1	False	Cap combined O4 + O7 at +4	0.7143				False
SMAD4	351	D	N	5	20	6	Supporting	1	True	O4 + O7 may be combined (max +8)	0.6				False
TP53	216	V	G	5	42	4	Supporting	1	True	O4 + O7 may be combined (max +8)	0.5				False
TP53	272	V	G	5	66	7	Supporting	1	True	O4 + O7 may be combined (max +8)	0.4697				False
TP53	141	C	R	5	47	7	Supporting	1	True	O4 + O7 may be combined (max +8)	0.4043				False
SMAD4	537	D	V	5	30	6	Supporting	1	True	O4 + O7 may be combined (max +8)	0.7				False
KIT	816	D	Y	5	22	4	Supporting	1	True	O4 + O7 may be combined (max +8)	0.2727	NM_000222.3	p.D816Y	Oncogenic	True
KIT	816	D	H	5	22	4	Supporting	1	True	O4 + O7 may be combined (max +8)	0.2727	NM_000222.3	p.D816H	Oncogenic	True
TP53	274	V	L	5	46	5	Supporting	1	True	O4 + O7 may be combined (max +8)	0.4783				False
MED12	44	G	C	5	25	5	Supporting	1	True	O4 + O7 may be combined (max +8)	0.8				False
CD79B	197	Y	H	5	16	7	Supporting	1	True	O4 + O7 may be combined (max +8)	0.1875				False
RHOA	17	G	A	5	36	3	Supporting	1	True	O4 + O7 may be combined (max +8)	0.8611				False
TP53	132	K	M	5	83	7	Supporting	1	True	O4 + O7 may be combined (max +8)	0.4337				False
FBXW7	224	R	Q	5	10	2	Supporting	1	False	Cap combined O4 + O7 at +4	0.3				False
DNMT1	51	E	K	5	5	1	Supporting	1	False	Cap combined O4 + O7 at +4	0.4				False
PIK3CA	604	C	R	5	5	1	Supporting	1	False	Cap combined O4 + O7 at +4	0.0				False
RPS6KA4	236	S	L	5	6	2	Supporting	1	False	Cap combined O4 + O7 at +4	0.5				False
TP53	197	V	L	5	17	5	Supporting	1	True	O4 + O7 may be combined (max +8)	0.4706				False
TP53	133	M	K	5	10	4	Supporting	1	False	Cap combined O4 + O7 at +4	0.6				False
TP53	178	H	D	5	12	5	Supporting	1	False	Cap combined O4 + O7 at +4	0.5833				False
TP53	218	V	G	5	9	5	Supporting	1	False	Cap combined O4 + O7 at +4	0.4444				False
SMAD2	321	R	Q	5	9	2	Supporting	1	False	Cap combined O4 + O7 at +4	0.2222				False
BAP1	170	F	C	5	11	4	Supporting	1	False	Cap combined O4 + O7 at +4					False
CBFB	67	Q	H	5	7	3	Supporting	1	False	Cap combined O4 + O7 at +4					False
EGFR	776	R	C	5	13	4	Supporting	1	False	Cap combined O4 + O7 at +4					False
ERBB3	262	P	H	5	10	5	Supporting	1	False	Cap combined O4 + O7 at +4					False
ERCC2	74	S	L	5	6	2	Supporting	1	False	Cap combined O4 + O7 at +4					False
KDR	771	T	R	5	9	3	Supporting	1	False	Cap combined O4 + O7 at +4					False
KEAP1	413	R	C	5	16	4	Supporting	1	True	O4 + O7 may be combined (max +8)					False
KEAP1	274	H	R	5	9	4	Supporting	1	False	Cap combined O4 + O7 at +4					False
KEAP1	278	P	S	5	14	4	Supporting	1	False	Cap combined O4 + O7 at +4					False
KEAP1	311	H	R	5	10	5	Supporting	1	False	Cap combined O4 + O7 at +4					False
MTOR	1973	I	F	5	7	3	Supporting	1	False	Cap combined O4 + O7 at +4					False
MTOR	2419	E	K	5	9	4	Supporting	1	False	Cap combined O4 + O7 at +4					False
PIK3CA	1066	A	V	5	6	2	Supporting	1	False	Cap combined O4 + O7 at +4					False
PIK3R2	561	N	D	5	7	3	Supporting	1	False	Cap combined O4 + O7 at +4					False
RAF1	261	P	R	5	10	4	Supporting	1	False	Cap combined O4 + O7 at +4					False
RB1	444	Q	H	5	9	4	Supporting	1	False	Cap combined O4 + O7 at +4					False
RRAS2	23	G	S	5	35	5	Supporting	1	True	O4 + O7 may be combined (max +8)					False
TP53	283	R	H	5	38	5	Supporting	1	True	O4 + O7 may be combined (max +8)					False
TP53	177	P	S	5	25	5	Supporting	1	True	O4 + O7 may be combined (max +8)					False
KRAS	22	Q	K	5	6	2	Supporting	1	False	Cap combined O4 + O7 at +4	0.3333				False
EIF1AX	8	G	R	5	6	2	Supporting	1	False	Cap combined O4 + O7 at +4	0.3333				False
TP53	147	V	D	5	12	3	Supporting	1	False	Cap combined O4 + O7 at +4					False
VHL	169	L	P	5	5	1	Supporting	1	False	Cap combined O4 + O7 at +4	0.4				False
TP53	251	I	N	5	15	5	Supporting	1	True	O4 + O7 may be combined (max +8)	0.6				False
TGFBR1	487	R	Q	5	8	2	Supporting	1	False	Cap combined O4 + O7 at +4	0.5				False
SMARCA4	1135	R	W	5	9	2	Supporting	1	False	Cap combined O4 + O7 at +4	0.3333				False
MAP2K1	56	Q	P	5	5	1	Supporting	1	False	Cap combined O4 + O7 at +4	0.8				False
PIK3CA	1052	T	K	5	5	1	Supporting	1	False	Cap combined O4 + O7 at +4	0.2				False
JUN	112	E	K	5	7	2	Supporting	1	False	Cap combined O4 + O7 at +4	0.1429				False
KLF4	409	K	Q	5	7	2	Supporting	1	False	Cap combined O4 + O7 at +4	0.2857				False
SMARCA4	973	R	Q	5	10	2	Supporting	1	False	Cap combined O4 + O7 at +4	0.3				False
SMARCA4	973	R	W	5	10	2	Supporting	1	False	Cap combined O4 + O7 at +4	0.3				False
FOXA1	226	D	N	5	9	2	Supporting	1	False	Cap combined O4 + O7 at +4	0.2222				False
GNA11	183	R	C	5	7	3	Supporting	1	False	Cap combined O4 + O7 at +4	0.1429				False
TP53	251	I	F	5	15	5	Supporting	1	True	O4 + O7 may be combined (max +8)	0.6				False
PIK3CA	471	P	L	5	7	2	Supporting	1	False	Cap combined O4 + O7 at +4	0.2857				False
PIK3CA	364	G	R	5	6	2	Supporting	1	False	Cap combined O4 + O7 at +4	0.6667				False
HIST1H3B	106	E	Q	5	14	3	Supporting	1	False	Cap combined O4 + O7 at +4	0.7143				False
ERBB4	1002	K	T	5	6	2	Supporting	1	False	Cap combined O4 + O7 at +4	0.0				False
BCL2	33	G	R	5	6	2	Supporting	1	False	Cap combined O4 + O7 at +4	0.3333				False
TP53	120	K	E	5	9	4	Supporting	1	False	Cap combined O4 + O7 at +4	0.4444				False
ANKRD11	369	K	R	5	5	1	Supporting	1	False	Cap combined O4 + O7 at +4	0.0				False
SMARCB1	374	R	Q	5	8	2	Supporting	1	False	Cap combined O4 + O7 at +4	0.5				False
CDK12	890	R	H	5	5	1	Supporting	1	False	Cap combined O4 + O7 at +4	0.2				False
CTLA4	17	T	A	5	5	1	Supporting	1	False	Cap combined O4 + O7 at +4	0.0				False
SMARCD1	183	R	Q	5	7	3	Supporting	1	False	Cap combined O4 + O7 at +4	0.4286				False
PIM1	2	L	F	5	6	2	Supporting	1	False	Cap combined O4 + O7 at +4	0.3333				False
PTEN	71	C	Y	5	7	3	Supporting	1	False	Cap combined O4 + O7 at +4	0.4286				False
SMAD2	321	R	*	4	9	2	Not applicable (nonsense/stop-loss/synonymous)	0	False	Cap combined O4 + O7 at +4	0.2222				False
FBXW7	505	R	L	4	83	6	Supporting	1	True	O4 + O7 may be combined (max +8)	0.3855				False
PTEN	15	R	*	4	18	6	Not applicable (nonsense/stop-loss/synonymous)	0	True	O4 + O7 may be combined (max +8)					False
FBXW7	393	R	*	4	7	2	Not applicable (nonsense/stop-loss/synonymous)	0	False	Cap combined O4 + O7 at +4	0.1429				False
PTPRS	398	Y	Y	4	4	1	Not applicable (nonsense/stop-loss/synonymous)	0	False	Cap combined O4 + O7 at +4	0.5				False
PIM1	7	N	N	4	4	1	Not applicable (nonsense/stop-loss/synonymous)	0	False	Cap combined O4 + O7 at +4	0.25				False
PIK3CD	894	R	R	4	5	2	Not applicable (nonsense/stop-loss/synonymous)	0	False	Cap combined O4 + O7 at +4	0.2				False
KMT2C	56	R	*	4	10	2	Not applicable (nonsense/stop-loss/synonymous)	0	False	Cap combined O4 + O7 at +4	0.5				False
MAP2K4	110	R	*	4	8	4	Not applicable (nonsense/stop-loss/synonymous)	0	False	Cap combined O4 + O7 at +4	0.25				False
VHL	167	R	Q	4	11	3	Supporting	1	False	Cap combined O4 + O7 at +4					False
CBFB	73	W	*	4	4	1	Not applicable (nonsense/stop-loss/synonymous)	0	False	Cap combined O4 + O7 at +4	0.5				False
VHL	167	R	W	4	11	3	Supporting	1	False	Cap combined O4 + O7 at +4					False
TP53	253	T	I	4	25	5	Supporting	1	True	O4 + O7 may be combined (max +8)					False
VHL	188	L	P	4	8	3	Supporting	1	False	Cap combined O4 + O7 at +4					False
TP53	330	L	R	4	11	4	Supporting	1	False	Cap combined O4 + O7 at +4					False
TP53	330	L	P	4	11	4	Supporting	1	False	Cap combined O4 + O7 at +4					False
TP53	211	T	A	4	19	4	Supporting	1	True	O4 + O7 may be combined (max +8)					False
TP53	253	T	N	4	25	5	Supporting	1	True	O4 + O7 may be combined (max +8)					False
TP53	283	R	C	4	38	5	Supporting	1	True	O4 + O7 may be combined (max +8)					False
TP53	156	R	H	4	37	6	Supporting	1	True	O4 + O7 may be combined (max +8)					False
TGFBR2	549	D	G	4	13	3	Supporting	1	False	Cap combined O4 + O7 at +4					False
STK11	297	R	K	4	9	4	Supporting	1	False	Cap combined O4 + O7 at +4					False
STK11	237	D	H	4	15	3	Supporting	1	True	O4 + O7 may be combined (max +8)					False
SMAD4	406	A	T	4	18	3	Supporting	1	True	O4 + O7 may be combined (max +8)					False
PTPRT	364	R	*	4	12	3	Not applicable (nonsense/stop-loss/synonymous)	0	False	Cap combined O4 + O7 at +4	0.4167				False
SMAD4	383	I	R	4	11	4	Supporting	1	False	Cap combined O4 + O7 at +4					False
CCND3	276	Q	*	4	4	1	Not applicable (nonsense/stop-loss/synonymous)	0	False	Cap combined O4 + O7 at +4	0.25				False
PREX2	50	L	L	4	9	2	Not applicable (nonsense/stop-loss/synonymous)	0	False	Cap combined O4 + O7 at +4	0.0				False
ARID1B	1179	Q	*	4	5	2	Not applicable (nonsense/stop-loss/synonymous)	0	False	Cap combined O4 + O7 at +4	0.2				False
ETV6	284	S	S	4	6	2	Not applicable (nonsense/stop-loss/synonymous)	0	False	Cap combined O4 + O7 at +4	0.3333				False
SETD2	1592	R	Q	4	9	4	Supporting	1	False	Cap combined O4 + O7 at +4					False
BRAF	600	V	R	4	897	6	Supporting	1	True	O4 + O7 may be combined (max +8)	0.32	NM_004333.6	p.V600R	Oncogenic	True
PIK3CA	345	N	T	4	98	7	Supporting	1	True	O4 + O7 may be combined (max +8)	0.5204				False
TP53	220	Y	D	4	152	6	Supporting	1	True	O4 + O7 may be combined (max +8)	0.4013				False
TP53	213	R	G	4	256	5	Supporting	1	True	O4 + O7 may be combined (max +8)	0.4844				False
TP53	282	R	P	4	219	6	Supporting	1	True	O4 + O7 may be combined (max +8)	0.4795				False
SMAD4	361	R	S	4	124	6	Supporting	1	True	O4 + O7 may be combined (max +8)	0.5887				False
BRAF	600	V	V	4	897	6	Not applicable (nonsense/stop-loss/synonymous)	0	True	O4 + O7 may be combined (max +8)	0.32				False
TP53	220	Y	*	4	152	6	Not applicable (nonsense/stop-loss/synonymous)	0	True	O4 + O7 may be combined (max +8)	0.4013				False
TP53	176	C	*	4	115	8	Not applicable (nonsense/stop-loss/synonymous)	0	True	O4 + O7 may be combined (max +8)	0.4				False
TP53	135	C	*	4	74	7	Not applicable (nonsense/stop-loss/synonymous)	0	True	O4 + O7 may be combined (max +8)	0.5				False
TP53	285	E	E	4	99	5	Not applicable (nonsense/stop-loss/synonymous)	0	True	O4 + O7 may be combined (max +8)	0.5253				False
TP53	281	D	D	4	69	9	Not applicable (nonsense/stop-loss/synonymous)	0	True	O4 + O7 may be combined (max +8)	0.5217				False
ARID2	297	S	S	4	20	2	Not applicable (nonsense/stop-loss/synonymous)	0	True	O4 + O7 may be combined (max +8)	0.55				False
TP53	164	K	*	4	13	2	Not applicable (nonsense/stop-loss/synonymous)	0	False	Cap combined O4 + O7 at +4	0.6154				False
RUNX1	201	R	*	4	7	3	Not applicable (nonsense/stop-loss/synonymous)	0	False	Cap combined O4 + O7 at +4	0.0	NM_001754.5	p.R201*	Oncogenic	True
GNAQ	183	R	*	4	10	2	Not applicable (nonsense/stop-loss/synonymous)	0	False	Cap combined O4 + O7 at +4	0.4				False
DNAJB1	190	L	L	4	4	1	Not applicable (nonsense/stop-loss/synonymous)	0	False	Cap combined O4 + O7 at +4	0.0				False
KMT2D	1903	R	*	4	5	2	Not applicable (nonsense/stop-loss/synonymous)	0	False	Cap combined O4 + O7 at +4	0.6				False
KDR	1032	R	*	4	12	2	Not applicable (nonsense/stop-loss/synonymous)	0	False	Cap combined O4 + O7 at +4	0.3333				False
STK11	84	K	*	4	4	1	Not applicable (nonsense/stop-loss/synonymous)	0	False	Cap combined O4 + O7 at +4	0.5				False
ATM	1466	R	*	4	9	3	Not applicable (nonsense/stop-loss/synonymous)	0	False	Cap combined O4 + O7 at +4	0.4444				False
GATA3	366	R	*	4	5	2	Not applicable (nonsense/stop-loss/synonymous)	0	False	Cap combined O4 + O7 at +4	1.0				False
PTEN	146	L	*	4	4	1	Not applicable (nonsense/stop-loss/synonymous)	0	False	Cap combined O4 + O7 at +4	0.5				False
FGFR3	8	L	L	4	4	1	Not applicable (nonsense/stop-loss/synonymous)	0	False	Cap combined O4 + O7 at +4	1.0				False
SMAD4	383	I	K	4	11	4	Supporting	1	False	Cap combined O4 + O7 at +4					False
FBXW7	505	R	H	4	83	6	Supporting	1	True	O4 + O7 may be combined (max +8)	0.3855				False
PTEN	108	L	R	4	8	4	Supporting	1	False	Cap combined O4 + O7 at +4					False
EIF1AX	15	G	D	4	7	3	Supporting	1	False	Cap combined O4 + O7 at +4	0.2857				False
SMAD4	419	G	W	4	8	3	Supporting	1	False	Cap combined O4 + O7 at +4	0.75				False
STAT3	410	H	R	4	6	2	Supporting	1	False	Cap combined O4 + O7 at +4	0.1667				False
TP53	130	L	R	4	30	5	Supporting	1	True	O4 + O7 may be combined (max +8)	0.5333				False
MYC	74	P	S	4	12	5	Supporting	1	False	Cap combined O4 + O7 at +4	0.4167				False
MYC	74	P	L	4	12	5	Supporting	1	False	Cap combined O4 + O7 at +4	0.4167				False
ARAF	214	S	F	4	12	6	Supporting	1	False	Cap combined O4 + O7 at +4	0.4167				False
PTEN	119	V	F	4	7	4	Supporting	1	False	Cap combined O4 + O7 at +4					False
PTEN	93	H	Y	4	12	4	Supporting	1	False	Cap combined O4 + O7 at +4	0.3333				False
MAP2K1	128	G	V	4	10	3	Supporting	1	False	Cap combined O4 + O7 at +4	0.5				False
TCF7L2	471	R	H	4	14	3	Supporting	1	True	O4 + O7 may be combined (max +8)	0.3571				False
FOXA1	253	M	K	4	7	3	Supporting	1	False	Cap combined O4 + O7 at +4	0.4286				False
PIK3CA	378	C	F	4	9	3	Supporting	1	False	Cap combined O4 + O7 at +4	0.2222				False
CDH1	254	D	Y	4	11	3	Supporting	1	False	Cap combined O4 + O7 at +4	0.3636				False
KRAS	59	A	G	4	12	4	Supporting	1	False	Cap combined O4 + O7 at +4	0.5				False
FGFR4	550	V	M	4	11	2	Supporting	1	False	Cap combined O4 + O7 at +4	0.6364				False
NFE2L2	26	Q	K	4	9	5	Supporting	1	False	Cap combined O4 + O7 at +4	0.2222				False
KIT	820	D	Y	4	11	5	Supporting	1	False	Cap combined O4 + O7 at +4	1.0				False
GNAS	227	Q	L	4	11	3	Supporting	1	False	Cap combined O4 + O7 at +4	0.7273				False
GNAS	227	Q	H	4	11	3	Supporting	1	False	Cap combined O4 + O7 at +4	0.7273				False
FOXA1	247	H	Y	4	10	4	Supporting	1	False	Cap combined O4 + O7 at +4	0.6				False
ERCC2	484	T	M	4	8	2	Supporting	1	False	Cap combined O4 + O7 at +4	0.5				False
ERCC2	484	T	A	4	8	2	Supporting	1	False	Cap combined O4 + O7 at +4	0.5				False
SF3B1	626	N	Y	4	8	3	Supporting	1	False	Cap combined O4 + O7 at +4	0.125				False
FOXA1	261	R	G	4	9	4	Supporting	1	False	Cap combined O4 + O7 at +4	0.6667				False
MTOR	1888	F	I	4	8	3	Supporting	1	False	Cap combined O4 + O7 at +4	0.375				False
MTOR	2427	L	Q	4	7	2	Supporting	1	False	Cap combined O4 + O7 at +4	0.5714				False
STK11	242	G	V	4	9	4	Supporting	1	False	Cap combined O4 + O7 at +4	0.6667				False
KEAP1	260	R	Q	4	10	3	Supporting	1	False	Cap combined O4 + O7 at +4	0.4				False
KEAP1	260	R	L	4	10	3	Supporting	1	False	Cap combined O4 + O7 at +4	0.4				False
B2M	12	L	P	4	7	3	Supporting	1	False	Cap combined O4 + O7 at +4	0.4286				False
PIM1	97	S	N	4	10	4	Supporting	1	False	Cap combined O4 + O7 at +4	0.5				False
MAP2K2	57	F	L	4	6	2	Supporting	1	False	Cap combined O4 + O7 at +4	0.1667				False
VHL	86	P	S	4	9	4	Supporting	1	False	Cap combined O4 + O7 at +4	0.6667				False
VHL	158	L	V	4	9	4	Supporting	1	False	Cap combined O4 + O7 at +4	0.1111				False
EGFR	363	T	I	4	7	3	Supporting	1	False	Cap combined O4 + O7 at +4	0.2857				False
CDKN2A	130	L	Q	4	8	3	Supporting	1	False	Cap combined O4 + O7 at +4	0.25				False
PTEN	129	G	E	4	12	5	Supporting	1	False	Cap combined O4 + O7 at +4	0.5				False
TP53	105	G	D	4	28	6	Supporting	1	True	O4 + O7 may be combined (max +8)	0.5				False
PTEN	27	Y	D	4	10	5	Supporting	1	False	Cap combined O4 + O7 at +4	0.6				False
ERBB2	869	L	R	4	4	1	Supporting	1	False	Cap combined O4 + O7 at +4	0.75				False
CTCF	226	Y	C	4	4	1	Supporting	1	False	Cap combined O4 + O7 at +4	0.5				False
ERCC2	72	Y	C	4	4	1	Supporting	1	False	Cap combined O4 + O7 at +4	0.25				False
TP53	161	A	S	4	26	5	Supporting	1	True	O4 + O7 may be combined (max +8)	0.3462				False
TP53	267	R	Q	4	36	6	Supporting	1	True	O4 + O7 may be combined (max +8)	0.5				False
TP53	168	H	L	4	19	4	Supporting	1	True	O4 + O7 may be combined (max +8)	0.5263				False
CASP8	292	R	Q	4	13	2	Supporting	1	False	Cap combined O4 + O7 at +4	0.4615				False
IL7R	395	K	R	4	12	5	Supporting	1	False	Cap combined O4 + O7 at +4	0.25				False
AKT1	52	L	R	4	5	2	Supporting	1	False	Cap combined O4 + O7 at +4	0.4				False
VHL	78	N	S	4	9	4	Supporting	1	False	Cap combined O4 + O7 at +4	0.3333				False
TP53	127	S	P	4	48	6	Supporting	1	True	O4 + O7 may be combined (max +8)	0.5				False
FOXA1	176	I	M	4	11	2	Supporting	1	False	Cap combined O4 + O7 at +4	0.3636				False
CCND1	287	P	L	4	12	5	Supporting	1	False	Cap combined O4 + O7 at +4	0.4167				False
TP53	173	V	G	4	78	5	Supporting	1	True	O4 + O7 may be combined (max +8)	0.4487				False
TP53	132	K	T	4	83	7	Supporting	1	True	O4 + O7 may be combined (max +8)	0.4337				False
TP53	157	V	G	4	77	6	Supporting	1	True	O4 + O7 may be combined (max +8)	0.4286				False
RXRA	427	S	Y	4	26	2	Supporting	1	True	O4 + O7 may be combined (max +8)	0.0				False
TP53	237	M	V	4	64	3	Supporting	1	True	O4 + O7 may be combined (max +8)	0.4375				False
TP53	135	C	W	4	74	7	Supporting	1	True	O4 + O7 may be combined (max +8)	0.5				False
TP53	135	C	S	4	74	7	Supporting	1	True	O4 + O7 may be combined (max +8)	0.5				False
HRAS	12	G	C	4	38	6	Supporting	1	True	O4 + O7 may be combined (max +8)	0.2895	NM_005343.4	p.G12C	Oncogenic	True
B2M	1	M	T	4	41	6	Supporting	1	True	O4 + O7 may be combined (max +8)	0.3659				False
TP53	238	C	S	4	77	6	Supporting	1	True	O4 + O7 may be combined (max +8)	0.4545				False
TP53	238	C	G	4	77	6	Supporting	1	True	O4 + O7 may be combined (max +8)	0.4545				False
TP53	173	V	A	4	78	5	Supporting	1	True	O4 + O7 may be combined (max +8)	0.4487				False
TP53	242	C	W	4	59	8	Supporting	1	True	O4 + O7 may be combined (max +8)	0.4068				False
EZH2	646	Y	S	4	38	6	Supporting	1	True	O4 + O7 may be combined (max +8)	0.3684	NM_004456.5	p.Y646S	Oncogenic	True
SF3B1	625	R	L	4	59	4	Supporting	1	True	O4 + O7 may be combined (max +8)	0.5932				False
CDKN2A	83	H	R	4	62	5	Supporting	1	True	O4 + O7 may be combined (max +8)	0.6129				False
TP53	195	I	S	4	79	7	Supporting	1	True	O4 + O7 may be combined (max +8)	0.3291				False
BRAF	469	G	E	4	61	7	Supporting	1	True	O4 + O7 may be combined (max +8)	0.6066				False
PIK3CA	1043	M	T	4	58	4	Supporting	1	True	O4 + O7 may be combined (max +8)	0.4828				False
PIK3CA	1043	M	L	4	58	4	Supporting	1	True	O4 + O7 may be combined (max +8)	0.4828				False
CTNNB1	45	S	Y	4	71	5	Supporting	1	True	O4 + O7 may be combined (max +8)	0.5634				False
U2AF1	34	S	Y	4	85	2	Supporting	1	True	O4 + O7 may be combined (max +8)	0.5059	NM_006758.3	p.S34Y	Oncogenic	True
IDH2	172	R	M	4	63	7	Supporting	1	True	O4 + O7 may be combined (max +8)	0.4921	NM_002168.4	p.R172M	Oncogenic	True
CDK4	24	R	C	4	23	4	Supporting	1	True	O4 + O7 may be combined (max +8)	0.5217				False
MED12	44	G	A	4	25	5	Supporting	1	True	O4 + O7 may be combined (max +8)	0.8				False
FBXW7	658	R	Q	4	20	3	Supporting	1	True	O4 + O7 may be combined (max +8)	0.3				False
TP53	270	F	C	4	30	5	Supporting	1	True	O4 + O7 may be combined (max +8)	0.4333				False
EGFR	252	R	H	4	16	3	Supporting	1	True	O4 + O7 may be combined (max +8)	0.375				False
TP53	134	F	C	4	24	5	Supporting	1	True	O4 + O7 may be combined (max +8)	0.625				False
MTOR	2500	I	M	4	10	3	Supporting	1	False	Cap combined O4 + O7 at +4	0.4				False
SPOP	131	W	C	4	23	5	Supporting	1	True	O4 + O7 may be combined (max +8)	0.3913				False
CDKN2A	50	Q	H	4	23	3	Supporting	1	True	O4 + O7 may be combined (max +8)	0.2609				False
TP53	258	E	Q	4	47	8	Supporting	1	True	O4 + O7 may be combined (max +8)	0.5957				False
TP53	258	E	G	4	47	8	Supporting	1	True	O4 + O7 may be combined (max +8)	0.5957				False
TP53	258	E	A	4	47	8	Supporting	1	True	O4 + O7 may be combined (max +8)	0.5957				False
CREBBP	1503	Y	H	4	9	5	Supporting	1	False	Cap combined O4 + O7 at +4	0.4444				False
TP53	270	F	I	4	30	5	Supporting	1	True	O4 + O7 may be combined (max +8)	0.4333				False
CDKN2A	108	D	H	4	29	5	Supporting	1	True	O4 + O7 may be combined (max +8)	0.5172				False
SMAD4	537	D	E	4	30	6	Supporting	1	True	O4 + O7 may be combined (max +8)	0.7				False
TP53	194	L	H	4	49	4	Supporting	1	True	O4 + O7 may be combined (max +8)	0.449				False
NFE2L2	80	T	K	4	15	5	Supporting	1	True	O4 + O7 may be combined (max +8)	0.2667				False
TP53	337	R	S	4	68	6	Supporting	1	True	O4 + O7 may be combined (max +8)	0.4265				False
TP53	337	R	H	4	68	6	Supporting	1	True	O4 + O7 may be combined (max +8)	0.4265				False
TP53	216	V	E	4	42	4	Supporting	1	True	O4 + O7 may be combined (max +8)	0.5				False
TP53	281	D	G	4	69	9	Supporting	1	True	O4 + O7 may be combined (max +8)	0.5217				False
TP53	141	C	G	4	47	7	Supporting	1	True	O4 + O7 may be combined (max +8)	0.4043				False
NFE2L2	81	G	V	4	19	6	Supporting	1	True	O4 + O7 may be combined (max +8)	0.3158				False
NFE2L2	31	G	R	4	21	4	Supporting	1	True	O4 + O7 may be combined (max +8)	0.5238				False
SMAD4	537	D	Y	4	30	6	Supporting	1	True	O4 + O7 may be combined (max +8)	0.7				False
EGFR	596	P	L	4	8	4	Supporting	1	False	Cap combined O4 + O7 at +4	0.125				False
VHL	80	S	N	4	11	4	Supporting	1	False	Cap combined O4 + O7 at +4	0.5455				False
MTOR	2006	V	F	4	7	4	Supporting	1	False	Cap combined O4 + O7 at +4	0.5714				False
PRDM14	505	R	H	4	6	2	Supporting	1	False	Cap combined O4 + O7 at +4	0.0				False
ERBB2	293	A	T	4	6	3	Supporting	1	False	Cap combined O4 + O7 at +4	0.8333				False
FGFR2	253	P	R	4	6	2	Supporting	1	False	Cap combined O4 + O7 at +4	0.3333				False
ERBB4	1102	F	C	4	5	2	Supporting	1	False	Cap combined O4 + O7 at +4	0.4				False
MEF2B	4	K	E	4	4	1	Supporting	1	False	Cap combined O4 + O7 at +4	0.75				False
KEAP1	601	R	L	4	6	2	Supporting	1	False	Cap combined O4 + O7 at +4	0.8333				False
ERBB2	697	V	L	4	4	1	Supporting	1	False	Cap combined O4 + O7 at +4	0.75				False
RPS6KA4	629	R	C	4	7	3	Supporting	1	False	Cap combined O4 + O7 at +4	0.5714				False
PTEN	251	G	V	4	6	3	Supporting	1	False	Cap combined O4 + O7 at +4	0.3333				False
PTPN11	461	A	T	4	5	2	Supporting	1	False	Cap combined O4 + O7 at +4	0.4				False
PIK3CA	357	R	Q	4	7	4	Supporting	1	False	Cap combined O4 + O7 at +4	0.4286				False
HNF1A	27	I	L	4	4	1	Supporting	1	False	Cap combined O4 + O7 at +4	0.0				False
HIST1H1C	115	E	K	4	4	1	Supporting	1	False	Cap combined O4 + O7 at +4	0.75				False
SMAD3	268	R	H	4	11	2	Supporting	1	False	Cap combined O4 + O7 at +4	0.4545				False
CARD11	626	E	K	4	6	3	Supporting	1	False	Cap combined O4 + O7 at +4	0.3333				False
KEAP1	155	V	F	4	5	2	Supporting	1	False	Cap combined O4 + O7 at +4	0.4				False
PIM1	79	E	D	4	6	2	Supporting	1	False	Cap combined O4 + O7 at +4	0.5				False
TP53	232	I	S	4	14	5	Supporting	1	True	O4 + O7 may be combined (max +8)	0.2857				False
ERBB2	733	T	I	4	4	1	Supporting	1	False	Cap combined O4 + O7 at +4	0.5				False
ARID1B	966	G	D	4	4	1	Supporting	1	False	Cap combined O4 + O7 at +4	0.0				False
INPPL1	70	R	H	4	4	1	Supporting	1	False	Cap combined O4 + O7 at +4	0.0				False
MTOR	1459	A	D	4	6	3	Supporting	1	False	Cap combined O4 + O7 at +4	0.8333				False
EP300	1455	Q	H	4	6	3	Supporting	1	False	Cap combined O4 + O7 at +4	0.5				False
PTPRS	1492	R	W	4	8	3	Supporting	1	False	Cap combined O4 + O7 at +4	0.5				False
PTEN	101	I	T	4	4	1	Supporting	1	False	Cap combined O4 + O7 at +4	0.5				False
MYC	7	V	M	4	4	1	Supporting	1	False	Cap combined O4 + O7 at +4	0.25				False
KEAP1	509	G	W	4	11	5	Supporting	1	False	Cap combined O4 + O7 at +4					False
PTEN	252	D	V	4	10	4	Supporting	1	False	Cap combined O4 + O7 at +4					False
PTEN	23	L	V	4	7	3	Supporting	1	False	Cap combined O4 + O7 at +4					False
PTEN	326	D	H	4	12	4	Supporting	1	False	Cap combined O4 + O7 at +4					False
PTEN	125	K	T	4	10	4	Supporting	1	False	Cap combined O4 + O7 at +4					False
PTEN	36	G	E	4	23	4	Supporting	1	True	O4 + O7 may be combined (max +8)					False
PIK3CA	725	D	N	4	12	3	Supporting	1	False	Cap combined O4 + O7 at +4					False
MET	1228	D	N	4	10	4	Supporting	1	False	Cap combined O4 + O7 at +4					False
MET	1228	D	H	4	10	4	Supporting	1	False	Cap combined O4 + O7 at +4					False
KEAP1	488	E	K	4	10	4	Supporting	1	False	Cap combined O4 + O7 at +4					False
KEAP1	603	G	V	4	9	3	Supporting	1	False	Cap combined O4 + O7 at +4					False
KEAP1	271	V	M	4	17	2	Supporting	1	True	O4 + O7 may be combined (max +8)					False
PMS2	651	K	R	4	4	1	Supporting	1	False	Cap combined O4 + O7 at +4	0.0				False
FBXW7	600	D	Y	4	7	3	Supporting	1	False	Cap combined O4 + O7 at +4					False
EGFR	755	A	G	4	5	2	Supporting	1	False	Cap combined O4 + O7 at +4					False
CDKN2A	112	R	P	4	22	5	Supporting	1	True	O4 + O7 may be combined (max +8)					False
ERBB3	355	T	I	4	6	3	Supporting	1	False	Cap combined O4 + O7 at +4	0.1667				False
CDH1	156	W	R	4	6	3	Supporting	1	False	Cap combined O4 + O7 at +4					False
BAP1	170	F	V	4	11	4	Supporting	1	False	Cap combined O4 + O7 at +4					False
ATM	2526	R	G	4	10	3	Supporting	1	False	Cap combined O4 + O7 at +4					False
STK11	196	G	V	4	6	3	Supporting	1	False	Cap combined O4 + O7 at +4	0.8333				False
NOTCH1	471	I	T	4	4	1	Supporting	1	False	Cap combined O4 + O7 at +4	0.75				False
SMARCA4	1157	R	W	4	7	2	Supporting	1	False	Cap combined O4 + O7 at +4	0.4286				False
PTEN	61	H	R	4	6	3	Supporting	1	False	Cap combined O4 + O7 at +4	0.6667				False
CDKN2A	112	R	H	4	22	5	Supporting	1	True	O4 + O7 may be combined (max +8)					False
KEAP1	417	G	V	4	7	4	Supporting	1	False	Cap combined O4 + O7 at +4	0.2857				False
VHL	114	G	A	4	7	3	Supporting	1	False	Cap combined O4 + O7 at +4	0.1429				False
ERCC2	463	P	L	4	6	3	Supporting	1	False	Cap combined O4 + O7 at +4	0.3333				False
RAD50	69	D	Y	4	6	2	Supporting	1	False	Cap combined O4 + O7 at +4	0.3333				False
EIF1AX	6	G	D	4	7	4	Supporting	1	False	Cap combined O4 + O7 at +4	0.5714				False
CDH1	288	D	V	4	5	2	Supporting	1	False	Cap combined O4 + O7 at +4	0.0				False
PTEN	35	M	I	4	8	3	Supporting	1	False	Cap combined O4 + O7 at +4	0.75				False
CUL3	299	M	R	4	5	2	Supporting	1	False	Cap combined O4 + O7 at +4	1.0				False
TP53	265	L	R	4	19	4	Supporting	1	True	O4 + O7 may be combined (max +8)	0.3684				False
PTEN	155	Y	C	4	5	2	Supporting	1	False	Cap combined O4 + O7 at +4	0.4				False
U2AF1	24	I	T	4	5	2	Supporting	1	False	Cap combined O4 + O7 at +4	0.2				False
RHOA	37	T	I	4	6	3	Supporting	1	False	Cap combined O4 + O7 at +4	0.6667				False
TP53	257	L	R	4	17	5	Supporting	1	True	O4 + O7 may be combined (max +8)	0.6471				False
TP53	257	L	P	4	17	5	Supporting	1	True	O4 + O7 may be combined (max +8)	0.6471				False
BRAF	596	G	R	4	8	5	Supporting	1	False	Cap combined O4 + O7 at +4	0.375				False
SETD2	1666	Y	C	4	6	3	Supporting	1	False	Cap combined O4 + O7 at +4	0.5				False
PTEN	126	A	S	4	11	4	Supporting	1	False	Cap combined O4 + O7 at +4	0.5455				False
FGFR2	203	R	H	4	6	2	Supporting	1	False	Cap combined O4 + O7 at +4	0.6667				False
IRF4	99	C	R	4	7	3	Supporting	1	False	Cap combined O4 + O7 at +4	0.5714				False
SMAD4	355	D	G	4	7	3	Supporting	1	False	Cap combined O4 + O7 at +4	0.1429				False
CTCF	284	H	Y	4	6	3	Supporting	1	False	Cap combined O4 + O7 at +4	0.5				False
ERBB2	776	G	V	4	6	2	Supporting	1	False	Cap combined O4 + O7 at +4	0.1667				False
EIF1AX	13	R	L	4	12	5	Supporting	1	False	Cap combined O4 + O7 at +4	0.75				False
KMT2D	5432	R	W	4	8	3	Supporting	1	False	Cap combined O4 + O7 at +4	0.625				False
EIF1AX	13	R	H	4	12	5	Supporting	1	False	Cap combined O4 + O7 at +4	0.75				False
SMARCA4	1135	R	Q	4	9	2	Supporting	1	False	Cap combined O4 + O7 at +4	0.3333				False
PTEN	124	C	S	4	8	4	Supporting	1	False	Cap combined O4 + O7 at +4	0.625				False
PDGFRA	659	N	K	4	6	3	Supporting	1	False	Cap combined O4 + O7 at +4	0.6667				False
HIST1H3B	51	E	K	4	12	4	Supporting	1	False	Cap combined O4 + O7 at +4	0.4167				False
CRLF2	128	S	L	4	7	2	Supporting	1	False	Cap combined O4 + O7 at +4	0.5714				False
ERCC2	606	E	Q	4	6	2	Supporting	1	False	Cap combined O4 + O7 at +4	0.5				False
MTOR	1460	L	P	4	4	1	Supporting	1	False	Cap combined O4 + O7 at +4	0.5				False
ERBB3	219	F	L	4	5	2	Supporting	1	False	Cap combined O4 + O7 at +4	0.6				False
CDKN2A	12	S	L	4	12	2	Supporting	1	False	Cap combined O4 + O7 at +4	0.75				False
ERBB2	862	T	A	4	4	1	Supporting	1	False	Cap combined O4 + O7 at +4	0.25				False
EPHB1	743	R	W	4	9	3	Supporting	1	False	Cap combined O4 + O7 at +4	0.5556				False
ERBB2	277	D	Y	4	8	4	Supporting	1	False	Cap combined O4 + O7 at +4	0.625				False
VHL	115	H	N	4	7	3	Supporting	1	False	Cap combined O4 + O7 at +4	0.2857				False
EIF1AX	2	P	L	4	7	3	Supporting	1	False	Cap combined O4 + O7 at +4	0.7143				False
MTOR	1971	A	T	4	6	3	Supporting	1	False	Cap combined O4 + O7 at +4	0.5				False
DIS3	767	L	F	4	4	1	Supporting	1	False	Cap combined O4 + O7 at +4	0.25				False
PIM1	24	K	N	4	7	2	Supporting	1	False	Cap combined O4 + O7 at +4	0.4286				False
PIK3CA	1065	H	Y	4	5	2	Supporting	1	False	Cap combined O4 + O7 at +4	0.8				False
PIK3CA	939	D	G	4	4	1	Supporting	1	False	Cap combined O4 + O7 at +4	0.0				False
TP53	111	L	Q	4	18	4	Supporting	1	True	O4 + O7 may be combined (max +8)	0.2778				False
FOXA1	226	D	G	4	9	2	Supporting	1	False	Cap combined O4 + O7 at +4	0.2222				False
KRAS	33	D	E	4	4	1	Supporting	1	False	Cap combined O4 + O7 at +4	0.75				False
KEAP1	333	G	C	4	7	3	Supporting	1	False	Cap combined O4 + O7 at +4	0.5714				False
KDR	1037	S	L	4	11	3	Supporting	1	False	Cap combined O4 + O7 at +4	0.3636				False
SOX17	96	A	G	4	4	1	Supporting	1	False	Cap combined O4 + O7 at +4	0.25				False
SMAD4	533	L	P	3	9	5	Supporting	1	False	Cap combined O4 + O7 at +4					False
SPOP	130	D	N	3	16	4	Supporting	1	True	O4 + O7 may be combined (max +8)					False
SMAD4	115	C	S	3	6	3	Supporting	1	False	Cap combined O4 + O7 at +4					False
SMAD4	428	K	M	3	9	3	Supporting	1	False	Cap combined O4 + O7 at +4					False
SMAD4	533	L	I	3	9	5	Supporting	1	False	Cap combined O4 + O7 at +4					False
SMAD4	428	K	N	3	9	3	Supporting	1	False	Cap combined O4 + O7 at +4					False
SMAD4	428	K	T	3	9	3	Supporting	1	False	Cap combined O4 + O7 at +4					False
TP53	138	A	T	3	37	3	Supporting	1	True	O4 + O7 may be combined (max +8)					False
SPOP	104	F	I	3	8	4	Supporting	1	False	Cap combined O4 + O7 at +4					False
TCF7L2	459	W	R	3	6	4	Supporting	1	False	Cap combined O4 + O7 at +4					False
TP53	276	A	V	3	33	6	Supporting	1	True	O4 + O7 may be combined (max +8)					False
TP53	177	P	H	3	25	5	Supporting	1	True	O4 + O7 may be combined (max +8)					False
TP53	174	R	G	3	16	4	Supporting	1	True	O4 + O7 may be combined (max +8)					False
SMAD3	423	S	N	3	9	5	Supporting	1	False	Cap combined O4 + O7 at +4					False
TP53	290	R	C	3	16	3	Supporting	1	True	O4 + O7 may be combined (max +8)					False
SMAD3	423	S	R	3	9	5	Supporting	1	False	Cap combined O4 + O7 at +4					False
PTEN	125	K	E	3	10	4	Supporting	1	False	Cap combined O4 + O7 at +4					False
SMAD2	312	C	G	3	6	4	Supporting	1	False	Cap combined O4 + O7 at +4					False
SMAD2	450	D	E	3	8	4	Supporting	1	False	Cap combined O4 + O7 at +4					False
KEAP1	413	R	H	3	16	4	Supporting	1	True	O4 + O7 may be combined (max +8)					False
TP53	344	L	P	3	7	4	Supporting	1	False	Cap combined O4 + O7 at +4					False
KEAP1	509	G	V	3	11	5	Supporting	1	False	Cap combined O4 + O7 at +4					False
KEAP1	603	G	W	3	9	3	Supporting	1	False	Cap combined O4 + O7 at +4					False
KEAP1	488	E	V	3	10	4	Supporting	1	False	Cap combined O4 + O7 at +4					False
NOTCH1	394	G	D	3	7	4	Supporting	1	False	Cap combined O4 + O7 at +4					False
NRAS	146	A	V	3	7	3	Supporting	1	False	Cap combined O4 + O7 at +4					False
PPP2R1A	257	W	S	3	22	4	Supporting	1	True	O4 + O7 may be combined (max +8)					False
PTEN	15	R	S	3	18	6	Supporting	1	True	O4 + O7 may be combined (max +8)					False
PTEN	123	H	R	3	14	5	Supporting	1	True	O4 + O7 may be combined (max +8)					False
PTEN	96	P	Q	3	10	6	Supporting	1	False	Cap combined O4 + O7 at +4					False
PTEN	95	P	S	3	11	2	Supporting	1	False	Cap combined O4 + O7 at +4					False
PTEN	252	D	G	3	10	4	Supporting	1	False	Cap combined O4 + O7 at +4					False
PTPRT	1220	R	L	3	14	3	Supporting	1	True	O4 + O7 may be combined (max +8)					False
RAF1	261	P	L	3	10	4	Supporting	1	False	Cap combined O4 + O7 at +4					False
TP53	341	F	Y	3	8	5	Supporting	1	False	Cap combined O4 + O7 at +4					False
PIM1	24	K	K	3	7	2	Not applicable (nonsense/stop-loss/synonymous)	0	False	Cap combined O4 + O7 at +4	0.4286				False
TP53	347	A	D	3	8	4	Supporting	1	False	Cap combined O4 + O7 at +4					False
U2AF1	156	R	C	3	13	2	Supporting	1	True	O4 + O7 may be combined (max +8)					False
B2M	7	L	*	3	5	2	Not applicable (nonsense/stop-loss/synonymous)	0	False	Cap combined O4 + O7 at +4	0.8				False
PTEN	16	Y	*	3	5	3	Not applicable (nonsense/stop-loss/synonymous)	0	False	Cap combined O4 + O7 at +4	0.6				False
HIST1H3B	51	E	E	3	12	4	Not applicable (nonsense/stop-loss/synonymous)	0	False	Cap combined O4 + O7 at +4	0.4167				False
PTEN	178	Y	*	3	5	3	Not applicable (nonsense/stop-loss/synonymous)	0	False	Cap combined O4 + O7 at +4	0.6				False
BCL10	174	L	*	3	3	1	Not applicable (nonsense/stop-loss/synonymous)	0	False	Cap combined O4 + O7 at +4	0.6667				False
DNMT3B	229	V	V	3	7	3	Not applicable (nonsense/stop-loss/synonymous)	0	False	Cap combined O4 + O7 at +4	0.5714				False
HNF1A	288	G	G	3	3	1	Not applicable (nonsense/stop-loss/synonymous)	0	False	Cap combined O4 + O7 at +4	0.0				False
MAP2K1	386	T	T	3	3	1	Not applicable (nonsense/stop-loss/synonymous)	0	False	Cap combined O4 + O7 at +4	0.0				False
SMAD4	526	E	*	3	11	6	Not applicable (nonsense/stop-loss/synonymous)	0	False	Cap combined O4 + O7 at +4	0.6364				False
PIM1	97	S	S	3	10	4	Not applicable (nonsense/stop-loss/synonymous)	0	False	Cap combined O4 + O7 at +4	0.5				False
TP53	277	C	*	3	28	5	Not applicable (nonsense/stop-loss/synonymous)	0	True	O4 + O7 may be combined (max +8)	0.6071				False
EGFR	747	L	L	3	8	4	Not applicable (nonsense/stop-loss/synonymous)	0	False	Cap combined O4 + O7 at +4	1.0				False
TP53	241	S	S	3	97	7	Not applicable (nonsense/stop-loss/synonymous)	0	True	O4 + O7 may be combined (max +8)	0.4639				False
TP53	275	C	*	3	70	7	Not applicable (nonsense/stop-loss/synonymous)	0	True	O4 + O7 may be combined (max +8)	0.3857				False
ERBB3	389	T	K	3	6	3	Supporting	1	False	Cap combined O4 + O7 at +4					False
TP63	365	S	S	3	12	3	Not applicable (nonsense/stop-loss/synonymous)	0	False	Cap combined O4 + O7 at +4	0.3333				False
FBXW7	14	R	*	3	9	2	Not applicable (nonsense/stop-loss/synonymous)	0	False	Cap combined O4 + O7 at +4	0.1111				False
CRLF2	128	S	S	3	7	2	Not applicable (nonsense/stop-loss/synonymous)	0	False	Cap combined O4 + O7 at +4	0.5714				False
SMAD2	463	C	*	3	4	2	Not applicable (nonsense/stop-loss/synonymous)	0	False	Cap combined O4 + O7 at +4	0.75				False
VHL	188	L	Q	3	8	3	Supporting	1	False	Cap combined O4 + O7 at +4					False
VHL	167	R	G	3	11	3	Supporting	1	False	Cap combined O4 + O7 at +4					False
SETD2	1592	R	*	3	9	4	Not applicable (nonsense/stop-loss/synonymous)	0	False	Cap combined O4 + O7 at +4					False
PTEN	36	G	*	3	23	4	Not applicable (nonsense/stop-loss/synonymous)	0	True	O4 + O7 may be combined (max +8)					False
SOS1	90	A	A	3	5	3	Not applicable (nonsense/stop-loss/synonymous)	0	False	Cap combined O4 + O7 at +4	0.0				False
CCND1	9	E	E	3	5	3	Not applicable (nonsense/stop-loss/synonymous)	0	False	Cap combined O4 + O7 at +4	0.6				False
BRD4	1065	P	P	3	4	2	Not applicable (nonsense/stop-loss/synonymous)	0	False	Cap combined O4 + O7 at +4	0.25				False
PTEN	140	L	*	3	4	2	Not applicable (nonsense/stop-loss/synonymous)	0	False	Cap combined O4 + O7 at +4	0.25				False
EPHA7	656	G	G	3	11	4	Not applicable (nonsense/stop-loss/synonymous)	0	False	Cap combined O4 + O7 at +4	0.2727				False
TBX3	113	W	*	3	4	2	Not applicable (nonsense/stop-loss/synonymous)	0	False	Cap combined O4 + O7 at +4	0.5				False
HNF1A	338	G	G	3	4	2	Not applicable (nonsense/stop-loss/synonymous)	0	False	Cap combined O4 + O7 at +4	0.25				False
BRCA2	2303	S	S	3	5	2	Not applicable (nonsense/stop-loss/synonymous)	0	False	Cap combined O4 + O7 at +4	0.8				False
PTEN	247	L	*	3	4	2	Not applicable (nonsense/stop-loss/synonymous)	0	False	Cap combined O4 + O7 at +4	0.25				False
GTF2I	641	F	F	3	4	2	Not applicable (nonsense/stop-loss/synonymous)	0	False	Cap combined O4 + O7 at +4	0.0				False
FOXA1	249	D	V	3	7	5	Supporting	1	False	Cap combined O4 + O7 at +4					False
FBXW7	441	R	W	3	7	4	Supporting	1	False	Cap combined O4 + O7 at +4	0.1429				False
DICER1	1705	E	Q	3	17	4	Supporting	1	True	O4 + O7 may be combined (max +8)					False
DICER1	1813	E	Q	3	11	4	Supporting	1	False	Cap combined O4 + O7 at +4	0.4545				False
MTOR	2427	L	R	3	7	2	Supporting	1	False	Cap combined O4 + O7 at +4	0.5714				False
IL7R	395	K	T	3	12	5	Supporting	1	False	Cap combined O4 + O7 at +4	0.25				False
SMARCA4	1189	R	G	3	12	4	Supporting	1	False	Cap combined O4 + O7 at +4	0.75				False
ARID1A	2087	G	E	3	13	2	Supporting	1	True	O4 + O7 may be combined (max +8)	0.3077				False
CCND3	290	I	K	3	4	2	Supporting	1	False	Cap combined O4 + O7 at +4	0.75				False
TP53	267	R	G	3	36	6	Supporting	1	True	O4 + O7 may be combined (max +8)	0.5				False
PRKCI	480	R	S	3	10	3	Supporting	1	False	Cap combined O4 + O7 at +4	0.0				False
SMAD4	352	G	E	3	11	6	Supporting	1	False	Cap combined O4 + O7 at +4	0.7273				False
SMAD4	352	G	R	3	11	6	Supporting	1	False	Cap combined O4 + O7 at +4	0.7273				False
MET	1200	F	I	3	4	2	Supporting	1	False	Cap combined O4 + O7 at +4	0.0				False
KNSTRN	12	V	G	3	5	2	Supporting	1	False	Cap combined O4 + O7 at +4	0.0				False
TP53	144	Q	P	3	23	4	Supporting	1	True	O4 + O7 may be combined (max +8)	0.3478				False
TP53	109	F	V	3	16	5	Supporting	1	True	O4 + O7 may be combined (max +8)	0.3125				False
KIT	560	V	D	3	7	4	Supporting	1	False	Cap combined O4 + O7 at +4	0.5714				False
TP53	125	T	K	3	30	5	Supporting	1	True	O4 + O7 may be combined (max +8)	0.5667				False
TP53	125	T	P	3	30	5	Supporting	1	True	O4 + O7 may be combined (max +8)	0.5667				False
CDK12	882	R	Q	3	14	4	Supporting	1	True	O4 + O7 may be combined (max +8)					False
MTOR	1888	F	L	3	8	3	Supporting	1	False	Cap combined O4 + O7 at +4	0.375				False
FOXA1	261	R	C	3	9	4	Supporting	1	False	Cap combined O4 + O7 at +4	0.6667				False
SMAD4	419	G	V	3	8	3	Supporting	1	False	Cap combined O4 + O7 at +4	0.75				False
PTEN	92	D	G	3	18	6	Supporting	1	True	O4 + O7 may be combined (max +8)	0.5				False
EGFR	747	L	P	3	8	4	Supporting	1	False	Cap combined O4 + O7 at +4	1.0				False
TP53	136	Q	P	3	31	5	Supporting	1	True	O4 + O7 may be combined (max +8)	0.3871				False
TP53	277	C	Y	3	28	5	Supporting	1	True	O4 + O7 may be combined (max +8)	0.6071				False
FOXA1	247	H	R	3	10	4	Supporting	1	False	Cap combined O4 + O7 at +4	0.6				False
GNAS	227	Q	K	3	11	3	Supporting	1	False	Cap combined O4 + O7 at +4	0.7273				False
NFE2L2	24	W	C	3	11	3	Supporting	1	False	Cap combined O4 + O7 at +4	0.3636				False
KIT	820	D	V	3	11	5	Supporting	1	False	Cap combined O4 + O7 at +4	1.0				False
PIK3CA	378	C	R	3	9	3	Supporting	1	False	Cap combined O4 + O7 at +4	0.2222				False
EP300	1466	W	L	3	8	5	Supporting	1	False	Cap combined O4 + O7 at +4	0.5				False
EIF1AX	9	G	R	3	11	3	Supporting	1	False	Cap combined O4 + O7 at +4	0.4545				False
BRAF	597	L	Q	3	10	5	Supporting	1	False	Cap combined O4 + O7 at +4	0.6				False
BRAF	597	L	R	3	10	5	Supporting	1	False	Cap combined O4 + O7 at +4	0.6				False
PTPN11	510	Q	H	3	9	3	Supporting	1	False	Cap combined O4 + O7 at +4	0.1111				False
RAF1	259	S	P	3	12	4	Supporting	1	False	Cap combined O4 + O7 at +4	0.6667				False
ARAF	214	S	A	3	12	6	Supporting	1	False	Cap combined O4 + O7 at +4	0.4167				False
CTCF	377	R	H	3	12	2	Supporting	1	False	Cap combined O4 + O7 at +4	0.5833				False
STK11	242	G	W	3	9	4	Supporting	1	False	Cap combined O4 + O7 at +4	0.6667				False
PIK3CA	115	R	P	3	11	3	Supporting	1	False	Cap combined O4 + O7 at +4	0.4545				False
PTEN	129	G	R	3	12	5	Supporting	1	False	Cap combined O4 + O7 at +4	0.5				False
CREBBP	1435	D	G	3	9	4	Supporting	1	False	Cap combined O4 + O7 at +4	0.3333				False
RHOA	62	G	R	3	7	3	Supporting	1	False	Cap combined O4 + O7 at +4	0.4286				False
ARAF	216	P	L	3	4	2	Supporting	1	False	Cap combined O4 + O7 at +4	0.5				False
RAC1	12	G	R	3	6	2	Supporting	1	False	Cap combined O4 + O7 at +4	0.8333				False
RAC1	12	G	V	3	6	2	Supporting	1	False	Cap combined O4 + O7 at +4	0.8333				False
SOCS1	3	A	T	3	6	4	Supporting	1	False	Cap combined O4 + O7 at +4	0.6667				False
TP53	131	N	S	3	13	4	Supporting	1	True	O4 + O7 may be combined (max +8)	0.7692				False
CHEK2	346	R	C	3	8	4	Supporting	1	False	Cap combined O4 + O7 at +4	0.5				False
SRSF2	95	P	L	3	6	3	Supporting	1	False	Cap combined O4 + O7 at +4	0.3333	NM_001195427.2	p.P95L	Oncogenic	True
EGFR	263	T	P	3	4	2	Supporting	1	False	Cap combined O4 + O7 at +4	0.25				False
VHL	162	C	Y	3	8	5	Supporting	1	False	Cap combined O4 + O7 at +4	0.375				False
CARD11	215	K	T	3	5	3	Supporting	1	False	Cap combined O4 + O7 at +4	0.2				False
PDPK1	499	P	S	3	5	2	Supporting	1	False	Cap combined O4 + O7 at +4	0.2				False
PTEN	35	M	V	3	8	3	Supporting	1	False	Cap combined O4 + O7 at +4	0.75				False
MYC	73	T	I	3	6	3	Supporting	1	False	Cap combined O4 + O7 at +4	0.3333				False
DNMT3B	229	V	M	3	7	3	Supporting	1	False	Cap combined O4 + O7 at +4	0.5714				False
ERCC2	14	Y	C	3	3	1	Supporting	1	False	Cap combined O4 + O7 at +4	0.0				False
RHOA	62	G	E	3	7	3	Supporting	1	False	Cap combined O4 + O7 at +4	0.4286				False
NFE2L2	77	D	G	3	7	4	Supporting	1	False	Cap combined O4 + O7 at +4	0.7143				False
CDKN2A	130	L	R	3	8	3	Supporting	1	False	Cap combined O4 + O7 at +4	0.25				False
ERCC2	246	S	Y	3	7	3	Supporting	1	False	Cap combined O4 + O7 at +4	0.7143				False
CDKN2A	129	Y	C	3	9	2	Supporting	1	False	Cap combined O4 + O7 at +4	0.5556				False
VHL	158	L	P	3	9	4	Supporting	1	False	Cap combined O4 + O7 at +4	0.1111				False
DICER1	1810	D	N	3	9	5	Supporting	1	False	Cap combined O4 + O7 at +4	0.5556				False
PIK3CA	107	N	S	3	6	3	Supporting	1	False	Cap combined O4 + O7 at +4	0.5				False
IRF4	123	K	R	3	3	1	Supporting	1	False	Cap combined O4 + O7 at +4	0.0				False
SPOP	125	F	L	3	6	4	Supporting	1	False	Cap combined O4 + O7 at +4	0.5				False
SMAD4	526	E	K	3	11	6	Supporting	1	False	Cap combined O4 + O7 at +4	0.6364				False
FOXO1	22	S	P	3	7	3	Supporting	1	False	Cap combined O4 + O7 at +4	0.8571				False
MAP2K1	130	Y	C	3	5	3	Supporting	1	False	Cap combined O4 + O7 at +4	0.6				False
FOXO1	22	S	W	3	7	3	Supporting	1	False	Cap combined O4 + O7 at +4	0.8571				False
BRAF	485	L	W	3	6	4	Supporting	1	False	Cap combined O4 + O7 at +4	0.5				False
CTNNB1	383	W	R	3	6	4	Supporting	1	False	Cap combined O4 + O7 at +4	0.3333				False
PTEN	126	A	D	3	11	4	Supporting	1	False	Cap combined O4 + O7 at +4	0.5455				False
PTEN	126	A	V	3	11	4	Supporting	1	False	Cap combined O4 + O7 at +4	0.5455				False
PTPRT	668	L	V	3	5	2	Supporting	1	False	Cap combined O4 + O7 at +4	0.2				False
RAC1	111	N	K	3	5	3	Supporting	1	False	Cap combined O4 + O7 at +4	0.6				False
PTPN11	76	E	G	3	13	4	Supporting	1	True	O4 + O7 may be combined (max +8)	0.4615				False
CIC	1512	R	L	3	11	4	Supporting	1	False	Cap combined O4 + O7 at +4	0.1818				False
FOXA1	242	S	C	3	5	3	Supporting	1	False	Cap combined O4 + O7 at +4	1.0				False
STK11	194	D	N	3	14	5	Supporting	1	True	O4 + O7 may be combined (max +8)	0.6429				False
B2M	1	M	R	3	41	6	Supporting	1	True	O4 + O7 may be combined (max +8)	0.3659				False
HRAS	12	G	V	3	38	6	Supporting	1	True	O4 + O7 may be combined (max +8)	0.2895	NM_005343.4	p.G12V	Oncogenic	True
TP53	275	C	W	3	70	7	Supporting	1	True	O4 + O7 may be combined (max +8)	0.3857				False
TP53	278	P	F	3	100	7	Supporting	1	True	O4 + O7 may be combined (max +8)	0.51				False
SPOP	133	F	I	3	67	5	Supporting	1	True	O4 + O7 may be combined (max +8)	0.4925				False
EGFR	719	G	D	3	33	4	Supporting	1	True	O4 + O7 may be combined (max +8)	0.697				False
FGFR2	549	N	H	3	26	4	Supporting	1	True	O4 + O7 may be combined (max +8)	0.4615				False
TP53	157	V	L	3	77	6	Supporting	1	True	O4 + O7 may be combined (max +8)	0.4286				False
TP53	272	V	E	3	66	7	Supporting	1	True	O4 + O7 may be combined (max +8)	0.4697				False
FLT3	835	D	E	3	17	4	Supporting	1	True	O4 + O7 may be combined (max +8)	0.0	NM_004119.3	p.D835E	Oncogenic	True
BRAF	581	N	I	3	21	6	Supporting	1	True	O4 + O7 may be combined (max +8)	0.4762				False
BRAF	466	G	A	3	34	3	Supporting	1	True	O4 + O7 may be combined (max +8)	0.4412				False
TP53	242	C	G	3	59	8	Supporting	1	True	O4 + O7 may be combined (max +8)	0.4068				False
NFE2L2	82	E	A	3	21	4	Supporting	1	True	O4 + O7 may be combined (max +8)	0.3333				False
NFE2L2	82	E	G	3	21	4	Supporting	1	True	O4 + O7 may be combined (max +8)	0.3333				False
PIK3CA	108	R	L	3	29	3	Supporting	1	True	O4 + O7 may be combined (max +8)	0.4138				False
RHOA	42	Y	S	3	19	4	Supporting	1	True	O4 + O7 may be combined (max +8)	0.2105				False
B2M	1	M	K	3	41	6	Supporting	1	True	O4 + O7 may be combined (max +8)	0.3659				False
TP53	205	Y	D	3	61	7	Supporting	1	True	O4 + O7 may be combined (max +8)	0.3607				False
NRAS	13	G	S	3	41	6	Supporting	1	True	O4 + O7 may be combined (max +8)	0.4146	NM_002524.5	p.G13S	Oncogenic	True
TP53	245	G	A	3	242	7	Supporting	1	True	O4 + O7 may be combined (max +8)	0.5041				False
BRAF	600	V	G	3	897	6	Supporting	1	True	O4 + O7 may be combined (max +8)	0.32				False
KRAS	13	G	E	3	264	7	Supporting	1	True	O4 + O7 may be combined (max +8)	0.6098				False
PIK3CA	542	E	V	3	372	5	Supporting	1	True	O4 + O7 may be combined (max +8)	0.5565				False
GNAS	201	R	S	3	139	4	Supporting	1	True	O4 + O7 may be combined (max +8)	0.6475				False
PIK3CA	345	N	H	3	98	7	Supporting	1	True	O4 + O7 may be combined (max +8)	0.5204				False
PIK3CA	345	N	Y	3	98	7	Supporting	1	True	O4 + O7 may be combined (max +8)	0.5204				False
TP53	220	Y	N	3	152	6	Supporting	1	True	O4 + O7 may be combined (max +8)	0.4013				False
TP53	282	R	Q	3	219	6	Supporting	1	True	O4 + O7 may be combined (max +8)	0.4795				False
TP53	234	Y	S	3	68	6	Supporting	1	True	O4 + O7 may be combined (max +8)	0.4853				False
CTNNB1	32	D	A	3	81	6	Supporting	1	True	O4 + O7 may be combined (max +8)	0.3333				False
SMAD4	361	R	G	3	124	6	Supporting	1	True	O4 + O7 may be combined (max +8)	0.5887				False
TP53	179	H	P	3	149	7	Supporting	1	True	O4 + O7 may be combined (max +8)	0.3758				False
NRAS	12	G	R	3	74	6	Supporting	1	True	O4 + O7 may be combined (max +8)	0.473	NM_002524.5	p.G12R	Oncogenic	True
TP53	163	Y	D	3	79	5	Supporting	1	True	O4 + O7 may be combined (max +8)	0.4304				False
ERBB2	755	L	M	3	44	6	Supporting	1	True	O4 + O7 may be combined (max +8)	0.6364				False
HRAS	13	G	C	3	50	7	Supporting	1	True	O4 + O7 may be combined (max +8)	0.3	NM_005343.4	p.G13C	Oncogenic	True
ERBB2	777	V	M	3	20	2	Supporting	1	True	O4 + O7 may be combined (max +8)	0.5				False
CTNNB1	335	K	T	3	19	2	Supporting	1	True	O4 + O7 may be combined (max +8)	0.4211				False
TP53	285	E	Q	3	99	5	Supporting	1	True	O4 + O7 may be combined (max +8)	0.5253				False
EGFR	252	R	P	3	16	3	Supporting	1	True	O4 + O7 may be combined (max +8)	0.375				False
CDKN2A	50	Q	R	3	23	3	Supporting	1	True	O4 + O7 may be combined (max +8)	0.2609				False
SPOP	131	W	L	3	23	5	Supporting	1	True	O4 + O7 may be combined (max +8)	0.3913				False
SPOP	131	W	S	3	23	5	Supporting	1	True	O4 + O7 may be combined (max +8)	0.3913				False
SPOP	87	Y	S	3	14	4	Supporting	1	True	O4 + O7 may be combined (max +8)	0.3571				False
PIK3CB	1067	D	Y	3	13	4	Supporting	1	True	O4 + O7 may be combined (max +8)	0.4615				False
SF3B1	666	K	N	3	13	5	Supporting	1	True	O4 + O7 may be combined (max +8)	0.3077	NM_012433.4	p.K666N	Oncogenic	True
KIT	557	W	G	3	12	4	Supporting	1	False	Cap combined O4 + O7 at +4	0.6667				False
TP53	246	M	K	3	37	6	Supporting	1	True	O4 + O7 may be combined (max +8)	0.6216				False
MTOR	1977	T	I	3	14	4	Supporting	1	True	O4 + O7 may be combined (max +8)	0.6429				False
TP53	246	M	L	3	37	6	Supporting	1	True	O4 + O7 may be combined (max +8)	0.6216				False
TP53	246	M	T	3	37	6	Supporting	1	True	O4 + O7 may be combined (max +8)	0.6216				False
PTEN	132	G	A	3	17	4	Supporting	1	True	O4 + O7 may be combined (max +8)	0.4706				False
PTEN	132	G	S	3	17	4	Supporting	1	True	O4 + O7 may be combined (max +8)	0.4706				False
PTEN	132	G	V	3	17	4	Supporting	1	True	O4 + O7 may be combined (max +8)	0.4706				False
CCND1	44	Y	D	3	8	6	Supporting	1	False	Cap combined O4 + O7 at +4	0.125				False
SMAD4	356	P	S	3	16	4	Supporting	1	True	O4 + O7 may be combined (max +8)	0.5				False
MTOR	1977	T	R	3	14	4	Supporting	1	True	O4 + O7 may be combined (max +8)	0.6429				False
TGFBR2	553	R	L	3	23	4	Supporting	1	True	O4 + O7 may be combined (max +8)	0.5217				False
TP53	286	E	V	3	73	6	Supporting	1	True	O4 + O7 may be combined (max +8)	0.4795				False
ESR1	536	L	P	3	14	5	Supporting	1	True	O4 + O7 may be combined (max +8)	1.0				False
NFE2L2	81	G	D	3	19	6	Supporting	1	True	O4 + O7 may be combined (max +8)	0.3158				False
NFE2L2	81	G	R	3	19	6	Supporting	1	True	O4 + O7 may be combined (max +8)	0.3158				False
SMAD4	386	G	S	3	22	6	Supporting	1	True	O4 + O7 may be combined (max +8)	0.3636				False
TP53	337	R	P	3	68	6	Supporting	1	True	O4 + O7 may be combined (max +8)	0.4265				False
PTPN11	72	A	D	3	18	5	Supporting	1	True	O4 + O7 may be combined (max +8)	0.5556				False
TP53	126	Y	S	3	33	6	Supporting	1	True	O4 + O7 may be combined (max +8)	0.4242				False
NFE2L2	80	T	A	3	15	5	Supporting	1	True	O4 + O7 may be combined (max +8)	0.2667				False
SF3B1	902	E	Q	3	17	3	Supporting	1	True	O4 + O7 may be combined (max +8)	0.4706				False
CDKN2A	84	D	V	3	26	6	Supporting	1	True	O4 + O7 may be combined (max +8)	0.5385				False
PIK3CA	1021	Y	H	3	14	2	Supporting	1	True	O4 + O7 may be combined (max +8)	0.3571				False
TP53	194	L	P	3	49	4	Supporting	1	True	O4 + O7 may be combined (max +8)	0.449				False
PPP2R1A	256	S	Y	3	14	2	Supporting	1	True	O4 + O7 may be combined (max +8)	0.5714				False
SMAD4	351	D	G	3	20	6	Supporting	1	True	O4 + O7 may be combined (max +8)	0.6				False
SMAD4	351	D	H	3	20	6	Supporting	1	True	O4 + O7 may be combined (max +8)	0.6				False
KIT	559	V	G	3	14	3	Supporting	1	True	O4 + O7 may be combined (max +8)	0.7143				False
CDKN2A	84	D	G	3	26	6	Supporting	1	True	O4 + O7 may be combined (max +8)	0.5385				False
FOXP1	514	R	C	3	9	2	Supporting	1	False	Cap combined O4 + O7 at +4	0.5556				False
PTEN	127	G	V	3	14	4	Supporting	1	True	O4 + O7 may be combined (max +8)	0.5				False
FGFR4	535	N	K	3	3	1	Supporting	1	False	Cap combined O4 + O7 at +4	1.0				False
ERBB3	126	N	K	3	4	2	Supporting	1	False	Cap combined O4 + O7 at +4	0.5				False
BCL2	172	N	S	3	6	3	Supporting	1	False	Cap combined O4 + O7 at +4	0.3333				False
RIT1	77	A	T	3	5	3	Supporting	1	False	Cap combined O4 + O7 at +4	0.6				False
TP53	178	H	P	3	12	5	Supporting	1	False	Cap combined O4 + O7 at +4	0.5833				False
BCL2L11	156	G	R	3	6	3	Supporting	1	False	Cap combined O4 + O7 at +4	0.3333				False
HIST1H3H	37	K	M	3	4	2	Supporting	1	False	Cap combined O4 + O7 at +4	0.25				False
KRAS	5	K	E	3	3	1	Supporting	1	False	Cap combined O4 + O7 at +4	0.3333				False
TP53	133	M	R	3	10	4	Supporting	1	False	Cap combined O4 + O7 at +4	0.6				False
STK11	308	W	L	3	6	3	Supporting	1	False	Cap combined O4 + O7 at +4	1.0				False
TP53	197	V	M	3	17	5	Supporting	1	True	O4 + O7 may be combined (max +8)	0.4706				False
TP53	197	V	E	3	17	5	Supporting	1	True	O4 + O7 may be combined (max +8)	0.4706				False
KEAP1	320	R	L	3	8	5	Supporting	1	False	Cap combined O4 + O7 at +4	0.5				False
CARD11	337	R	Q	3	5	2	Supporting	1	False	Cap combined O4 + O7 at +4	0.8				False
CYSLTR2	129	L	Q	3	3	1	Supporting	1	False	Cap combined O4 + O7 at +4	0.0				False
HNF1A	114	R	H	3	5	3	Supporting	1	False	Cap combined O4 + O7 at +4	0.2				False
KNSTRN	22	C	Y	3	4	2	Supporting	1	False	Cap combined O4 + O7 at +4	0.0				False
PTEN	277	T	I	3	6	4	Supporting	1	False	Cap combined O4 + O7 at +4	0.3333				False
TGFBR1	487	R	W	3	8	2	Supporting	1	False	Cap combined O4 + O7 at +4	0.5				False
SMARCB1	374	R	W	3	8	2	Supporting	1	False	Cap combined O4 + O7 at +4	0.5				False
SETD2	1603	H	R	3	5	2	Supporting	1	False	Cap combined O4 + O7 at +4	0.2				False
STK11	251	G	V	3	6	3	Supporting	1	False	Cap combined O4 + O7 at +4	0.5				False
CDKN1B	72	G	D	3	6	3	Supporting	1	False	Cap combined O4 + O7 at +4	0.5				False
PTPN11	61	D	Y	3	4	2	Supporting	1	False	Cap combined O4 + O7 at +4	0.5				False
CCND1	47	C	S	3	4	2	Supporting	1	False	Cap combined O4 + O7 at +4	0.25				False
PTPRS	1492	R	Q	3	8	3	Supporting	1	False	Cap combined O4 + O7 at +4	0.5				False
CBL	384	C	R	3	4	2	Supporting	1	False	Cap combined O4 + O7 at +4	0.5				False
NFE2L2	28	I	T	3	3	1	Supporting	1	False	Cap combined O4 + O7 at +4	0.3333				False
CDH1	732	R	W	3	12	2	Supporting	1	False	Cap combined O4 + O7 at +4					False
CDH1	257	D	Y	3	9	5	Supporting	1	False	Cap combined O4 + O7 at +4					False
BRAF	464	G	E	3	15	4	Supporting	1	True	O4 + O7 may be combined (max +8)					False
BAP1	91	C	G	3	7	3	Supporting	1	False	Cap combined O4 + O7 at +4					False
BAP1	91	C	F	3	7	3	Supporting	1	False	Cap combined O4 + O7 at +4					False
ATM	2526	R	S	3	10	3	Supporting	1	False	Cap combined O4 + O7 at +4					False
ATM	2526	R	K	3	10	3	Supporting	1	False	Cap combined O4 + O7 at +4					False
FBXW7	393	R	Q	3	7	2	Supporting	1	False	Cap combined O4 + O7 at +4	0.1429				False
SMARCA4	1157	R	Q	3	7	2	Supporting	1	False	Cap combined O4 + O7 at +4	0.4286				False
EP300	415	L	P	3	3	1	Supporting	1	False	Cap combined O4 + O7 at +4	0.6667				False
WHSC1	1150	T	A	3	3	1	Supporting	1	False	Cap combined O4 + O7 at +4	0.0				False
VHL	117	W	L	3	6	3	Supporting	1	False	Cap combined O4 + O7 at +4	0.5				False
ARID1B	1652	T	M	3	5	3	Supporting	1	False	Cap combined O4 + O7 at +4	0.6				False
SDHAF2	10	S	L	3	5	3	Supporting	1	False	Cap combined O4 + O7 at +4	0.6				False
MAP2K1	122	N	D	3	3	1	Supporting	1	False	Cap combined O4 + O7 at +4	0.3333				False
KIT	888	R	W	3	7	3	Supporting	1	False	Cap combined O4 + O7 at +4	0.5714				False
KIT	888	R	Q	3	7	3	Supporting	1	False	Cap combined O4 + O7 at +4	0.5714				False
CARD11	423	R	Q	3	6	3	Supporting	1	False	Cap combined O4 + O7 at +4	0.5				False
SPOP	129	K	E	3	3	1	Supporting	1	False	Cap combined O4 + O7 at +4	0.6667				False
IRS2	1057	G	D	3	3	1	Supporting	1	False	Cap combined O4 + O7 at +4	0.0				False
CDH1	190	Y	C	3	3	1	Supporting	1	False	Cap combined O4 + O7 at +4	0.3333				False
PTPN11	507	T	K	3	3	1	Supporting	1	False	Cap combined O4 + O7 at +4	0.3333				False
TP53	190	P	T	3	17	4	Supporting	1	True	O4 + O7 may be combined (max +8)	0.5882				False
STK11	239	W	C	3	5	3	Supporting	1	False	Cap combined O4 + O7 at +4	0.6				False
RHOA	22	L	R	3	5	3	Supporting	1	False	Cap combined O4 + O7 at +4	0.2				False
ATM	1466	R	Q	3	9	3	Supporting	1	False	Cap combined O4 + O7 at +4	0.4444				False
CARD11	357	D	V	3	4	2	Supporting	1	False	Cap combined O4 + O7 at +4	0.5				False
ERBB4	1223	K	T	3	6	3	Supporting	1	False	Cap combined O4 + O7 at +4	0.3333				False
SMO	535	W	L	3	3	1	Supporting	1	False	Cap combined O4 + O7 at +4	0.3333				False
FBXW7	437	G	V	3	6	4	Supporting	1	False	Cap combined O4 + O7 at +4	0.3333				False
RIT1	82	F	L	3	4	2	Supporting	1	False	Cap combined O4 + O7 at +4	0.75				False
MYD88	232	M	T	3	3	1	Supporting	1	False	Cap combined O4 + O7 at +4	0.0				False
STK11	179	P	L	3	7	3	Supporting	1	False	Cap combined O4 + O7 at +4	0.7143				False
CREBBP	1502	W	C	3	6	4	Supporting	1	False	Cap combined O4 + O7 at +4	0.6667				False
STAT3	661	D	V	3	5	2	Supporting	1	False	Cap combined O4 + O7 at +4	0.0	NM_139276.3	p.D661V	Oncogenic	True
KNSTRN	28	P	L	3	5	2	Supporting	1	False	Cap combined O4 + O7 at +4	0.0				False
EIF1AX	10	K	E	3	4	2	Supporting	1	False	Cap combined O4 + O7 at +4	0.5				False
ERBB3	60	M	K	3	4	2	Supporting	1	False	Cap combined O4 + O7 at +4	0.0				False
KMT2D	5432	R	Q	3	8	3	Supporting	1	False	Cap combined O4 + O7 at +4	0.625				False
TRAF7	520	N	S	3	4	2	Supporting	1	False	Cap combined O4 + O7 at +4	0.5				False
CARD11	401	D	N	3	3	1	Supporting	1	False	Cap combined O4 + O7 at +4	0.6667				False
CTNNB1	292	K	E	3	4	2	Supporting	1	False	Cap combined O4 + O7 at +4	0.5				False
HLA-B	69	E	A	3	5	2	Supporting	1	False	Cap combined O4 + O7 at +4	0.0				False
ATM	2888	I	T	3	4	2	Supporting	1	False	Cap combined O4 + O7 at +4	0.5				False
PTEN	24	D	G	3	10	5	Supporting	1	False	Cap combined O4 + O7 at +4	0.5				False
MAP3K1	380	L	S	3	3	1	Supporting	1	False	Cap combined O4 + O7 at +4	1.0				False
CIC	205	N	S	3	3	1	Supporting	1	False	Cap combined O4 + O7 at +4	0.6667				False
KEAP1	110	M	I	3	6	2	Supporting	1	False	Cap combined O4 + O7 at +4	0.6667				False
KEAP1	110	M	V	3	6	2	Supporting	1	False	Cap combined O4 + O7 at +4	0.6667				False
KEAP1	272	R	C	3	8	4	Supporting	1	False	Cap combined O4 + O7 at +4	0.625				False
CARD11	251	L	P	3	3	1	Supporting	1	False	Cap combined O4 + O7 at +4	0.6667				False
ERBB2	660	G	D	3	5	3	Supporting	1	False	Cap combined O4 + O7 at +4	0.8				False
PTEN	38	P	L	3	11	3	Supporting	1	False	Cap combined O4 + O7 at +4	0.3636				False
SMAD4	493	D	N	3	7	4	Supporting	1	False	Cap combined O4 + O7 at +4	0.4286				False
AXL	273	A	V	3	4	2	Supporting	1	False	Cap combined O4 + O7 at +4	0.75				False
PIK3R1	560	D	G	3	8	4	Supporting	1	False	Cap combined O4 + O7 at +4	0.375				False
CDKN2A	74	D	Y	3	8	4	Supporting	1	False	Cap combined O4 + O7 at +4	0.5				False
HIST1H3B	51	E	Q	3	12	4	Supporting	1	False	Cap combined O4 + O7 at +4	0.4167				False
EPHB1	743	R	Q	3	9	3	Supporting	1	False	Cap combined O4 + O7 at +4	0.5556				False
PTPN11	285	F	S	3	4	2	Supporting	1	False	Cap combined O4 + O7 at +4	0.5				False
PIM1	37	Q	H	3	5	2	Supporting	1	False	Cap combined O4 + O7 at +4	0.6				False
MYD88	166	P	L	3	4	2	Supporting	1	False	Cap combined O4 + O7 at +4	0.0				False
TP53	251	I	S	3	15	5	Supporting	1	True	O4 + O7 may be combined (max +8)	0.6				False
TP53	232	I	F	3	14	5	Supporting	1	True	O4 + O7 may be combined (max +8)	0.2857				False
MET	1094	H	Y	3	4	2	Supporting	1	False	Cap combined O4 + O7 at +4	0.25				False
TP53	232	I	N	3	14	5	Supporting	1	True	O4 + O7 may be combined (max +8)	0.2857				False
TP53	232	I	T	3	14	5	Supporting	1	True	O4 + O7 may be combined (max +8)	0.2857				False
FOXA1	219	R	C	3	8	4	Supporting	1	False	Cap combined O4 + O7 at +4	0.75				False
FOXA1	219	R	S	3	8	4	Supporting	1	False	Cap combined O4 + O7 at +4	0.75				False
RAC1	34	P	R	3	5	3	Supporting	1	False	Cap combined O4 + O7 at +4	0.2				False
CDKN2A	74	D	N	3	8	4	Supporting	1	False	Cap combined O4 + O7 at +4	0.5				False
PTEN	108	L	F	2	8	4	Supporting	1	False	Cap combined O4 + O7 at +4					False
PTEN	107	D	H	2	15	6	Supporting	1	True	O4 + O7 may be combined (max +8)					False
PTEN	107	D	E	2	15	6	Supporting	1	True	O4 + O7 may be combined (max +8)					False
PTEN	159	R	K	2	10	3	Supporting	1	False	Cap combined O4 + O7 at +4					False
PTEN	159	R	G	2	10	3	Supporting	1	False	Cap combined O4 + O7 at +4					False
PTEN	96	P	T	2	10	6	Supporting	1	False	Cap combined O4 + O7 at +4					False
PTEN	96	P	S	2	10	6	Supporting	1	False	Cap combined O4 + O7 at +4					False
PTEN	204	P	R	2	10	3	Supporting	1	False	Cap combined O4 + O7 at +4					False
PTEN	123	H	L	2	14	5	Supporting	1	True	O4 + O7 may be combined (max +8)					False
PTEN	123	H	D	2	14	5	Supporting	1	True	O4 + O7 may be combined (max +8)					False
PTEN	15	R	T	2	18	6	Supporting	1	True	O4 + O7 may be combined (max +8)					False
PTEN	15	R	I	2	18	6	Supporting	1	True	O4 + O7 may be combined (max +8)					False
PTEN	125	K	N	2	10	4	Supporting	1	False	Cap combined O4 + O7 at +4					False
PTEN	128	K	Q	2	14	4	Supporting	1	True	O4 + O7 may be combined (max +8)					False
PTEN	128	K	M	2	14	4	Supporting	1	True	O4 + O7 may be combined (max +8)					False
PTEN	252	D	Y	2	10	4	Supporting	1	False	Cap combined O4 + O7 at +4					False
PTEN	346	Y	*	2	6	4	Not applicable (nonsense/stop-loss/synonymous)	0	False	Cap combined O4 + O7 at +4	0.5				False
RB1	444	Q	L	2	9	4	Supporting	1	False	Cap combined O4 + O7 at +4					False
RET	634	C	R	2	3	2	Supporting	1	False	Cap combined O4 + O7 at +4					False
SPOP	104	F	C	2	8	4	Supporting	1	False	Cap combined O4 + O7 at +4					False
RRAS2	24	G	V	2	19	4	Supporting	1	True	O4 + O7 may be combined (max +8)					False
SMAD2	450	D	G	2	8	4	Supporting	1	False	Cap combined O4 + O7 at +4					False
SMAD2	450	D	N	2	8	4	Supporting	1	False	Cap combined O4 + O7 at +4					False
SMAD4	383	I	T	2	11	4	Supporting	1	False	Cap combined O4 + O7 at +4					False
SMAD4	365	G	V	2	11	4	Supporting	1	False	Cap combined O4 + O7 at +4					False
SMAD4	496	R	P	2	17	2	Supporting	1	True	O4 + O7 may be combined (max +8)					False
SMAD4	115	C	Y	2	6	3	Supporting	1	False	Cap combined O4 + O7 at +4					False
SMAD4	508	G	V	2	9	3	Supporting	1	False	Cap combined O4 + O7 at +4					False
SOS1	269	M	T	2	12	5	Supporting	1	True	O4 + O7 may be combined (max +8)					False
SOS1	269	M	V	2	12	5	Supporting	1	True	O4 + O7 may be combined (max +8)					False
SPOP	47	E	A	2	15	4	Supporting	1	True	O4 + O7 may be combined (max +8)					False
SPOP	130	D	E	2	16	4	Supporting	1	True	O4 + O7 may be combined (max +8)					False
PTEN	276	N	T	2	11	5	Supporting	1	False	Cap combined O4 + O7 at +4					False
PTEN	48	N	Y	2	11	4	Supporting	1	False	Cap combined O4 + O7 at +4					False
PTEN	135	I	R	2	11	3	Supporting	1	False	Cap combined O4 + O7 at +4					False
PTEN	135	I	K	2	11	3	Supporting	1	False	Cap combined O4 + O7 at +4					False
KDR	771	T	A	2	9	3	Supporting	1	False	Cap combined O4 + O7 at +4					False
FBXW7	600	D	N	2	7	3	Supporting	1	False	Cap combined O4 + O7 at +4					False
ERBB3	389	T	I	2	6	3	Supporting	1	False	Cap combined O4 + O7 at +4					False
ERBB3	262	P	S	2	10	5	Supporting	1	False	Cap combined O4 + O7 at +4					False
DICER1	1809	G	W	2	12	3	Supporting	1	True	O4 + O7 may be combined (max +8)					False
CDKN2A	81	P	R	2	24	5	Supporting	1	True	O4 + O7 may be combined (max +8)					False
CDKN2A	81	P	H	2	24	5	Supporting	1	True	O4 + O7 may be combined (max +8)					False
CDH1	257	D	N	2	9	5	Supporting	1	False	Cap combined O4 + O7 at +4					False
CDH1	257	D	G	2	9	5	Supporting	1	False	Cap combined O4 + O7 at +4					False
BRAF	464	G	R	2	15	4	Supporting	1	True	O4 + O7 may be combined (max +8)					False
FBXW7	385	T	K	2	4	3	Supporting	1	False	Cap combined O4 + O7 at +4	0.0				False
CTCF	1	M	V	2	4	3	Supporting	1	False	Cap combined O4 + O7 at +4	0.0				False
RAC1	18	C	Y	2	4	3	Supporting	1	False	Cap combined O4 + O7 at +4	0.5				False
SF3B1	701	V	F	2	4	3	Supporting	1	False	Cap combined O4 + O7 at +4	0.25				False
SMAD2	305	P	L	2	4	3	Supporting	1	False	Cap combined O4 + O7 at +4	0.5				False
SMAD2	303	T	R	2	3	2	Supporting	1	False	Cap combined O4 + O7 at +4	0.6667				False
TNFRSF14	111	C	W	2	3	2	Supporting	1	False	Cap combined O4 + O7 at +4	0.6667				False
KDR	771	T	K	2	9	3	Supporting	1	False	Cap combined O4 + O7 at +4					False
KEAP1	274	H	L	2	9	4	Supporting	1	False	Cap combined O4 + O7 at +4					False
KEAP1	332	G	D	2	14	5	Supporting	1	True	O4 + O7 may be combined (max +8)					False
KEAP1	603	G	E	2	9	3	Supporting	1	False	Cap combined O4 + O7 at +4					False
PIK3CA	449	P	R	2	10	4	Supporting	1	False	Cap combined O4 + O7 at +4					False
NRAS	146	A	T	2	7	3	Supporting	1	False	Cap combined O4 + O7 at +4		NM_002524.5	p.A146T	Oncogenic	True
NRAS	146	A	S	2	7	3	Supporting	1	False	Cap combined O4 + O7 at +4					False
NOTCH1	394	G	V	2	7	4	Supporting	1	False	Cap combined O4 + O7 at +4					False
MTOR	2419	E	D	2	9	4	Supporting	1	False	Cap combined O4 + O7 at +4					False
KEAP1	71	R	Q	2	9	3	Supporting	1	False	Cap combined O4 + O7 at +4					False
KEAP1	161	M	V	2	8	2	Supporting	1	False	Cap combined O4 + O7 at +4					False
KEAP1	509	G	R	2	11	5	Supporting	1	False	Cap combined O4 + O7 at +4					False
KEAP1	332	G	S	2	14	5	Supporting	1	True	O4 + O7 may be combined (max +8)					False
KEAP1	234	R	P	2	12	3	Supporting	1	True	O4 + O7 may be combined (max +8)					False
KEAP1	234	R	G	2	12	3	Supporting	1	True	O4 + O7 may be combined (max +8)					False
KEAP1	236	D	V	2	13	5	Supporting	1	True	O4 + O7 may be combined (max +8)					False
KEAP1	236	D	E	2	13	5	Supporting	1	True	O4 + O7 may be combined (max +8)					False
KEAP1	311	H	Y	2	10	5	Supporting	1	False	Cap combined O4 + O7 at +4					False
KEAP1	278	P	R	2	14	4	Supporting	1	True	O4 + O7 may be combined (max +8)					False
KEAP1	422	D	Y	2	15	3	Supporting	1	True	O4 + O7 may be combined (max +8)					False
SPOP	130	D	V	2	16	4	Supporting	1	True	O4 + O7 may be combined (max +8)					False
TP53	276	A	T	2	33	6	Supporting	1	True	O4 + O7 may be combined (max +8)					False
SPOP	104	F	L	2	8	4	Supporting	1	False	Cap combined O4 + O7 at +4					False
FOXO1	205	S	S	2	5	3	Not applicable (nonsense/stop-loss/synonymous)	0	False	Cap combined O4 + O7 at +4	0.8				False
SMAD4	510	G	*	2	6	4	Not applicable (nonsense/stop-loss/synonymous)	0	False	Cap combined O4 + O7 at +4	0.6667				False
BCL2	172	N	N	2	6	3	Not applicable (nonsense/stop-loss/synonymous)	0	False	Cap combined O4 + O7 at +4	0.3333				False
PTEN	174	Y	*	2	4	3	Not applicable (nonsense/stop-loss/synonymous)	0	False	Cap combined O4 + O7 at +4	0.75				False
TGFBR1	259	I	I	2	3	2	Not applicable (nonsense/stop-loss/synonymous)	0	False	Cap combined O4 + O7 at +4	0.0				False
KDM6A	1003	Q	*	2	3	2	Not applicable (nonsense/stop-loss/synonymous)	0	False	Cap combined O4 + O7 at +4	0.6667				False
ERCC3	713	L	L	2	2	1	Not applicable (nonsense/stop-loss/synonymous)	0	False	Cap combined O4 + O7 at +4	0.0				False
VHL	117	W	*	2	6	3	Not applicable (nonsense/stop-loss/synonymous)	0	False	Cap combined O4 + O7 at +4	0.5				False
VHL	112	Y	*	2	5	4	Not applicable (nonsense/stop-loss/synonymous)	0	False	Cap combined O4 + O7 at +4	0.4				False
ATM	2039	E	*	2	13	3	Not applicable (nonsense/stop-loss/synonymous)	0	True	O4 + O7 may be combined (max +8)					False
KEAP1	488	E	*	2	10	4	Not applicable (nonsense/stop-loss/synonymous)	0	False	Cap combined O4 + O7 at +4					False
PTEN	23	L	*	2	7	3	Not applicable (nonsense/stop-loss/synonymous)	0	False	Cap combined O4 + O7 at +4					False
RUNX1	204	R	*	2	18	3	Not applicable (nonsense/stop-loss/synonymous)	0	True	O4 + O7 may be combined (max +8)					False
KMT2D	1375	L	L	2	3	2	Not applicable (nonsense/stop-loss/synonymous)	0	False	Cap combined O4 + O7 at +4	0.0				False
PTPRT	695	L	L	2	9	3	Not applicable (nonsense/stop-loss/synonymous)	0	False	Cap combined O4 + O7 at +4	0.2222				False
EGFR	750	A	A	2	4	2	Not applicable (nonsense/stop-loss/synonymous)	0	False	Cap combined O4 + O7 at +4	1.0				False
VHL	135	L	*	2	4	2	Not applicable (nonsense/stop-loss/synonymous)	0	False	Cap combined O4 + O7 at +4	0.5				False
NUP93	733	A	A	2	2	1	Not applicable (nonsense/stop-loss/synonymous)	0	False	Cap combined O4 + O7 at +4	0.0				False
PTEN	320	L	*	2	4	3	Not applicable (nonsense/stop-loss/synonymous)	0	False	Cap combined O4 + O7 at +4	0.5				False
HNF1A	591	S	S	2	3	2	Not applicable (nonsense/stop-loss/synonymous)	0	False	Cap combined O4 + O7 at +4	0.0				False
TP63	365	S	*	2	12	3	Not applicable (nonsense/stop-loss/synonymous)	0	True	O4 + O7 may be combined (max +8)	0.3333				False
EPHB1	743	R	R	2	9	3	Not applicable (nonsense/stop-loss/synonymous)	0	False	Cap combined O4 + O7 at +4	0.5556				False
PIM1	37	Q	Q	2	5	2	Not applicable (nonsense/stop-loss/synonymous)	0	False	Cap combined O4 + O7 at +4	0.6				False
CIC	238	W	*	2	3	2	Not applicable (nonsense/stop-loss/synonymous)	0	False	Cap combined O4 + O7 at +4	0.3333				False
FOXP1	448	S	S	2	10	2	Not applicable (nonsense/stop-loss/synonymous)	0	False	Cap combined O4 + O7 at +4	0.2				False
ERBB3	103	R	R	2	5	3	Not applicable (nonsense/stop-loss/synonymous)	0	False	Cap combined O4 + O7 at +4	0.6				False
PIM1	79	E	E	2	6	2	Not applicable (nonsense/stop-loss/synonymous)	0	False	Cap combined O4 + O7 at +4	0.5				False
ERRFI1	116	K	*	2	2	1	Not applicable (nonsense/stop-loss/synonymous)	0	False	Cap combined O4 + O7 at +4	0.0				False
CARD11	337	R	*	2	5	2	Not applicable (nonsense/stop-loss/synonymous)	0	False	Cap combined O4 + O7 at +4	0.8				False
CDKN1B	72	G	G	2	6	3	Not applicable (nonsense/stop-loss/synonymous)	0	False	Cap combined O4 + O7 at +4	0.5				False
PTPRT	364	R	R	2	12	3	Not applicable (nonsense/stop-loss/synonymous)	0	True	O4 + O7 may be combined (max +8)	0.4167				False
AXL	443	T	T	2	2	1	Not applicable (nonsense/stop-loss/synonymous)	0	False	Cap combined O4 + O7 at +4	0.0				False
RB1	606	Y	*	2	4	2	Not applicable (nonsense/stop-loss/synonymous)	0	False	Cap combined O4 + O7 at +4	0.5				False
BCL10	178	E	E	2	3	2	Not applicable (nonsense/stop-loss/synonymous)	0	False	Cap combined O4 + O7 at +4	0.0				False
STK11	174	H	H	2	6	5	Not applicable (nonsense/stop-loss/synonymous)	0	False	Cap combined O4 + O7 at +4	0.5				False
PTPRT	668	L	L	2	5	2	Not applicable (nonsense/stop-loss/synonymous)	0	False	Cap combined O4 + O7 at +4	0.2				False
STK11	297	R	M	2	9	4	Supporting	1	False	Cap combined O4 + O7 at +4					False
ERBB2	659	V	V	2	5	3	Not applicable (nonsense/stop-loss/synonymous)	0	False	Cap combined O4 + O7 at +4	0.8				False
TP53	280	R	*	2	109	6	Not applicable (nonsense/stop-loss/synonymous)	0	True	O4 + O7 may be combined (max +8)	0.4771				False
ERBB2	755	L	L	2	44	6	Not applicable (nonsense/stop-loss/synonymous)	0	True	O4 + O7 may be combined (max +8)	0.6364				False
TP53	163	Y	*	2	79	5	Not applicable (nonsense/stop-loss/synonymous)	0	True	O4 + O7 may be combined (max +8)	0.4304				False
PTEN	130	R	R	2	168	7	Not applicable (nonsense/stop-loss/synonymous)	0	True	O4 + O7 may be combined (max +8)	0.4048				False
RHOA	69	L	P	2	5	3	Supporting	1	False	Cap combined O4 + O7 at +4	0.4				False
TP53	347	A	T	2	8	4	Supporting	1	False	Cap combined O4 + O7 at +4					False
TP53	347	A	P	2	8	4	Supporting	1	False	Cap combined O4 + O7 at +4					False
TP53	344	L	R	2	7	4	Supporting	1	False	Cap combined O4 + O7 at +4					False
TP53	341	F	C	2	8	5	Supporting	1	False	Cap combined O4 + O7 at +4					False
TP53	330	L	H	2	11	4	Supporting	1	False	Cap combined O4 + O7 at +4					False
TP53	139	K	E	2	21	5	Supporting	1	True	O4 + O7 may be combined (max +8)					False
TP53	180	E	D	2	38	3	Supporting	1	True	O4 + O7 may be combined (max +8)					False
TP53	240	S	C	2	23	3	Supporting	1	True	O4 + O7 may be combined (max +8)					False
PTEN	177	Y	*	2	5	4	Not applicable (nonsense/stop-loss/synonymous)	0	False	Cap combined O4 + O7 at +4	0.4				False
STK11	297	R	S	2	9	4	Supporting	1	False	Cap combined O4 + O7 at +4					False
NFE2L2	79	E	*	2	34	6	Not applicable (nonsense/stop-loss/synonymous)	0	True	O4 + O7 may be combined (max +8)	0.2941				False
STK19	89	D	D	2	18	2	Not applicable (nonsense/stop-loss/synonymous)	0	True	O4 + O7 may be combined (max +8)	0.0				False
FGFR2	252	S	S	2	22	3	Not applicable (nonsense/stop-loss/synonymous)	0	True	O4 + O7 may be combined (max +8)	0.4545				False
KNSTRN	12	V	V	2	5	2	Not applicable (nonsense/stop-loss/synonymous)	0	False	Cap combined O4 + O7 at +4	0.0				False
IRF4	99	C	C	2	7	3	Not applicable (nonsense/stop-loss/synonymous)	0	False	Cap combined O4 + O7 at +4	0.5714				False
ERCC2	246	S	S	2	7	3	Not applicable (nonsense/stop-loss/synonymous)	0	False	Cap combined O4 + O7 at +4	0.7143				False
EIF1AX	15	G	G	2	7	3	Not applicable (nonsense/stop-loss/synonymous)	0	False	Cap combined O4 + O7 at +4	0.2857				False
KEAP1	260	R	*	2	10	3	Not applicable (nonsense/stop-loss/synonymous)	0	False	Cap combined O4 + O7 at +4	0.4				False
PTEN	129	G	G	2	12	5	Not applicable (nonsense/stop-loss/synonymous)	0	True	O4 + O7 may be combined (max +8)	0.5				False
KIT	560	V	V	2	7	4	Not applicable (nonsense/stop-loss/synonymous)	0	False	Cap combined O4 + O7 at +4	0.5714				False
TP53	152	P	P	2	38	7	Not applicable (nonsense/stop-loss/synonymous)	0	True	O4 + O7 may be combined (max +8)	0.5789				False
TP53	141	C	*	2	47	7	Not applicable (nonsense/stop-loss/synonymous)	0	True	O4 + O7 may be combined (max +8)	0.4043				False
IL7R	395	K	K	2	12	5	Not applicable (nonsense/stop-loss/synonymous)	0	True	O4 + O7 may be combined (max +8)	0.25				False
TGFBR1	241	S	S	2	15	3	Not applicable (nonsense/stop-loss/synonymous)	0	True	O4 + O7 may be combined (max +8)	0.5333				False
PTEN	68	Y	*	2	11	4	Not applicable (nonsense/stop-loss/synonymous)	0	False	Cap combined O4 + O7 at +4	0.6364				False
KRAS	59	A	A	2	12	4	Not applicable (nonsense/stop-loss/synonymous)	0	True	O4 + O7 may be combined (max +8)	0.5				False
CDKN2A	114	P	P	2	31	6	Not applicable (nonsense/stop-loss/synonymous)	0	True	O4 + O7 may be combined (max +8)	0.4839				False
ESR1	536	L	L	2	14	5	Not applicable (nonsense/stop-loss/synonymous)	0	True	O4 + O7 may be combined (max +8)	1.0				False
RHOA	69	L	R	2	5	3	Supporting	1	False	Cap combined O4 + O7 at +4	0.4				False
SMAD4	355	D	V	2	7	3	Supporting	1	False	Cap combined O4 + O7 at +4	0.1429				False
CARD11	423	R	W	2	6	3	Supporting	1	False	Cap combined O4 + O7 at +4	0.5				False
PTEN	92	D	V	2	18	6	Supporting	1	True	O4 + O7 may be combined (max +8)	0.5				False
SF3B1	626	N	H	2	8	3	Supporting	1	False	Cap combined O4 + O7 at +4	0.125				False
EGFR	709	E	A	2	16	3	Supporting	1	True	O4 + O7 may be combined (max +8)	0.75				False
ERBB3	228	H	R	2	8	2	Supporting	1	False	Cap combined O4 + O7 at +4	0.0				False
FOXA1	247	H	Q	2	10	4	Supporting	1	False	Cap combined O4 + O7 at +4	0.6				False
ARID1A	2158	R	Q	2	15	3	Supporting	1	True	O4 + O7 may be combined (max +8)	0.4				False
ATM	3008	R	L	2	15	3	Supporting	1	True	O4 + O7 may be combined (max +8)	0.6				False
KIT	820	D	E	2	11	5	Supporting	1	False	Cap combined O4 + O7 at +4	1.0				False
PTEN	92	D	H	2	18	6	Supporting	1	True	O4 + O7 may be combined (max +8)	0.5				False
PTEN	92	D	N	2	18	6	Supporting	1	True	O4 + O7 may be combined (max +8)	0.5				False
PTEN	92	D	Y	2	18	6	Supporting	1	True	O4 + O7 may be combined (max +8)	0.5				False
FOXA1	266	F	C	2	11	6	Supporting	1	False	Cap combined O4 + O7 at +4	0.5455				False
NFE2L2	26	Q	P	2	9	5	Supporting	1	False	Cap combined O4 + O7 at +4	0.2222				False
TET1	1752	P	S	2	10	2	Supporting	1	False	Cap combined O4 + O7 at +4	0.4				False
CDH1	254	D	E	2	11	3	Supporting	1	False	Cap combined O4 + O7 at +4	0.3636				False
PTEN	68	Y	C	2	11	4	Supporting	1	False	Cap combined O4 + O7 at +4	0.6364				False
PIK3CA	378	C	Y	2	9	3	Supporting	1	False	Cap combined O4 + O7 at +4	0.2222				False
FOXA1	253	M	R	2	7	3	Supporting	1	False	Cap combined O4 + O7 at +4	0.4286				False
EIF1AX	9	G	V	2	11	3	Supporting	1	False	Cap combined O4 + O7 at +4	0.4545				False
TCF7L2	471	R	S	2	14	3	Supporting	1	True	O4 + O7 may be combined (max +8)	0.3571				False
SF3B1	741	K	E	2	10	5	Supporting	1	False	Cap combined O4 + O7 at +4	0.5				False
SF3B1	626	N	D	2	8	3	Supporting	1	False	Cap combined O4 + O7 at +4	0.125				False
NFE2L2	30	L	P	2	12	4	Supporting	1	True	O4 + O7 may be combined (max +8)	0.25				False
NFE2L2	30	L	H	2	12	4	Supporting	1	True	O4 + O7 may be combined (max +8)	0.25				False
ACVR1	328	G	V	2	7	2	Supporting	1	False	Cap combined O4 + O7 at +4	0.1429				False
SF3B1	666	K	E	2	13	5	Supporting	1	True	O4 + O7 may be combined (max +8)	0.3077				False
SF3B1	666	K	M	2	13	5	Supporting	1	True	O4 + O7 may be combined (max +8)	0.3077				False
VHL	65	S	P	2	17	5	Supporting	1	True	O4 + O7 may be combined (max +8)	0.2941				False
CDK4	22	K	Q	2	7	2	Supporting	1	False	Cap combined O4 + O7 at +4	0.1429				False
TP53	134	F	I	2	24	5	Supporting	1	True	O4 + O7 may be combined (max +8)	0.625				False
KIT	557	W	S	2	12	4	Supporting	1	True	O4 + O7 may be combined (max +8)	0.6667				False
SMARCA4	1232	G	C	2	17	4	Supporting	1	True	O4 + O7 may be combined (max +8)	0.2941				False
SMARCA4	1232	G	D	2	17	4	Supporting	1	True	O4 + O7 may be combined (max +8)	0.2941				False
SMARCA4	1232	G	V	2	17	4	Supporting	1	True	O4 + O7 may be combined (max +8)	0.2941				False
TP53	246	M	R	2	37	6	Supporting	1	True	O4 + O7 may be combined (max +8)	0.6216				False
PTEN	136	C	F	2	14	4	Supporting	1	True	O4 + O7 may be combined (max +8)	0.2857				False
PTEN	136	C	Y	2	14	4	Supporting	1	True	O4 + O7 may be combined (max +8)	0.2857				False
SMAD4	356	P	R	2	16	4	Supporting	1	True	O4 + O7 may be combined (max +8)	0.5				False
STK11	194	D	V	2	14	5	Supporting	1	True	O4 + O7 may be combined (max +8)	0.6429				False
TP53	143	V	E	2	26	4	Supporting	1	True	O4 + O7 may be combined (max +8)	0.4615				False
CIC	1512	R	C	2	11	4	Supporting	1	False	Cap combined O4 + O7 at +4	0.1818				False
MAP2K1	203	E	V	2	16	2	Supporting	1	True	O4 + O7 may be combined (max +8)	0.625				False
PTPN11	76	E	A	2	13	4	Supporting	1	True	O4 + O7 may be combined (max +8)	0.4615				False
NF1	440	R	Q	2	19	2	Supporting	1	True	O4 + O7 may be combined (max +8)	0.5789				False
BRAF	597	L	S	2	10	5	Supporting	1	False	Cap combined O4 + O7 at +4	0.6				False
PIK3CB	1051	E	G	2	11	2	Supporting	1	False	Cap combined O4 + O7 at +4	0.3636				False
TP63	379	R	H	2	17	3	Supporting	1	True	O4 + O7 may be combined (max +8)	0.3529				False
VHL	78	N	D	2	9	4	Supporting	1	False	Cap combined O4 + O7 at +4	0.3333				False
IL7R	395	K	N	2	12	5	Supporting	1	True	O4 + O7 may be combined (max +8)	0.25				False
TP53	152	P	R	2	38	7	Supporting	1	True	O4 + O7 may be combined (max +8)	0.5789				False
TP53	152	P	S	2	38	7	Supporting	1	True	O4 + O7 may be combined (max +8)	0.5789				False
TP53	152	P	T	2	38	7	Supporting	1	True	O4 + O7 may be combined (max +8)	0.5789				False
KMT2D	5179	R	C	2	10	4	Supporting	1	False	Cap combined O4 + O7 at +4	0.4				False
KMT2D	5179	R	L	2	10	4	Supporting	1	False	Cap combined O4 + O7 at +4	0.4				False
TP53	168	H	P	2	19	4	Supporting	1	True	O4 + O7 may be combined (max +8)	0.5263				False
TP53	161	A	V	2	26	5	Supporting	1	True	O4 + O7 may be combined (max +8)	0.3462				False
PIK3CA	365	E	V	2	13	2	Supporting	1	True	O4 + O7 may be combined (max +8)	0.4615				False
PRKCI	480	R	H	2	10	3	Supporting	1	False	Cap combined O4 + O7 at +4	0.0				False
PIK3R2	557	D	N	2	9	4	Supporting	1	False	Cap combined O4 + O7 at +4	0.8889				False
SMAD4	352	G	A	2	11	6	Supporting	1	False	Cap combined O4 + O7 at +4	0.7273				False
TP53	144	Q	L	2	23	4	Supporting	1	True	O4 + O7 may be combined (max +8)	0.3478				False
MET	1230	Y	H	2	4	3	Supporting	1	False	Cap combined O4 + O7 at +4	0.75				False
TP53	105	G	R	2	28	6	Supporting	1	True	O4 + O7 may be combined (max +8)	0.5				False
TP53	105	G	S	2	28	6	Supporting	1	True	O4 + O7 may be combined (max +8)	0.5				False
SMAD4	330	E	G	2	11	4	Supporting	1	False	Cap combined O4 + O7 at +4	0.6364				False
SMAD4	330	E	Q	2	11	4	Supporting	1	False	Cap combined O4 + O7 at +4	0.6364				False
TP53	125	T	A	2	30	5	Supporting	1	True	O4 + O7 may be combined (max +8)	0.5667				False
VHL	78	N	Y	2	9	4	Supporting	1	False	Cap combined O4 + O7 at +4	0.3333				False
PTEN	27	Y	N	2	10	5	Supporting	1	False	Cap combined O4 + O7 at +4	0.6				False
ARAF	214	S	P	2	12	6	Supporting	1	True	O4 + O7 may be combined (max +8)	0.4167				False
PTEN	27	Y	C	2	10	5	Supporting	1	False	Cap combined O4 + O7 at +4	0.6				False
MYC	74	P	T	2	12	5	Supporting	1	True	O4 + O7 may be combined (max +8)	0.4167				False
TP53	130	L	P	2	30	5	Supporting	1	True	O4 + O7 may be combined (max +8)	0.5333				False
STAG2	216	R	Q	2	14	3	Supporting	1	True	O4 + O7 may be combined (max +8)	0.3571				False
STAT3	410	H	P	2	6	2	Supporting	1	False	Cap combined O4 + O7 at +4	0.1667				False
RHOA	161	A	T	2	7	2	Supporting	1	False	Cap combined O4 + O7 at +4	0.4286				False
EP300	1466	W	C	2	8	5	Supporting	1	False	Cap combined O4 + O7 at +4	0.5				False
EP300	1467	Y	D	2	8	6	Supporting	1	False	Cap combined O4 + O7 at +4	0.625				False
EP300	1467	Y	N	2	8	6	Supporting	1	False	Cap combined O4 + O7 at +4	0.625				False
MET	1070	V	A	2	5	3	Supporting	1	False	Cap combined O4 + O7 at +4	0.2				False
MET	1070	V	E	2	5	3	Supporting	1	False	Cap combined O4 + O7 at +4	0.2				False
SMARCA4	781	M	V	2	9	3	Supporting	1	False	Cap combined O4 + O7 at +4	0.5556				False
ERBB4	798	L	P	2	11	4	Supporting	1	False	Cap combined O4 + O7 at +4	0.1818				False
VHL	111	S	R	2	10	4	Supporting	1	False	Cap combined O4 + O7 at +4	0.3				False
BCL6	594	R	G	2	12	2	Supporting	1	True	O4 + O7 may be combined (max +8)	0.4167				False
U2AF1	157	Q	P	2	4	2	Supporting	1	False	Cap combined O4 + O7 at +4	0.0	NM_006758.3	p.Q157P	Oncogenic	True
U2AF1	157	Q	R	2	4	2	Supporting	1	False	Cap combined O4 + O7 at +4	0.0	NM_006758.3	p.Q157R	Oncogenic	True
ATM	2875	N	T	2	8	3	Supporting	1	False	Cap combined O4 + O7 at +4	0.125				False
PTPN11	69	E	D	2	11	2	Supporting	1	False	Cap combined O4 + O7 at +4	0.6364				False
EPAS1	531	P	L	2	4	3	Supporting	1	False	Cap combined O4 + O7 at +4	0.0				False
SPOP	87	Y	C	2	14	4	Supporting	1	True	O4 + O7 may be combined (max +8)	0.3571				False
CIC	202	R	Q	2	13	2	Supporting	1	True	O4 + O7 may be combined (max +8)	0.4615				False
FBXW7	520	D	Y	2	11	5	Supporting	1	False	Cap combined O4 + O7 at +4	0.5455				False
TP53	236	Y	H	2	59	6	Supporting	1	True	O4 + O7 may be combined (max +8)	0.5424				False
BRAF	594	D	V	2	51	6	Supporting	1	True	O4 + O7 may be combined (max +8)	0.6863				False
BRAF	594	D	Y	2	51	6	Supporting	1	True	O4 + O7 may be combined (max +8)	0.6863				False
TP53	234	Y	D	2	68	6	Supporting	1	True	O4 + O7 may be combined (max +8)	0.4853				False
RAC1	29	P	T	2	53	4	Supporting	1	True	O4 + O7 may be combined (max +8)	0.3774				False
FBXW7	479	R	L	2	57	6	Supporting	1	True	O4 + O7 may be combined (max +8)	0.5088				False
NRAS	13	G	C	2	41	6	Supporting	1	True	O4 + O7 may be combined (max +8)	0.4146	NM_002524.5	p.G13C	Oncogenic	True
TP53	205	Y	N	2	61	7	Supporting	1	True	O4 + O7 may be combined (max +8)	0.3607				False
PIK3CA	726	E	A	2	55	2	Supporting	1	True	O4 + O7 may be combined (max +8)	0.4909				False
TP53	158	R	S	2	106	7	Supporting	1	True	O4 + O7 may be combined (max +8)	0.5094				False
TP53	236	Y	S	2	59	6	Supporting	1	True	O4 + O7 may be combined (max +8)	0.5424				False
CREBBP	1503	Y	N	2	9	5	Supporting	1	False	Cap combined O4 + O7 at +4	0.4444				False
HRAS	12	G	A	2	38	6	Supporting	1	True	O4 + O7 may be combined (max +8)	0.2895				False
TP53	275	C	G	2	70	7	Supporting	1	True	O4 + O7 may be combined (max +8)	0.3857				False
IDH2	140	R	W	2	23	3	Supporting	1	True	O4 + O7 may be combined (max +8)	0.0435	NM_002168.4	p.R140W	Oncogenic	True
TP53	241	S	A	2	97	7	Supporting	1	True	O4 + O7 may be combined (max +8)	0.4639				False
TP53	272	V	K	2	66	7	Supporting	1	True	O4 + O7 may be combined (max +8)	0.4697				False
FLT3	835	D	H	2	17	4	Supporting	1	True	O4 + O7 may be combined (max +8)	0.0	NM_004119.3	p.D835H	Oncogenic	True
TP53	132	K	Q	2	83	7	Supporting	1	True	O4 + O7 may be combined (max +8)	0.4337				False
NFE2L2	79	E	V	2	34	6	Supporting	1	True	O4 + O7 may be combined (max +8)	0.2941				False
BRAF	581	N	T	2	21	6	Supporting	1	True	O4 + O7 may be combined (max +8)	0.4762				False
TP53	249	R	K	2	102	7	Supporting	1	True	O4 + O7 may be combined (max +8)	0.4608				False
CDKN2A	83	H	Q	2	62	5	Supporting	1	True	O4 + O7 may be combined (max +8)	0.6129				False
CDKN2A	83	H	N	2	62	5	Supporting	1	True	O4 + O7 may be combined (max +8)	0.6129				False
TP53	195	I	M	2	79	7	Supporting	1	True	O4 + O7 may be combined (max +8)	0.3291				False
PDGFRA	235	C	Y	2	4	3	Supporting	1	False	Cap combined O4 + O7 at +4	0.25				False
NRAS	61	Q	P	2	422	6	Supporting	1	True	O4 + O7 may be combined (max +8)	0.391				False
KRAS	61	Q	P	2	190	7	Supporting	1	True	O4 + O7 may be combined (max +8)	0.5053				False
KRAS	13	G	R	2	264	7	Supporting	1	True	O4 + O7 may be combined (max +8)	0.6098	NM_004985.5	p.G13R	Oncogenic	True
TP53	273	R	G	2	609	6	Supporting	1	True	O4 + O7 may be combined (max +8)	0.4696				False
PIK3CA	542	E	G	2	372	5	Supporting	1	True	O4 + O7 may be combined (max +8)	0.5565				False
GNAS	201	R	L	2	139	4	Supporting	1	True	O4 + O7 may be combined (max +8)	0.6475				False
HRAS	61	Q	H	2	102	4	Supporting	1	True	O4 + O7 may be combined (max +8)	0.3725	NM_005343.4	p.Q61H	Oncogenic	True
TP53	213	R	P	2	256	5	Supporting	1	True	O4 + O7 may be combined (max +8)	0.4844				False
FBXW7	465	R	S	2	128	6	Supporting	1	True	O4 + O7 may be combined (max +8)	0.4609				False
PIK3CA	546	Q	E	2	93	6	Supporting	1	True	O4 + O7 may be combined (max +8)	0.4301				False
SMAD4	361	R	L	2	124	6	Supporting	1	True	O4 + O7 may be combined (max +8)	0.5887				False
CTNNB1	41	T	N	2	66	3	Supporting	1	True	O4 + O7 may be combined (max +8)	0.4394				False
FBXW7	505	R	P	2	83	6	Supporting	1	True	O4 + O7 may be combined (max +8)	0.3855				False
CDKN2A	80	R	Q	2	99	2	Supporting	1	True	O4 + O7 may be combined (max +8)	0.4141				False
CTNNB1	45	S	A	2	71	5	Supporting	1	True	O4 + O7 may be combined (max +8)	0.5634				False
ERBB2	755	L	A	2	44	6	Supporting	1	True	O4 + O7 may be combined (max +8)	0.6364				False
BRAF	469	G	S	2	61	7	Supporting	1	True	O4 + O7 may be combined (max +8)	0.6066				False
HRAS	13	G	S	2	50	7	Supporting	1	True	O4 + O7 may be combined (max +8)	0.3	NM_005343.4	p.G13S	Oncogenic	True
CDK4	24	R	S	2	23	4	Supporting	1	True	O4 + O7 may be combined (max +8)	0.5217				False
TP53	239	N	K	2	41	5	Supporting	1	True	O4 + O7 may be combined (max +8)	0.4878				False
TP53	242	C	R	2	59	8	Supporting	1	True	O4 + O7 may be combined (max +8)	0.4068				False
MAP2K1	53	F	V	2	17	4	Supporting	1	True	O4 + O7 may be combined (max +8)	0.2353				False
EP300	1399	D	Y	2	23	3	Supporting	1	True	O4 + O7 may be combined (max +8)	0.2174				False
SMAD4	386	G	R	2	22	6	Supporting	1	True	O4 + O7 may be combined (max +8)	0.3636				False
PTPN11	72	A	G	2	18	5	Supporting	1	True	O4 + O7 may be combined (max +8)	0.5556				False
TP53	126	Y	H	2	33	6	Supporting	1	True	O4 + O7 may be combined (max +8)	0.4242				False
TP53	126	Y	N	2	33	6	Supporting	1	True	O4 + O7 may be combined (max +8)	0.4242				False
NFE2L2	80	T	P	2	15	5	Supporting	1	True	O4 + O7 may be combined (max +8)	0.2667				False
ESR1	536	L	R	2	14	5	Supporting	1	True	O4 + O7 may be combined (max +8)	1.0				False
MET	1010	D	Y	2	14	3	Supporting	1	True	O4 + O7 may be combined (max +8)	1.0				False
SPOP	102	F	L	2	24	5	Supporting	1	True	O4 + O7 may be combined (max +8)	0.4583				False
SPOP	102	F	S	2	24	5	Supporting	1	True	O4 + O7 may be combined (max +8)	0.4583				False
PIK3CA	1044	N	Y	2	14	2	Supporting	1	True	O4 + O7 may be combined (max +8)	0.5				False
CDKN2A	114	P	T	2	31	6	Supporting	1	True	O4 + O7 may be combined (max +8)	0.4839				False
SMAD4	351	D	V	2	20	6	Supporting	1	True	O4 + O7 may be combined (max +8)	0.6				False
ERBB3	329	K	T	2	12	3	Supporting	1	True	O4 + O7 may be combined (max +8)	0.6667				False
RHEB	35	Y	C	2	12	5	Supporting	1	True	O4 + O7 may be combined (max +8)	0.25				False
RHEB	35	Y	H	2	12	5	Supporting	1	True	O4 + O7 may be combined (max +8)	0.25				False
RHEB	35	Y	S	2	12	5	Supporting	1	True	O4 + O7 may be combined (max +8)	0.25				False
H3F3A	35	G	V	2	12	3	Supporting	1	True	O4 + O7 may be combined (max +8)	0.5				False
RRAS2	72	Q	H	2	9	2	Supporting	1	False	Cap combined O4 + O7 at +4	0.0				False
ERBB3	928	E	K	2	17	2	Supporting	1	True	O4 + O7 may be combined (max +8)	0.8235				False
MAP2K1	53	F	C	2	17	4	Supporting	1	True	O4 + O7 may be combined (max +8)	0.2353				False
CD79B	197	Y	C	2	16	7	Supporting	1	True	O4 + O7 may be combined (max +8)	0.1875				False
NFE2L2	81	G	C	2	19	6	Supporting	1	True	O4 + O7 may be combined (max +8)	0.3158				False
CD79B	197	Y	D	2	16	7	Supporting	1	True	O4 + O7 may be combined (max +8)	0.1875				False
CD79B	197	Y	F	2	16	7	Supporting	1	True	O4 + O7 may be combined (max +8)	0.1875				False
CD79B	197	Y	N	2	16	7	Supporting	1	True	O4 + O7 may be combined (max +8)	0.1875				False
CD79B	197	Y	S	2	16	7	Supporting	1	True	O4 + O7 may be combined (max +8)	0.1875				False
NFE2L2	82	E	Q	2	21	4	Supporting	1	True	O4 + O7 may be combined (max +8)	0.3333				False
PIK3CA	344	V	A	2	26	3	Supporting	1	True	O4 + O7 may be combined (max +8)	0.5769				False
MED12	44	G	V	2	25	5	Supporting	1	True	O4 + O7 may be combined (max +8)	0.8				False
MED12	1224	L	V	2	18	2	Supporting	1	True	O4 + O7 may be combined (max +8)	0.3889				False
NFE2L2	29	D	G	2	30	4	Supporting	1	True	O4 + O7 may be combined (max +8)	0.2333				False
NFE2L2	29	D	N	2	30	4	Supporting	1	True	O4 + O7 may be combined (max +8)	0.2333				False
KRAS	60	G	D	2	24	4	Supporting	1	True	O4 + O7 may be combined (max +8)	0.5				False
KRAS	60	G	V	2	24	4	Supporting	1	True	O4 + O7 may be combined (max +8)	0.5				False
ALK	1174	F	C	2	14	3	Supporting	1	True	O4 + O7 may be combined (max +8)	0.2857				False
TP53	214	H	L	2	40	4	Supporting	1	True	O4 + O7 may be combined (max +8)	0.425				False
TP53	214	H	Q	2	40	4	Supporting	1	True	O4 + O7 may be combined (max +8)	0.425				False
FGFR1	577	N	D	2	19	2	Supporting	1	True	O4 + O7 may be combined (max +8)	0.4737				False
TP53	286	E	A	2	73	6	Supporting	1	True	O4 + O7 may be combined (max +8)	0.4795				False
FGFR2	252	S	L	2	22	3	Supporting	1	True	O4 + O7 may be combined (max +8)	0.4545				False
EGFR	108	R	G	2	19	2	Supporting	1	True	O4 + O7 may be combined (max +8)	0.5789				False
VHL	121	D	G	2	9	3	Supporting	1	False	Cap combined O4 + O7 at +4	0.2222				False
TP53	135	C	G	2	74	7	Supporting	1	True	O4 + O7 may be combined (max +8)	0.5				False
RUNX1	201	R	Q	2	7	3	Supporting	1	False	Cap combined O4 + O7 at +4	0.0	NM_001754.5	p.R201Q	Oncogenic	True
STK11	179	P	R	2	7	3	Supporting	1	False	Cap combined O4 + O7 at +4	0.7143				False
FOXO1	24	T	I	2	3	2	Supporting	1	False	Cap combined O4 + O7 at +4	0.6667				False
ATM	1466	R	P	2	9	3	Supporting	1	False	Cap combined O4 + O7 at +4	0.4444				False
ERBB4	1223	K	R	2	6	3	Supporting	1	False	Cap combined O4 + O7 at +4	0.3333				False
RARA	286	F	S	2	4	3	Supporting	1	False	Cap combined O4 + O7 at +4	0.0				False
TP53	208	D	G	2	12	4	Supporting	1	True	O4 + O7 may be combined (max +8)	0.6667				False
TP53	208	D	N	2	12	4	Supporting	1	True	O4 + O7 may be combined (max +8)	0.6667				False
PIK3R1	452	Y	C	2	4	3	Supporting	1	False	Cap combined O4 + O7 at +4	0.0				False
KEAP1	333	G	S	2	7	3	Supporting	1	False	Cap combined O4 + O7 at +4	0.5714				False
STK11	179	P	Q	2	7	3	Supporting	1	False	Cap combined O4 + O7 at +4	0.7143				False
STAT3	384	F	L	2	4	3	Supporting	1	False	Cap combined O4 + O7 at +4	0.25				False
PIK3R1	560	D	H	2	8	4	Supporting	1	False	Cap combined O4 + O7 at +4	0.375				False
STAT3	661	D	Y	2	5	2	Supporting	1	False	Cap combined O4 + O7 at +4	0.0	NM_139276.3	p.D661Y	Oncogenic	True
KNSTRN	28	P	S	2	5	2	Supporting	1	False	Cap combined O4 + O7 at +4	0.0				False
CREBBP	1499	L	P	2	4	3	Supporting	1	False	Cap combined O4 + O7 at +4	0.5				False
TP53	120	K	N	2	9	4	Supporting	1	False	Cap combined O4 + O7 at +4	0.4444				False
PIK3CD	416	C	R	2	2	1	Supporting	1	False	Cap combined O4 + O7 at +4	0.0				False
CARD11	93	E	D	2	4	3	Supporting	1	False	Cap combined O4 + O7 at +4	0.25				False
TP53	254	I	V	2	13	6	Supporting	1	True	O4 + O7 may be combined (max +8)	0.5385				False
ERBB3	103	R	H	2	5	3	Supporting	1	False	Cap combined O4 + O7 at +4	0.6				False
AKT1	323	D	G	2	5	3	Supporting	1	False	Cap combined O4 + O7 at +4	0.4				False
EGFR	833	L	V	2	5	3	Supporting	1	False	Cap combined O4 + O7 at +4	0.6				False
EGFR	833	L	F	2	5	3	Supporting	1	False	Cap combined O4 + O7 at +4	0.6				False
TNFRSF14	1	M	I	2	4	3	Supporting	1	False	Cap combined O4 + O7 at +4	0.5				False
HLA-B	69	E	K	2	5	2	Supporting	1	False	Cap combined O4 + O7 at +4	0.0				False
CDKN2A	42	N	H	2	5	4	Supporting	1	False	Cap combined O4 + O7 at +4	0.4				False
HIST1H3B	51	E	D	2	12	4	Supporting	1	True	O4 + O7 may be combined (max +8)	0.4167				False
ATM	2890	L	P	2	5	4	Supporting	1	False	Cap combined O4 + O7 at +4	0.6				False
EGFR	838	L	M	2	3	2	Supporting	1	False	Cap combined O4 + O7 at +4	0.0				False
RAC1	61	Q	K	2	4	2	Supporting	1	False	Cap combined O4 + O7 at +4	0.75				False
RAC1	61	Q	R	2	4	2	Supporting	1	False	Cap combined O4 + O7 at +4	0.75				False
EIF1AX	2	P	S	2	7	3	Supporting	1	False	Cap combined O4 + O7 at +4	0.7143				False
VHL	115	H	Y	2	7	3	Supporting	1	False	Cap combined O4 + O7 at +4	0.2857				False
ERBB2	277	D	H	2	8	4	Supporting	1	False	Cap combined O4 + O7 at +4	0.625				False
PTEN	346	Y	D	2	6	4	Supporting	1	False	Cap combined O4 + O7 at +4	0.5				False
B2M	7	L	S	2	5	2	Supporting	1	False	Cap combined O4 + O7 at +4	0.8				False
FBXW7	287	E	D	2	7	4	Supporting	1	False	Cap combined O4 + O7 at +4	0.4286				False
FBXW7	287	E	Q	2	7	4	Supporting	1	False	Cap combined O4 + O7 at +4	0.4286				False
FBXW7	287	E	V	2	7	4	Supporting	1	False	Cap combined O4 + O7 at +4	0.4286				False
PTPN11	308	N	D	2	3	2	Supporting	1	False	Cap combined O4 + O7 at +4	0.3333				False
SF3B1	894	D	G	2	6	4	Supporting	1	False	Cap combined O4 + O7 at +4	0.1667				False
SF3B1	894	D	N	2	6	4	Supporting	1	False	Cap combined O4 + O7 at +4	0.1667				False
RB1	787	R	Q	2	11	2	Supporting	1	False	Cap combined O4 + O7 at +4	0.4545				False
SMAD4	493	D	G	2	7	4	Supporting	1	False	Cap combined O4 + O7 at +4	0.4286				False
AKT1	323	D	Y	2	5	3	Supporting	1	False	Cap combined O4 + O7 at +4	0.4				False
ERBB2	138	R	Q	2	3	2	Supporting	1	False	Cap combined O4 + O7 at +4	0.0				False
ERRFI1	409	K	N	2	3	2	Supporting	1	False	Cap combined O4 + O7 at +4	0.3333				False
CREBBP	1472	W	C	2	6	4	Supporting	1	False	Cap combined O4 + O7 at +4	0.3333				False
HGF	229	G	A	2	3	2	Supporting	1	False	Cap combined O4 + O7 at +4	0.3333				False
KEAP1	320	R	Q	2	8	5	Supporting	1	False	Cap combined O4 + O7 at +4	0.5				False
FBXW7	441	R	G	2	7	4	Supporting	1	False	Cap combined O4 + O7 at +4	0.1429				False
CDKN1A	1	M	V	2	4	3	Supporting	1	False	Cap combined O4 + O7 at +4	0.25				False
KDR	482	C	R	2	3	2	Supporting	1	False	Cap combined O4 + O7 at +4	0.0				False
SMAD4	510	G	R	2	6	4	Supporting	1	False	Cap combined O4 + O7 at +4	0.6667				False
PLK2	208	L	P	2	3	2	Supporting	1	False	Cap combined O4 + O7 at +4	0.0				False
STK11	308	W	C	2	6	3	Supporting	1	False	Cap combined O4 + O7 at +4	1.0				False
KEAP1	601	R	W	2	6	2	Supporting	1	False	Cap combined O4 + O7 at +4	0.8333				False
RAD51C	224	Y	H	2	2	1	Supporting	1	False	Cap combined O4 + O7 at +4	0.0				False
RAD51C	21	P	S	2	4	3	Supporting	1	False	Cap combined O4 + O7 at +4	0.5				False
BCL2L11	156	G	E	2	6	3	Supporting	1	False	Cap combined O4 + O7 at +4	0.3333				False
MAP2K4	110	R	Q	2	8	4	Supporting	1	False	Cap combined O4 + O7 at +4	0.25				False
TP53	178	H	Q	2	12	5	Supporting	1	True	O4 + O7 may be combined (max +8)	0.5833				False
CIC	203	P	S	2	4	3	Supporting	1	False	Cap combined O4 + O7 at +4	0.25				False
PTEN	67	I	T	2	4	3	Supporting	1	False	Cap combined O4 + O7 at +4	0.5				False
FGFR2	253	P	L	2	6	2	Supporting	1	False	Cap combined O4 + O7 at +4	0.3333				False
VHL	88	W	L	2	9	3	Supporting	1	False	Cap combined O4 + O7 at +4	0.2222				False
ERBB4	774	S	G	2	4	3	Supporting	1	False	Cap combined O4 + O7 at +4	0.0				False
CREBBP	1472	W	R	2	6	4	Supporting	1	False	Cap combined O4 + O7 at +4	0.3333				False
RPS6KA4	629	R	H	2	7	3	Supporting	1	False	Cap combined O4 + O7 at +4	0.5714				False
CBFB	1	M	T	2	4	3	Supporting	1	False	Cap combined O4 + O7 at +4	0.5				False
TCF3	551	N	K	2	2	1	Supporting	1	False	Cap combined O4 + O7 at +4	1.0				False
NF1	461	R	Q	2	9	2	Supporting	1	False	Cap combined O4 + O7 at +4	0.2222				False
EIF1AX	4	N	S	2	4	3	Supporting	1	False	Cap combined O4 + O7 at +4	0.75				False
BCL10	173	N	H	2	2	1	Supporting	1	False	Cap combined O4 + O7 at +4	0.0				False
CTNNB1	535	R	Q	2	7	2	Supporting	1	False	Cap combined O4 + O7 at +4	0.0				False
NOTCH1	365	R	S	2	8	2	Supporting	1	False	Cap combined O4 + O7 at +4	0.5				False
EPAS1	532	Y	C	2	2	1	Supporting	1	False	Cap combined O4 + O7 at +4	0.0				False
NOTCH1	440	C	F	2	5	4	Supporting	1	False	Cap combined O4 + O7 at +4	0.4				False
SMAD3	287	R	Q	2	8	2	Supporting	1	False	Cap combined O4 + O7 at +4	0.625				False
PRDM14	505	R	C	2	6	2	Supporting	1	False	Cap combined O4 + O7 at +4	0.0				False
ETV6	284	S	F	2	6	2	Supporting	1	False	Cap combined O4 + O7 at +4	0.3333				False
STK11	251	G	C	2	6	3	Supporting	1	False	Cap combined O4 + O7 at +4	0.5				False
SF3B1	623	Y	C	2	4	3	Supporting	1	False	Cap combined O4 + O7 at +4	0.75				False
BRCA2	2303	S	F	2	5	2	Supporting	1	False	Cap combined O4 + O7 at +4	0.8				False
SETD2	1603	H	Y	2	5	2	Supporting	1	False	Cap combined O4 + O7 at +4	0.2				False
MAX	36	R	W	2	2	1	Supporting	1	False	Cap combined O4 + O7 at +4	0.0				False
RB1	606	Y	C	2	4	2	Supporting	1	False	Cap combined O4 + O7 at +4	0.5				False
FGFR2	276	F	C	2	3	2	Supporting	1	False	Cap combined O4 + O7 at +4	0.3333				False
SMAD4	353	Y	N	2	4	3	Supporting	1	False	Cap combined O4 + O7 at +4	0.75				False
SMAD4	95	Y	C	2	4	3	Supporting	1	False	Cap combined O4 + O7 at +4	0.75				False
PIK3R1	560	D	Y	2	8	4	Supporting	1	False	Cap combined O4 + O7 at +4	0.375				False
VHL	135	L	F	2	4	2	Supporting	1	False	Cap combined O4 + O7 at +4	0.5				False
DIS3	479	D	Y	2	5	4	Supporting	1	False	Cap combined O4 + O7 at +4	1.0				False
SF3B1	740	G	V	2	9	2	Supporting	1	False	Cap combined O4 + O7 at +4	0.2222				False
SMAD4	526	E	Q	2	11	6	Supporting	1	False	Cap combined O4 + O7 at +4	0.6364				False
ERCC2	246	S	F	2	7	3	Supporting	1	False	Cap combined O4 + O7 at +4	0.7143				False
FGFR2	203	R	C	2	6	2	Supporting	1	False	Cap combined O4 + O7 at +4	0.6667				False
ERBB2	659	V	E	2	5	3	Supporting	1	False	Cap combined O4 + O7 at +4	0.8				False
TP53	155	T	I	2	18	4	Supporting	1	True	O4 + O7 may be combined (max +8)	0.3889				False
RNF43	86	H	R	2	4	2	Supporting	1	False	Cap combined O4 + O7 at +4	0.0				False
RNF43	86	H	Y	2	4	2	Supporting	1	False	Cap combined O4 + O7 at +4	0.0				False
BCL2	131	A	T	2	10	3	Supporting	1	False	Cap combined O4 + O7 at +4	0.9				False
PTEN	105	C	Y	2	7	6	Supporting	1	False	Cap combined O4 + O7 at +4	0.2857				False
PTEN	124	C	Y	2	8	4	Supporting	1	False	Cap combined O4 + O7 at +4	0.625				False
NFE2L2	77	D	H	2	7	4	Supporting	1	False	Cap combined O4 + O7 at +4	0.7143				False
MAP3K1	1330	S	W	2	10	2	Supporting	1	False	Cap combined O4 + O7 at +4	0.4				False
VHL	161	R	Q	2	10	3	Supporting	1	False	Cap combined O4 + O7 at +4	0.6				False
KEAP1	470	R	H	2	10	3	Supporting	1	False	Cap combined O4 + O7 at +4	0.2				False
SMAD4	363	C	F	2	6	4	Supporting	1	False	Cap combined O4 + O7 at +4	0.6667				False
SMAD4	363	C	R	2	6	4	Supporting	1	False	Cap combined O4 + O7 at +4	0.6667				False
FOXO1	205	S	N	2	5	3	Supporting	1	False	Cap combined O4 + O7 at +4	0.8				False
KRAS	11	A	T	2	8	2	Supporting	1	False	Cap combined O4 + O7 at +4	0.75				False
CIC	231	S	N	2	4	3	Supporting	1	False	Cap combined O4 + O7 at +4	0.5				False
ERBB2	776	G	S	2	6	2	Supporting	1	False	Cap combined O4 + O7 at +4	0.1667				False
EIF1AX	13	R	C	2	12	5	Supporting	1	True	O4 + O7 may be combined (max +8)	0.75				False
VHL	151	I	N	2	6	4	Supporting	1	False	Cap combined O4 + O7 at +4	0.3333				False
NOTCH1	853	F	I	2	4	2	Supporting	1	False	Cap combined O4 + O7 at +4	0.5				False
PTEN	129	G	V	2	12	5	Supporting	1	True	O4 + O7 may be combined (max +8)	0.5				False
VHL	88	W	R	2	9	3	Supporting	1	False	Cap combined O4 + O7 at +4	0.2222				False
CDKN2A	48	P	R	2	12	2	Supporting	1	True	O4 + O7 may be combined (max +8)	0.4167				False
EGFR	363	T	A	2	7	3	Supporting	1	False	Cap combined O4 + O7 at +4	0.2857				False
RHOA	40	E	K	2	14	5	Supporting	1	True	O4 + O7 may be combined (max +8)	0.3571				False
VHL	86	P	L	2	9	4	Supporting	1	False	Cap combined O4 + O7 at +4	0.6667				False
VHL	86	P	T	2	9	4	Supporting	1	False	Cap combined O4 + O7 at +4	0.6667				False
DICER1	1810	D	V	2	9	5	Supporting	1	False	Cap combined O4 + O7 at +4	0.5556				False
DICER1	1810	D	Y	2	9	5	Supporting	1	False	Cap combined O4 + O7 at +4	0.5556				False
PIK3CA	107	N	I	2	6	3	Supporting	1	False	Cap combined O4 + O7 at +4	0.5				False
ASXL2	330	E	Q	2	10	3	Supporting	1	False	Cap combined O4 + O7 at +4	0.3				False
PIM1	97	S	R	2	10	4	Supporting	1	False	Cap combined O4 + O7 at +4	0.5				False
RUNX1	162	R	G	2	4	3	Supporting	1	False	Cap combined O4 + O7 at +4	0.0				False
B2M	12	L	Q	2	7	3	Supporting	1	False	Cap combined O4 + O7 at +4	0.4286				False
MTOR	1483	C	F	2	7	4	Supporting	1	False	Cap combined O4 + O7 at +4	0.2857				False
MTOR	1483	C	R	2	7	4	Supporting	1	False	Cap combined O4 + O7 at +4	0.2857				False
MTOR	1483	C	Y	2	7	4	Supporting	1	False	Cap combined O4 + O7 at +4	0.2857				False
EGFR	596	P	S	2	8	4	Supporting	1	False	Cap combined O4 + O7 at +4	0.125				False
NOTCH1	853	F	C	2	4	2	Supporting	1	False	Cap combined O4 + O7 at +4	0.5				False
PTEN	171	Q	R	2	16	3	Supporting	1	True	O4 + O7 may be combined (max +8)	0.6875				False
MAP2K2	57	F	V	2	6	2	Supporting	1	False	Cap combined O4 + O7 at +4	0.1667				False
VHL	151	I	T	2	6	4	Supporting	1	False	Cap combined O4 + O7 at +4	0.3333				False
KLF4	409	K	N	2	7	2	Supporting	1	False	Cap combined O4 + O7 at +4	0.2857				False
ERCC2	609	D	E	2	3	2	Supporting	1	False	Cap combined O4 + O7 at +4	0.3333				False
ERCC2	606	E	G	2	6	2	Supporting	1	False	Cap combined O4 + O7 at +4	0.5				False
SMAD4	536	L	P	2	4	3	Supporting	1	False	Cap combined O4 + O7 at +4	0.5				False
KEAP1	272	R	H	2	8	4	Supporting	1	False	Cap combined O4 + O7 at +4	0.625				False
KEAP1	272	R	P	2	8	4	Supporting	1	False	Cap combined O4 + O7 at +4	0.625				False
GATA3	364	R	S	2	5	3	Supporting	1	False	Cap combined O4 + O7 at +4	0.8				False
GATA3	364	R	T	2	5	3	Supporting	1	False	Cap combined O4 + O7 at +4	0.8				False
JUN	112	E	Q	2	7	2	Supporting	1	False	Cap combined O4 + O7 at +4	0.1429				False
MED12	1223	V	L	2	3	2	Supporting	1	False	Cap combined O4 + O7 at +4	0.0				False
STK11	165	E	Q	2	9	3	Supporting	1	False	Cap combined O4 + O7 at +4	0.8889				False
IL7R	241	I	V	2	5	4	Supporting	1	False	Cap combined O4 + O7 at +4	0.6				False
SESN2	425	I	V	2	2	1	Supporting	1	False	Cap combined O4 + O7 at +4	0.0				False
PIK3R1	379	K	E	2	4	2	Supporting	1	False	Cap combined O4 + O7 at +4	0.25				False
PIK3R1	379	K	N	2	4	2	Supporting	1	False	Cap combined O4 + O7 at +4	0.25				False
PTEN	24	D	E	2	10	5	Supporting	1	False	Cap combined O4 + O7 at +4	0.5				False
PTEN	24	D	H	2	10	5	Supporting	1	False	Cap combined O4 + O7 at +4	0.5				False
TP53	259	D	N	2	31	5	Supporting	1	True	O4 + O7 may be combined (max +8)	0.5161				False
ALK	1245	F	I	2	3	2	Supporting	1	False	Cap combined O4 + O7 at +4	0.6667				False
PTEN	24	D	V	2	10	5	Supporting	1	False	Cap combined O4 + O7 at +4	0.5				False
TP53	259	D	H	2	31	5	Supporting	1	True	O4 + O7 may be combined (max +8)	0.5161				False
VHL	114	G	R	2	7	3	Supporting	1	False	Cap combined O4 + O7 at +4	0.1429				False
NCOA3	80	R	C	2	3	2	Supporting	1	False	Cap combined O4 + O7 at +4	1.0				False
CREBBP	1450	Y	N	2	5	3	Supporting	1	False	Cap combined O4 + O7 at +4	0.6				False
DIS3	780	R	K	2	6	4	Supporting	1	False	Cap combined O4 + O7 at +4	0.1667				False
EGFR	750	A	P	2	4	2	Supporting	1	False	Cap combined O4 + O7 at +4	1.0				False
FBXW7	532	T	P	2	3	2	Supporting	1	False	Cap combined O4 + O7 at +4	0.6667				False
CREBBP	1450	Y	D	2	5	3	Supporting	1	False	Cap combined O4 + O7 at +4	0.6				False
CHEK2	346	R	S	2	8	4	Supporting	1	False	Cap combined O4 + O7 at +4	0.5				False
CREBBP	1435	D	H	2	9	4	Supporting	1	False	Cap combined O4 + O7 at +4	0.3333				False
CREBBP	1435	D	Y	2	9	4	Supporting	1	False	Cap combined O4 + O7 at +4	0.3333				False
CHEK2	346	R	G	2	8	4	Supporting	1	False	Cap combined O4 + O7 at +4	0.5				False
SRSF2	95	P	H	2	6	3	Supporting	1	False	Cap combined O4 + O7 at +4	0.3333	NM_001195427.2	p.P95H	Oncogenic	True
VHL	162	C	R	2	8	5	Supporting	1	False	Cap combined O4 + O7 at +4	0.375				False
CREBBP	1435	D	N	2	9	4	Supporting	1	False	Cap combined O4 + O7 at +4	0.3333				False
RAD50	69	D	N	2	6	2	Supporting	1	False	Cap combined O4 + O7 at +4	0.3333				False
PDPK1	499	P	L	2	5	2	Supporting	1	False	Cap combined O4 + O7 at +4	0.2				False
FOXA1	259	Y	C	2	5	3	Supporting	1	False	Cap combined O4 + O7 at +4	0.4				False
FOXA1	259	Y	S	2	5	3	Supporting	1	False	Cap combined O4 + O7 at +4	0.4				False
MYC	73	T	P	2	6	3	Supporting	1	False	Cap combined O4 + O7 at +4	0.3333				False
TP53	113	F	S	2	17	6	Supporting	1	True	O4 + O7 may be combined (max +8)	0.5882				False
PIK3CA	471	P	A	2	7	2	Supporting	1	False	Cap combined O4 + O7 at +4	0.2857				False
DIS3	780	R	T	2	6	4	Supporting	1	False	Cap combined O4 + O7 at +4	0.1667				False
TGFBR1	375	T	K	1	3	3	Not met	0	False	Cap combined O4 + O7 at +4	1.0				False
TGFBR1	375	T	I	1	3	3	Not met	0	False	Cap combined O4 + O7 at +4	1.0				False
PTEN	247	L	F	1	4	2	Not met	0	False	Cap combined O4 + O7 at +4	0.25				False
EIF1AX	4	N	Y	1	4	3	Not met	0	False	Cap combined O4 + O7 at +4	0.75				False
EIF1AX	4	N	I	1	4	3	Not met	0	False	Cap combined O4 + O7 at +4	0.75				False
PTPN11	468	T	T	1	7	2	Not applicable (nonsense/stop-loss/synonymous)	0	False	Cap combined O4 + O7 at +4	0.2857				False
TGFBR2	520	R	R	1	9	2	Not applicable (nonsense/stop-loss/synonymous)	0	False	Cap combined O4 + O7 at +4	0.4444				False
ETV6	369	R	L	1	9	4	Not met	0	False	Cap combined O4 + O7 at +4	0.4444				False
ETV6	369	R	R	1	9	4	Not applicable (nonsense/stop-loss/synonymous)	0	False	Cap combined O4 + O7 at +4	0.4444				False
ETV6	369	R	Q	1	9	4	Not met	0	False	Cap combined O4 + O7 at +4	0.4444				False
CBFB	1	M	K	1	4	3	Not met	0	False	Cap combined O4 + O7 at +4	0.5				False
CBFB	1	M	I	1	4	3	Not met	0	False	Cap combined O4 + O7 at +4	0.5				False
ERRFI1	409	K	Q	1	3	2	Not met	0	False	Cap combined O4 + O7 at +4	0.3333				False
SMO	414	V	G	1	3	3	Not met	0	False	Cap combined O4 + O7 at +4	0.6667				False
TGFBR1	375	T	R	1	3	3	Not met	0	False	Cap combined O4 + O7 at +4	1.0				False
SMO	414	V	A	1	3	3	Not met	0	False	Cap combined O4 + O7 at +4	0.6667				False
SMARCD1	183	R	L	1	7	3	Not met	0	False	Cap combined O4 + O7 at +4	0.4286				False
SMO	414	V	V	1	3	3	Not applicable (nonsense/stop-loss/synonymous)	0	False	Cap combined O4 + O7 at +4	0.6667				False
LYN	364	I	L	1	2	2	Not met	0	False	Cap combined O4 + O7 at +4	0.0				False
CDKN2A	74	D	V	1	8	4	Not met	0	False	Cap combined O4 + O7 at +4	0.5				False
CDKN2A	74	D	G	1	8	4	Not met	0	False	Cap combined O4 + O7 at +4	0.5				False
MTOR	1459	A	V	1	6	3	Not met	0	False	Cap combined O4 + O7 at +4	0.8333				False
MET	1003	Y	*	1	3	3	Not applicable (nonsense/stop-loss/synonymous)	0	False	Cap combined O4 + O7 at +4	0.3333				False
DICER1	1344	S	I	1	7	2	Not met	0	False	Cap combined O4 + O7 at +4	0.4286				False
RAC1	34	P	S	1	5	3	Not met	0	False	Cap combined O4 + O7 at +4	0.2				False
RAC1	34	P	H	1	5	3	Not met	0	False	Cap combined O4 + O7 at +4	0.2				False
IL7R	206	R	Q	1	9	2	Not met	0	False	Cap combined O4 + O7 at +4	0.5556				False
FOXA1	219	R	R	1	8	4	Not applicable (nonsense/stop-loss/synonymous)	0	False	Cap combined O4 + O7 at +4	0.75				False
FOXA1	219	R	G	1	8	4	Not met	0	False	Cap combined O4 + O7 at +4	0.75				False
PIM1	2	L	V	1	6	2	Not met	0	False	Cap combined O4 + O7 at +4	0.3333				False
SMARCD1	183	R	*	1	7	3	Not applicable (nonsense/stop-loss/synonymous)	0	False	Cap combined O4 + O7 at +4	0.4286				False
TP53	232	I	I	1	14	5	Not applicable (nonsense/stop-loss/synonymous)	0	True	O4 + O7 may be combined (max +8)	0.2857				False
MET	1094	H	R	1	4	2	Not met	0	False	Cap combined O4 + O7 at +4	0.25				False
LYN	364	I	N	1	2	2	Not met	0	False	Cap combined O4 + O7 at +4	0.0				False
GTF2I	641	F	C	1	4	2	Not met	0	False	Cap combined O4 + O7 at +4	0.0				False
PTEN	61	H	N	1	6	3	Not met	0	False	Cap combined O4 + O7 at +4	0.6667				False
MTOR	1459	A	P	1	6	3	Not met	0	False	Cap combined O4 + O7 at +4	0.8333				False
ERBB2	138	R	W	1	3	2	Not met	0	False	Cap combined O4 + O7 at +4	0.0				False
GNAQ	48	G	L	1	3	3	Not met	0	False	Cap combined O4 + O7 at +4	0.3333				False
GNAQ	48	G	*	1	3	3	Not applicable (nonsense/stop-loss/synonymous)	0	False	Cap combined O4 + O7 at +4	0.3333				False
MYD88	166	P	P	1	4	2	Not applicable (nonsense/stop-loss/synonymous)	0	False	Cap combined O4 + O7 at +4	0.0				False
TP53	120	K	M	1	9	4	Not met	0	False	Cap combined O4 + O7 at +4	0.4444				False
TP53	120	K	*	1	9	4	Not applicable (nonsense/stop-loss/synonymous)	0	False	Cap combined O4 + O7 at +4	0.4444				False
TRAF7	520	N	Y	1	4	2	Not met	0	False	Cap combined O4 + O7 at +4	0.5				False
CREBBP	1499	L	R	1	4	3	Not met	0	False	Cap combined O4 + O7 at +4	0.5				False
CREBBP	1499	L	Q	1	4	3	Not met	0	False	Cap combined O4 + O7 at +4	0.5				False
KEAP1	417	G	W	1	7	4	Not met	0	False	Cap combined O4 + O7 at +4	0.2857				False
KEAP1	417	G	R	1	7	4	Not met	0	False	Cap combined O4 + O7 at +4	0.2857				False
KEAP1	417	G	E	1	7	4	Not met	0	False	Cap combined O4 + O7 at +4	0.2857				False
KMT2D	5432	R	R	1	8	3	Not applicable (nonsense/stop-loss/synonymous)	0	False	Cap combined O4 + O7 at +4	0.625				False
MET	1003	Y	F	1	3	3	Not met	0	False	Cap combined O4 + O7 at +4	0.3333				False
ERBB3	60	M	R	1	4	2	Not met	0	False	Cap combined O4 + O7 at +4	0.0				False
EIF1AX	10	K	T	1	4	2	Not met	0	False	Cap combined O4 + O7 at +4	0.5				False
GNAQ	48	G	V	1	3	3	Not met	0	False	Cap combined O4 + O7 at +4	0.3333				False
ATM	2888	I	L	1	4	2	Not met	0	False	Cap combined O4 + O7 at +4	0.5				False
PTEN	61	H	Y	1	6	3	Not met	0	False	Cap combined O4 + O7 at +4	0.6667				False
CDH1	63	R	P	1	8	3	Not met	0	False	Cap combined O4 + O7 at +4	0.125				False
FBXW7	546	S	P	1	9	3	Not met	0	False	Cap combined O4 + O7 at +4	0.4444				False
FBXW7	546	S	*	1	9	3	Not applicable (nonsense/stop-loss/synonymous)	0	False	Cap combined O4 + O7 at +4	0.4444				False
AKT1	323	D	N	1	5	3	Not met	0	False	Cap combined O4 + O7 at +4	0.4				False
HNF1A	591	S	Y	1	3	2	Not met	0	False	Cap combined O4 + O7 at +4	0.0				False
EP300	1455	Q	R	1	6	3	Not met	0	False	Cap combined O4 + O7 at +4	0.5				False
EP300	1455	Q	Q	1	6	3	Not applicable (nonsense/stop-loss/synonymous)	0	False	Cap combined O4 + O7 at +4	0.5				False
CDH1	63	R	G	1	8	3	Not met	0	False	Cap combined O4 + O7 at +4	0.125				False
CARD11	93	E	K	1	4	3	Not met	0	False	Cap combined O4 + O7 at +4	0.25				False
ERBB3	103	R	G	1	5	3	Not met	0	False	Cap combined O4 + O7 at +4	0.6				False
TP53	254	I	N	1	13	6	Not met	0	True	O4 + O7 may be combined (max +8)	0.5385				False
TP53	254	I	M	1	13	6	Not met	0	True	O4 + O7 may be combined (max +8)	0.5385				False
TP53	254	I	L	1	13	6	Not met	0	True	O4 + O7 may be combined (max +8)	0.5385				False
TP53	254	I	F	1	13	6	Not met	0	True	O4 + O7 may be combined (max +8)	0.5385				False
CARD11	93	E	Q	1	4	3	Not met	0	False	Cap combined O4 + O7 at +4	0.25				False
MET	1003	Y	C	1	3	3	Not met	0	False	Cap combined O4 + O7 at +4	0.3333				False
RPS6KA4	236	S	S	1	6	2	Not applicable (nonsense/stop-loss/synonymous)	0	False	Cap combined O4 + O7 at +4	0.5				False
KEAP1	155	V	A	1	5	2	Not met	0	False	Cap combined O4 + O7 at +4	0.4				False
RAD52	396	R	R	1	2	2	Not applicable (nonsense/stop-loss/synonymous)	0	False	Cap combined O4 + O7 at +4	0.5				False
EIF1AX	8	G	E	1	6	2	Not met	0	False	Cap combined O4 + O7 at +4	0.3333				False
FH	336	M	L	1	2	2	Not met	0	False	Cap combined O4 + O7 at +4	0.0				False
FH	336	M	I	1	2	2	Not met	0	False	Cap combined O4 + O7 at +4	0.0				False
CREBBP	1482	Y	N	1	4	4	Not met	0	False	Cap combined O4 + O7 at +4	0.75				False
CREBBP	1482	Y	H	1	4	4	Not met	0	False	Cap combined O4 + O7 at +4	0.75				False
CREBBP	1482	Y	D	1	4	4	Not met	0	False	Cap combined O4 + O7 at +4	0.75				False
CREBBP	1482	Y	C	1	4	4	Not met	0	False	Cap combined O4 + O7 at +4	0.75				False
CREBBP	1472	W	S	1	6	4	Not met	0	False	Cap combined O4 + O7 at +4	0.3333				False
CREBBP	1472	W	G	1	6	4	Not met	0	False	Cap combined O4 + O7 at +4	0.3333				False
PTEN	320	L	V	1	4	3	Not met	0	False	Cap combined O4 + O7 at +4	0.5				False
PTEN	320	L	S	1	4	3	Not met	0	False	Cap combined O4 + O7 at +4	0.5				False
RPS6KA4	629	R	R	1	7	3	Not applicable (nonsense/stop-loss/synonymous)	0	False	Cap combined O4 + O7 at +4	0.5714				False
SMAD4	95	Y	H	1	4	3	Not met	0	False	Cap combined O4 + O7 at +4	0.75				False
SMAD4	95	Y	*	1	4	3	Not applicable (nonsense/stop-loss/synonymous)	0	False	Cap combined O4 + O7 at +4	0.75				False
SMAD4	353	Y	D	1	4	3	Not met	0	False	Cap combined O4 + O7 at +4	0.75				False
RAD52	396	R	H	1	2	2	Not met	0	False	Cap combined O4 + O7 at +4	0.5				False
HNF1A	114	R	C	1	5	3	Not met	0	False	Cap combined O4 + O7 at +4	0.2				False
STK11	239	W	*	1	5	3	Not applicable (nonsense/stop-loss/synonymous)	0	False	Cap combined O4 + O7 at +4	0.6				False
HNF1A	114	R	L	1	5	3	Not met	0	False	Cap combined O4 + O7 at +4	0.2				False
TBX3	113	W	R	1	4	2	Not met	0	False	Cap combined O4 + O7 at +4	0.5				False
STAT3	384	F	Y	1	4	3	Not met	0	False	Cap combined O4 + O7 at +4	0.25				False
IRF4	428	Y	H	1	2	2	Not met	0	False	Cap combined O4 + O7 at +4	0.5				False
IRF4	428	Y	*	1	2	2	Not applicable (nonsense/stop-loss/synonymous)	0	False	Cap combined O4 + O7 at +4	0.5				False
CDKN1A	1	M	R	1	4	3	Not met	0	False	Cap combined O4 + O7 at +4	0.25				False
CDKN1A	1	M	I	1	4	3	Not met	0	False	Cap combined O4 + O7 at +4	0.25				False
FBXW7	441	R	Q	1	7	4	Not met	0	False	Cap combined O4 + O7 at +4	0.1429				False
FBXW7	441	R	L	1	7	4	Not met	0	False	Cap combined O4 + O7 at +4	0.1429				False
KEAP1	320	R	W	1	8	5	Not met	0	False	Cap combined O4 + O7 at +4	0.5				False
KEAP1	320	R	P	1	8	5	Not met	0	False	Cap combined O4 + O7 at +4	0.5				False
KEAP1	320	R	M	1	8	5	Not met	0	False	Cap combined O4 + O7 at +4	0.5				False
TP53	190	P	S	1	17	4	Not met	0	True	O4 + O7 may be combined (max +8)	0.5882				False
TP53	190	P	R	1	17	4	Not met	0	True	O4 + O7 may be combined (max +8)	0.5882				False
HNF1A	338	G	A	1	4	2	Not met	0	False	Cap combined O4 + O7 at +4	0.25				False
HGF	229	G	D	1	3	2	Not met	0	False	Cap combined O4 + O7 at +4	0.3333				False
SMAD4	353	Y	C	1	4	3	Not met	0	False	Cap combined O4 + O7 at +4	0.75				False
PPP2R1A	182	R	R	1	7	2	Not applicable (nonsense/stop-loss/synonymous)	0	False	Cap combined O4 + O7 at +4	0.7143				False
KNSTRN	22	C	S	1	4	2	Not met	0	False	Cap combined O4 + O7 at +4	0.0				False
CTCF	288	H	Y	1	3	3	Not met	0	False	Cap combined O4 + O7 at +4	0.6667				False
PIK3CA	357	R	G	1	7	4	Not met	0	False	Cap combined O4 + O7 at +4	0.4286				False
PIK3CA	357	R	*	1	7	4	Not applicable (nonsense/stop-loss/synonymous)	0	False	Cap combined O4 + O7 at +4	0.4286				False
TP53	165	Q	H	1	16	2	Not met	0	True	O4 + O7 may be combined (max +8)	0.6875				False
NOTCH1	455	E	E	1	7	2	Not applicable (nonsense/stop-loss/synonymous)	0	False	Cap combined O4 + O7 at +4	0.1429				False
ALK	395	R	R	1	7	2	Not applicable (nonsense/stop-loss/synonymous)	0	False	Cap combined O4 + O7 at +4	0.8571				False
SMARCA4	821	E	D	1	8	2	Not met	0	False	Cap combined O4 + O7 at +4	0.5				False
CDKN1B	72	G	A	1	6	3	Not met	0	False	Cap combined O4 + O7 at +4	0.5				False
NOTCH1	310	G	E	1	7	2	Not met	0	False	Cap combined O4 + O7 at +4	0.4286				False
NOTCH1	440	C	W	1	5	4	Not met	0	False	Cap combined O4 + O7 at +4	0.4				False
NOTCH1	440	C	S	1	5	4	Not met	0	False	Cap combined O4 + O7 at +4	0.4				False
NOTCH1	440	C	R	1	5	4	Not met	0	False	Cap combined O4 + O7 at +4	0.4				False
PTPN11	61	D	N	1	4	2	Not met	0	False	Cap combined O4 + O7 at +4	0.5				False
CARD11	626	E	Q	1	6	3	Not met	0	False	Cap combined O4 + O7 at +4	0.3333				False
CARD11	626	E	*	1	6	3	Not applicable (nonsense/stop-loss/synonymous)	0	False	Cap combined O4 + O7 at +4	0.3333				False
STK11	239	W	S	1	5	3	Not met	0	False	Cap combined O4 + O7 at +4	0.6				False
PIK3CA	357	R	L	1	7	4	Not met	0	False	Cap combined O4 + O7 at +4	0.4286				False
STK11	251	G	R	1	6	3	Not met	0	False	Cap combined O4 + O7 at +4	0.5				False
ARID1B	1179	Q	P	1	5	2	Not met	0	False	Cap combined O4 + O7 at +4	0.2				False
PTEN	277	T	N	1	6	4	Not met	0	False	Cap combined O4 + O7 at +4	0.3333				False
CTCF	288	H	R	1	3	3	Not met	0	False	Cap combined O4 + O7 at +4	0.6667				False
CTCF	288	H	D	1	3	3	Not met	0	False	Cap combined O4 + O7 at +4	0.6667				False
NSD1	1710	C	Y	1	3	3	Not met	0	False	Cap combined O4 + O7 at +4	0.0				False
NSD1	1710	C	S	1	3	3	Not met	0	False	Cap combined O4 + O7 at +4	0.0				False
NSD1	1710	C	*	1	3	3	Not applicable (nonsense/stop-loss/synonymous)	0	False	Cap combined O4 + O7 at +4	0.0				False
FGFR2	276	F	I	1	3	2	Not met	0	False	Cap combined O4 + O7 at +4	0.3333				False
PTEN	277	T	A	1	6	4	Not met	0	False	Cap combined O4 + O7 at +4	0.3333				False
SF3B1	623	Y	H	1	4	3	Not met	0	False	Cap combined O4 + O7 at +4	0.75				False
PTEN	277	T	*	1	6	4	Not applicable (nonsense/stop-loss/synonymous)	0	False	Cap combined O4 + O7 at +4	0.3333				False
PTEN	251	G	D	1	6	3	Not met	0	False	Cap combined O4 + O7 at +4	0.3333				False
PTEN	251	G	A	1	6	3	Not met	0	False	Cap combined O4 + O7 at +4	0.3333				False
PTPN11	461	A	G	1	5	2	Not met	0	False	Cap combined O4 + O7 at +4	0.4				False
BCL10	178	E	D	1	3	2	Not met	0	False	Cap combined O4 + O7 at +4	0.0				False
SF3B1	623	Y	S	1	4	3	Not met	0	False	Cap combined O4 + O7 at +4	0.75				False
TP53	107	Y	Y	1	15	3	Not applicable (nonsense/stop-loss/synonymous)	0	True	O4 + O7 may be combined (max +8)	0.5333				False
CDKN2A	42	N	I	1	5	4	Not met	0	False	Cap combined O4 + O7 at +4	0.4				False
STAT3	384	F	V	1	4	3	Not met	0	False	Cap combined O4 + O7 at +4	0.25				False
PIK3CA	1065	H	L	1	5	2	Not met	0	False	Cap combined O4 + O7 at +4	0.8				False
DIS3	479	D	V	1	5	4	Not met	0	False	Cap combined O4 + O7 at +4	1.0				False
DIS3	479	D	H	1	5	4	Not met	0	False	Cap combined O4 + O7 at +4	1.0				False
DIS3	479	D	G	1	5	4	Not met	0	False	Cap combined O4 + O7 at +4	1.0				False
GNA11	183	R	R	1	7	3	Not applicable (nonsense/stop-loss/synonymous)	0	False	Cap combined O4 + O7 at +4	0.1429				False
GNA11	183	R	H	1	7	3	Not met	0	False	Cap combined O4 + O7 at +4	0.1429				False
TP53	259	D	D	1	31	5	Not applicable (nonsense/stop-loss/synonymous)	0	True	O4 + O7 may be combined (max +8)	0.5161				False
KDR	1037	S	T	1	11	3	Not met	0	True	O4 + O7 may be combined (max +8)	0.3636				False
AXL	273	A	P	1	4	2	Not met	0	False	Cap combined O4 + O7 at +4	0.75				False
PTEN	38	P	F	1	11	3	Not met	0	True	O4 + O7 may be combined (max +8)	0.3636				False
PTEN	24	D	N	1	10	5	Not met	0	False	Cap combined O4 + O7 at +4	0.5				False
NCOA3	80	R	H	1	3	2	Not met	0	False	Cap combined O4 + O7 at +4	1.0				False
ERBB2	660	G	R	1	5	3	Not met	0	False	Cap combined O4 + O7 at +4	0.8				False
ERBB2	660	G	G	1	5	3	Not applicable (nonsense/stop-loss/synonymous)	0	False	Cap combined O4 + O7 at +4	0.8				False
MAP2K4	184	S	W	1	9	3	Not met	0	False	Cap combined O4 + O7 at +4	0.5556				False
MAP2K4	184	S	S	1	9	3	Not applicable (nonsense/stop-loss/synonymous)	0	False	Cap combined O4 + O7 at +4	0.5556				False
KMT2D	2685	R	R	1	8	2	Not applicable (nonsense/stop-loss/synonymous)	0	False	Cap combined O4 + O7 at +4	0.625				False
PIK3R1	560	D	N	1	8	4	Not met	0	False	Cap combined O4 + O7 at +4	0.375				False
EGFR	838	L	P	1	3	2	Not met	0	False	Cap combined O4 + O7 at +4	0.0				False
TP53	251	I	I	1	15	5	Not applicable (nonsense/stop-loss/synonymous)	0	True	O4 + O7 may be combined (max +8)	0.6				False
JAK1	910	L	P	1	3	3	Not met	0	False	Cap combined O4 + O7 at +4	1.0				False
JAK1	910	L	L	1	3	3	Not applicable (nonsense/stop-loss/synonymous)	0	False	Cap combined O4 + O7 at +4	1.0				False
ATM	2890	L	V	1	5	4	Not met	0	False	Cap combined O4 + O7 at +4	0.6				False
ATM	2890	L	R	1	5	4	Not met	0	False	Cap combined O4 + O7 at +4	0.6				False
ATM	2890	L	I	1	5	4	Not met	0	False	Cap combined O4 + O7 at +4	0.6				False
GLI1	380	R	R	1	8	3	Not applicable (nonsense/stop-loss/synonymous)	0	False	Cap combined O4 + O7 at +4	0.5				False
GLI1	380	R	*	1	8	3	Not applicable (nonsense/stop-loss/synonymous)	0	False	Cap combined O4 + O7 at +4	0.5				False
PTEN	16	Y	Y	1	5	3	Not applicable (nonsense/stop-loss/synonymous)	0	False	Cap combined O4 + O7 at +4	0.6				False
PTEN	16	Y	D	1	5	3	Not met	0	False	Cap combined O4 + O7 at +4	0.6				False
DIS3	382	R	G	1	9	2	Not met	0	False	Cap combined O4 + O7 at +4	0.3333				False
DIS3	689	R	G	1	9	2	Not met	0	False	Cap combined O4 + O7 at +4	0.3333				False
CDKN2A	42	N	Y	1	5	4	Not met	0	False	Cap combined O4 + O7 at +4	0.4				False
CDKN2A	42	N	K	1	5	4	Not met	0	False	Cap combined O4 + O7 at +4	0.4				False
PIK3CA	364	G	A	1	6	2	Not met	0	False	Cap combined O4 + O7 at +4	0.6667				False
TP53	251	I	M	1	15	5	Not met	0	True	O4 + O7 may be combined (max +8)	0.6				False
TP53	104	Q	H	1	23	2	Not met	0	True	O4 + O7 may be combined (max +8)	0.3913				False
TP53	111	L	M	1	18	4	Not met	0	True	O4 + O7 may be combined (max +8)	0.2778				False
STK11	221	P	S	1	8	3	Not met	0	False	Cap combined O4 + O7 at +4	0.625				False
STK11	221	P	P	1	8	3	Not applicable (nonsense/stop-loss/synonymous)	0	False	Cap combined O4 + O7 at +4	0.625				False
VHL	114	G	C	1	7	3	Not met	0	False	Cap combined O4 + O7 at +4	0.1429				False
KEAP1	480	G	V	1	9	3	Not met	0	False	Cap combined O4 + O7 at +4	0.5556				False
KEAP1	480	G	G	1	9	3	Not applicable (nonsense/stop-loss/synonymous)	0	False	Cap combined O4 + O7 at +4	0.5556				False
IL7R	241	I	M	1	5	4	Not met	0	False	Cap combined O4 + O7 at +4	0.6				False
IL7R	241	I	L	1	5	4	Not met	0	False	Cap combined O4 + O7 at +4	0.6				False
IL7R	241	I	F	1	5	4	Not met	0	False	Cap combined O4 + O7 at +4	0.6				False
ERCC2	463	P	S	1	6	3	Not met	0	False	Cap combined O4 + O7 at +4	0.3333				False
ERCC2	463	P	Q	1	6	3	Not met	0	False	Cap combined O4 + O7 at +4	0.3333				False
KMT2D	1375	L	I	1	3	2	Not met	0	False	Cap combined O4 + O7 at +4	0.0				False
CREBBP	1450	Y	C	1	5	3	Not met	0	False	Cap combined O4 + O7 at +4	0.6				False
GNAS	160	R	P	1	9	3	Not met	0	False	Cap combined O4 + O7 at +4	0.4444				False
GNAS	160	R	H	1	9	3	Not met	0	False	Cap combined O4 + O7 at +4	0.4444				False
TP53	113	F	P	1	17	6	Not met	0	True	O4 + O7 may be combined (max +8)	0.5882				False
TP53	113	F	L	1	17	6	Not met	0	True	O4 + O7 may be combined (max +8)	0.5882				False
ERBB3	126	N	I	1	4	2	Not met	0	False	Cap combined O4 + O7 at +4	0.5				False
KMT2D	1903	R	R	1	5	2	Not applicable (nonsense/stop-loss/synonymous)	0	False	Cap combined O4 + O7 at +4	0.6				False
PDGFRA	659	N	S	1	6	3	Not met	0	False	Cap combined O4 + O7 at +4	0.6667				False
PDGFRA	659	N	Y	1	6	3	Not met	0	False	Cap combined O4 + O7 at +4	0.6667				False
CTCF	354	S	Y	1	10	2	Not met	0	False	Cap combined O4 + O7 at +4	0.1				False
AKT3	17	E	*	1	10	2	Not applicable (nonsense/stop-loss/synonymous)	0	False	Cap combined O4 + O7 at +4	0.5				False
STK11	165	E	K	1	9	3	Not met	0	False	Cap combined O4 + O7 at +4	0.8889				False
MED12	1223	V	V	1	3	2	Not applicable (nonsense/stop-loss/synonymous)	0	False	Cap combined O4 + O7 at +4	0.0				False
ARID2	314	R	S	1	9	2	Not met	0	False	Cap combined O4 + O7 at +4	0.2222				False
ALK	401	R	Q	1	11	3	Not met	0	True	O4 + O7 may be combined (max +8)	0.2727				False
ALK	401	R	L	1	11	3	Not met	0	True	O4 + O7 may be combined (max +8)	0.2727				False
GATA3	364	R	G	1	5	3	Not met	0	False	Cap combined O4 + O7 at +4	0.8				False
ERCC2	609	D	G	1	3	2	Not met	0	False	Cap combined O4 + O7 at +4	0.3333				False
KEAP1	272	R	L	1	8	4	Not met	0	False	Cap combined O4 + O7 at +4	0.625				False
PTEN	178	Y	H	1	5	3	Not met	0	False	Cap combined O4 + O7 at +4	0.6				False
PTEN	178	Y	C	1	5	3	Not met	0	False	Cap combined O4 + O7 at +4	0.6				False
SMAD4	536	L	R	1	4	3	Not met	0	False	Cap combined O4 + O7 at +4	0.5				False
SMAD4	536	L	Q	1	4	3	Not met	0	False	Cap combined O4 + O7 at +4	0.5				False
CDH1	335	R	Q	1	7	2	Not met	0	False	Cap combined O4 + O7 at +4	0.4286				False
JAK1	910	L	S	1	3	3	Not met	0	False	Cap combined O4 + O7 at +4	1.0				False
EIF1AX	2	P	P	1	7	3	Not applicable (nonsense/stop-loss/synonymous)	0	False	Cap combined O4 + O7 at +4	0.7143				False
PTEN	140	L	F	1	4	2	Not met	0	False	Cap combined O4 + O7 at +4	0.25				False
IGF1R	129	G	R	1	3	3	Not met	0	False	Cap combined O4 + O7 at +4	0.0				False
IGF1R	129	G	A	1	3	3	Not met	0	False	Cap combined O4 + O7 at +4	0.0				False
PRDM14	204	F	V	1	6	2	Not met	0	False	Cap combined O4 + O7 at +4	0.0				False
CARD11	357	D	N	1	4	2	Not met	0	False	Cap combined O4 + O7 at +4	0.5				False
KDM6A	526	G	V	1	4	4	Not met	0	False	Cap combined O4 + O7 at +4	0.75				False
KDM6A	526	G	G	1	4	4	Not applicable (nonsense/stop-loss/synonymous)	0	False	Cap combined O4 + O7 at +4	0.75				False
KDM6A	526	G	E	1	4	4	Not met	0	False	Cap combined O4 + O7 at +4	0.75				False
KDM6A	526	G	*	1	4	4	Not applicable (nonsense/stop-loss/synonymous)	0	False	Cap combined O4 + O7 at +4	0.75				False
CTNNB1	292	K	T	1	4	2	Not met	0	False	Cap combined O4 + O7 at +4	0.5				False
ERBB3	219	F	C	1	5	2	Not met	0	False	Cap combined O4 + O7 at +4	0.6				False
CREBBP	1502	W	R	1	6	4	Not met	0	False	Cap combined O4 + O7 at +4	0.6667				False
CREBBP	1502	W	L	1	6	4	Not met	0	False	Cap combined O4 + O7 at +4	0.6667				False
CREBBP	1502	W	*	1	6	4	Not applicable (nonsense/stop-loss/synonymous)	0	False	Cap combined O4 + O7 at +4	0.6667				False
FOXO1	24	T	M	1	3	2	Not met	0	False	Cap combined O4 + O7 at +4	0.6667				False
EGFR	833	L	M	1	5	3	Not met	0	False	Cap combined O4 + O7 at +4	0.6				False
HIST1H3B	106	E	E	1	14	3	Not applicable (nonsense/stop-loss/synonymous)	0	True	O4 + O7 may be combined (max +8)	0.7143				False
IGF1R	129	G	G	1	3	3	Not applicable (nonsense/stop-loss/synonymous)	0	False	Cap combined O4 + O7 at +4	0.0				False
ERBB4	1002	K	R	1	6	2	Not met	0	False	Cap combined O4 + O7 at +4	0.0				False
CASP8	491	R	Q	1	10	2	Not met	0	False	Cap combined O4 + O7 at +4	0.4				False
ERBB4	1223	K	M	1	6	3	Not met	0	False	Cap combined O4 + O7 at +4	0.3333				False
RHOA	22	L	P	1	5	3	Not met	0	False	Cap combined O4 + O7 at +4	0.2				False
RHOA	22	L	L	1	5	3	Not applicable (nonsense/stop-loss/synonymous)	0	False	Cap combined O4 + O7 at +4	0.2				False
GATA3	366	R	Q	1	5	2	Not met	0	False	Cap combined O4 + O7 at +4	1.0				False
RBM10	153	R	G	1	8	2	Not met	0	False	Cap combined O4 + O7 at +4	0.625				False
BCL2	33	G	G	1	6	2	Not applicable (nonsense/stop-loss/synonymous)	0	False	Cap combined O4 + O7 at +4	0.3333				False
KEAP1	333	G	F	1	7	3	Not met	0	False	Cap combined O4 + O7 at +4	0.5714				False
PIK3R1	452	Y	N	1	4	3	Not met	0	False	Cap combined O4 + O7 at +4	0.0				False
PIK3R1	452	Y	H	1	4	3	Not met	0	False	Cap combined O4 + O7 at +4	0.0				False
RIT1	82	F	C	1	4	2	Not met	0	False	Cap combined O4 + O7 at +4	0.75				False
TP53	208	D	E	1	12	4	Not met	0	True	O4 + O7 may be combined (max +8)	0.6667				False
FBXW7	437	G	G	1	6	4	Not applicable (nonsense/stop-loss/synonymous)	0	False	Cap combined O4 + O7 at +4	0.3333				False
FBXW7	437	G	E	1	6	4	Not met	0	False	Cap combined O4 + O7 at +4	0.3333				False
FBXW7	437	G	*	1	6	4	Not applicable (nonsense/stop-loss/synonymous)	0	False	Cap combined O4 + O7 at +4	0.3333				False
RARA	286	F	I	1	4	3	Not met	0	False	Cap combined O4 + O7 at +4	0.0				False
RARA	286	F	C	1	4	3	Not met	0	False	Cap combined O4 + O7 at +4	0.0				False
TNFRSF14	1	M	T	1	4	3	Not met	0	False	Cap combined O4 + O7 at +4	0.5				False
TNFRSF14	1	M	K	1	4	3	Not met	0	False	Cap combined O4 + O7 at +4	0.5				False
PTEN	71	C	F	1	7	3	Not met	0	False	Cap combined O4 + O7 at +4	0.4286				False
PTEN	71	C	*	1	7	3	Not applicable (nonsense/stop-loss/synonymous)	0	False	Cap combined O4 + O7 at +4	0.4286				False
EGFR	754	K	I	1	3	3	Not met	0	False	Cap combined O4 + O7 at +4	0.3333				False
EGFR	754	K	E	1	3	3	Not met	0	False	Cap combined O4 + O7 at +4	0.3333				False
FOXL2	118	E	Q	1	7	2	Not met	0	False	Cap combined O4 + O7 at +4	0.2857				False
FBXW7	287	E	K	1	7	4	Not met	0	False	Cap combined O4 + O7 at +4	0.4286				False
PTEN	177	Y	F	1	5	4	Not met	0	False	Cap combined O4 + O7 at +4	0.4				False
PTEN	177	Y	D	1	5	4	Not met	0	False	Cap combined O4 + O7 at +4	0.4				False
PTEN	177	Y	C	1	5	4	Not met	0	False	Cap combined O4 + O7 at +4	0.4				False
PTEN	346	Y	H	1	6	4	Not met	0	False	Cap combined O4 + O7 at +4	0.5				False
PTEN	346	Y	C	1	6	4	Not met	0	False	Cap combined O4 + O7 at +4	0.5				False
ERBB2	277	D	V	1	8	4	Not met	0	False	Cap combined O4 + O7 at +4	0.625				False
ERBB2	277	D	G	1	8	4	Not met	0	False	Cap combined O4 + O7 at +4	0.625				False
BCL6	618	R	H	1	7	2	Not met	0	False	Cap combined O4 + O7 at +4	0.4286				False
MAP2K4	134	R	Q	1	11	3	Not met	0	True	O4 + O7 may be combined (max +8)	0.2727				False
MAP2K4	134	R	L	1	11	3	Not met	0	True	O4 + O7 may be combined (max +8)	0.2727				False
VHL	115	H	Q	1	7	3	Not met	0	False	Cap combined O4 + O7 at +4	0.2857				False
EGFR	754	K	K	1	3	3	Not applicable (nonsense/stop-loss/synonymous)	0	False	Cap combined O4 + O7 at +4	0.3333				False
PTPN11	308	N	S	1	3	2	Not met	0	False	Cap combined O4 + O7 at +4	0.3333				False
PTPN11	285	F	V	1	4	2	Not met	0	False	Cap combined O4 + O7 at +4	0.5				False
SMAD4	493	D	A	1	7	4	Not met	0	False	Cap combined O4 + O7 at +4	0.4286				False
PTEN	111	W	S	1	9	4	Not met	0	False	Cap combined O4 + O7 at +4	0.6667				False
PTEN	111	W	R	1	9	4	Not met	0	False	Cap combined O4 + O7 at +4	0.6667				False
PTEN	111	W	G	1	9	4	Not met	0	False	Cap combined O4 + O7 at +4	0.6667				False
MTOR	1971	A	S	1	6	3	Not met	0	False	Cap combined O4 + O7 at +4	0.5				False
MTOR	1971	A	P	1	6	3	Not met	0	False	Cap combined O4 + O7 at +4	0.5				False
SMAD4	493	D	H	1	7	4	Not met	0	False	Cap combined O4 + O7 at +4	0.4286				False
CIC	238	W	R	1	3	2	Not met	0	False	Cap combined O4 + O7 at +4	0.3333				False
PIK3CA	90	C	G	1	4	4	Not met	0	False	Cap combined O4 + O7 at +4	0.0				False
SDHA	644	V	L	1	7	2	Not met	0	False	Cap combined O4 + O7 at +4	0.0				False
SF3B1	894	D	Y	1	6	4	Not met	0	False	Cap combined O4 + O7 at +4	0.1667				False
SF3B1	894	D	A	1	6	4	Not met	0	False	Cap combined O4 + O7 at +4	0.1667				False
PIK3CA	90	C	Y	1	4	4	Not met	0	False	Cap combined O4 + O7 at +4	0.0				False
PIK3CA	90	C	S	1	4	4	Not met	0	False	Cap combined O4 + O7 at +4	0.0				False
PIK3CA	90	C	R	1	4	4	Not met	0	False	Cap combined O4 + O7 at +4	0.0				False
KDR	482	C	*	1	3	2	Not applicable (nonsense/stop-loss/synonymous)	0	False	Cap combined O4 + O7 at +4	0.0				False
PIK3CA	449	P	A	1	10	4	Not met	0	False	Cap combined O4 + O7 at +4					False
TP53	197	V	G	1	17	5	Not met	0	True	O4 + O7 may be combined (max +8)	0.4706				False
PTEN	326	D	V	1	12	4	Not met	0	True	O4 + O7 may be combined (max +8)					False
PTEN	15	R	G	1	18	6	Not met	0	True	O4 + O7 may be combined (max +8)					False
PTEN	125	K	*	1	10	4	Not applicable (nonsense/stop-loss/synonymous)	0	False	Cap combined O4 + O7 at +4					False
PTEN	128	K	T	1	14	4	Not met	0	True	O4 + O7 may be combined (max +8)					False
PTEN	276	N	S	1	11	5	Not met	0	True	O4 + O7 may be combined (max +8)					False
PTEN	276	N	H	1	11	5	Not met	0	True	O4 + O7 may be combined (max +8)					False
PTEN	276	N	D	1	11	5	Not met	0	True	O4 + O7 may be combined (max +8)					False
PTEN	48	N	S	1	11	4	Not met	0	True	O4 + O7 may be combined (max +8)					False
PTEN	48	N	I	1	11	4	Not met	0	True	O4 + O7 may be combined (max +8)					False
PTEN	36	G	V	1	23	4	Not met	0	True	O4 + O7 may be combined (max +8)					False
PPP2R1A	219	S	A	1	13	2	Not met	0	True	O4 + O7 may be combined (max +8)					False
PPP2R1A	257	W	*	1	22	4	Not applicable (nonsense/stop-loss/synonymous)	0	True	O4 + O7 may be combined (max +8)					False
PIK3R2	561	N	Y	1	7	3	Not met	0	False	Cap combined O4 + O7 at +4					False
PIK3R2	561	N	T	1	7	3	Not met	0	False	Cap combined O4 + O7 at +4					False
PIK3CA	1066	A	T	1	6	2	Not met	0	False	Cap combined O4 + O7 at +4					False
PIK3CA	75	Q	P	1	13	4	Not met	0	True	O4 + O7 may be combined (max +8)					False
PTEN	123	H	Q	1	14	5	Not met	0	True	O4 + O7 may be combined (max +8)					False
PTEN	326	D	Y	1	12	4	Not met	0	True	O4 + O7 may be combined (max +8)					False
PTPRT	1220	R	W	1	14	3	Not met	0	True	O4 + O7 may be combined (max +8)					False
PTEN	138	Y	S	1	7	2	Not met	0	False	Cap combined O4 + O7 at +4					False
PTPN11	502	S	A	1	15	3	Not met	0	True	O4 + O7 may be combined (max +8)					False
PTEN	108	L	P	1	8	4	Not met	0	False	Cap combined O4 + O7 at +4					False
PTEN	108	L	H	1	8	4	Not met	0	False	Cap combined O4 + O7 at +4					False
PTEN	119	V	L	1	7	4	Not met	0	False	Cap combined O4 + O7 at +4					False
PTEN	119	V	G	1	7	4	Not met	0	False	Cap combined O4 + O7 at +4					False
PTEN	119	V	A	1	7	4	Not met	0	False	Cap combined O4 + O7 at +4					False
PTEN	252	D	N	1	10	4	Not met	0	False	Cap combined O4 + O7 at +4					False
PTEN	107	D	V	1	15	6	Not met	0	True	O4 + O7 may be combined (max +8)					False
PTEN	107	D	N	1	15	6	Not met	0	True	O4 + O7 may be combined (max +8)					False
PTEN	107	D	G	1	15	6	Not met	0	True	O4 + O7 may be combined (max +8)					False
PTEN	23	L	S	1	7	3	Not met	0	False	Cap combined O4 + O7 at +4					False
PTEN	96	P	R	1	10	6	Not met	0	False	Cap combined O4 + O7 at +4					False
PTEN	96	P	L	1	10	6	Not met	0	False	Cap combined O4 + O7 at +4					False
PTEN	96	P	A	1	10	6	Not met	0	False	Cap combined O4 + O7 at +4					False
PTEN	204	P	S	1	10	3	Not met	0	False	Cap combined O4 + O7 at +4					False
PIK3CA	75	Q	L	1	13	4	Not met	0	True	O4 + O7 may be combined (max +8)					False
PIK3CA	75	Q	H	1	13	4	Not met	0	True	O4 + O7 may be combined (max +8)					False
PIK3CA	914	G	E	1	9	2	Not met	0	False	Cap combined O4 + O7 at +4					False
PIK3CA	449	P	L	1	10	4	Not met	0	False	Cap combined O4 + O7 at +4					False
KEAP1	488	E	D	1	10	4	Not met	0	False	Cap combined O4 + O7 at +4					False
KEAP1	364	G	D	1	8	2	Not met	0	False	Cap combined O4 + O7 at +4					False
KEAP1	509	G	E	1	11	5	Not met	0	True	O4 + O7 may be combined (max +8)					False
KEAP1	509	G	A	1	11	5	Not met	0	True	O4 + O7 may be combined (max +8)					False
KEAP1	236	D	Y	1	13	5	Not met	0	True	O4 + O7 may be combined (max +8)					False
KEAP1	236	D	H	1	13	5	Not met	0	True	O4 + O7 may be combined (max +8)					False
KEAP1	311	H	Q	1	10	5	Not met	0	False	Cap combined O4 + O7 at +4					False
KEAP1	311	H	P	1	10	5	Not met	0	False	Cap combined O4 + O7 at +4					False
KEAP1	311	H	L	1	10	5	Not met	0	False	Cap combined O4 + O7 at +4					False
KEAP1	186	G	V	1	14	4	Not met	0	True	O4 + O7 may be combined (max +8)					False
KEAP1	186	G	D	1	14	4	Not met	0	True	O4 + O7 may be combined (max +8)					False
KEAP1	278	P	Q	1	14	4	Not met	0	True	O4 + O7 may be combined (max +8)					False
KEAP1	422	D	H	1	15	3	Not met	0	True	O4 + O7 may be combined (max +8)					False
KEAP1	332	G	V	1	14	5	Not met	0	True	O4 + O7 may be combined (max +8)					False
KEAP1	332	G	R	1	14	5	Not met	0	True	O4 + O7 may be combined (max +8)					False
KEAP1	71	R	W	1	9	3	Not met	0	False	Cap combined O4 + O7 at +4					False
KRAS	14	V	A	1	18	2	Not met	0	True	O4 + O7 may be combined (max +8)					False
MAP2K1	67	D	Y	1	16	2	Not met	0	True	O4 + O7 may be combined (max +8)					False
NOTCH1	394	G	C	1	7	4	Not met	0	False	Cap combined O4 + O7 at +4					False
FOXA1	242	S	Y	1	5	3	Not met	0	False	Cap combined O4 + O7 at +4	1.0				False
PIK3CA	112	I	T	1	9	2	Not met	0	False	Cap combined O4 + O7 at +4					False
PIK3CA	725	D	E	1	12	3	Not met	0	True	O4 + O7 may be combined (max +8)					False
PIK3CA	418	E	D	1	25	2	Not met	0	True	O4 + O7 may be combined (max +8)					False
PDGFRB	666	N	H	1	7	2	Not met	0	False	Cap combined O4 + O7 at +4					False
NOTCH1	394	G	S	1	7	4	Not met	0	False	Cap combined O4 + O7 at +4					False
MYC	59	A	T	1	14	2	Not met	0	True	O4 + O7 may be combined (max +8)					False
MED12	23	D	N	1	18	2	Not met	0	True	O4 + O7 may be combined (max +8)					False
MTOR	2419	E	G	1	9	4	Not met	0	False	Cap combined O4 + O7 at +4					False
MTOR	2419	E	A	1	9	4	Not met	0	False	Cap combined O4 + O7 at +4					False
MTOR	1973	I	V	1	7	3	Not met	0	False	Cap combined O4 + O7 at +4					False
MTOR	1973	I	M	1	7	3	Not met	0	False	Cap combined O4 + O7 at +4					False
MET	1228	D	Y	1	10	4	Not met	0	False	Cap combined O4 + O7 at +4					False
MET	1228	D	A	1	10	4	Not met	0	False	Cap combined O4 + O7 at +4					False
PTPRT	721	R	S	1	17	3	Not met	0	True	O4 + O7 may be combined (max +8)					False
RAF1	261	P	H	1	10	4	Not met	0	False	Cap combined O4 + O7 at +4					False
SMAD4	510	G	A	1	6	4	Not met	0	False	Cap combined O4 + O7 at +4	0.6667				False
TP53	211	T	N	1	19	4	Not met	0	True	O4 + O7 may be combined (max +8)					False
TP53	279	G	R	1	28	3	Not met	0	True	O4 + O7 may be combined (max +8)					False
TP53	253	T	S	1	25	5	Not met	0	True	O4 + O7 may be combined (max +8)					False
TP53	283	R	L	1	38	5	Not met	0	True	O4 + O7 may be combined (max +8)					False
TP53	283	R	G	1	38	5	Not met	0	True	O4 + O7 may be combined (max +8)					False
TP53	276	A	S	1	33	6	Not met	0	True	O4 + O7 may be combined (max +8)					False
TP53	156	R	S	1	37	6	Not met	0	True	O4 + O7 may be combined (max +8)					False
TP53	156	R	L	1	37	6	Not met	0	True	O4 + O7 may be combined (max +8)					False
TP53	156	R	C	1	37	6	Not met	0	True	O4 + O7 may be combined (max +8)					False
TGFBR2	549	D	Y	1	13	3	Not met	0	True	O4 + O7 may be combined (max +8)					False
TCF7L2	469	C	W	1	7	2	Not met	0	False	Cap combined O4 + O7 at +4					False
TCF7L2	420	R	L	1	14	2	Not met	0	True	O4 + O7 may be combined (max +8)					False
TCF7L2	459	W	L	1	6	4	Not met	0	False	Cap combined O4 + O7 at +4					False
TCF7L2	459	W	C	1	6	4	Not met	0	False	Cap combined O4 + O7 at +4					False
TCF7L2	459	W	*	1	6	4	Not applicable (nonsense/stop-loss/synonymous)	0	False	Cap combined O4 + O7 at +4					False
TCF7L2	448	R	L	1	22	3	Not met	0	True	O4 + O7 may be combined (max +8)					False
TP53	279	G	V	1	28	3	Not met	0	True	O4 + O7 may be combined (max +8)					False
TP53	211	T	P	1	19	4	Not met	0	True	O4 + O7 may be combined (max +8)					False
RAF1	261	P	S	1	10	4	Not met	0	False	Cap combined O4 + O7 at +4					False
TP53	177	P	T	1	25	5	Not met	0	True	O4 + O7 may be combined (max +8)					False
TP53	347	A	V	1	8	4	Not met	0	False	Cap combined O4 + O7 at +4					False
TP53	344	L	Q	1	7	4	Not met	0	False	Cap combined O4 + O7 at +4					False
TP53	344	L	M	1	7	4	Not met	0	False	Cap combined O4 + O7 at +4					False
TP53	341	F	V	1	8	5	Not met	0	False	Cap combined O4 + O7 at +4					False
TP53	341	F	S	1	8	5	Not met	0	False	Cap combined O4 + O7 at +4					False
TP53	341	F	L	1	8	5	Not met	0	False	Cap combined O4 + O7 at +4					False
TP53	330	L	I	1	11	4	Not met	0	True	O4 + O7 may be combined (max +8)					False
TP53	290	R	L	1	16	3	Not met	0	True	O4 + O7 may be combined (max +8)					False
TP53	147	V	I	1	12	3	Not met	0	True	O4 + O7 may be combined (max +8)					False
TP53	139	K	T	1	21	5	Not met	0	True	O4 + O7 may be combined (max +8)					False
TP53	139	K	Q	1	21	5	Not met	0	True	O4 + O7 may be combined (max +8)					False
TP53	106	S	I	1	16	2	Not met	0	True	O4 + O7 may be combined (max +8)					False
TP53	334	G	A	1	20	3	Not met	0	True	O4 + O7 may be combined (max +8)					False
TP53	174	R	S	1	16	4	Not met	0	True	O4 + O7 may be combined (max +8)					False
TP53	174	R	K	1	16	4	Not met	0	True	O4 + O7 may be combined (max +8)					False
STK11	297	R	T	1	9	4	Not met	0	False	Cap combined O4 + O7 at +4					False
STK11	304	R	P	1	12	2	Not met	0	True	O4 + O7 may be combined (max +8)					False
STK11	237	D	N	1	15	3	Not met	0	True	O4 + O7 may be combined (max +8)					False
SPOP	104	F	S	1	8	4	Not met	0	False	Cap combined O4 + O7 at +4					False
SMAD3	423	S	G	1	9	5	Not met	0	False	Cap combined O4 + O7 at +4					False
SMAD2	312	C	W	1	6	4	Not met	0	False	Cap combined O4 + O7 at +4					False
SMAD2	312	C	S	1	6	4	Not met	0	False	Cap combined O4 + O7 at +4					False
SMAD2	312	C	R	1	6	4	Not met	0	False	Cap combined O4 + O7 at +4					False
SMAD2	465	S	R	1	7	2	Not met	0	False	Cap combined O4 + O7 at +4					False
SMAD2	450	D	H	1	8	4	Not met	0	False	Cap combined O4 + O7 at +4					False
SETD2	1592	R	L	1	9	4	Not met	0	False	Cap combined O4 + O7 at +4					False
SETD2	1592	R	G	1	9	4	Not met	0	False	Cap combined O4 + O7 at +4					False
RUNX1	204	R	P	1	18	3	Not met	0	True	O4 + O7 may be combined (max +8)					False
RRAS2	24	G	R	1	19	4	Not met	0	True	O4 + O7 may be combined (max +8)					False
RRAS2	24	G	C	1	19	4	Not met	0	True	O4 + O7 may be combined (max +8)					False
RRAS2	23	G	A	1	35	5	Not met	0	True	O4 + O7 may be combined (max +8)					False
RET	634	C	W	1	3	2	Not met	0	False	Cap combined O4 + O7 at +4					False
RB1	444	Q	R	1	9	4	Not met	0	False	Cap combined O4 + O7 at +4					False
RB1	444	Q	*	1	9	4	Not applicable (nonsense/stop-loss/synonymous)	0	False	Cap combined O4 + O7 at +4					False
SMAD3	423	S	I	1	9	5	Not met	0	False	Cap combined O4 + O7 at +4					False
SMAD3	423	S	T	1	9	5	Not met	0	False	Cap combined O4 + O7 at +4					False
SMAD4	383	I	M	1	11	4	Not met	0	True	O4 + O7 may be combined (max +8)					False
SMARCA4	780	E	*	1	10	2	Not applicable (nonsense/stop-loss/synonymous)	0	False	Cap combined O4 + O7 at +4					False
SPOP	47	E	Q	1	15	4	Not met	0	True	O4 + O7 may be combined (max +8)					False
SPOP	47	E	*	1	15	4	Not applicable (nonsense/stop-loss/synonymous)	0	True	O4 + O7 may be combined (max +8)					False
SPOP	50	E	D	1	17	2	Not met	0	True	O4 + O7 may be combined (max +8)					False
SOS1	269	M	R	1	12	5	Not met	0	True	O4 + O7 may be combined (max +8)					False
SOS1	269	M	I	1	12	5	Not met	0	True	O4 + O7 may be combined (max +8)					False
SMARCA4	1102	F	S	1	9	2	Not met	0	False	Cap combined O4 + O7 at +4					False
SMAD4	508	G	S	1	9	3	Not met	0	False	Cap combined O4 + O7 at +4					False
SMAD4	365	G	R	1	11	4	Not met	0	True	O4 + O7 may be combined (max +8)					False
SMAD4	115	C	G	1	6	3	Not met	0	False	Cap combined O4 + O7 at +4					False
SMAD4	533	L	V	1	9	5	Not met	0	False	Cap combined O4 + O7 at +4					False
SMAD4	533	L	R	1	9	5	Not met	0	False	Cap combined O4 + O7 at +4					False
SMAD4	533	L	F	1	9	5	Not met	0	False	Cap combined O4 + O7 at +4					False
SMAD4	406	A	E	1	18	3	Not met	0	True	O4 + O7 may be combined (max +8)					False
SMAD4	365	G	S	1	11	4	Not met	0	True	O4 + O7 may be combined (max +8)					False
KEAP1	274	H	Q	1	9	4	Not met	0	False	Cap combined O4 + O7 at +4					False
KEAP1	274	H	P	1	9	4	Not met	0	False	Cap combined O4 + O7 at +4					False
KEAP1	413	R	S	1	16	4	Not met	0	True	O4 + O7 may be combined (max +8)					False
PDGFRA	235	C	S	1	4	3	Not met	0	False	Cap combined O4 + O7 at +4	0.25				False
KDM6A	1003	Q	P	1	3	2	Not met	0	False	Cap combined O4 + O7 at +4	0.6667				False
CBL	384	C	W	1	4	2	Not met	0	False	Cap combined O4 + O7 at +4	0.5				False
PTPRS	1492	R	R	1	8	3	Not applicable (nonsense/stop-loss/synonymous)	0	False	Cap combined O4 + O7 at +4	0.5				False
PGR	836	R	*	1	9	2	Not applicable (nonsense/stop-loss/synonymous)	0	False	Cap combined O4 + O7 at +4	0.3333				False
BRD4	1065	P	R	1	4	2	Not met	0	False	Cap combined O4 + O7 at +4	0.25				False
ERBB2	293	A	V	1	6	3	Not met	0	False	Cap combined O4 + O7 at +4	0.8333				False
ERBB2	293	A	P	1	6	3	Not met	0	False	Cap combined O4 + O7 at +4	0.8333				False
CCND1	47	C	G	1	4	2	Not met	0	False	Cap combined O4 + O7 at +4	0.25				False
ERBB4	774	S	R	1	4	3	Not met	0	False	Cap combined O4 + O7 at +4	0.0				False
ERBB4	774	S	N	1	4	3	Not met	0	False	Cap combined O4 + O7 at +4	0.0				False
TGFBR1	259	I	N	1	3	2	Not met	0	False	Cap combined O4 + O7 at +4	0.0				False
PTEN	174	Y	H	1	4	3	Not met	0	False	Cap combined O4 + O7 at +4	0.75				False
PTEN	174	Y	D	1	4	3	Not met	0	False	Cap combined O4 + O7 at +4	0.75				False
BCL2	172	N	Q	1	6	3	Not met	0	False	Cap combined O4 + O7 at +4	0.3333				False
SMAD2	182	R	R	1	8	2	Not applicable (nonsense/stop-loss/synonymous)	0	False	Cap combined O4 + O7 at +4	0.625				False
PDGFRA	235	C	R	1	4	3	Not met	0	False	Cap combined O4 + O7 at +4	0.25				False
SMAD2	463	C	F	1	4	2	Not met	0	False	Cap combined O4 + O7 at +4	0.75				False
KEAP1	362	R	W	1	20	3	Not met	0	True	O4 + O7 may be combined (max +8)					False
CARD11	423	R	R	1	6	3	Not applicable (nonsense/stop-loss/synonymous)	0	False	Cap combined O4 + O7 at +4	0.5				False
EIF4A2	1	M	I	1	4	4	Not met	0	False	Cap combined O4 + O7 at +4	0.25				False
CCND1	9	E	K	1	5	3	Not met	0	False	Cap combined O4 + O7 at +4	0.6				False
CCND1	9	E	D	1	5	3	Not met	0	False	Cap combined O4 + O7 at +4	0.6				False
RAC1	135	K	R	1	2	2	Not met	0	False	Cap combined O4 + O7 at +4	0.0				False
RAC1	135	K	N	1	2	2	Not met	0	False	Cap combined O4 + O7 at +4	0.0				False
SDHAF2	10	S	A	1	5	3	Not met	0	False	Cap combined O4 + O7 at +4	0.6				False
SDHAF2	10	S	*	1	5	3	Not applicable (nonsense/stop-loss/synonymous)	0	False	Cap combined O4 + O7 at +4	0.6				False
TNFRSF14	111	C	Y	1	3	2	Not met	0	False	Cap combined O4 + O7 at +4	0.6667				False
RHOA	69	L	M	1	5	3	Not met	0	False	Cap combined O4 + O7 at +4	0.4				False
IKZF1	304	E	Q	1	8	2	Not met	0	False	Cap combined O4 + O7 at +4	0.625				False
KIT	888	R	R	1	7	3	Not applicable (nonsense/stop-loss/synonymous)	0	False	Cap combined O4 + O7 at +4	0.5714				False
TRAF7	189	R	W	1	4	4	Not met	0	False	Cap combined O4 + O7 at +4	1.0				False
TRAF7	189	R	R	1	4	4	Not applicable (nonsense/stop-loss/synonymous)	0	False	Cap combined O4 + O7 at +4	1.0				False
TRAF7	189	R	P	1	4	4	Not met	0	False	Cap combined O4 + O7 at +4	1.0				False
TRAF7	189	R	L	1	4	4	Not met	0	False	Cap combined O4 + O7 at +4	1.0				False
ATM	2832	R	S	1	7	2	Not met	0	False	Cap combined O4 + O7 at +4	0.2857				False
ERBB4	1102	F	F	1	5	2	Not applicable (nonsense/stop-loss/synonymous)	0	False	Cap combined O4 + O7 at +4	0.4				False
PIK3CD	894	R	Q	1	5	2	Not met	0	False	Cap combined O4 + O7 at +4	0.2				False
PPP4R2	418	*	Y	1	2	2	Not applicable (nonsense/stop-loss/synonymous)	0	False	Cap combined O4 + O7 at +4	0.0				False
MAP2K4	110	R	L	1	8	4	Not met	0	False	Cap combined O4 + O7 at +4	0.25				False
EZH2	665	K	R	1	2	2	Not met	0	False	Cap combined O4 + O7 at +4	0.0				False
EZH2	665	K	E	1	2	2	Not met	0	False	Cap combined O4 + O7 at +4	0.0				False
BCL2L11	156	G	*	1	6	3	Not applicable (nonsense/stop-loss/synonymous)	0	False	Cap combined O4 + O7 at +4	0.3333				False
RAD51C	21	P	T	1	4	3	Not met	0	False	Cap combined O4 + O7 at +4	0.5				False
RAD51C	21	P	A	1	4	3	Not met	0	False	Cap combined O4 + O7 at +4	0.5				False
HIST1H3H	37	K	E	1	4	2	Not met	0	False	Cap combined O4 + O7 at +4	0.25				False
EPHA7	656	G	W	1	11	4	Not met	0	True	O4 + O7 may be combined (max +8)	0.2727				False
EPHA7	656	G	R	1	11	4	Not met	0	True	O4 + O7 may be combined (max +8)	0.2727				False
NF1	1870	R	W	1	8	2	Not met	0	False	Cap combined O4 + O7 at +4	0.25				False
TP53	133	M	T	1	10	4	Not met	0	False	Cap combined O4 + O7 at +4	0.6				False
TP53	133	M	I	1	10	4	Not met	0	False	Cap combined O4 + O7 at +4	0.6				False
STK11	308	W	*	1	6	3	Not applicable (nonsense/stop-loss/synonymous)	0	False	Cap combined O4 + O7 at +4	1.0				False
PLK2	208	L	V	1	3	2	Not met	0	False	Cap combined O4 + O7 at +4	0.0				False
SMAD4	510	G	E	1	6	4	Not met	0	False	Cap combined O4 + O7 at +4	0.6667				False
MAP2K4	110	R	P	1	8	4	Not met	0	False	Cap combined O4 + O7 at +4	0.25				False
TP53	178	H	H	1	12	5	Not applicable (nonsense/stop-loss/synonymous)	0	True	O4 + O7 may be combined (max +8)	0.5833				False
TP53	178	H	N	1	12	5	Not met	0	True	O4 + O7 may be combined (max +8)	0.5833				False
KMT2C	4549	R	H	1	9	3	Not met	0	False	Cap combined O4 + O7 at +4	0.6667				False
PPP4R2	418	*	L	1	2	2	Not applicable (nonsense/stop-loss/synonymous)	0	False	Cap combined O4 + O7 at +4	0.0				False
PTEN	67	I	V	1	4	3	Not met	0	False	Cap combined O4 + O7 at +4	0.5				False
PTEN	67	I	K	1	4	3	Not met	0	False	Cap combined O4 + O7 at +4	0.5				False
RIT1	77	A	S	1	5	3	Not met	0	False	Cap combined O4 + O7 at +4	0.6				False
RIT1	77	A	P	1	5	3	Not met	0	False	Cap combined O4 + O7 at +4	0.6				False
KMT2C	4549	R	S	1	9	3	Not met	0	False	Cap combined O4 + O7 at +4	0.6667				False
CIC	203	P	L	1	4	3	Not met	0	False	Cap combined O4 + O7 at +4	0.25				False
SPRED1	349	R	S	1	2	2	Not met	0	False	Cap combined O4 + O7 at +4	0.0				False
CIC	203	P	A	1	4	3	Not met	0	False	Cap combined O4 + O7 at +4	0.25				False
TP53	218	V	V	1	9	5	Not applicable (nonsense/stop-loss/synonymous)	0	False	Cap combined O4 + O7 at +4	0.4444				False
TP53	218	V	M	1	9	5	Not met	0	False	Cap combined O4 + O7 at +4	0.4444				False
TP53	218	V	L	1	9	5	Not met	0	False	Cap combined O4 + O7 at +4	0.4444				False
TP53	218	V	E	1	9	5	Not met	0	False	Cap combined O4 + O7 at +4	0.4444				False
SPRED1	349	R	W	1	2	2	Not met	0	False	Cap combined O4 + O7 at +4	0.0				False
EIF4A2	1	M	K	1	4	4	Not met	0	False	Cap combined O4 + O7 at +4	0.25				False
EIF4A2	1	M	R	1	4	4	Not met	0	False	Cap combined O4 + O7 at +4	0.25				False
EIF4A2	1	M	V	1	4	4	Not met	0	False	Cap combined O4 + O7 at +4	0.25				False
CDH1	257	D	A	1	9	5	Not met	0	False	Cap combined O4 + O7 at +4					False
EGFR	755	A	D	1	5	2	Not met	0	False	Cap combined O4 + O7 at +4					False
EGFR	776	R	L	1	13	4	Not met	0	True	O4 + O7 may be combined (max +8)					False
EGFR	776	R	G	1	13	4	Not met	0	True	O4 + O7 may be combined (max +8)					False
DNMT3A	736	R	L	1	16	3	Not met	0	True	O4 + O7 may be combined (max +8)					False
DICER1	1809	G	V	1	12	3	Not met	0	True	O4 + O7 may be combined (max +8)					False
DICER1	1705	E	V	1	17	4	Not met	0	True	O4 + O7 may be combined (max +8)					False
DICER1	1705	E	A	1	17	4	Not met	0	True	O4 + O7 may be combined (max +8)					False
CDKN2A	112	R	S	1	22	5	Not met	0	True	O4 + O7 may be combined (max +8)					False
CDKN2A	112	R	G	1	22	5	Not met	0	True	O4 + O7 may be combined (max +8)					False
CDKN2A	81	P	T	1	24	5	Not met	0	True	O4 + O7 may be combined (max +8)					False
CDKN2A	81	P	S	1	24	5	Not met	0	True	O4 + O7 may be combined (max +8)					False
CDK12	882	R	L	1	14	4	Not met	0	True	O4 + O7 may be combined (max +8)					False
CDK12	882	R	G	1	14	4	Not met	0	True	O4 + O7 may be combined (max +8)					False
CDH1	156	W	G	1	6	3	Not met	0	False	Cap combined O4 + O7 at +4					False
CDH1	156	W	C	1	6	3	Not met	0	False	Cap combined O4 + O7 at +4					False
ERBB3	262	P	A	1	10	5	Not met	0	False	Cap combined O4 + O7 at +4					False
ERBB3	262	P	L	1	10	5	Not met	0	False	Cap combined O4 + O7 at +4					False
ERBB3	262	P	R	1	10	5	Not met	0	False	Cap combined O4 + O7 at +4					False
FGFR2	290	W	L	1	3	3	Not met	0	False	Cap combined O4 + O7 at +4					False
KEAP1	362	R	P	1	20	3	Not met	0	True	O4 + O7 may be combined (max +8)					False
FOXA1	249	D	Y	1	7	5	Not met	0	False	Cap combined O4 + O7 at +4					False
FOXA1	249	D	N	1	7	5	Not met	0	False	Cap combined O4 + O7 at +4					False
FOXA1	249	D	G	1	7	5	Not met	0	False	Cap combined O4 + O7 at +4					False
FOXA1	249	D	A	1	7	5	Not met	0	False	Cap combined O4 + O7 at +4					False
FGFR2	290	W	R	1	3	3	Not met	0	False	Cap combined O4 + O7 at +4					False
FGFR2	290	W	C	1	3	3	Not met	0	False	Cap combined O4 + O7 at +4					False
ERBB3	389	T	R	1	6	3	Not met	0	False	Cap combined O4 + O7 at +4					False
FGFR2	659	K	Q	1	21	4	Not met	0	True	O4 + O7 may be combined (max +8)					False
FGFR2	659	K	M	1	21	4	Not met	0	True	O4 + O7 may be combined (max +8)					False
FBXW7	600	D	E	1	7	3	Not met	0	False	Cap combined O4 + O7 at +4					False
FBXW7	503	A	T	1	8	2	Not met	0	False	Cap combined O4 + O7 at +4					False
ESR1	463	S	F	1	8	2	Not met	0	False	Cap combined O4 + O7 at +4					False
ERCC2	74	S	P	1	6	2	Not met	0	False	Cap combined O4 + O7 at +4					False
CDH1	257	D	V	1	9	5	Not met	0	False	Cap combined O4 + O7 at +4					False
CBFB	67	Q	K	1	7	3	Not met	0	False	Cap combined O4 + O7 at +4					False
CREBBP	1431	I	I	1	4	4	Not applicable (nonsense/stop-loss/synonymous)	0	False	Cap combined O4 + O7 at +4	0.5				False
CBFB	67	Q	*	1	7	3	Not applicable (nonsense/stop-loss/synonymous)	0	False	Cap combined O4 + O7 at +4					False
SMAD2	305	P	T	1	4	3	Not met	0	False	Cap combined O4 + O7 at +4	0.5				False
SMAD2	305	P	Q	1	4	3	Not met	0	False	Cap combined O4 + O7 at +4	0.5				False
PTEN	274	W	S	1	7	2	Not met	0	False	Cap combined O4 + O7 at +4	0.4286				False
SMAD2	303	T	I	1	3	2	Not met	0	False	Cap combined O4 + O7 at +4	0.6667				False
SOS1	90	A	V	1	5	3	Not met	0	False	Cap combined O4 + O7 at +4	0.0				False
SOS1	90	A	T	1	5	3	Not met	0	False	Cap combined O4 + O7 at +4	0.0				False
VHL	112	Y	Y	1	5	4	Not applicable (nonsense/stop-loss/synonymous)	0	False	Cap combined O4 + O7 at +4	0.4				False
VHL	112	Y	D	1	5	4	Not met	0	False	Cap combined O4 + O7 at +4	0.4				False
VHL	112	Y	C	1	5	4	Not met	0	False	Cap combined O4 + O7 at +4	0.4				False
VHL	117	W	C	1	6	3	Not met	0	False	Cap combined O4 + O7 at +4	0.5				False
ARID1B	1652	T	T	1	5	3	Not applicable (nonsense/stop-loss/synonymous)	0	False	Cap combined O4 + O7 at +4	0.6				False
ARID1B	1652	T	A	1	5	3	Not met	0	False	Cap combined O4 + O7 at +4	0.6				False
CREBBP	1431	I	V	1	4	4	Not met	0	False	Cap combined O4 + O7 at +4	0.5				False
CREBBP	1431	I	S	1	4	4	Not met	0	False	Cap combined O4 + O7 at +4	0.5				False
CREBBP	1431	I	N	1	4	4	Not met	0	False	Cap combined O4 + O7 at +4	0.5				False
SF3B1	701	V	A	1	4	3	Not met	0	False	Cap combined O4 + O7 at +4	0.25				False
SF3B1	701	V	I	1	4	3	Not met	0	False	Cap combined O4 + O7 at +4	0.25				False
RAC1	18	C	F	1	4	3	Not met	0	False	Cap combined O4 + O7 at +4	0.5				False
ATM	2019	Y	H	1	9	2	Not met	0	False	Cap combined O4 + O7 at +4					False
BRAF	464	G	A	1	15	4	Not met	0	True	O4 + O7 may be combined (max +8)					False
BRAF	595	F	I	1	11	2	Not met	0	True	O4 + O7 may be combined (max +8)					False
BAP1	91	C	R	1	7	3	Not met	0	False	Cap combined O4 + O7 at +4					False
BAP1	170	F	S	1	11	4	Not met	0	True	O4 + O7 may be combined (max +8)					False
BAP1	170	F	L	1	11	4	Not met	0	True	O4 + O7 may be combined (max +8)					False
ATM	2039	E	G	1	13	3	Not met	0	True	O4 + O7 may be combined (max +8)					False
AKT1	40	E	A	1	9	2	Not met	0	False	Cap combined O4 + O7 at +4					False
RAC1	18	C	S	1	4	3	Not met	0	False	Cap combined O4 + O7 at +4	0.5				False
FBXW7	385	T	P	1	4	3	Not met	0	False	Cap combined O4 + O7 at +4	0.0				False
FBXW7	385	T	I	1	4	3	Not met	0	False	Cap combined O4 + O7 at +4	0.0				False
STK11	196	G	R	1	6	3	Not met	0	False	Cap combined O4 + O7 at +4	0.8333				False
STK11	196	G	G	1	6	3	Not applicable (nonsense/stop-loss/synonymous)	0	False	Cap combined O4 + O7 at +4	0.8333				False
CTCF	1	M	T	1	4	3	Not met	0	False	Cap combined O4 + O7 at +4	0.0				False
CTCF	1	M	I	1	4	3	Not met	0	False	Cap combined O4 + O7 at +4	0.0				False
TP53	113	F	F	1	17	6	Not applicable (nonsense/stop-loss/synonymous)	0	True	O4 + O7 may be combined (max +8)	0.5882				False
RHOA	34	Y	F	1	6	2	Not met	0	False	Cap combined O4 + O7 at +4	0.3333				False
FOXA1	242	S	F	1	5	3	Not met	0	False	Cap combined O4 + O7 at +4	1.0				False
RHEB	35	Y	*	1	12	5	Not applicable (nonsense/stop-loss/synonymous)	0	True	O4 + O7 may be combined (max +8)	0.25				False
MTOR	2215	S	T	1	22	3	Not met	0	True	O4 + O7 may be combined (max +8)	0.3182				False
CDKN2A	84	D	D	1	26	6	Not applicable (nonsense/stop-loss/synonymous)	0	True	O4 + O7 may be combined (max +8)	0.5385				False
CDKN2A	84	D	A	1	26	6	Not met	0	True	O4 + O7 may be combined (max +8)	0.5385				False
CDKN2A	108	D	V	1	29	5	Not met	0	True	O4 + O7 may be combined (max +8)	0.5172				False
CDKN2A	108	D	G	1	29	5	Not met	0	True	O4 + O7 may be combined (max +8)	0.5172				False
ERBB3	329	K	R	1	12	3	Not met	0	True	O4 + O7 may be combined (max +8)	0.6667				False
SMAD4	351	D	A	1	20	6	Not met	0	True	O4 + O7 may be combined (max +8)	0.6				False
CDKN2A	114	P	S	1	31	6	Not met	0	True	O4 + O7 may be combined (max +8)	0.4839				False
CDKN2A	114	P	H	1	31	6	Not met	0	True	O4 + O7 may be combined (max +8)	0.4839				False
CDKN2A	114	P	F	1	31	6	Not met	0	True	O4 + O7 may be combined (max +8)	0.4839				False
FGFR2	382	C	Y	1	15	2	Not met	0	True	O4 + O7 may be combined (max +8)	0.6				False
PIK3CA	81	E	*	1	25	2	Not applicable (nonsense/stop-loss/synonymous)	0	True	O4 + O7 may be combined (max +8)	0.48				False
MAX	60	R	W	1	23	3	Not met	0	True	O4 + O7 may be combined (max +8)	0.5652				False
MAX	60	R	R	1	23	3	Not applicable (nonsense/stop-loss/synonymous)	0	True	O4 + O7 may be combined (max +8)	0.5652				False
SPOP	102	F	I	1	24	5	Not met	0	True	O4 + O7 may be combined (max +8)	0.4583				False
TGFBR2	553	R	G	1	23	4	Not met	0	True	O4 + O7 may be combined (max +8)	0.5217				False
MTOR	1977	T	S	1	14	4	Not met	0	True	O4 + O7 may be combined (max +8)	0.6429				False
MTOR	2500	I	N	1	10	3	Not met	0	False	Cap combined O4 + O7 at +4	0.4				False
H3F3A	35	G	W	1	12	3	Not met	0	True	O4 + O7 may be combined (max +8)	0.5				False
SPOP	131	W	R	1	23	5	Not met	0	True	O4 + O7 may be combined (max +8)	0.3913				False
ERBB3	232	A	T	1	15	2	Not met	0	True	O4 + O7 may be combined (max +8)	0.6667				False
FOXA1	266	F	V	1	11	6	Not met	0	True	O4 + O7 may be combined (max +8)	0.5455				False
FOXA1	266	F	S	1	11	6	Not met	0	True	O4 + O7 may be combined (max +8)	0.5455				False
FOXA1	266	F	I	1	11	6	Not met	0	True	O4 + O7 may be combined (max +8)	0.5455				False
FOXA1	266	F	F	1	11	6	Not applicable (nonsense/stop-loss/synonymous)	0	True	O4 + O7 may be combined (max +8)	0.5455				False
CTNNB1	387	N	Y	1	11	3	Not met	0	True	O4 + O7 may be combined (max +8)	0.4545				False
CTNNB1	387	N	I	1	11	3	Not met	0	True	O4 + O7 may be combined (max +8)	0.4545				False
GATA3	293	M	R	1	9	2	Not met	0	False	Cap combined O4 + O7 at +4	0.5556				False
TP53	258	E	V	1	47	8	Not met	0	True	O4 + O7 may be combined (max +8)	0.5957				False
TP53	258	E	E	1	47	8	Not applicable (nonsense/stop-loss/synonymous)	0	True	O4 + O7 may be combined (max +8)	0.5957				False
CREBBP	1503	Y	S	1	9	5	Not met	0	False	Cap combined O4 + O7 at +4	0.4444				False
CREBBP	1503	Y	D	1	9	5	Not met	0	False	Cap combined O4 + O7 at +4	0.4444				False
CREBBP	1503	Y	C	1	9	5	Not met	0	False	Cap combined O4 + O7 at +4	0.4444				False
PTEN	173	R	P	1	32	3	Not met	0	True	O4 + O7 may be combined (max +8)	0.6562				False
ARID1A	1989	R	Q	1	29	2	Not met	0	True	O4 + O7 may be combined (max +8)	0.3103				False
PIK3CA	38	R	S	1	22	5	Not met	0	True	O4 + O7 may be combined (max +8)	0.3182				False
PIK3CA	38	R	L	1	22	5	Not met	0	True	O4 + O7 may be combined (max +8)	0.3182				False
PIK3CA	38	R	G	1	22	5	Not met	0	True	O4 + O7 may be combined (max +8)	0.3182				False
NUP93	15	Q	K	1	16	2	Not met	0	True	O4 + O7 may be combined (max +8)	0.5625				False
EP300	1399	D	E	1	23	3	Not met	0	True	O4 + O7 may be combined (max +8)	0.2174				False
TP53	281	D	P	1	69	9	Not met	0	True	O4 + O7 may be combined (max +8)	0.5217				False
TP53	281	D	A	1	69	9	Not met	0	True	O4 + O7 may be combined (max +8)	0.5217				False
TP53	141	C	S	1	47	7	Not met	0	True	O4 + O7 may be combined (max +8)	0.4043				False
TP53	141	C	F	1	47	7	Not met	0	True	O4 + O7 may be combined (max +8)	0.4043				False
ERBB3	297	D	V	1	22	5	Not met	0	True	O4 + O7 may be combined (max +8)	0.4545				False
ERBB3	297	D	N	1	22	5	Not met	0	True	O4 + O7 may be combined (max +8)	0.4545				False
ERBB3	297	D	H	1	22	5	Not met	0	True	O4 + O7 may be combined (max +8)	0.4545				False
ERBB3	297	D	A	1	22	5	Not met	0	True	O4 + O7 may be combined (max +8)	0.4545				False
MAP2K1	53	F	I	1	17	4	Not met	0	True	O4 + O7 may be combined (max +8)	0.2353				False
TCEB1	79	Y	S	1	10	5	Not met	0	False	Cap combined O4 + O7 at +4	0.2				False
TCEB1	79	Y	N	1	10	5	Not met	0	False	Cap combined O4 + O7 at +4	0.2				False
TCEB1	79	Y	F	1	10	5	Not met	0	False	Cap combined O4 + O7 at +4	0.2				False
TCEB1	79	Y	*	1	10	5	Not applicable (nonsense/stop-loss/synonymous)	0	False	Cap combined O4 + O7 at +4	0.2				False
SMAD4	386	G	A	1	22	6	Not met	0	True	O4 + O7 may be combined (max +8)	0.3636				False
SMAD4	386	G	C	1	22	6	Not met	0	True	O4 + O7 may be combined (max +8)	0.3636				False
TP53	337	R	G	1	68	6	Not met	0	True	O4 + O7 may be combined (max +8)	0.4265				False
ESR1	536	L	Q	1	14	5	Not met	0	True	O4 + O7 may be combined (max +8)	1.0				False
KIT	642	K	Q	1	14	3	Not met	0	True	O4 + O7 may be combined (max +8)	0.4286				False
KIT	642	K	N	1	14	3	Not met	0	True	O4 + O7 may be combined (max +8)	0.4286				False
TP53	255	I	I	1	32	5	Not applicable (nonsense/stop-loss/synonymous)	0	True	O4 + O7 may be combined (max +8)	0.5625				False
TP53	159	A	D	1	52	4	Not met	0	True	O4 + O7 may be combined (max +8)	0.3462				False
TP53	159	A	A	1	52	4	Not applicable (nonsense/stop-loss/synonymous)	0	True	O4 + O7 may be combined (max +8)	0.3462				False
SF3B1	902	E	G	1	17	3	Not met	0	True	O4 + O7 may be combined (max +8)	0.4706				False
PIK3CA	1049	G	A	1	17	2	Not met	0	True	O4 + O7 may be combined (max +8)	0.6471				False
EGFR	768	S	T	1	15	2	Not met	0	True	O4 + O7 may be combined (max +8)	0.6667				False
NFE2L2	80	T	I	1	15	5	Not met	0	True	O4 + O7 may be combined (max +8)	0.2667				False
PDGFRA	842	D	I	1	12	4	Not met	0	True	O4 + O7 may be combined (max +8)	0.9167				False
PDGFRA	842	D	H	1	12	4	Not met	0	True	O4 + O7 may be combined (max +8)	0.9167				False
PDGFRA	842	D	D	1	12	4	Not applicable (nonsense/stop-loss/synonymous)	0	True	O4 + O7 may be combined (max +8)	0.9167				False
MYCN	44	P	F	1	20	2	Not met	0	True	O4 + O7 may be combined (max +8)	0.5				False
PTPN11	72	A	S	1	18	5	Not met	0	True	O4 + O7 may be combined (max +8)	0.5556				False
SPOP	87	Y	D	1	14	4	Not met	0	True	O4 + O7 may be combined (max +8)	0.3571				False
SMARCB1	377	R	L	1	17	3	Not met	0	True	O4 + O7 may be combined (max +8)	0.7647				False
SETD2	1625	R	L	1	13	4	Not met	0	True	O4 + O7 may be combined (max +8)	0.4615				False
FOXA1	247	H	L	1	10	4	Not met	0	False	Cap combined O4 + O7 at +4	0.6				False
MYOD1	122	L	L	1	7	3	Not applicable (nonsense/stop-loss/synonymous)	0	False	Cap combined O4 + O7 at +4	0.7143				False
APC	1367	Q	E	1	29	2	Not met	0	True	O4 + O7 may be combined (max +8)	0.5862				False
TP53	277	C	W	1	28	5	Not met	0	True	O4 + O7 may be combined (max +8)	0.6071				False
TP53	277	C	G	1	28	5	Not met	0	True	O4 + O7 may be combined (max +8)	0.6071				False
TP53	136	Q	L	1	31	5	Not met	0	True	O4 + O7 may be combined (max +8)	0.3871				False
TP53	136	Q	H	1	31	5	Not met	0	True	O4 + O7 may be combined (max +8)	0.3871				False
EGFR	709	E	Q	1	16	3	Not met	0	True	O4 + O7 may be combined (max +8)	0.75				False
TP53	127	S	T	1	48	6	Not met	0	True	O4 + O7 may be combined (max +8)	0.5				False
TP53	127	S	S	1	48	6	Not applicable (nonsense/stop-loss/synonymous)	0	True	O4 + O7 may be combined (max +8)	0.5				False
TP53	127	S	C	1	48	6	Not met	0	True	O4 + O7 may be combined (max +8)	0.5				False
NFE2L2	30	L	R	1	12	4	Not met	0	True	O4 + O7 may be combined (max +8)	0.25				False
VHL	89	L	L	1	15	3	Not applicable (nonsense/stop-loss/synonymous)	0	True	O4 + O7 may be combined (max +8)	0.3333				False
CCND1	286	T	A	1	9	2	Not met	0	False	Cap combined O4 + O7 at +4	0.6667				False
EGFR	747	L	S	1	8	4	Not met	0	False	Cap combined O4 + O7 at +4	1.0				False
EGFR	747	L	F	1	8	4	Not met	0	False	Cap combined O4 + O7 at +4	1.0				False
MYOD1	122	L	M	1	7	3	Not met	0	False	Cap combined O4 + O7 at +4	0.7143				False
CTNNB1	36	H	Y	1	8	2	Not met	0	False	Cap combined O4 + O7 at +4	0.25				False
PIK3CB	1067	D	A	1	13	4	Not met	0	True	O4 + O7 may be combined (max +8)	0.4615				False
NFE2L2	24	W	S	1	11	3	Not met	0	True	O4 + O7 may be combined (max +8)	0.3636				False
PIK3CA	1007	G	D	1	10	2	Not met	0	False	Cap combined O4 + O7 at +4	0.4				False
CDKN2A	88	E	E	1	27	3	Not applicable (nonsense/stop-loss/synonymous)	0	True	O4 + O7 may be combined (max +8)	0.4815				False
DIS3	488	D	Y	1	11	5	Not met	0	True	O4 + O7 may be combined (max +8)	0.1818				False
DIS3	488	D	H	1	11	5	Not met	0	True	O4 + O7 may be combined (max +8)	0.1818				False
DIS3	488	D	G	1	11	5	Not met	0	True	O4 + O7 may be combined (max +8)	0.1818				False
DIS3	488	D	A	1	11	5	Not met	0	True	O4 + O7 may be combined (max +8)	0.1818				False
KRAS	59	A	E	1	12	4	Not met	0	True	O4 + O7 may be combined (max +8)	0.5				False
NFE2L2	26	Q	R	1	9	5	Not met	0	False	Cap combined O4 + O7 at +4	0.2222				False
NFE2L2	26	Q	L	1	9	5	Not met	0	False	Cap combined O4 + O7 at +4	0.2222				False
NFE2L2	26	Q	H	1	9	5	Not met	0	False	Cap combined O4 + O7 at +4	0.2222				False
KIT	820	D	G	1	11	5	Not met	0	True	O4 + O7 may be combined (max +8)	1.0				False
KIT	820	D	A	1	11	5	Not met	0	True	O4 + O7 may be combined (max +8)	1.0				False
ARID1A	2158	R	R	1	15	3	Not applicable (nonsense/stop-loss/synonymous)	0	True	O4 + O7 may be combined (max +8)	0.4				False
TP53	298	E	Q	1	37	2	Not met	0	True	O4 + O7 may be combined (max +8)	0.4865				False
HRAS	117	K	R	1	9	2	Not met	0	False	Cap combined O4 + O7 at +4	0.2222				False
PTPN11	76	E	Q	1	13	4	Not met	0	True	O4 + O7 may be combined (max +8)	0.4615				False
DICER1	1813	E	K	1	11	4	Not met	0	True	O4 + O7 may be combined (max +8)	0.4545				False
DICER1	1813	E	A	1	11	4	Not met	0	True	O4 + O7 may be combined (max +8)	0.4545				False
CIC	1512	R	S	1	11	4	Not met	0	True	O4 + O7 may be combined (max +8)	0.1818				False
FGFR1	687	K	K	1	11	4	Not applicable (nonsense/stop-loss/synonymous)	0	True	O4 + O7 may be combined (max +8)	0.3636				False
FGFR1	687	K	*	1	11	4	Not applicable (nonsense/stop-loss/synonymous)	0	True	O4 + O7 may be combined (max +8)	0.3636				False
STK11	223	E	V	1	15	3	Not met	0	True	O4 + O7 may be combined (max +8)	0.8				False
STK11	223	E	K	1	15	3	Not met	0	True	O4 + O7 may be combined (max +8)	0.8				False
HIST1H1C	180	A	P	1	22	2	Not met	0	True	O4 + O7 may be combined (max +8)	0.3636				False
FGFR3	650	K	T	1	10	4	Not met	0	False	Cap combined O4 + O7 at +4	0.3				False
FGFR3	650	K	N	1	10	4	Not met	0	False	Cap combined O4 + O7 at +4	0.3				False
FGFR3	650	K	M	1	10	4	Not met	0	False	Cap combined O4 + O7 at +4	0.3				False
EGFR	222	R	H	1	16	2	Not met	0	True	O4 + O7 may be combined (max +8)	0.5625				False
KIT	557	W	C	1	12	4	Not met	0	True	O4 + O7 may be combined (max +8)	0.6667				False
TP53	134	F	S	1	24	5	Not met	0	True	O4 + O7 may be combined (max +8)	0.625				False
VHL	65	S	W	1	17	5	Not met	0	True	O4 + O7 may be combined (max +8)	0.2941				False
VHL	65	S	T	1	17	5	Not met	0	True	O4 + O7 may be combined (max +8)	0.2941				False
SF3B1	666	K	Q	1	13	5	Not met	0	True	O4 + O7 may be combined (max +8)	0.3077				False
PIK3CB	1067	D	H	1	13	4	Not met	0	True	O4 + O7 may be combined (max +8)	0.4615				False
FGFR1	687	K	N	1	11	4	Not met	0	True	O4 + O7 may be combined (max +8)	0.3636				False
TP53	110	R	H	1	43	4	Not met	0	True	O4 + O7 may be combined (max +8)	0.4884				False
APC	1429	Q	R	1	23	2	Not met	0	True	O4 + O7 may be combined (max +8)	0.6957				False
STK11	194	D	G	1	14	5	Not met	0	True	O4 + O7 may be combined (max +8)	0.6429				False
CCND1	287	P	T	1	12	5	Not met	0	True	O4 + O7 may be combined (max +8)	0.4167				False
CCND1	287	P	R	1	12	5	Not met	0	True	O4 + O7 may be combined (max +8)	0.4167				False
CCND1	287	P	A	1	12	5	Not met	0	True	O4 + O7 may be combined (max +8)	0.4167				False
AR	742	W	L	1	7	2	Not met	0	False	Cap combined O4 + O7 at +4	0.7143				False
FBXW7	658	R	R	1	20	3	Not applicable (nonsense/stop-loss/synonymous)	0	True	O4 + O7 may be combined (max +8)	0.3				False
STK11	194	D	H	1	14	5	Not met	0	True	O4 + O7 may be combined (max +8)	0.6429				False
SMAD4	356	P	H	1	16	4	Not met	0	True	O4 + O7 may be combined (max +8)	0.5				False
PTEN	136	C	*	1	14	4	Not applicable (nonsense/stop-loss/synonymous)	0	True	O4 + O7 may be combined (max +8)	0.2857				False
SMARCA4	1192	R	P	1	17	3	Not met	0	True	O4 + O7 may be combined (max +8)	0.2941				False
CCND1	44	Y	S	1	8	6	Not met	0	False	Cap combined O4 + O7 at +4	0.125				False
CCND1	44	Y	H	1	8	6	Not met	0	False	Cap combined O4 + O7 at +4	0.125				False
CCND1	44	Y	F	1	8	6	Not met	0	False	Cap combined O4 + O7 at +4	0.125				False
CCND1	44	Y	C	1	8	6	Not met	0	False	Cap combined O4 + O7 at +4	0.125				False
CCND1	44	Y	*	1	8	6	Not applicable (nonsense/stop-loss/synonymous)	0	False	Cap combined O4 + O7 at +4	0.125				False
NFE2L2	81	G	A	1	19	6	Not met	0	True	O4 + O7 may be combined (max +8)	0.3158				False
NFE2L2	31	G	V	1	21	4	Not met	0	True	O4 + O7 may be combined (max +8)	0.5238				False
KRAS	117	K	R	1	18	2	Not met	0	True	O4 + O7 may be combined (max +8)	0.5				False
BRAF	601	K	T	1	38	3	Not met	0	True	O4 + O7 may be combined (max +8)	0.5				False
TP53	249	R	I	1	102	7	Not met	0	True	O4 + O7 may be combined (max +8)	0.4608				False
TP53	266	G	T	1	117	6	Not met	0	True	O4 + O7 may be combined (max +8)	0.5128				False
TP53	266	G	K	1	117	6	Not met	0	True	O4 + O7 may be combined (max +8)	0.5128				False
TP53	195	I	K	1	79	7	Not met	0	True	O4 + O7 may be combined (max +8)	0.3291				False
TP53	195	I	I	1	79	7	Not applicable (nonsense/stop-loss/synonymous)	0	True	O4 + O7 may be combined (max +8)	0.3291				False
CTNNB1	34	G	L	1	53	6	Not met	0	True	O4 + O7 may be combined (max +8)	0.3962				False
CTNNB1	34	G	A	1	53	6	Not met	0	True	O4 + O7 may be combined (max +8)	0.3962				False
CTNNB1	34	G	*	1	53	6	Not applicable (nonsense/stop-loss/synonymous)	0	True	O4 + O7 may be combined (max +8)	0.3962				False
HRAS	13	G	N	1	50	7	Not met	0	True	O4 + O7 may be combined (max +8)	0.3				False
HRAS	13	G	I	1	50	7	Not met	0	True	O4 + O7 may be combined (max +8)	0.3				False
BRAF	469	G	G	1	61	7	Not applicable (nonsense/stop-loss/synonymous)	0	True	O4 + O7 may be combined (max +8)	0.6066				False
BRAF	469	G	*	1	61	7	Not applicable (nonsense/stop-loss/synonymous)	0	True	O4 + O7 may be combined (max +8)	0.6066				False
H3F3A	28	K	R	1	33	2	Not met	0	True	O4 + O7 may be combined (max +8)	0.1212				False
TP53	196	R	Q	1	141	4	Not met	0	True	O4 + O7 may be combined (max +8)	0.4397				False
TP53	196	R	L	1	141	4	Not met	0	True	O4 + O7 may be combined (max +8)	0.4397				False
SF3B1	625	R	G	1	59	4	Not met	0	True	O4 + O7 may be combined (max +8)	0.5932				False
BRAF	594	D	E	1	51	6	Not met	0	True	O4 + O7 may be combined (max +8)	0.6863				False
RAF1	257	S	W	1	25	2	Not met	0	True	O4 + O7 may be combined (max +8)	0.48				False
BRAF	594	D	H	1	51	6	Not met	0	True	O4 + O7 may be combined (max +8)	0.6863				False
CDKN2A	58	R	R	1	62	2	Not applicable (nonsense/stop-loss/synonymous)	0	True	O4 + O7 may be combined (max +8)	0.5323				False
TP53	151	P	L	1	79	7	Not met	0	True	O4 + O7 may be combined (max +8)	0.4684				False
TP53	151	P	F	1	79	7	Not met	0	True	O4 + O7 may be combined (max +8)	0.4684				False
TP53	205	Y	*	1	61	7	Not applicable (nonsense/stop-loss/synonymous)	0	True	O4 + O7 may be combined (max +8)	0.3607				False
NRAS	13	G	V	1	41	6	Not met	0	True	O4 + O7 may be combined (max +8)	0.4146	NM_002524.5	p.G13V	Oncogenic	True
NRAS	13	G	F	1	41	6	Not met	0	True	O4 + O7 may be combined (max +8)	0.4146				False
PPP2R1A	183	R	G	1	51	3	Not met	0	True	O4 + O7 may be combined (max +8)	0.6078				False
TP53	238	C	W	1	77	6	Not met	0	True	O4 + O7 may be combined (max +8)	0.4545				False
TP53	173	V	E	1	78	5	Not met	0	True	O4 + O7 may be combined (max +8)	0.4487				False
FBXW7	479	R	R	1	57	6	Not applicable (nonsense/stop-loss/synonymous)	0	True	O4 + O7 may be combined (max +8)	0.5088				False
RAC1	29	P	F	1	53	4	Not met	0	True	O4 + O7 may be combined (max +8)	0.3774				False
PPP2R1A	179	P	L	1	30	2	Not met	0	True	O4 + O7 may be combined (max +8)	0.5333				False
DNMT3A	882	R	P	1	39	3	Not met	0	True	O4 + O7 may be combined (max +8)	0.2051				False
EZH2	646	Y	Y	1	38	6	Not applicable (nonsense/stop-loss/synonymous)	0	True	O4 + O7 may be combined (max +8)	0.3684				False
EZH2	646	Y	C	1	38	6	Not met	0	True	O4 + O7 may be combined (max +8)	0.3684	NM_004456.5	p.Y646C	Oncogenic	True
ERBB2	755	L	W	1	44	6	Not met	0	True	O4 + O7 may be combined (max +8)	0.6364				False
TP53	176	C	C	1	115	8	Not applicable (nonsense/stop-loss/synonymous)	0	True	O4 + O7 may be combined (max +8)	0.4				False
ESR1	537	Y	D	1	47	4	Not met	0	True	O4 + O7 may be combined (max +8)	0.9149				False
EGFR	289	A	N	1	59	5	Not met	0	True	O4 + O7 may be combined (max +8)	0.4576				False
FBXW7	465	R	L	1	128	6	Not met	0	True	O4 + O7 may be combined (max +8)	0.4609				False
FBXW7	465	R	G	1	128	6	Not met	0	True	O4 + O7 may be combined (max +8)	0.4609				False
TP53	245	G	N	1	242	7	Not met	0	True	O4 + O7 may be combined (max +8)	0.5041				False
PTEN	130	R	S	1	168	7	Not met	0	True	O4 + O7 may be combined (max +8)	0.4048				False
PIK3CA	345	N	N	1	98	7	Not applicable (nonsense/stop-loss/synonymous)	0	True	O4 + O7 may be combined (max +8)	0.5204				False
PIK3CA	345	N	D	1	98	7	Not met	0	True	O4 + O7 may be combined (max +8)	0.5204				False
AKT1	17	E	*	1	149	2	Not applicable (nonsense/stop-loss/synonymous)	0	True	O4 + O7 may be combined (max +8)	0.6376				False
KRAS	12	G	L	1	2175	10	Not met	0	True	O4 + O7 may be combined (max +8)	0.5793				False
KRAS	12	G	I	1	2175	10	Not met	0	True	O4 + O7 may be combined (max +8)	0.5793				False
KRAS	12	G	G	1	2175	10	Not applicable (nonsense/stop-loss/synonymous)	0	True	O4 + O7 may be combined (max +8)	0.5793				False
KRAS	13	G	A	1	264	7	Not met	0	True	O4 + O7 may be combined (max +8)	0.6098				False
KRAS	61	Q	E	1	190	7	Not met	0	True	O4 + O7 may be combined (max +8)	0.5053				False
KRAS	61	Q	A	1	190	7	Not met	0	True	O4 + O7 may be combined (max +8)	0.5053				False
IDH1	132	R	I	1	766	6	Not met	0	True	O4 + O7 may be combined (max +8)	0.3225				False
NRAS	61	Q	*	1	422	6	Not applicable (nonsense/stop-loss/synonymous)	0	True	O4 + O7 may be combined (max +8)	0.391				False
FBXW7	465	R	P	1	128	6	Not met	0	True	O4 + O7 may be combined (max +8)	0.4609				False
PIK3CA	546	Q	L	1	93	6	Not met	0	True	O4 + O7 may be combined (max +8)	0.4301				False
ERBB2	310	S	S	1	113	3	Not applicable (nonsense/stop-loss/synonymous)	0	True	O4 + O7 may be combined (max +8)	0.531				False
SF3B1	700	K	K	1	59	3	Not applicable (nonsense/stop-loss/synonymous)	0	True	O4 + O7 may be combined (max +8)	0.339				False
EGFR	289	A	I	1	59	5	Not met	0	True	O4 + O7 may be combined (max +8)	0.4576				False
IDH2	172	R	T	1	63	7	Not met	0	True	O4 + O7 may be combined (max +8)	0.4921				False
IDH2	172	R	R	1	63	7	Not applicable (nonsense/stop-loss/synonymous)	0	True	O4 + O7 may be combined (max +8)	0.4921				False
FBXW7	505	R	S	1	83	6	Not met	0	True	O4 + O7 may be combined (max +8)	0.3855				False
TP53	193	H	Q	1	123	7	Not met	0	True	O4 + O7 may be combined (max +8)	0.4146				False
SF3B1	700	K	R	1	59	3	Not met	0	True	O4 + O7 may be combined (max +8)	0.339				False
EGFR	790	T	T	1	60	2	Not applicable (nonsense/stop-loss/synonymous)	0	True	O4 + O7 may be combined (max +8)	0.9667				False
GNA11	209	Q	H	1	59	3	Not met	0	True	O4 + O7 may be combined (max +8)	0.322				False
CTNNB1	33	S	T	1	96	6	Not met	0	True	O4 + O7 may be combined (max +8)	0.3854				False
SMAD4	361	R	P	1	124	6	Not met	0	True	O4 + O7 may be combined (max +8)	0.5887				False
TP53	282	R	R	1	219	6	Not applicable (nonsense/stop-loss/synonymous)	0	True	O4 + O7 may be combined (max +8)	0.4795				False
TP53	282	R	L	1	219	6	Not met	0	True	O4 + O7 may be combined (max +8)	0.4795				False
GNAQ	209	Q	H	1	65	3	Not met	0	True	O4 + O7 may be combined (max +8)	0.3846				False
GNA11	209	Q	P	1	59	3	Not met	0	True	O4 + O7 may be combined (max +8)	0.322				False
EGFR	598	G	E	1	33	3	Not met	0	True	O4 + O7 may be combined (max +8)	0.303				False
TP53	158	R	F	1	106	7	Not met	0	True	O4 + O7 may be combined (max +8)	0.5094				False
HRAS	12	G	N	1	38	6	Not met	0	True	O4 + O7 may be combined (max +8)	0.2895				False
CREBBP	1446	R	P	1	33	6	Not met	0	True	O4 + O7 may be combined (max +8)	0.3636				False
RHOA	42	Y	I	1	19	4	Not met	0	True	O4 + O7 may be combined (max +8)	0.2105				False
RHOA	42	Y	F	1	19	4	Not met	0	True	O4 + O7 may be combined (max +8)	0.2105				False
XPO1	571	E	V	1	27	3	Not met	0	True	O4 + O7 may be combined (max +8)	0.3704				False
XPO1	571	E	A	1	27	3	Not met	0	True	O4 + O7 may be combined (max +8)	0.3704				False
MAPK1	322	E	A	1	26	3	Not met	0	True	O4 + O7 may be combined (max +8)	0.3846				False
MAPK1	322	E	*	1	26	3	Not applicable (nonsense/stop-loss/synonymous)	0	True	O4 + O7 may be combined (max +8)	0.3846				False
PIK3CA	108	R	S	1	29	3	Not met	0	True	O4 + O7 may be combined (max +8)	0.4138				False
PIK3CA	93	R	L	1	31	3	Not met	0	True	O4 + O7 may be combined (max +8)	0.4194				False
TP53	244	G	R	1	65	8	Not met	0	True	O4 + O7 may be combined (max +8)	0.4923				False
TP53	244	G	G	1	65	8	Not applicable (nonsense/stop-loss/synonymous)	0	True	O4 + O7 may be combined (max +8)	0.4923				False
TP53	244	G	F	1	65	8	Not met	0	True	O4 + O7 may be combined (max +8)	0.4923				False
TP53	244	G	A	1	65	8	Not met	0	True	O4 + O7 may be combined (max +8)	0.4923				False
CD79B	197	Y	R	1	16	7	Not met	0	True	O4 + O7 may be combined (max +8)	0.1875				False
TP53	242	C	C	1	59	8	Not applicable (nonsense/stop-loss/synonymous)	0	True	O4 + O7 may be combined (max +8)	0.4068				False
TP53	242	C	*	1	59	8	Not applicable (nonsense/stop-loss/synonymous)	0	True	O4 + O7 may be combined (max +8)	0.4068				False
KIT	816	D	A	1	22	4	Not met	0	True	O4 + O7 may be combined (max +8)	0.2727				False
KRAS	60	G	S	1	24	4	Not met	0	True	O4 + O7 may be combined (max +8)	0.5				False
ALK	1275	R	*	1	18	3	Not applicable (nonsense/stop-loss/synonymous)	0	True	O4 + O7 may be combined (max +8)	0.3333				False
TP53	214	H	P	1	40	4	Not met	0	True	O4 + O7 may be combined (max +8)	0.425				False
HIST1H3B	28	K	E	1	12	2	Not met	0	True	O4 + O7 may be combined (max +8)	0.0				False
PIK3CA	106	G	S	1	22	4	Not met	0	True	O4 + O7 may be combined (max +8)	0.5455				False
PIK3CA	106	G	C	1	22	4	Not met	0	True	O4 + O7 may be combined (max +8)	0.5455				False
SMARCA4	910	T	T	1	29	4	Not applicable (nonsense/stop-loss/synonymous)	0	True	O4 + O7 may be combined (max +8)	0.5172				False
SMARCA4	910	T	R	1	29	4	Not met	0	True	O4 + O7 may be combined (max +8)	0.5172				False
SMARCA4	910	T	A	1	29	4	Not met	0	True	O4 + O7 may be combined (max +8)	0.5172				False
TP53	306	R	Q	1	86	2	Not met	0	True	O4 + O7 may be combined (max +8)	0.407				False
ALK	1275	R	L	1	18	3	Not met	0	True	O4 + O7 may be combined (max +8)	0.3333				False
SMAD4	537	D	A	1	30	6	Not met	0	True	O4 + O7 may be combined (max +8)	0.7				False
MAP2K1	124	P	R	1	25	6	Not met	0	True	O4 + O7 may be combined (max +8)	0.2				False
MAP2K1	124	P	Q	1	25	6	Not met	0	True	O4 + O7 may be combined (max +8)	0.2				False
MAP2K1	124	P	P	1	25	6	Not applicable (nonsense/stop-loss/synonymous)	0	True	O4 + O7 may be combined (max +8)	0.2				False
MAP2K1	124	P	M	1	25	6	Not met	0	True	O4 + O7 may be combined (max +8)	0.2				False
ALK	1174	F	V	1	14	3	Not met	0	True	O4 + O7 may be combined (max +8)	0.2857				False
CREBBP	1446	R	S	1	33	6	Not met	0	True	O4 + O7 may be combined (max +8)	0.3636				False
CREBBP	1446	R	G	1	33	6	Not met	0	True	O4 + O7 may be combined (max +8)	0.3636				False
IDH2	140	R	L	1	23	3	Not met	0	True	O4 + O7 may be combined (max +8)	0.0435	NM_002168.4	p.R140L	Oncogenic	True
POLE	286	P	T	1	27	5	Not met	0	True	O4 + O7 may be combined (max +8)	0.2963				False
TP53	132	K	*	1	83	7	Not applicable (nonsense/stop-loss/synonymous)	0	True	O4 + O7 may be combined (max +8)	0.4337				False
FLT3	835	D	V	1	17	4	Not met	0	True	O4 + O7 may be combined (max +8)	0.0	NM_004119.3	p.D835V	Oncogenic	True
TP53	272	V	V	1	66	7	Not applicable (nonsense/stop-loss/synonymous)	0	True	O4 + O7 may be combined (max +8)	0.4697				False
TP53	272	V	A	1	66	7	Not met	0	True	O4 + O7 may be combined (max +8)	0.4697				False
AR	702	L	L	1	19	2	Not applicable (nonsense/stop-loss/synonymous)	0	True	O4 + O7 may be combined (max +8)	0.5263				False
TP53	157	V	V	1	77	6	Not applicable (nonsense/stop-loss/synonymous)	0	True	O4 + O7 may be combined (max +8)	0.4286				False
TP53	157	V	D	1	77	6	Not met	0	True	O4 + O7 may be combined (max +8)	0.4286				False
TP53	157	V	A	1	77	6	Not met	0	True	O4 + O7 may be combined (max +8)	0.4286				False
NFE2L2	34	R	L	1	34	5	Not met	0	True	O4 + O7 may be combined (max +8)	0.4412				False
NFE2L2	34	R	*	1	34	5	Not applicable (nonsense/stop-loss/synonymous)	0	True	O4 + O7 may be combined (max +8)	0.4412				False
FGFR2	549	N	T	1	26	4	Not met	0	True	O4 + O7 may be combined (max +8)	0.4615				False
FGFR2	549	N	S	1	26	4	Not met	0	True	O4 + O7 may be combined (max +8)	0.4615				False
TP53	241	S	T	1	97	7	Not met	0	True	O4 + O7 may be combined (max +8)	0.4639				False
PIK3CA	111	K	R	1	38	4	Not met	0	True	O4 + O7 may be combined (max +8)	0.3158				False
PIK3CA	111	K	Q	1	38	4	Not met	0	True	O4 + O7 may be combined (max +8)	0.3158				False
CIC	215	R	R	1	25	3	Not applicable (nonsense/stop-loss/synonymous)	0	True	O4 + O7 may be combined (max +8)	0.44				False
PIK3CA	453	E	D	1	42	3	Not met	0	True	O4 + O7 may be combined (max +8)	0.4762				False
NFE2L2	79	E	D	1	34	6	Not met	0	True	O4 + O7 may be combined (max +8)	0.2941				False
AR	878	T	S	1	15	2	Not met	0	True	O4 + O7 may be combined (max +8)	0.2667				False
POLE	286	P	S	1	27	5	Not met	0	True	O4 + O7 may be combined (max +8)	0.2963				False
POLE	286	P	L	1	27	5	Not met	0	True	O4 + O7 may be combined (max +8)	0.2963				False
POLE	286	P	H	1	27	5	Not met	0	True	O4 + O7 may be combined (max +8)	0.2963				False
TP53	239	N	T	1	41	5	Not met	0	True	O4 + O7 may be combined (max +8)	0.4878				False
TP53	239	N	H	1	41	5	Not met	0	True	O4 + O7 may be combined (max +8)	0.4878				False
PTEN	233	R	Q	1	46	2	Not met	0	True	O4 + O7 may be combined (max +8)	0.3261				False
KIT	822	N	I	1	21	3	Not met	0	True	O4 + O7 may be combined (max +8)	0.619				False
NFE2L2	79	E	G	1	34	6	Not met	0	True	O4 + O7 may be combined (max +8)	0.2941				False
BRAF	581	N	Y	1	21	6	Not met	0	True	O4 + O7 may be combined (max +8)	0.4762				False
BRAF	581	N	H	1	21	6	Not met	0	True	O4 + O7 may be combined (max +8)	0.4762				False
BRAF	581	N	D	1	21	6	Not met	0	True	O4 + O7 may be combined (max +8)	0.4762				False
TP53	215	S	T	1	50	6	Not met	0	True	O4 + O7 may be combined (max +8)	0.58				False
TP53	215	S	C	1	50	6	Not met	0	True	O4 + O7 may be combined (max +8)	0.58				False
ERBB2	678	R	W	1	32	2	Not met	0	True	O4 + O7 may be combined (max +8)	0.5625				False
PTEN	68	Y	N	1	11	4	Not met	0	True	O4 + O7 may be combined (max +8)	0.6364				False
SETD2	1625	R	S	1	13	4	Not met	0	True	O4 + O7 may be combined (max +8)	0.4615				False
PTEN	170	S	I	1	8	3	Not met	0	False	Cap combined O4 + O7 at +4	0.375				False
GATA2	352	C	*	1	4	4	Not applicable (nonsense/stop-loss/synonymous)	0	False	Cap combined O4 + O7 at +4	0.75				False
RAC1	111	N	I	1	5	3	Not met	0	False	Cap combined O4 + O7 at +4	0.6				False
PTEN	124	C	R	1	8	4	Not met	0	False	Cap combined O4 + O7 at +4	0.625				False
PTEN	124	C	G	1	8	4	Not met	0	False	Cap combined O4 + O7 at +4	0.625				False
TGFBR2	471	D	Y	1	12	3	Not met	0	True	O4 + O7 may be combined (max +8)	0.3333				False
TGFBR2	471	D	V	1	12	3	Not met	0	True	O4 + O7 may be combined (max +8)	0.3333				False
PTEN	105	C	W	1	7	6	Not met	0	False	Cap combined O4 + O7 at +4	0.2857				False
PTEN	105	C	S	1	7	6	Not met	0	False	Cap combined O4 + O7 at +4	0.2857				False
PTEN	105	C	R	1	7	6	Not met	0	False	Cap combined O4 + O7 at +4	0.2857				False
PTEN	105	C	G	1	7	6	Not met	0	False	Cap combined O4 + O7 at +4	0.2857				False
PTEN	105	C	*	1	7	6	Not applicable (nonsense/stop-loss/synonymous)	0	False	Cap combined O4 + O7 at +4	0.2857				False
PTEN	126	A	G	1	11	4	Not met	0	True	O4 + O7 may be combined (max +8)	0.5455				False
CTNNB1	383	W	S	1	6	4	Not met	0	False	Cap combined O4 + O7 at +4	0.3333				False
CTNNB1	383	W	G	1	6	4	Not met	0	False	Cap combined O4 + O7 at +4	0.3333				False
CTNNB1	383	W	C	1	6	4	Not met	0	False	Cap combined O4 + O7 at +4	0.3333				False
BCL2	131	A	V	1	10	3	Not met	0	False	Cap combined O4 + O7 at +4	0.9				False
RAC1	111	N	S	1	5	3	Not met	0	False	Cap combined O4 + O7 at +4	0.6				False
GATA2	352	C	C	1	4	4	Not applicable (nonsense/stop-loss/synonymous)	0	False	Cap combined O4 + O7 at +4	0.75				False
PTEN	335	R	P	1	14	3	Not met	0	True	O4 + O7 may be combined (max +8)	0.2143				False
GATA2	352	C	F	1	4	4	Not met	0	False	Cap combined O4 + O7 at +4	0.75				False
EP300	1164	C	S	1	6	2	Not met	0	False	Cap combined O4 + O7 at +4	0.5				False
BRAF	596	G	V	1	8	5	Not met	0	False	Cap combined O4 + O7 at +4	0.375				False
BRAF	596	G	S	1	8	5	Not met	0	False	Cap combined O4 + O7 at +4	0.375				False
BRAF	596	G	D	1	8	5	Not met	0	False	Cap combined O4 + O7 at +4	0.375				False
BRAF	596	G	C	1	8	5	Not met	0	False	Cap combined O4 + O7 at +4	0.375				False
RHOA	62	G	V	1	7	3	Not met	0	False	Cap combined O4 + O7 at +4	0.4286				False
SETD2	1666	Y	H	1	6	3	Not met	0	False	Cap combined O4 + O7 at +4	0.5				False
SETD2	1666	Y	*	1	6	3	Not applicable (nonsense/stop-loss/synonymous)	0	False	Cap combined O4 + O7 at +4	0.5				False
MTOR	2327	M	V	1	6	2	Not met	0	False	Cap combined O4 + O7 at +4	0.5				False
EGFR	263	T	I	1	4	2	Not met	0	False	Cap combined O4 + O7 at +4	0.25				False
NFE2L2	77	D	Y	1	7	4	Not met	0	False	Cap combined O4 + O7 at +4	0.7143				False
NFE2L2	77	D	V	1	7	4	Not met	0	False	Cap combined O4 + O7 at +4	0.7143				False
MAP2K1	130	Y	N	1	5	3	Not met	0	False	Cap combined O4 + O7 at +4	0.6				False
MAP2K1	130	Y	H	1	5	3	Not met	0	False	Cap combined O4 + O7 at +4	0.6				False
GATA2	352	C	R	1	4	4	Not met	0	False	Cap combined O4 + O7 at +4	0.75				False
BRAF	485	L	S	1	6	4	Not met	0	False	Cap combined O4 + O7 at +4	0.5				False
BRAF	485	L	F	1	6	4	Not met	0	False	Cap combined O4 + O7 at +4	0.5				False
BRAF	485	L	*	1	6	4	Not applicable (nonsense/stop-loss/synonymous)	0	False	Cap combined O4 + O7 at +4	0.5				False
PTPRD	431	S	S	1	17	3	Not applicable (nonsense/stop-loss/synonymous)	0	True	O4 + O7 may be combined (max +8)	0.3529				False
SPOP	125	F	I	1	6	4	Not met	0	False	Cap combined O4 + O7 at +4	0.5				False
SPOP	125	F	C	1	6	4	Not met	0	False	Cap combined O4 + O7 at +4	0.5				False
PIM1	28	G	V	1	8	3	Not met	0	False	Cap combined O4 + O7 at +4	0.5				False
PIM1	28	G	A	1	8	3	Not met	0	False	Cap combined O4 + O7 at +4	0.5				False
EIF1AX	13	R	P	1	12	5	Not met	0	True	O4 + O7 may be combined (max +8)	0.75				False
EIF1AX	13	R	G	1	12	5	Not met	0	True	O4 + O7 may be combined (max +8)	0.75				False
XPO1	749	R	*	1	11	2	Not applicable (nonsense/stop-loss/synonymous)	0	True	O4 + O7 may be combined (max +8)	0.3636				False
NRAS	60	G	V	1	7	3	Not met	0	False	Cap combined O4 + O7 at +4	0.7143				False
NRAS	60	G	E	1	7	3	Not met	0	False	Cap combined O4 + O7 at +4	0.7143				False
ERBB3	355	T	P	1	6	3	Not met	0	False	Cap combined O4 + O7 at +4	0.1667				False
ERBB3	355	T	A	1	6	3	Not met	0	False	Cap combined O4 + O7 at +4	0.1667				False
MTOR	2006	V	V	1	7	4	Not applicable (nonsense/stop-loss/synonymous)	0	False	Cap combined O4 + O7 at +4	0.5714				False
MTOR	2006	V	L	1	7	4	Not met	0	False	Cap combined O4 + O7 at +4	0.5714				False
MTOR	2006	V	I	1	7	4	Not met	0	False	Cap combined O4 + O7 at +4	0.5714				False
EIF1AX	15	G	V	1	7	3	Not met	0	False	Cap combined O4 + O7 at +4	0.2857				False
SPOP	125	F	V	1	6	4	Not met	0	False	Cap combined O4 + O7 at +4	0.5				False
ATRX	1426	R	R	1	12	2	Not applicable (nonsense/stop-loss/synonymous)	0	True	O4 + O7 may be combined (max +8)	0.25				False
TP53	172	V	G	1	18	3	Not met	0	True	O4 + O7 may be combined (max +8)	0.4444				False
PDGFRA	229	E	*	1	7	3	Not applicable (nonsense/stop-loss/synonymous)	0	False	Cap combined O4 + O7 at +4	0.2857				False
PTPRD	431	S	*	1	17	3	Not applicable (nonsense/stop-loss/synonymous)	0	True	O4 + O7 may be combined (max +8)	0.3529				False
TP53	155	T	T	1	18	4	Not applicable (nonsense/stop-loss/synonymous)	0	True	O4 + O7 may be combined (max +8)	0.3889				False
MAP2K1	121	C	C	1	6	2	Not applicable (nonsense/stop-loss/synonymous)	0	False	Cap combined O4 + O7 at +4	0.3333				False
ERBB2	659	V	D	1	5	3	Not met	0	False	Cap combined O4 + O7 at +4	0.8				False
FOXO1	22	S	S	1	7	3	Not applicable (nonsense/stop-loss/synonymous)	0	False	Cap combined O4 + O7 at +4	0.8571				False
PDGFRA	229	E	V	1	7	3	Not met	0	False	Cap combined O4 + O7 at +4	0.2857				False
CIC	201	R	R	1	7	2	Not applicable (nonsense/stop-loss/synonymous)	0	False	Cap combined O4 + O7 at +4	0.1429				False
CTCF	284	H	N	1	6	3	Not met	0	False	Cap combined O4 + O7 at +4	0.5				False
IRF4	99	C	Y	1	7	3	Not met	0	False	Cap combined O4 + O7 at +4	0.5714				False
SMAD4	355	D	Y	1	7	3	Not met	0	False	Cap combined O4 + O7 at +4	0.1429				False
SMAD4	526	E	V	1	11	6	Not met	0	True	O4 + O7 may be combined (max +8)	0.6364				False
SMAD4	526	E	D	1	11	6	Not met	0	True	O4 + O7 may be combined (max +8)	0.6364				False
SMAD4	526	E	A	1	11	6	Not met	0	True	O4 + O7 may be combined (max +8)	0.6364				False
CTCF	284	H	P	1	6	3	Not met	0	False	Cap combined O4 + O7 at +4	0.5				False
PTEN	335	R	G	1	14	3	Not met	0	True	O4 + O7 may be combined (max +8)	0.2143				False
FOXA1	250	S	Y	1	6	2	Not met	0	False	Cap combined O4 + O7 at +4	0.5				False
PIK3CA	1025	T	S	1	8	2	Not met	0	False	Cap combined O4 + O7 at +4	0.375				False
DIS3	780	R	S	1	6	4	Not met	0	False	Cap combined O4 + O7 at +4	0.1667				False
CARD11	215	K	N	1	5	3	Not met	0	False	Cap combined O4 + O7 at +4	0.2				False
CARD11	215	K	M	1	5	3	Not met	0	False	Cap combined O4 + O7 at +4	0.2				False
VHL	162	C	W	1	8	5	Not met	0	False	Cap combined O4 + O7 at +4	0.375				False
VHL	162	C	F	1	8	5	Not met	0	False	Cap combined O4 + O7 at +4	0.375				False
VHL	162	C	*	1	8	5	Not applicable (nonsense/stop-loss/synonymous)	0	False	Cap combined O4 + O7 at +4	0.375				False
SRSF2	95	P	R	1	6	3	Not met	0	False	Cap combined O4 + O7 at +4	0.3333	NM_001195427.2	p.P95R	Oncogenic	True
FBXW7	532	T	I	1	3	2	Not met	0	False	Cap combined O4 + O7 at +4	0.6667				False
STK11	174	H	Y	1	6	5	Not met	0	False	Cap combined O4 + O7 at +4	0.5				False
STK11	174	H	R	1	6	5	Not met	0	False	Cap combined O4 + O7 at +4	0.5				False
STK11	174	H	L	1	6	5	Not met	0	False	Cap combined O4 + O7 at +4	0.5				False
STK11	174	H	D	1	6	5	Not met	0	False	Cap combined O4 + O7 at +4	0.5				False
PIK3CA	39	E	G	1	6	2	Not met	0	False	Cap combined O4 + O7 at +4	0.1667				False
CHEK2	346	R	H	1	8	4	Not met	0	False	Cap combined O4 + O7 at +4	0.5				False
TP53	192	Q	L	1	45	3	Not met	0	True	O4 + O7 may be combined (max +8)	0.5111				False
TP53	192	Q	H	1	45	3	Not met	0	True	O4 + O7 may be combined (max +8)	0.5111				False
DIS3	780	R	G	1	6	4	Not met	0	False	Cap combined O4 + O7 at +4	0.1667				False
ARID1A	1461	R	Q	1	10	2	Not met	0	False	Cap combined O4 + O7 at +4	0.5				False
SMAD4	524	W	L	1	9	4	Not met	0	False	Cap combined O4 + O7 at +4	0.2222				False
FOXA1	259	Y	F	1	5	3	Not met	0	False	Cap combined O4 + O7 at +4	0.4				False
PTEN	170	S	G	1	8	3	Not met	0	False	Cap combined O4 + O7 at +4	0.375				False
EIF1AX	6	G	S	1	7	4	Not met	0	False	Cap combined O4 + O7 at +4	0.5714				False
EIF1AX	6	G	R	1	7	4	Not met	0	False	Cap combined O4 + O7 at +4	0.5714				False
EIF1AX	6	G	C	1	7	4	Not met	0	False	Cap combined O4 + O7 at +4	0.5714				False
PTPRT	695	L	R	1	9	3	Not met	0	False	Cap combined O4 + O7 at +4	0.2222				False
RICTOR	1101	S	S	1	10	2	Not applicable (nonsense/stop-loss/synonymous)	0	False	Cap combined O4 + O7 at +4	0.3				False
KRAS	22	Q	H	1	6	2	Not met	0	False	Cap combined O4 + O7 at +4	0.3333				False
DNMT3B	229	V	L	1	7	3	Not met	0	False	Cap combined O4 + O7 at +4	0.5714				False
CDH1	288	D	N	1	5	2	Not met	0	False	Cap combined O4 + O7 at +4	0.0				False
MYC	73	T	A	1	6	3	Not met	0	False	Cap combined O4 + O7 at +4	0.3333				False
PTEN	35	M	L	1	8	3	Not met	0	False	Cap combined O4 + O7 at +4	0.75				False
STK11	181	N	Y	1	4	4	Not met	0	False	Cap combined O4 + O7 at +4	0.5				False
STK11	181	N	T	1	4	4	Not met	0	False	Cap combined O4 + O7 at +4	0.5				False
STK11	181	N	S	1	4	4	Not met	0	False	Cap combined O4 + O7 at +4	0.5				False
STK11	181	N	I	1	4	4	Not met	0	False	Cap combined O4 + O7 at +4	0.5				False
CUL3	299	M	V	1	5	2	Not met	0	False	Cap combined O4 + O7 at +4	1.0				False
TP53	265	L	M	1	19	4	Not met	0	True	O4 + O7 may be combined (max +8)	0.3684				False
TP53	131	N	N	1	13	4	Not applicable (nonsense/stop-loss/synonymous)	0	True	O4 + O7 may be combined (max +8)	0.7692				False
TP53	131	N	K	1	13	4	Not met	0	True	O4 + O7 may be combined (max +8)	0.7692				False
RHOA	37	T	S	1	6	3	Not met	0	False	Cap combined O4 + O7 at +4	0.6667				False
RHOA	37	T	A	1	6	3	Not met	0	False	Cap combined O4 + O7 at +4	0.6667				False
PTEN	165	G	*	1	12	3	Not applicable (nonsense/stop-loss/synonymous)	0	True	O4 + O7 may be combined (max +8)	0.25				False
EP300	1451	H	R	1	5	5	Not met	0	False	Cap combined O4 + O7 at +4	0.2				False
EP300	1451	H	Q	1	5	5	Not met	0	False	Cap combined O4 + O7 at +4	0.2				False
EP300	1451	H	P	1	5	5	Not met	0	False	Cap combined O4 + O7 at +4	0.2				False
EP300	1451	H	L	1	5	5	Not met	0	False	Cap combined O4 + O7 at +4	0.2				False
EP300	1451	H	H	1	5	5	Not applicable (nonsense/stop-loss/synonymous)	0	False	Cap combined O4 + O7 at +4	0.2				False
ARAF	216	P	R	1	4	2	Not met	0	False	Cap combined O4 + O7 at +4	0.5				False
KEAP1	470	R	S	1	10	3	Not met	0	False	Cap combined O4 + O7 at +4	0.2				False
VHL	161	R	L	1	10	3	Not met	0	False	Cap combined O4 + O7 at +4	0.6				False
TP53	257	L	V	1	17	5	Not met	0	True	O4 + O7 may be combined (max +8)	0.6471				False
TP53	257	L	L	1	17	5	Not applicable (nonsense/stop-loss/synonymous)	0	True	O4 + O7 may be combined (max +8)	0.6471				False
SMAD4	524	W	S	1	9	4	Not met	0	False	Cap combined O4 + O7 at +4	0.2222				False
SMAD4	524	W	R	1	9	4	Not met	0	False	Cap combined O4 + O7 at +4	0.2222				False
SMAD4	363	C	S	1	6	4	Not met	0	False	Cap combined O4 + O7 at +4	0.6667				False
SMAD4	363	C	Y	1	6	4	Not met	0	False	Cap combined O4 + O7 at +4	0.6667				False
FOXO1	205	S	Y	1	5	3	Not met	0	False	Cap combined O4 + O7 at +4	0.8				False
U2AF1	24	I	V	1	5	2	Not met	0	False	Cap combined O4 + O7 at +4	0.2				False
PTEN	155	Y	H	1	5	2	Not met	0	False	Cap combined O4 + O7 at +4	0.4				False
ALK	1245	F	V	1	3	2	Not met	0	False	Cap combined O4 + O7 at +4	0.6667				False
ASXL2	1	M	I	1	6	2	Not met	0	False	Cap combined O4 + O7 at +4	0.6667				False
PIK3CA	1004	M	V	1	9	2	Not met	0	False	Cap combined O4 + O7 at +4	0.5556				False
BCL2	22	K	R	1	10	3	Not met	0	False	Cap combined O4 + O7 at +4	0.4				False
BCL2	22	K	*	1	10	3	Not applicable (nonsense/stop-loss/synonymous)	0	False	Cap combined O4 + O7 at +4	0.4				False
VHL	151	I	S	1	6	4	Not met	0	False	Cap combined O4 + O7 at +4	0.3333				False
CIC	231	S	G	1	4	3	Not met	0	False	Cap combined O4 + O7 at +4	0.5				False
VHL	151	I	F	1	6	4	Not met	0	False	Cap combined O4 + O7 at +4	0.3333				False
PTEN	171	Q	K	1	16	3	Not met	0	True	O4 + O7 may be combined (max +8)	0.6875				False
SOCS1	3	A	R	1	6	4	Not met	0	False	Cap combined O4 + O7 at +4	0.6667				False
SOCS1	3	A	P	1	6	4	Not met	0	False	Cap combined O4 + O7 at +4	0.6667				False
SOCS1	3	A	E	1	6	4	Not met	0	False	Cap combined O4 + O7 at +4	0.6667				False
CIC	231	S	I	1	4	3	Not met	0	False	Cap combined O4 + O7 at +4	0.5				False
EGFR	596	P	R	1	8	4	Not met	0	False	Cap combined O4 + O7 at +4	0.125				False
EGFR	596	P	P	1	8	4	Not applicable (nonsense/stop-loss/synonymous)	0	False	Cap combined O4 + O7 at +4	0.125				False
MTOR	1483	C	W	1	7	4	Not met	0	False	Cap combined O4 + O7 at +4	0.2857				False
FOXA1	261	R	S	1	9	4	Not met	0	False	Cap combined O4 + O7 at +4	0.6667				False
SMARCA4	781	M	L	1	9	3	Not met	0	False	Cap combined O4 + O7 at +4	0.5556				False
SMAD4	419	G	R	1	8	3	Not met	0	False	Cap combined O4 + O7 at +4	0.75				False
SDHA	445	S	L	1	10	2	Not met	0	False	Cap combined O4 + O7 at +4	0.1				False
ATM	250	R	P	1	15	2	Not met	0	True	O4 + O7 may be combined (max +8)	0.3333				False
MET	1070	V	R	1	5	3	Not met	0	False	Cap combined O4 + O7 at +4	0.2				False
EP300	1467	Y	S	1	8	6	Not met	0	False	Cap combined O4 + O7 at +4	0.625				False
EP300	1467	Y	K	1	8	6	Not met	0	False	Cap combined O4 + O7 at +4	0.625				False
EP300	1467	Y	H	1	8	6	Not met	0	False	Cap combined O4 + O7 at +4	0.625				False
EP300	1467	Y	C	1	8	6	Not met	0	False	Cap combined O4 + O7 at +4	0.625				False
EP300	1466	W	R	1	8	5	Not met	0	False	Cap combined O4 + O7 at +4	0.5				False
EP300	1466	W	G	1	8	5	Not met	0	False	Cap combined O4 + O7 at +4	0.5				False
EP300	1466	W	*	1	8	5	Not applicable (nonsense/stop-loss/synonymous)	0	False	Cap combined O4 + O7 at +4	0.5				False
ERBB3	332	E	Q	1	14	2	Not met	0	True	O4 + O7 may be combined (max +8)	0.3571				False
EP300	1414	Y	D	1	7	2	Not met	0	False	Cap combined O4 + O7 at +4	0.2857				False
FBXW7	582	S	S	1	12	3	Not applicable (nonsense/stop-loss/synonymous)	0	True	O4 + O7 may be combined (max +8)	0.5				False
FOXA1	261	R	H	1	9	4	Not met	0	False	Cap combined O4 + O7 at +4	0.6667				False
FBXW7	545	Y	*	1	7	2	Not applicable (nonsense/stop-loss/synonymous)	0	False	Cap combined O4 + O7 at +4	0.2857				False
SUZ12	101	R	Q	1	6	2	Not met	0	False	Cap combined O4 + O7 at +4	0.0				False
ERBB4	798	L	H	1	11	4	Not met	0	True	O4 + O7 may be combined (max +8)	0.1818				False
AKT1	52	L	H	1	5	2	Not met	0	False	Cap combined O4 + O7 at +4	0.4				False
VHL	78	N	K	1	9	4	Not met	0	False	Cap combined O4 + O7 at +4	0.3333				False
PTEN	27	Y	H	1	10	5	Not met	0	False	Cap combined O4 + O7 at +4	0.6				False
PTEN	27	Y	*	1	10	5	Not applicable (nonsense/stop-loss/synonymous)	0	False	Cap combined O4 + O7 at +4	0.6				False
EPAS1	531	P	S	1	4	3	Not met	0	False	Cap combined O4 + O7 at +4	0.0				False
EPAS1	531	P	A	1	4	3	Not met	0	False	Cap combined O4 + O7 at +4	0.0				False
FBXW7	423	G	A	1	10	3	Not met	0	False	Cap combined O4 + O7 at +4	0.4				False
FBXW7	423	G	*	1	10	3	Not applicable (nonsense/stop-loss/synonymous)	0	False	Cap combined O4 + O7 at +4	0.4				False
MTOR	1888	F	V	1	8	3	Not met	0	False	Cap combined O4 + O7 at +4	0.375				False
FUBP1	430	R	H	1	12	2	Not met	0	True	O4 + O7 may be combined (max +8)	0.3333				False
ATM	2875	N	K	1	8	3	Not met	0	False	Cap combined O4 + O7 at +4	0.125				False
KIT	823	Y	C	1	6	2	Not met	0	False	Cap combined O4 + O7 at +4	1.0				False
VHL	111	S	S	1	10	4	Not applicable (nonsense/stop-loss/synonymous)	0	False	Cap combined O4 + O7 at +4	0.3				False
VHL	111	S	P	1	10	4	Not met	0	False	Cap combined O4 + O7 at +4	0.3				False
ERBB4	798	L	L	1	11	4	Not applicable (nonsense/stop-loss/synonymous)	0	True	O4 + O7 may be combined (max +8)	0.1818				False
FBXW7	582	S	P	1	12	3	Not met	0	True	O4 + O7 may be combined (max +8)	0.5				False
CDKN2A	120	E	K	1	18	3	Not met	0	True	O4 + O7 may be combined (max +8)	0.3333				False
CDKN2A	120	E	D	1	18	3	Not met	0	True	O4 + O7 may be combined (max +8)	0.3333				False
TGFBR1	241	S	*	1	15	3	Not applicable (nonsense/stop-loss/synonymous)	0	True	O4 + O7 may be combined (max +8)	0.5333				False
VHL	80	S	S	1	11	4	Not applicable (nonsense/stop-loss/synonymous)	0	True	O4 + O7 may be combined (max +8)	0.5455				False
VHL	80	S	I	1	11	4	Not met	0	True	O4 + O7 may be combined (max +8)	0.5455				False
BRAF	597	L	V	1	10	5	Not met	0	False	Cap combined O4 + O7 at +4	0.6				False
BRAF	597	L	L	1	10	5	Not applicable (nonsense/stop-loss/synonymous)	0	False	Cap combined O4 + O7 at +4	0.6				False
SF3B1	741	K	T	1	10	5	Not met	0	False	Cap combined O4 + O7 at +4	0.5				False
SF3B1	741	K	Q	1	10	5	Not met	0	False	Cap combined O4 + O7 at +4	0.5				False
SF3B1	741	K	*	1	10	5	Not applicable (nonsense/stop-loss/synonymous)	0	False	Cap combined O4 + O7 at +4	0.5				False
PTEN	93	H	P	1	12	4	Not met	0	True	O4 + O7 may be combined (max +8)	0.3333				False
PTEN	93	H	L	1	12	4	Not met	0	True	O4 + O7 may be combined (max +8)	0.3333				False
MAP2K1	128	G	R	1	10	3	Not met	0	False	Cap combined O4 + O7 at +4	0.5				False
PIK3CA	350	D	V	1	12	3	Not met	0	True	O4 + O7 may be combined (max +8)	0.4167				False
RHOA	5	R	L	1	17	3	Not met	0	True	O4 + O7 may be combined (max +8)	0.1765				False
FBXW7	367	R	P	1	17	2	Not met	0	True	O4 + O7 may be combined (max +8)	0.2353				False
ARID1A	1276	R	Q	1	15	2	Not met	0	True	O4 + O7 may be combined (max +8)	0.6667				False
FOXA1	253	M	T	1	7	3	Not met	0	False	Cap combined O4 + O7 at +4	0.4286				False
NF1	2450	R	Q	1	17	2	Not met	0	True	O4 + O7 may be combined (max +8)	0.3529				False
RB1	251	R	Q	1	16	2	Not met	0	True	O4 + O7 may be combined (max +8)	0.5625				False
ACVR1	258	R	M	1	6	2	Not met	0	False	Cap combined O4 + O7 at +4	0.1667				False
TP53	154	G	C	1	25	3	Not met	0	True	O4 + O7 may be combined (max +8)	0.6				False
STAG2	216	R	R	1	14	3	Not applicable (nonsense/stop-loss/synonymous)	0	True	O4 + O7 may be combined (max +8)	0.3571				False
TP53	130	L	H	1	30	5	Not met	0	True	O4 + O7 may be combined (max +8)	0.5333				False
PIK3CA	104	P	R	1	11	2	Not met	0	True	O4 + O7 may be combined (max +8)	0.4545				False
MYC	74	P	R	1	12	5	Not met	0	True	O4 + O7 may be combined (max +8)	0.4167				False
MYC	74	P	Q	1	12	5	Not met	0	True	O4 + O7 may be combined (max +8)	0.4167				False
TP53	154	G	D	1	25	3	Not met	0	True	O4 + O7 may be combined (max +8)	0.6				False
ARAF	214	S	Y	1	12	6	Not met	0	True	O4 + O7 may be combined (max +8)	0.4167				False
TP63	379	R	S	1	17	3	Not met	0	True	O4 + O7 may be combined (max +8)	0.3529				False
ARAF	214	S	S	1	12	6	Not applicable (nonsense/stop-loss/synonymous)	0	True	O4 + O7 may be combined (max +8)	0.4167				False
ARAF	214	S	C	1	12	6	Not met	0	True	O4 + O7 may be combined (max +8)	0.4167				False
RAF1	259	S	S	1	12	4	Not applicable (nonsense/stop-loss/synonymous)	0	True	O4 + O7 may be combined (max +8)	0.6667				False
RAF1	259	S	C	1	12	4	Not met	0	True	O4 + O7 may be combined (max +8)	0.6667				False
SMAD4	445	R	Q	1	17	2	Not met	0	True	O4 + O7 may be combined (max +8)	0.5882				False
PTPN11	510	Q	E	1	9	3	Not met	0	False	Cap combined O4 + O7 at +4	0.1111				False
IL7R	395	K	M	1	12	5	Not met	0	True	O4 + O7 may be combined (max +8)	0.25				False
SMARCA4	1189	R	*	1	12	4	Not applicable (nonsense/stop-loss/synonymous)	0	True	O4 + O7 may be combined (max +8)	0.75				False
SMARCA4	1189	R	L	1	12	4	Not met	0	True	O4 + O7 may be combined (max +8)	0.75				False
STK11	242	G	R	1	9	4	Not met	0	False	Cap combined O4 + O7 at +4	0.6667				False
EGFR	363	T	N	1	7	3	Not met	0	False	Cap combined O4 + O7 at +4	0.2857				False
STK11	220	Q	P	1	10	2	Not met	0	False	Cap combined O4 + O7 at +4	0.5				False
CDKN2A	130	L	V	1	8	3	Not met	0	False	Cap combined O4 + O7 at +4	0.25				False
TP53	250	P	R	1	24	3	Not met	0	True	O4 + O7 may be combined (max +8)	0.4167				False
TP53	250	P	P	1	24	3	Not applicable (nonsense/stop-loss/synonymous)	0	True	O4 + O7 may be combined (max +8)	0.4167				False
PTEN	129	G	*	1	12	5	Not applicable (nonsense/stop-loss/synonymous)	0	True	O4 + O7 may be combined (max +8)	0.5				False
RUNX1	201	R	G	1	7	3	Not met	0	False	Cap combined O4 + O7 at +4	0.0				False
FBXW7	520	D	V	1	11	5	Not met	0	True	O4 + O7 may be combined (max +8)	0.5455				False
FBXW7	520	D	H	1	11	5	Not met	0	True	O4 + O7 may be combined (max +8)	0.5455				False
FBXW7	520	D	G	1	11	5	Not met	0	True	O4 + O7 may be combined (max +8)	0.5455				False
VHL	121	D	V	1	9	3	Not met	0	False	Cap combined O4 + O7 at +4	0.2222				False
SMARCA4	1243	R	P	1	12	4	Not met	0	True	O4 + O7 may be combined (max +8)	0.5833				False
SMARCA4	1243	R	L	1	12	4	Not met	0	True	O4 + O7 may be combined (max +8)	0.5833				False
SMARCA4	1243	R	G	1	12	4	Not met	0	True	O4 + O7 may be combined (max +8)	0.5833				False
HIST1H3C	37	K	K	1	6	2	Not applicable (nonsense/stop-loss/synonymous)	0	False	Cap combined O4 + O7 at +4	0.1667				False
VHL	68	S	P	1	8	2	Not met	0	False	Cap combined O4 + O7 at +4	0.25				False
RHOA	40	E	*	1	14	5	Not applicable (nonsense/stop-loss/synonymous)	0	True	O4 + O7 may be combined (max +8)	0.3571				False
RHOA	40	E	D	1	14	5	Not met	0	True	O4 + O7 may be combined (max +8)	0.3571				False
PIK3CA	107	N	N	1	6	3	Not applicable (nonsense/stop-loss/synonymous)	0	False	Cap combined O4 + O7 at +4	0.5				False
B2M	12	L	L	1	7	3	Not applicable (nonsense/stop-loss/synonymous)	0	False	Cap combined O4 + O7 at +4	0.4286				False
RUNX1	162	R	S	1	4	3	Not met	0	False	Cap combined O4 + O7 at +4	0.0				False
RUNX1	162	R	K	1	4	3	Not met	0	False	Cap combined O4 + O7 at +4	0.0				False
PBRM1	710	R	G	1	11	2	Not met	0	True	O4 + O7 may be combined (max +8)	0.5455				False
PIM1	97	S	T	1	10	4	Not met	0	False	Cap combined O4 + O7 at +4	0.5				False
ASXL2	330	E	D	1	10	3	Not met	0	False	Cap combined O4 + O7 at +4	0.3				False
DICER1	1810	D	H	1	9	5	Not met	0	False	Cap combined O4 + O7 at +4	0.5556				False
RHOA	40	E	V	1	14	5	Not met	0	True	O4 + O7 may be combined (max +8)	0.3571				False
DICER1	1810	D	A	1	9	5	Not met	0	False	Cap combined O4 + O7 at +4	0.5556				False
VHL	74	V	V	1	7	3	Not applicable (nonsense/stop-loss/synonymous)	0	False	Cap combined O4 + O7 at +4	0.1429				False
VHL	74	V	G	1	7	3	Not met	0	False	Cap combined O4 + O7 at +4	0.1429				False
VHL	86	P	R	1	9	4	Not met	0	False	Cap combined O4 + O7 at +4	0.6667				False
VHL	158	L	Q	1	9	4	Not met	0	False	Cap combined O4 + O7 at +4	0.1111				False
VHL	158	L	L	1	9	4	Not applicable (nonsense/stop-loss/synonymous)	0	False	Cap combined O4 + O7 at +4	0.1111				False
PIK3CA	115	R	Q	1	11	3	Not met	0	True	O4 + O7 may be combined (max +8)	0.4545				False
STK11	242	G	G	1	9	4	Not applicable (nonsense/stop-loss/synonymous)	0	False	Cap combined O4 + O7 at +4	0.6667				False
PTPN11	503	G	G	1	9	2	Not applicable (nonsense/stop-loss/synonymous)	0	False	Cap combined O4 + O7 at +4	0.1111				False
PTEN	127	G	*	1	14	4	Not applicable (nonsense/stop-loss/synonymous)	0	True	O4 + O7 may be combined (max +8)	0.5				False
PIK3R2	557	D	H	1	9	4	Not met	0	False	Cap combined O4 + O7 at +4	0.8889				False
PIK3R2	557	D	G	1	9	4	Not met	0	False	Cap combined O4 + O7 at +4	0.8889				False
SMO	412	L	L	1	6	2	Not applicable (nonsense/stop-loss/synonymous)	0	False	Cap combined O4 + O7 at +4	0.3333				False
TP53	161	A	P	1	26	5	Not met	0	True	O4 + O7 may be combined (max +8)	0.3462				False
TP53	267	R	R	1	36	6	Not applicable (nonsense/stop-loss/synonymous)	0	True	O4 + O7 may be combined (max +8)	0.5				False
TP53	146	W	S	1	27	4	Not met	0	True	O4 + O7 may be combined (max +8)	0.4815				False
TP53	146	W	G	1	27	4	Not met	0	True	O4 + O7 may be combined (max +8)	0.4815				False
TP53	146	W	C	1	27	4	Not met	0	True	O4 + O7 may be combined (max +8)	0.4815				False
CCND3	290	I	R	1	4	2	Not met	0	False	Cap combined O4 + O7 at +4	0.75				False
TP53	168	H	Y	1	19	4	Not met	0	True	O4 + O7 may be combined (max +8)	0.5263				False
PBRM1	1160	R	Q	1	13	3	Not met	0	True	O4 + O7 may be combined (max +8)	0.3846				False
PBRM1	1160	R	P	1	13	3	Not met	0	True	O4 + O7 may be combined (max +8)	0.3846				False
KMT2D	5179	R	P	1	10	4	Not met	0	False	Cap combined O4 + O7 at +4	0.4				False
TP53	152	P	Q	1	38	7	Not met	0	True	O4 + O7 may be combined (max +8)	0.5789				False
TP53	152	P	K	1	38	7	Not met	0	True	O4 + O7 may be combined (max +8)	0.5789				False
SMAD4	352	G	*	1	11	6	Not applicable (nonsense/stop-loss/synonymous)	0	True	O4 + O7 may be combined (max +8)	0.7273				False
SMAD4	352	G	L	1	11	6	Not met	0	True	O4 + O7 may be combined (max +8)	0.7273				False
SMAD4	352	G	V	1	11	6	Not met	0	True	O4 + O7 may be combined (max +8)	0.7273				False
MET	1230	Y	S	1	4	3	Not met	0	False	Cap combined O4 + O7 at +4	0.75				False
SMAD4	330	E	*	1	11	4	Not applicable (nonsense/stop-loss/synonymous)	0	True	O4 + O7 may be combined (max +8)	0.6364				False
TP53	105	G	G	1	28	6	Not applicable (nonsense/stop-loss/synonymous)	0	True	O4 + O7 may be combined (max +8)	0.5				False
KIT	560	V	G	1	7	4	Not met	0	False	Cap combined O4 + O7 at +4	0.5714				False
KIT	560	V	A	1	7	4	Not met	0	False	Cap combined O4 + O7 at +4	0.5714				False
TP53	109	F	I	1	16	5	Not met	0	True	O4 + O7 may be combined (max +8)	0.3125				False
TP53	109	F	F	1	16	5	Not applicable (nonsense/stop-loss/synonymous)	0	True	O4 + O7 may be combined (max +8)	0.3125				False
MET	1230	Y	C	1	4	3	Not met	0	False	Cap combined O4 + O7 at +4	0.75				False
PTPRT	548	E	G	1	12	2	Not met	0	True	O4 + O7 may be combined (max +8)	0.3333				False
TP53	144	Q	H	1	23	4	Not met	0	True	O4 + O7 may be combined (max +8)	0.3478				False
CTNNB1	35	I	I	1	8	2	Not applicable (nonsense/stop-loss/synonymous)	0	False	Cap combined O4 + O7 at +4	0.75				False
STK11	216	S	S	1	12	2	Not applicable (nonsense/stop-loss/synonymous)	0	True	O4 + O7 may be combined (max +8)	0.6667				False
SMAD4	534	Q	P	1	10	2	Not met	0	False	Cap combined O4 + O7 at +4	0.9				False
APC	1406	Q	H	1	19	2	Not met	0	True	O4 + O7 may be combined (max +8)	0.5789				False
MET	1200	F	V	1	4	2	Not met	0	False	Cap combined O4 + O7 at +4	0.0				False
VHL	188	L	R	1	8	3	Not met	0	False	Cap combined O4 + O7 at +4					False
